phase,at_utc,mint,status,interval_ms
graduation,2026-08-02T23:32:58.379Z,EiAsJvYospNxVPtUoGbjUreXNbWcxdpKaiqeJNk6pump,200,4000
graduation,2026-08-02T23:33:02.016Z,EiAsJvYospNxVPtUoGbjUreXNbWcxdpKaiqeJNk6pump,200,4000
graduation,2026-08-02T23:33:06.013Z,EiAsJvYospNxVPtUoGbjUreXNbWcxdpKaiqeJNk6pump,200,4000
graduation,2026-08-02T23:33:10.064Z,EiAsJvYospNxVPtUoGbjUreXNbWcxdpKaiqeJNk6pump,200,4000
graduation,2026-08-02T23:33:14.015Z,EiAsJvYospNxVPtUoGbjUreXNbWcxdpKaiqeJNk6pump,200,4000
graduation,2026-08-02T23:33:18.017Z,EiAsJvYospNxVPtUoGbjUreXNbWcxdpKaiqeJNk6pump,200,4000
graduation,2026-08-02T23:33:22.026Z,EiAsJvYospNxVPtUoGbjUreXNbWcxdpKaiqeJNk6pump,200,4000
graduation,2026-08-02T23:33:26.021Z,EiAsJvYospNxVPtUoGbjUreXNbWcxdpKaiqeJNk6pump,200,4000
graduation,2026-08-02T23:33:30.021Z,EiAsJvYospNxVPtUoGbjUreXNbWcxdpKaiqeJNk6pump,200,4000
graduation,2026-08-02T23:33:34.033Z,EiAsJvYospNxVPtUoGbjUreXNbWcxdpKaiqeJNk6pump,200,4000
graduation,2026-08-02T23:33:38.030Z,EiAsJvYospNxVPtUoGbjUreXNbWcxdpKaiqeJNk6pump,200,4000
graduation,2026-08-02T23:33:42.034Z,FNjhEHDYshbNAU7Bge9bRgTgrk1T9dmFQtcPyGAVpump,200,4000
graduation,2026-08-02T23:33:46.035Z,FNjhEHDYshbNAU7Bge9bRgTgrk1T9dmFQtcPyGAVpump,200,4000
graduation,2026-08-02T23:33:50.056Z,FNjhEHDYshbNAU7Bge9bRgTgrk1T9dmFQtcPyGAVpump,200,4000
graduation,2026-08-02T23:33:54.058Z,FNjhEHDYshbNAU7Bge9bRgTgrk1T9dmFQtcPyGAVpump,200,4000
graduation,2026-08-02T23:33:58.030Z,FNjhEHDYshbNAU7Bge9bRgTgrk1T9dmFQtcPyGAVpump,200,4000
graduation,2026-08-02T23:34:02.061Z,FNjhEHDYshbNAU7Bge9bRgTgrk1T9dmFQtcPyGAVpump,200,4000
graduation,2026-08-02T23:34:06.040Z,FNjhEHDYshbNAU7Bge9bRgTgrk1T9dmFQtcPyGAVpump,200,4000
graduation,2026-08-02T23:34:10.043Z,FNjhEHDYshbNAU7Bge9bRgTgrk1T9dmFQtcPyGAVpump,200,4000
graduation,2026-08-02T23:34:14.048Z,FNjhEHDYshbNAU7Bge9bRgTgrk1T9dmFQtcPyGAVpump,200,4000
graduation,2026-08-02T23:34:18.044Z,FNjhEHDYshbNAU7Bge9bRgTgrk1T9dmFQtcPyGAVpump,200,4000
graduation,2026-08-02T23:34:22.151Z,FNjhEHDYshbNAU7Bge9bRgTgrk1T9dmFQtcPyGAVpump,200,4000
graduation,2026-08-02T23:34:26.095Z,GFG5ZFMoeVrc3fapj5iu6mTyRixoN1wgab3NCjwCpump,200,4000
graduation,2026-08-02T23:34:30.078Z,GFG5ZFMoeVrc3fapj5iu6mTyRixoN1wgab3NCjwCpump,200,4000
graduation,2026-08-02T23:34:34.060Z,GFG5ZFMoeVrc3fapj5iu6mTyRixoN1wgab3NCjwCpump,200,4000
graduation,2026-08-02T23:34:38.157Z,GFG5ZFMoeVrc3fapj5iu6mTyRixoN1wgab3NCjwCpump,200,4000
graduation,2026-08-02T23:34:42.360Z,GFG5ZFMoeVrc3fapj5iu6mTyRixoN1wgab3NCjwCpump,200,4000
graduation,2026-08-02T23:34:46.325Z,GFG5ZFMoeVrc3fapj5iu6mTyRixoN1wgab3NCjwCpump,200,4000
graduation,2026-08-02T23:34:50.061Z,GFG5ZFMoeVrc3fapj5iu6mTyRixoN1wgab3NCjwCpump,200,4000
graduation,2026-08-02T23:34:54.060Z,GFG5ZFMoeVrc3fapj5iu6mTyRixoN1wgab3NCjwCpump,200,4000
graduation,2026-08-02T23:34:58.066Z,GFG5ZFMoeVrc3fapj5iu6mTyRixoN1wgab3NCjwCpump,200,4000
graduation,2026-08-02T23:35:02.067Z,GFG5ZFMoeVrc3fapj5iu6mTyRixoN1wgab3NCjwCpump,200,4000
graduation,2026-08-02T23:35:06.082Z,GFG5ZFMoeVrc3fapj5iu6mTyRixoN1wgab3NCjwCpump,200,4000
graduation,2026-08-02T23:35:10.064Z,6Quog29HQ5tA5BdnCv3FWpW8WEpdxCsxEpt2TGCZpump,200,4000
graduation,2026-08-02T23:35:14.096Z,6Quog29HQ5tA5BdnCv3FWpW8WEpdxCsxEpt2TGCZpump,200,4000
graduation,2026-08-02T23:35:18.200Z,6Quog29HQ5tA5BdnCv3FWpW8WEpdxCsxEpt2TGCZpump,200,4000
graduation,2026-08-02T23:35:22.637Z,6Quog29HQ5tA5BdnCv3FWpW8WEpdxCsxEpt2TGCZpump,200,4000
graduation,2026-08-02T23:35:26.112Z,6Quog29HQ5tA5BdnCv3FWpW8WEpdxCsxEpt2TGCZpump,200,4000
graduation,2026-08-02T23:35:30.095Z,6Quog29HQ5tA5BdnCv3FWpW8WEpdxCsxEpt2TGCZpump,200,4000
graduation,2026-08-02T23:35:34.081Z,6Quog29HQ5tA5BdnCv3FWpW8WEpdxCsxEpt2TGCZpump,200,4000
graduation,2026-08-02T23:35:38.132Z,6Quog29HQ5tA5BdnCv3FWpW8WEpdxCsxEpt2TGCZpump,200,4000
graduation,2026-08-02T23:35:42.119Z,FBKyGDGLg4WYVecXfSL8Ke2fNXe8Si72NeGbcRSXpump,200,4000
graduation,2026-08-02T23:35:46.112Z,FBKyGDGLg4WYVecXfSL8Ke2fNXe8Si72NeGbcRSXpump,200,4000
graduation,2026-08-02T23:35:50.086Z,FBKyGDGLg4WYVecXfSL8Ke2fNXe8Si72NeGbcRSXpump,200,4000
graduation,2026-08-02T23:35:54.096Z,FBKyGDGLg4WYVecXfSL8Ke2fNXe8Si72NeGbcRSXpump,200,4000
graduation,2026-08-02T23:35:58.098Z,FBKyGDGLg4WYVecXfSL8Ke2fNXe8Si72NeGbcRSXpump,200,4000
graduation,2026-08-02T23:36:02.100Z,FBKyGDGLg4WYVecXfSL8Ke2fNXe8Si72NeGbcRSXpump,200,4000
graduation,2026-08-02T23:36:06.090Z,FBKyGDGLg4WYVecXfSL8Ke2fNXe8Si72NeGbcRSXpump,200,4000
graduation,2026-08-02T23:36:10.107Z,FBKyGDGLg4WYVecXfSL8Ke2fNXe8Si72NeGbcRSXpump,200,4000
graduation,2026-08-02T23:36:14.093Z,FBKyGDGLg4WYVecXfSL8Ke2fNXe8Si72NeGbcRSXpump,200,4000
graduation,2026-08-02T23:36:18.098Z,FBKyGDGLg4WYVecXfSL8Ke2fNXe8Si72NeGbcRSXpump,200,4000
graduation,2026-08-02T23:36:22.097Z,FBKyGDGLg4WYVecXfSL8Ke2fNXe8Si72NeGbcRSXpump,200,4000
graduation,2026-08-02T23:36:26.130Z,BwBFxTNL7kA1wr4dwFw8tZRE1zQM68gKQcfVGEzEpump,200,4000
graduation,2026-08-02T23:36:30.137Z,BwBFxTNL7kA1wr4dwFw8tZRE1zQM68gKQcfVGEzEpump,200,4000
graduation,2026-08-02T23:36:34.102Z,BwBFxTNL7kA1wr4dwFw8tZRE1zQM68gKQcfVGEzEpump,200,4000
graduation,2026-08-02T23:36:38.107Z,BwBFxTNL7kA1wr4dwFw8tZRE1zQM68gKQcfVGEzEpump,200,4000
graduation,2026-08-02T23:36:42.098Z,BwBFxTNL7kA1wr4dwFw8tZRE1zQM68gKQcfVGEzEpump,200,4000
graduation,2026-08-02T23:36:46.106Z,BwBFxTNL7kA1wr4dwFw8tZRE1zQM68gKQcfVGEzEpump,200,4000
graduation,2026-08-02T23:36:50.145Z,BwBFxTNL7kA1wr4dwFw8tZRE1zQM68gKQcfVGEzEpump,200,4000
graduation,2026-08-02T23:36:54.107Z,BwBFxTNL7kA1wr4dwFw8tZRE1zQM68gKQcfVGEzEpump,200,4000
graduation,2026-08-02T23:36:58.106Z,BwBFxTNL7kA1wr4dwFw8tZRE1zQM68gKQcfVGEzEpump,200,4000
graduation,2026-08-02T23:37:02.119Z,BwBFxTNL7kA1wr4dwFw8tZRE1zQM68gKQcfVGEzEpump,200,4000
graduation,2026-08-02T23:37:06.140Z,4moo1vE7oReTVzhMwx7awW2Ue8vSZncKpvCS1PV6pump,200,4000
graduation,2026-08-02T23:37:10.126Z,4moo1vE7oReTVzhMwx7awW2Ue8vSZncKpvCS1PV6pump,200,4000
graduation,2026-08-02T23:37:14.129Z,4moo1vE7oReTVzhMwx7awW2Ue8vSZncKpvCS1PV6pump,200,4000
graduation,2026-08-02T23:37:18.304Z,4moo1vE7oReTVzhMwx7awW2Ue8vSZncKpvCS1PV6pump,200,4000
graduation,2026-08-02T23:37:22.131Z,4moo1vE7oReTVzhMwx7awW2Ue8vSZncKpvCS1PV6pump,200,4000
graduation,2026-08-02T23:37:26.113Z,4moo1vE7oReTVzhMwx7awW2Ue8vSZncKpvCS1PV6pump,200,4000
graduation,2026-08-02T23:37:30.110Z,4moo1vE7oReTVzhMwx7awW2Ue8vSZncKpvCS1PV6pump,200,4000
graduation,2026-08-02T23:37:34.199Z,4moo1vE7oReTVzhMwx7awW2Ue8vSZncKpvCS1PV6pump,200,4000
graduation,2026-08-02T23:37:38.117Z,4moo1vE7oReTVzhMwx7awW2Ue8vSZncKpvCS1PV6pump,200,4000
graduation,2026-08-02T23:37:42.124Z,4moo1vE7oReTVzhMwx7awW2Ue8vSZncKpvCS1PV6pump,200,4000
graduation,2026-08-02T23:37:46.155Z,6HWgQuKsq96UguqoZPfeLxN9TgNTq18yUrKv6EvEpump,200,4000
graduation,2026-08-02T23:37:50.136Z,6HWgQuKsq96UguqoZPfeLxN9TgNTq18yUrKv6EvEpump,200,4000
graduation,2026-08-02T23:37:54.130Z,6HWgQuKsq96UguqoZPfeLxN9TgNTq18yUrKv6EvEpump,200,4000
graduation,2026-08-02T23:37:58.138Z,6HWgQuKsq96UguqoZPfeLxN9TgNTq18yUrKv6EvEpump,200,4000
graduation,2026-08-02T23:38:02.187Z,6HWgQuKsq96UguqoZPfeLxN9TgNTq18yUrKv6EvEpump,200,4000
graduation,2026-08-02T23:38:06.124Z,6HWgQuKsq96UguqoZPfeLxN9TgNTq18yUrKv6EvEpump,200,4000
graduation,2026-08-02T23:38:10.126Z,6HWgQuKsq96UguqoZPfeLxN9TgNTq18yUrKv6EvEpump,200,4000
graduation,2026-08-02T23:38:14.129Z,6HWgQuKsq96UguqoZPfeLxN9TgNTq18yUrKv6EvEpump,200,4000
graduation,2026-08-02T23:38:18.134Z,6HWgQuKsq96UguqoZPfeLxN9TgNTq18yUrKv6EvEpump,200,4000
graduation,2026-08-02T23:38:22.143Z,6HWgQuKsq96UguqoZPfeLxN9TgNTq18yUrKv6EvEpump,200,4000
graduation,2026-08-02T23:38:26.189Z,6cmSs58irWKE2ayjUouJgawxgM6zvhqVdnZPRV7Zpump,200,4000
graduation,2026-08-02T23:38:30.159Z,6cmSs58irWKE2ayjUouJgawxgM6zvhqVdnZPRV7Zpump,200,4000
graduation,2026-08-02T23:38:34.166Z,6cmSs58irWKE2ayjUouJgawxgM6zvhqVdnZPRV7Zpump,200,4000
graduation,2026-08-02T23:38:38.172Z,6cmSs58irWKE2ayjUouJgawxgM6zvhqVdnZPRV7Zpump,200,4000
graduation,2026-08-02T23:38:42.712Z,6cmSs58irWKE2ayjUouJgawxgM6zvhqVdnZPRV7Zpump,200,4000
graduation,2026-08-02T23:38:46.143Z,6cmSs58irWKE2ayjUouJgawxgM6zvhqVdnZPRV7Zpump,200,4000
graduation,2026-08-02T23:38:50.258Z,6cmSs58irWKE2ayjUouJgawxgM6zvhqVdnZPRV7Zpump,200,4000
graduation,2026-08-02T23:38:55.396Z,6cmSs58irWKE2ayjUouJgawxgM6zvhqVdnZPRV7Zpump,200,4000
graduation,2026-08-02T23:38:58.318Z,6cmSs58irWKE2ayjUouJgawxgM6zvhqVdnZPRV7Zpump,200,4000
graduation,2026-08-02T23:39:02.146Z,6cmSs58irWKE2ayjUouJgawxgM6zvhqVdnZPRV7Zpump,200,4000
graduation,2026-08-02T23:39:06.156Z,6cmSs58irWKE2ayjUouJgawxgM6zvhqVdnZPRV7Zpump,200,4000
graduation,2026-08-02T23:39:10.182Z,6mXDkq6ytS174mGXqBbLareojc89drKi1sZuG7WDpump,200,4000
graduation,2026-08-02T23:39:14.183Z,6mXDkq6ytS174mGXqBbLareojc89drKi1sZuG7WDpump,200,4000
graduation,2026-08-02T23:39:18.157Z,6mXDkq6ytS174mGXqBbLareojc89drKi1sZuG7WDpump,200,4000
graduation,2026-08-02T23:39:22.153Z,6mXDkq6ytS174mGXqBbLareojc89drKi1sZuG7WDpump,200,4000
graduation,2026-08-02T23:39:26.184Z,6mXDkq6ytS174mGXqBbLareojc89drKi1sZuG7WDpump,200,4000
graduation,2026-08-02T23:39:30.157Z,6mXDkq6ytS174mGXqBbLareojc89drKi1sZuG7WDpump,200,4000
graduation,2026-08-02T23:39:34.167Z,6mXDkq6ytS174mGXqBbLareojc89drKi1sZuG7WDpump,200,4000
graduation,2026-08-02T23:39:38.168Z,6mXDkq6ytS174mGXqBbLareojc89drKi1sZuG7WDpump,200,4000
graduation,2026-08-02T23:39:42.162Z,6mXDkq6ytS174mGXqBbLareojc89drKi1sZuG7WDpump,200,4000
graduation,2026-08-02T23:39:46.165Z,6mXDkq6ytS174mGXqBbLareojc89drKi1sZuG7WDpump,200,4000
graduation,2026-08-02T23:39:50.173Z,6mXDkq6ytS174mGXqBbLareojc89drKi1sZuG7WDpump,200,4000
graduation,2026-08-02T23:39:54.205Z,GxN4wsPK42AsN8xgaj6xMynFmdCwHyeCGGgvGNF3pump,200,4000
graduation,2026-08-02T23:39:58.237Z,GxN4wsPK42AsN8xgaj6xMynFmdCwHyeCGGgvGNF3pump,200,4000
graduation,2026-08-02T23:40:02.173Z,GxN4wsPK42AsN8xgaj6xMynFmdCwHyeCGGgvGNF3pump,200,4000
graduation,2026-08-02T23:40:06.170Z,GxN4wsPK42AsN8xgaj6xMynFmdCwHyeCGGgvGNF3pump,200,4000
graduation,2026-08-02T23:40:10.169Z,GxN4wsPK42AsN8xgaj6xMynFmdCwHyeCGGgvGNF3pump,200,4000
graduation,2026-08-02T23:40:14.171Z,GxN4wsPK42AsN8xgaj6xMynFmdCwHyeCGGgvGNF3pump,200,4000
graduation,2026-08-02T23:40:18.178Z,GxN4wsPK42AsN8xgaj6xMynFmdCwHyeCGGgvGNF3pump,200,4000
graduation,2026-08-02T23:40:22.197Z,GxN4wsPK42AsN8xgaj6xMynFmdCwHyeCGGgvGNF3pump,200,4000
graduation,2026-08-02T23:40:26.218Z,GxN4wsPK42AsN8xgaj6xMynFmdCwHyeCGGgvGNF3pump,200,4000
graduation,2026-08-02T23:40:30.183Z,GxN4wsPK42AsN8xgaj6xMynFmdCwHyeCGGgvGNF3pump,200,4000
graduation,2026-08-02T23:40:34.179Z,GxN4wsPK42AsN8xgaj6xMynFmdCwHyeCGGgvGNF3pump,200,4000
graduation,2026-08-02T23:40:38.235Z,HHUMekq9aj3FP46dGW6ryFvUVoVKcRBZZg6hso3mpump,200,4000
graduation,2026-08-02T23:40:42.210Z,HHUMekq9aj3FP46dGW6ryFvUVoVKcRBZZg6hso3mpump,200,4000
graduation,2026-08-02T23:40:46.200Z,HHUMekq9aj3FP46dGW6ryFvUVoVKcRBZZg6hso3mpump,200,4000
graduation,2026-08-02T23:40:50.469Z,HHUMekq9aj3FP46dGW6ryFvUVoVKcRBZZg6hso3mpump,200,4000
graduation,2026-08-02T23:40:54.221Z,HHUMekq9aj3FP46dGW6ryFvUVoVKcRBZZg6hso3mpump,200,4000
graduation,2026-08-02T23:40:58.184Z,HHUMekq9aj3FP46dGW6ryFvUVoVKcRBZZg6hso3mpump,200,4000
graduation,2026-08-02T23:41:02.351Z,HHUMekq9aj3FP46dGW6ryFvUVoVKcRBZZg6hso3mpump,200,4000
graduation,2026-08-02T23:41:06.366Z,HHUMekq9aj3FP46dGW6ryFvUVoVKcRBZZg6hso3mpump,200,4000
graduation,2026-08-02T23:41:10.247Z,HHUMekq9aj3FP46dGW6ryFvUVoVKcRBZZg6hso3mpump,200,4000
graduation,2026-08-02T23:41:14.192Z,HHUMekq9aj3FP46dGW6ryFvUVoVKcRBZZg6hso3mpump,200,4000
graduation,2026-08-02T23:41:18.196Z,HHUMekq9aj3FP46dGW6ryFvUVoVKcRBZZg6hso3mpump,200,4000
graduation,2026-08-02T23:41:22.268Z,9FBT95R6KUfR3AJ5QwVW7YgL7777BhMHLwS1tgtUpump,200,4000
graduation,2026-08-02T23:41:26.258Z,9FBT95R6KUfR3AJ5QwVW7YgL7777BhMHLwS1tgtUpump,200,4000
graduation,2026-08-02T23:41:30.198Z,9FBT95R6KUfR3AJ5QwVW7YgL7777BhMHLwS1tgtUpump,200,4000
graduation,2026-08-02T23:41:34.206Z,9FBT95R6KUfR3AJ5QwVW7YgL7777BhMHLwS1tgtUpump,200,4000
graduation,2026-08-02T23:41:38.199Z,9FBT95R6KUfR3AJ5QwVW7YgL7777BhMHLwS1tgtUpump,200,4000
graduation,2026-08-02T23:41:42.198Z,9FBT95R6KUfR3AJ5QwVW7YgL7777BhMHLwS1tgtUpump,200,4000
graduation,2026-08-02T23:41:46.203Z,9FBT95R6KUfR3AJ5QwVW7YgL7777BhMHLwS1tgtUpump,200,4000
graduation,2026-08-02T23:41:50.228Z,9FBT95R6KUfR3AJ5QwVW7YgL7777BhMHLwS1tgtUpump,200,4000
graduation,2026-08-02T23:41:54.204Z,9FBT95R6KUfR3AJ5QwVW7YgL7777BhMHLwS1tgtUpump,200,4000
graduation,2026-08-02T23:41:58.213Z,9FBT95R6KUfR3AJ5QwVW7YgL7777BhMHLwS1tgtUpump,200,4000
graduation,2026-08-02T23:42:02.238Z,Bi6FgnTAo3pmPeiAK1eBatwWiaqXoXo5Yj8TsyPSpump,200,4000
graduation,2026-08-02T23:42:36.127Z,Bi6FgnTAo3pmPeiAK1eBatwWiaqXoXo5Yj8TsyPSpump,transport,4000
graduation,2026-08-02T23:42:39.131Z,Bi6FgnTAo3pmPeiAK1eBatwWiaqXoXo5Yj8TsyPSpump,transport,6400
graduation,2026-08-02T23:42:50.124Z,Bi6FgnTAo3pmPeiAK1eBatwWiaqXoXo5Yj8TsyPSpump,200,10240
graduation,2026-08-02T23:42:59.765Z,Bi6FgnTAo3pmPeiAK1eBatwWiaqXoXo5Yj8TsyPSpump,200,10240
graduation,2026-08-02T23:43:10.001Z,Bi6FgnTAo3pmPeiAK1eBatwWiaqXoXo5Yj8TsyPSpump,200,10240
graduation,2026-08-02T23:43:20.396Z,Bi6FgnTAo3pmPeiAK1eBatwWiaqXoXo5Yj8TsyPSpump,200,10240
graduation,2026-08-02T23:43:30.485Z,Bi6FgnTAo3pmPeiAK1eBatwWiaqXoXo5Yj8TsyPSpump,200,10240
graduation,2026-08-02T23:43:39.182Z,Bi6FgnTAo3pmPeiAK1eBatwWiaqXoXo5Yj8TsyPSpump,200,8704
graduation,2026-08-02T23:43:47.888Z,Bi6FgnTAo3pmPeiAK1eBatwWiaqXoXo5Yj8TsyPSpump,200,8704
graduation,2026-08-02T23:43:56.621Z,Bi6FgnTAo3pmPeiAK1eBatwWiaqXoXo5Yj8TsyPSpump,200,8704
graduation,2026-08-02T23:44:05.313Z,Bi6FgnTAo3pmPeiAK1eBatwWiaqXoXo5Yj8TsyPSpump,200,8704
graduation,2026-08-02T23:44:14.091Z,H23di4NXN6j2pwLwbYjtag1Q3v7ANyXR72kzfWYKpump,200,8704
graduation,2026-08-02T23:44:21.478Z,H23di4NXN6j2pwLwbYjtag1Q3v7ANyXR72kzfWYKpump,200,7398
graduation,2026-08-02T23:44:28.823Z,H23di4NXN6j2pwLwbYjtag1Q3v7ANyXR72kzfWYKpump,200,7398
graduation,2026-08-02T23:44:36.221Z,H23di4NXN6j2pwLwbYjtag1Q3v7ANyXR72kzfWYKpump,200,7398
graduation,2026-08-02T23:44:43.607Z,H23di4NXN6j2pwLwbYjtag1Q3v7ANyXR72kzfWYKpump,200,7398
graduation,2026-08-02T23:44:51.004Z,H23di4NXN6j2pwLwbYjtag1Q3v7ANyXR72kzfWYKpump,200,7398
graduation,2026-08-02T23:44:57.309Z,H23di4NXN6j2pwLwbYjtag1Q3v7ANyXR72kzfWYKpump,200,6288
graduation,2026-08-02T23:45:03.601Z,H23di4NXN6j2pwLwbYjtag1Q3v7ANyXR72kzfWYKpump,200,6288
graduation,2026-08-02T23:45:09.890Z,H23di4NXN6j2pwLwbYjtag1Q3v7ANyXR72kzfWYKpump,200,6288
graduation,2026-08-02T23:45:16.168Z,H23di4NXN6j2pwLwbYjtag1Q3v7ANyXR72kzfWYKpump,200,6288
graduation,2026-08-02T23:45:22.493Z,BQDTXj9bvYRY9hksEmnXVMxsPu5VwFDW3bwiXpiDpump,200,6288
graduation,2026-08-02T23:45:30.173Z,BQDTXj9bvYRY9hksEmnXVMxsPu5VwFDW3bwiXpiDpump,200,5345
graduation,2026-08-02T23:45:33.102Z,BQDTXj9bvYRY9hksEmnXVMxsPu5VwFDW3bwiXpiDpump,200,5345
graduation,2026-08-02T23:45:38.536Z,BQDTXj9bvYRY9hksEmnXVMxsPu5VwFDW3bwiXpiDpump,200,5345
graduation,2026-08-02T23:45:46.479Z,BQDTXj9bvYRY9hksEmnXVMxsPu5VwFDW3bwiXpiDpump,200,5345
graduation,2026-08-02T23:45:49.274Z,BQDTXj9bvYRY9hksEmnXVMxsPu5VwFDW3bwiXpiDpump,200,5345
graduation,2026-08-02T23:45:53.785Z,BQDTXj9bvYRY9hksEmnXVMxsPu5VwFDW3bwiXpiDpump,200,4543
graduation,2026-08-02T23:45:58.311Z,BQDTXj9bvYRY9hksEmnXVMxsPu5VwFDW3bwiXpiDpump,200,4543
graduation,2026-08-02T23:46:02.833Z,BQDTXj9bvYRY9hksEmnXVMxsPu5VwFDW3bwiXpiDpump,200,4543
graduation,2026-08-02T23:46:07.384Z,BQDTXj9bvYRY9hksEmnXVMxsPu5VwFDW3bwiXpiDpump,200,4543
graduation,2026-08-02T23:46:11.981Z,2HXK4CBcYeJQezA1MxNgSCHgXDx3kYgpe4ivk1hZpump,200,4543
graduation,2026-08-02T23:46:15.893Z,2HXK4CBcYeJQezA1MxNgSCHgXDx3kYgpe4ivk1hZpump,200,4000
graduation,2026-08-02T23:46:19.899Z,2HXK4CBcYeJQezA1MxNgSCHgXDx3kYgpe4ivk1hZpump,200,4000
graduation,2026-08-02T23:46:24.050Z,2HXK4CBcYeJQezA1MxNgSCHgXDx3kYgpe4ivk1hZpump,200,4000
graduation,2026-08-02T23:46:27.905Z,2HXK4CBcYeJQezA1MxNgSCHgXDx3kYgpe4ivk1hZpump,200,4000
graduation,2026-08-02T23:46:31.863Z,2HXK4CBcYeJQezA1MxNgSCHgXDx3kYgpe4ivk1hZpump,200,4000
graduation,2026-08-02T23:46:35.871Z,2HXK4CBcYeJQezA1MxNgSCHgXDx3kYgpe4ivk1hZpump,200,4000
graduation,2026-08-02T23:46:39.891Z,2HXK4CBcYeJQezA1MxNgSCHgXDx3kYgpe4ivk1hZpump,200,4000
graduation,2026-08-02T23:46:43.870Z,2HXK4CBcYeJQezA1MxNgSCHgXDx3kYgpe4ivk1hZpump,200,4000
graduation,2026-08-02T23:46:47.867Z,2HXK4CBcYeJQezA1MxNgSCHgXDx3kYgpe4ivk1hZpump,200,4000
graduation,2026-08-02T23:46:51.882Z,2HXK4CBcYeJQezA1MxNgSCHgXDx3kYgpe4ivk1hZpump,200,4000
graduation,2026-08-02T23:46:55.956Z,9uyrFtA4gM4X7UZN9wS892anAKoAP9tjpdruBT85pump,200,4000
graduation,2026-08-02T23:46:59.905Z,9uyrFtA4gM4X7UZN9wS892anAKoAP9tjpdruBT85pump,200,4000
graduation,2026-08-02T23:47:04.076Z,9uyrFtA4gM4X7UZN9wS892anAKoAP9tjpdruBT85pump,200,4000
graduation,2026-08-02T23:47:09.430Z,9uyrFtA4gM4X7UZN9wS892anAKoAP9tjpdruBT85pump,200,4000
graduation,2026-08-02T23:47:12.109Z,9uyrFtA4gM4X7UZN9wS892anAKoAP9tjpdruBT85pump,200,4000
graduation,2026-08-02T23:47:16.857Z,9uyrFtA4gM4X7UZN9wS892anAKoAP9tjpdruBT85pump,200,4000
graduation,2026-08-02T23:47:19.888Z,9uyrFtA4gM4X7UZN9wS892anAKoAP9tjpdruBT85pump,200,4000
graduation,2026-08-02T23:47:23.897Z,9uyrFtA4gM4X7UZN9wS892anAKoAP9tjpdruBT85pump,200,4000
graduation,2026-08-02T23:47:27.896Z,9uyrFtA4gM4X7UZN9wS892anAKoAP9tjpdruBT85pump,200,4000
graduation,2026-08-02T23:47:31.892Z,9uyrFtA4gM4X7UZN9wS892anAKoAP9tjpdruBT85pump,200,4000
graduation,2026-08-02T23:47:35.933Z,QaL6zWWUqsaXYXgUofeUjXy1Swmwx7tA9JQZZZDpump,200,4000
graduation,2026-08-02T23:47:39.931Z,QaL6zWWUqsaXYXgUofeUjXy1Swmwx7tA9JQZZZDpump,200,4000
graduation,2026-08-02T23:47:43.903Z,QaL6zWWUqsaXYXgUofeUjXy1Swmwx7tA9JQZZZDpump,200,4000
graduation,2026-08-02T23:47:47.892Z,QaL6zWWUqsaXYXgUofeUjXy1Swmwx7tA9JQZZZDpump,200,4000
graduation,2026-08-02T23:47:51.887Z,QaL6zWWUqsaXYXgUofeUjXy1Swmwx7tA9JQZZZDpump,200,4000
graduation,2026-08-02T23:47:55.909Z,QaL6zWWUqsaXYXgUofeUjXy1Swmwx7tA9JQZZZDpump,200,4000
graduation,2026-08-02T23:47:59.895Z,QaL6zWWUqsaXYXgUofeUjXy1Swmwx7tA9JQZZZDpump,200,4000
graduation,2026-08-02T23:48:03.924Z,QaL6zWWUqsaXYXgUofeUjXy1Swmwx7tA9JQZZZDpump,200,4000
graduation,2026-08-02T23:48:07.896Z,QaL6zWWUqsaXYXgUofeUjXy1Swmwx7tA9JQZZZDpump,200,4000
graduation,2026-08-02T23:48:11.959Z,8RxXax9Npp8bb6RV9pTeC8QWdjf8fkwGWwboigempump,200,4000
graduation,2026-08-02T23:48:15.931Z,8RxXax9Npp8bb6RV9pTeC8QWdjf8fkwGWwboigempump,200,4000
graduation,2026-08-02T23:48:19.907Z,8RxXax9Npp8bb6RV9pTeC8QWdjf8fkwGWwboigempump,200,4000
graduation,2026-08-02T23:48:23.913Z,8RxXax9Npp8bb6RV9pTeC8QWdjf8fkwGWwboigempump,200,4000
graduation,2026-08-02T23:48:27.927Z,8RxXax9Npp8bb6RV9pTeC8QWdjf8fkwGWwboigempump,200,4000
graduation,2026-08-02T23:48:31.924Z,8RxXax9Npp8bb6RV9pTeC8QWdjf8fkwGWwboigempump,200,4000
graduation,2026-08-02T23:48:35.911Z,8RxXax9Npp8bb6RV9pTeC8QWdjf8fkwGWwboigempump,200,4000
graduation,2026-08-02T23:48:39.919Z,8RxXax9Npp8bb6RV9pTeC8QWdjf8fkwGWwboigempump,200,4000
graduation,2026-08-02T23:48:43.919Z,8RxXax9Npp8bb6RV9pTeC8QWdjf8fkwGWwboigempump,200,4000
graduation,2026-08-02T23:48:47.917Z,8RxXax9Npp8bb6RV9pTeC8QWdjf8fkwGWwboigempump,200,4000
graduation,2026-08-02T23:48:51.917Z,8RxXax9Npp8bb6RV9pTeC8QWdjf8fkwGWwboigempump,200,4000
graduation,2026-08-02T23:48:56.025Z,AKvo9h7sKSW8je7psL4nZLCGpTK2ZSKQD2AFNDR9pump,200,4000
graduation,2026-08-02T23:49:00.000Z,AKvo9h7sKSW8je7psL4nZLCGpTK2ZSKQD2AFNDR9pump,200,4000
graduation,2026-08-02T23:49:03.914Z,AKvo9h7sKSW8je7psL4nZLCGpTK2ZSKQD2AFNDR9pump,200,4000
graduation,2026-08-02T23:49:07.943Z,AKvo9h7sKSW8je7psL4nZLCGpTK2ZSKQD2AFNDR9pump,200,4000
graduation,2026-08-02T23:49:11.918Z,AKvo9h7sKSW8je7psL4nZLCGpTK2ZSKQD2AFNDR9pump,200,4000
graduation,2026-08-02T23:49:15.914Z,AKvo9h7sKSW8je7psL4nZLCGpTK2ZSKQD2AFNDR9pump,200,4000
graduation,2026-08-02T23:49:19.916Z,AKvo9h7sKSW8je7psL4nZLCGpTK2ZSKQD2AFNDR9pump,200,4000
graduation,2026-08-02T23:49:23.919Z,AKvo9h7sKSW8je7psL4nZLCGpTK2ZSKQD2AFNDR9pump,200,4000
graduation,2026-08-02T23:49:27.917Z,AKvo9h7sKSW8je7psL4nZLCGpTK2ZSKQD2AFNDR9pump,200,4000
graduation,2026-08-02T23:49:31.976Z,BB55VR9sdrXLZjEx94gToBMnMNF2qoT7PmkHqbuWpump,200,4000
graduation,2026-08-02T23:49:35.958Z,BB55VR9sdrXLZjEx94gToBMnMNF2qoT7PmkHqbuWpump,200,4000
graduation,2026-08-02T23:49:39.960Z,BB55VR9sdrXLZjEx94gToBMnMNF2qoT7PmkHqbuWpump,200,4000
graduation,2026-08-02T23:49:43.934Z,BB55VR9sdrXLZjEx94gToBMnMNF2qoT7PmkHqbuWpump,200,4000
graduation,2026-08-02T23:49:47.932Z,BB55VR9sdrXLZjEx94gToBMnMNF2qoT7PmkHqbuWpump,200,4000
graduation,2026-08-02T23:49:51.948Z,BB55VR9sdrXLZjEx94gToBMnMNF2qoT7PmkHqbuWpump,200,4000
graduation,2026-08-02T23:49:55.943Z,BB55VR9sdrXLZjEx94gToBMnMNF2qoT7PmkHqbuWpump,200,4000
graduation,2026-08-02T23:49:59.982Z,7wVuSgQV3TPJMQqyWQn31jj846V98GfEWHkVkGFDpump,200,4000
graduation,2026-08-02T23:50:03.984Z,7wVuSgQV3TPJMQqyWQn31jj846V98GfEWHkVkGFDpump,200,4000
graduation,2026-08-02T23:50:07.967Z,7wVuSgQV3TPJMQqyWQn31jj846V98GfEWHkVkGFDpump,200,4000
graduation,2026-08-02T23:50:12.405Z,7wVuSgQV3TPJMQqyWQn31jj846V98GfEWHkVkGFDpump,200,4000
graduation,2026-08-02T23:50:16.242Z,7wVuSgQV3TPJMQqyWQn31jj846V98GfEWHkVkGFDpump,200,4000
graduation,2026-08-02T23:50:19.942Z,7wVuSgQV3TPJMQqyWQn31jj846V98GfEWHkVkGFDpump,200,4000
graduation,2026-08-02T23:50:24.492Z,7wVuSgQV3TPJMQqyWQn31jj846V98GfEWHkVkGFDpump,200,4000
graduation,2026-08-02T23:50:27.940Z,7wVuSgQV3TPJMQqyWQn31jj846V98GfEWHkVkGFDpump,200,4000
graduation,2026-08-02T23:50:32.023Z,7wVuSgQV3TPJMQqyWQn31jj846V98GfEWHkVkGFDpump,200,4000
graduation,2026-08-02T23:50:35.951Z,7wVuSgQV3TPJMQqyWQn31jj846V98GfEWHkVkGFDpump,200,4000
graduation,2026-08-02T23:50:39.950Z,7wVuSgQV3TPJMQqyWQn31jj846V98GfEWHkVkGFDpump,200,4000
graduation,2026-08-02T23:50:44.016Z,GW3wyPJYHGSaZbEb3hcXNvLhdEqr1YLoULXDcduApump,200,4000
graduation,2026-08-02T23:50:47.967Z,GW3wyPJYHGSaZbEb3hcXNvLhdEqr1YLoULXDcduApump,200,4000
graduation,2026-08-02T23:50:51.973Z,GW3wyPJYHGSaZbEb3hcXNvLhdEqr1YLoULXDcduApump,200,4000
graduation,2026-08-02T23:50:55.969Z,GW3wyPJYHGSaZbEb3hcXNvLhdEqr1YLoULXDcduApump,200,4000
graduation,2026-08-02T23:51:00.012Z,GW3wyPJYHGSaZbEb3hcXNvLhdEqr1YLoULXDcduApump,200,4000
graduation,2026-08-02T23:51:03.959Z,GW3wyPJYHGSaZbEb3hcXNvLhdEqr1YLoULXDcduApump,200,4000
graduation,2026-08-02T23:51:07.958Z,GW3wyPJYHGSaZbEb3hcXNvLhdEqr1YLoULXDcduApump,200,4000
graduation,2026-08-02T23:51:11.972Z,GW3wyPJYHGSaZbEb3hcXNvLhdEqr1YLoULXDcduApump,200,4000
graduation,2026-08-02T23:51:15.978Z,GW3wyPJYHGSaZbEb3hcXNvLhdEqr1YLoULXDcduApump,200,4000
graduation,2026-08-02T23:51:19.970Z,GW3wyPJYHGSaZbEb3hcXNvLhdEqr1YLoULXDcduApump,200,4000
graduation,2026-08-02T23:51:24.021Z,3C8Hz8sqdwn4gUJaWek23PsRfvyDsVZhaqoKooNMpump,200,4000
graduation,2026-08-02T23:51:27.990Z,3C8Hz8sqdwn4gUJaWek23PsRfvyDsVZhaqoKooNMpump,200,4000
graduation,2026-08-02T23:51:31.952Z,3C8Hz8sqdwn4gUJaWek23PsRfvyDsVZhaqoKooNMpump,200,4000
graduation,2026-08-02T23:51:35.973Z,3C8Hz8sqdwn4gUJaWek23PsRfvyDsVZhaqoKooNMpump,200,4000
graduation,2026-08-02T23:51:39.966Z,3C8Hz8sqdwn4gUJaWek23PsRfvyDsVZhaqoKooNMpump,200,4000
graduation,2026-08-02T23:51:43.979Z,3C8Hz8sqdwn4gUJaWek23PsRfvyDsVZhaqoKooNMpump,200,4000
graduation,2026-08-02T23:51:47.984Z,3C8Hz8sqdwn4gUJaWek23PsRfvyDsVZhaqoKooNMpump,200,4000
graduation,2026-08-02T23:51:51.974Z,3C8Hz8sqdwn4gUJaWek23PsRfvyDsVZhaqoKooNMpump,200,4000
graduation,2026-08-02T23:51:55.973Z,3C8Hz8sqdwn4gUJaWek23PsRfvyDsVZhaqoKooNMpump,200,4000
graduation,2026-08-02T23:52:00.020Z,EzrXiBWKcr3WSGLdJWeXvfBSkWRHkaymU7gW5fXpump,200,4000
graduation,2026-08-02T23:52:04.034Z,EzrXiBWKcr3WSGLdJWeXvfBSkWRHkaymU7gW5fXpump,200,4000
graduation,2026-08-02T23:52:07.988Z,EzrXiBWKcr3WSGLdJWeXvfBSkWRHkaymU7gW5fXpump,200,4000
graduation,2026-08-02T23:52:11.981Z,EzrXiBWKcr3WSGLdJWeXvfBSkWRHkaymU7gW5fXpump,200,4000
graduation,2026-08-02T23:52:15.973Z,EzrXiBWKcr3WSGLdJWeXvfBSkWRHkaymU7gW5fXpump,200,4000
graduation,2026-08-02T23:52:19.980Z,EzrXiBWKcr3WSGLdJWeXvfBSkWRHkaymU7gW5fXpump,200,4000
graduation,2026-08-02T23:52:23.997Z,EzrXiBWKcr3WSGLdJWeXvfBSkWRHkaymU7gW5fXpump,200,4000
graduation,2026-08-02T23:52:27.979Z,EzrXiBWKcr3WSGLdJWeXvfBSkWRHkaymU7gW5fXpump,200,4000
graduation,2026-08-02T23:52:31.986Z,EzrXiBWKcr3WSGLdJWeXvfBSkWRHkaymU7gW5fXpump,200,4000
graduation,2026-08-02T23:52:36.008Z,EzrXiBWKcr3WSGLdJWeXvfBSkWRHkaymU7gW5fXpump,200,4000
graduation,2026-08-02T23:52:40.045Z,7LS4TVEVp5wadBoAzXw7Xsh59V87gQGxnEAKtc9jpump,200,4000
graduation,2026-08-02T23:52:44.014Z,7LS4TVEVp5wadBoAzXw7Xsh59V87gQGxnEAKtc9jpump,200,4000
graduation,2026-08-02T23:52:47.980Z,7LS4TVEVp5wadBoAzXw7Xsh59V87gQGxnEAKtc9jpump,200,4000
graduation,2026-08-02T23:52:51.993Z,7LS4TVEVp5wadBoAzXw7Xsh59V87gQGxnEAKtc9jpump,200,4000
graduation,2026-08-02T23:52:56.007Z,7LS4TVEVp5wadBoAzXw7Xsh59V87gQGxnEAKtc9jpump,200,4000
graduation,2026-08-02T23:53:00.018Z,7LS4TVEVp5wadBoAzXw7Xsh59V87gQGxnEAKtc9jpump,200,4000
graduation,2026-08-02T23:53:04.003Z,7LS4TVEVp5wadBoAzXw7Xsh59V87gQGxnEAKtc9jpump,200,4000
graduation,2026-08-02T23:53:08.001Z,7LS4TVEVp5wadBoAzXw7Xsh59V87gQGxnEAKtc9jpump,200,4000
graduation,2026-08-02T23:53:12.079Z,E1S2RV6aNSU4inxH7k1wVWFczegAZGj54nyFDhDnpump,200,4000
graduation,2026-08-02T23:53:16.032Z,E1S2RV6aNSU4inxH7k1wVWFczegAZGj54nyFDhDnpump,200,4000
graduation,2026-08-02T23:53:20.014Z,E1S2RV6aNSU4inxH7k1wVWFczegAZGj54nyFDhDnpump,200,4000
graduation,2026-08-02T23:53:24.014Z,E1S2RV6aNSU4inxH7k1wVWFczegAZGj54nyFDhDnpump,200,4000
graduation,2026-08-02T23:53:28.021Z,E1S2RV6aNSU4inxH7k1wVWFczegAZGj54nyFDhDnpump,200,4000
graduation,2026-08-02T23:53:32.016Z,E1S2RV6aNSU4inxH7k1wVWFczegAZGj54nyFDhDnpump,200,4000
graduation,2026-08-02T23:53:36.017Z,E1S2RV6aNSU4inxH7k1wVWFczegAZGj54nyFDhDnpump,200,4000
graduation,2026-08-02T23:53:40.013Z,E1S2RV6aNSU4inxH7k1wVWFczegAZGj54nyFDhDnpump,200,4000
graduation,2026-08-02T23:53:44.014Z,E1S2RV6aNSU4inxH7k1wVWFczegAZGj54nyFDhDnpump,200,4000
graduation,2026-08-02T23:53:48.016Z,E1S2RV6aNSU4inxH7k1wVWFczegAZGj54nyFDhDnpump,200,4000
graduation,2026-08-02T23:53:52.015Z,E1S2RV6aNSU4inxH7k1wVWFczegAZGj54nyFDhDnpump,200,4000
graduation,2026-08-02T23:53:56.072Z,EL8SwnwpPf3BCBY9jZoHvdtYV7kLtWiTmm6rw3E9pump,200,4000
graduation,2026-08-02T23:54:00.052Z,EL8SwnwpPf3BCBY9jZoHvdtYV7kLtWiTmm6rw3E9pump,200,4000
graduation,2026-08-02T23:54:04.060Z,EL8SwnwpPf3BCBY9jZoHvdtYV7kLtWiTmm6rw3E9pump,200,4000
graduation,2026-08-02T23:54:08.052Z,EL8SwnwpPf3BCBY9jZoHvdtYV7kLtWiTmm6rw3E9pump,200,4000
graduation,2026-08-02T23:54:12.079Z,EL8SwnwpPf3BCBY9jZoHvdtYV7kLtWiTmm6rw3E9pump,200,4000
graduation,2026-08-02T23:54:16.048Z,EL8SwnwpPf3BCBY9jZoHvdtYV7kLtWiTmm6rw3E9pump,200,4000
graduation,2026-08-02T23:54:20.036Z,EL8SwnwpPf3BCBY9jZoHvdtYV7kLtWiTmm6rw3E9pump,200,4000
graduation,2026-08-02T23:54:24.031Z,EL8SwnwpPf3BCBY9jZoHvdtYV7kLtWiTmm6rw3E9pump,200,4000
graduation,2026-08-02T23:54:28.034Z,EL8SwnwpPf3BCBY9jZoHvdtYV7kLtWiTmm6rw3E9pump,200,4000
graduation,2026-08-02T23:54:32.027Z,EL8SwnwpPf3BCBY9jZoHvdtYV7kLtWiTmm6rw3E9pump,200,4000
graduation,2026-08-02T23:54:36.029Z,EL8SwnwpPf3BCBY9jZoHvdtYV7kLtWiTmm6rw3E9pump,200,4000
graduation,2026-08-02T23:54:40.117Z,5TQo5BPJf2PtKadyHmGARQZSHvza7wmjJ49kzsBipump,200,4000
graduation,2026-08-02T23:54:44.120Z,5TQo5BPJf2PtKadyHmGARQZSHvza7wmjJ49kzsBipump,200,4000
graduation,2026-08-02T23:54:48.062Z,5TQo5BPJf2PtKadyHmGARQZSHvza7wmjJ49kzsBipump,200,4000
graduation,2026-08-02T23:54:52.041Z,5TQo5BPJf2PtKadyHmGARQZSHvza7wmjJ49kzsBipump,200,4000
graduation,2026-08-02T23:54:56.045Z,5TQo5BPJf2PtKadyHmGARQZSHvza7wmjJ49kzsBipump,200,4000
graduation,2026-08-02T23:55:00.071Z,5TQo5BPJf2PtKadyHmGARQZSHvza7wmjJ49kzsBipump,200,4000
graduation,2026-08-02T23:55:04.046Z,5TQo5BPJf2PtKadyHmGARQZSHvza7wmjJ49kzsBipump,200,4000
graduation,2026-08-02T23:55:08.051Z,5TQo5BPJf2PtKadyHmGARQZSHvza7wmjJ49kzsBipump,200,4000
graduation,2026-08-02T23:55:12.042Z,5TQo5BPJf2PtKadyHmGARQZSHvza7wmjJ49kzsBipump,200,4000
graduation,2026-08-02T23:55:16.149Z,9M9FKSWdCVFN8GVTqhZ89hBxwoAKd8xxBezP6P1Ypump,200,4000
graduation,2026-08-02T23:55:20.118Z,9M9FKSWdCVFN8GVTqhZ89hBxwoAKd8xxBezP6P1Ypump,200,4000
graduation,2026-08-02T23:55:24.050Z,9M9FKSWdCVFN8GVTqhZ89hBxwoAKd8xxBezP6P1Ypump,200,4000
graduation,2026-08-02T23:55:28.051Z,9M9FKSWdCVFN8GVTqhZ89hBxwoAKd8xxBezP6P1Ypump,200,4000
graduation,2026-08-02T23:55:32.089Z,9M9FKSWdCVFN8GVTqhZ89hBxwoAKd8xxBezP6P1Ypump,200,4000
graduation,2026-08-02T23:55:36.071Z,9M9FKSWdCVFN8GVTqhZ89hBxwoAKd8xxBezP6P1Ypump,200,4000
graduation,2026-08-02T23:55:40.089Z,9M9FKSWdCVFN8GVTqhZ89hBxwoAKd8xxBezP6P1Ypump,200,4000
graduation,2026-08-02T23:55:44.058Z,9M9FKSWdCVFN8GVTqhZ89hBxwoAKd8xxBezP6P1Ypump,200,4000
graduation,2026-08-02T23:55:48.077Z,9M9FKSWdCVFN8GVTqhZ89hBxwoAKd8xxBezP6P1Ypump,200,4000
graduation,2026-08-02T23:55:52.064Z,9M9FKSWdCVFN8GVTqhZ89hBxwoAKd8xxBezP6P1Ypump,200,4000
graduation,2026-08-02T23:55:56.193Z,CEHMrrvU6CEJofgXUq9gwRACRwSCG2SwVzRoi5BPpump,200,4000
graduation,2026-08-02T23:56:00.101Z,CEHMrrvU6CEJofgXUq9gwRACRwSCG2SwVzRoi5BPpump,200,4000
graduation,2026-08-02T23:56:04.228Z,CEHMrrvU6CEJofgXUq9gwRACRwSCG2SwVzRoi5BPpump,200,4000
graduation,2026-08-02T23:56:08.189Z,CEHMrrvU6CEJofgXUq9gwRACRwSCG2SwVzRoi5BPpump,200,4000
graduation,2026-08-02T23:56:12.166Z,CEHMrrvU6CEJofgXUq9gwRACRwSCG2SwVzRoi5BPpump,200,4000
graduation,2026-08-02T23:56:16.256Z,CEHMrrvU6CEJofgXUq9gwRACRwSCG2SwVzRoi5BPpump,200,4000
graduation,2026-08-02T23:56:20.111Z,CEHMrrvU6CEJofgXUq9gwRACRwSCG2SwVzRoi5BPpump,200,4000
graduation,2026-08-02T23:56:24.078Z,CEHMrrvU6CEJofgXUq9gwRACRwSCG2SwVzRoi5BPpump,200,4000
graduation,2026-08-02T23:56:28.079Z,CEHMrrvU6CEJofgXUq9gwRACRwSCG2SwVzRoi5BPpump,200,4000
graduation,2026-08-02T23:56:32.187Z,CEHMrrvU6CEJofgXUq9gwRACRwSCG2SwVzRoi5BPpump,200,4000
graduation,2026-08-02T23:56:36.086Z,CEHMrrvU6CEJofgXUq9gwRACRwSCG2SwVzRoi5BPpump,200,4000
graduation,2026-08-02T23:56:40.153Z,4u1LwQQWgR6vyhjrp3sJvv4d6wXCNrVdS78HxWAypump,200,4000
graduation,2026-08-02T23:56:44.103Z,4u1LwQQWgR6vyhjrp3sJvv4d6wXCNrVdS78HxWAypump,200,4000
graduation,2026-08-02T23:56:48.104Z,4u1LwQQWgR6vyhjrp3sJvv4d6wXCNrVdS78HxWAypump,200,4000
graduation,2026-08-02T23:56:52.107Z,4u1LwQQWgR6vyhjrp3sJvv4d6wXCNrVdS78HxWAypump,200,4000
graduation,2026-08-02T23:56:56.100Z,4u1LwQQWgR6vyhjrp3sJvv4d6wXCNrVdS78HxWAypump,200,4000
graduation,2026-08-02T23:57:00.172Z,4u1LwQQWgR6vyhjrp3sJvv4d6wXCNrVdS78HxWAypump,200,4000
graduation,2026-08-02T23:57:04.124Z,4u1LwQQWgR6vyhjrp3sJvv4d6wXCNrVdS78HxWAypump,200,4000
graduation,2026-08-02T23:57:08.102Z,4u1LwQQWgR6vyhjrp3sJvv4d6wXCNrVdS78HxWAypump,200,4000
graduation,2026-08-02T23:57:12.170Z,4u1LwQQWgR6vyhjrp3sJvv4d6wXCNrVdS78HxWAypump,200,4000
graduation,2026-08-02T23:57:16.113Z,4u1LwQQWgR6vyhjrp3sJvv4d6wXCNrVdS78HxWAypump,200,4000
graduation,2026-08-02T23:57:20.108Z,4u1LwQQWgR6vyhjrp3sJvv4d6wXCNrVdS78HxWAypump,200,4000
graduation,2026-08-02T23:57:24.167Z,4fqNB5X22yq9uMkWX42UuVJaNaN18YSV4aUySRCvpump,200,4000
graduation,2026-08-02T23:57:28.152Z,4fqNB5X22yq9uMkWX42UuVJaNaN18YSV4aUySRCvpump,200,4000
graduation,2026-08-02T23:57:32.116Z,4fqNB5X22yq9uMkWX42UuVJaNaN18YSV4aUySRCvpump,200,4000
graduation,2026-08-02T23:57:36.118Z,4fqNB5X22yq9uMkWX42UuVJaNaN18YSV4aUySRCvpump,200,4000
graduation,2026-08-02T23:57:40.116Z,4fqNB5X22yq9uMkWX42UuVJaNaN18YSV4aUySRCvpump,200,4000
graduation,2026-08-02T23:57:44.110Z,4fqNB5X22yq9uMkWX42UuVJaNaN18YSV4aUySRCvpump,200,4000
graduation,2026-08-02T23:57:48.116Z,4fqNB5X22yq9uMkWX42UuVJaNaN18YSV4aUySRCvpump,200,4000
graduation,2026-08-02T23:57:52.132Z,4fqNB5X22yq9uMkWX42UuVJaNaN18YSV4aUySRCvpump,200,4000
graduation,2026-08-02T23:57:56.122Z,4fqNB5X22yq9uMkWX42UuVJaNaN18YSV4aUySRCvpump,200,4000
graduation,2026-08-02T23:58:00.117Z,4fqNB5X22yq9uMkWX42UuVJaNaN18YSV4aUySRCvpump,200,4000
graduation,2026-08-02T23:58:04.223Z,6P33UYzYbjLYNMqn5EMUdi8v6QieQpz4pBr6pm7Vpump,200,4000
graduation,2026-08-02T23:58:08.173Z,6P33UYzYbjLYNMqn5EMUdi8v6QieQpz4pBr6pm7Vpump,200,4000
graduation,2026-08-02T23:58:12.135Z,6P33UYzYbjLYNMqn5EMUdi8v6QieQpz4pBr6pm7Vpump,200,4000
graduation,2026-08-02T23:58:16.154Z,6P33UYzYbjLYNMqn5EMUdi8v6QieQpz4pBr6pm7Vpump,200,4000
graduation,2026-08-02T23:58:20.202Z,6P33UYzYbjLYNMqn5EMUdi8v6QieQpz4pBr6pm7Vpump,200,4000
graduation,2026-08-02T23:58:24.131Z,6P33UYzYbjLYNMqn5EMUdi8v6QieQpz4pBr6pm7Vpump,200,4000
graduation,2026-08-02T23:58:28.133Z,6P33UYzYbjLYNMqn5EMUdi8v6QieQpz4pBr6pm7Vpump,200,4000
graduation,2026-08-02T23:58:32.222Z,9yMgJHG75fhHhEKAGeMSWAMrTWnCnfwTGzELZ34spump,200,4000
graduation,2026-08-02T23:58:36.172Z,9yMgJHG75fhHhEKAGeMSWAMrTWnCnfwTGzELZ34spump,200,4000
graduation,2026-08-02T23:58:40.178Z,9yMgJHG75fhHhEKAGeMSWAMrTWnCnfwTGzELZ34spump,200,4000
graduation,2026-08-02T23:58:44.149Z,9yMgJHG75fhHhEKAGeMSWAMrTWnCnfwTGzELZ34spump,200,4000
graduation,2026-08-02T23:58:48.230Z,9yMgJHG75fhHhEKAGeMSWAMrTWnCnfwTGzELZ34spump,200,4000
graduation,2026-08-02T23:58:52.153Z,9yMgJHG75fhHhEKAGeMSWAMrTWnCnfwTGzELZ34spump,200,4000
graduation,2026-08-02T23:58:56.394Z,9yMgJHG75fhHhEKAGeMSWAMrTWnCnfwTGzELZ34spump,200,4000
graduation,2026-08-02T23:59:00.172Z,9yMgJHG75fhHhEKAGeMSWAMrTWnCnfwTGzELZ34spump,200,4000
graduation,2026-08-02T23:59:04.159Z,9yMgJHG75fhHhEKAGeMSWAMrTWnCnfwTGzELZ34spump,200,4000
graduation,2026-08-02T23:59:08.154Z,9yMgJHG75fhHhEKAGeMSWAMrTWnCnfwTGzELZ34spump,200,4000
graduation,2026-08-02T23:59:12.287Z,9yMgJHG75fhHhEKAGeMSWAMrTWnCnfwTGzELZ34spump,200,4000
graduation,2026-08-02T23:59:16.231Z,FcmXm8f5sk31fuLeRNjaSudFakvak4yNScnkosWgpump,200,4000
graduation,2026-08-02T23:59:20.211Z,FcmXm8f5sk31fuLeRNjaSudFakvak4yNScnkosWgpump,200,4000
graduation,2026-08-02T23:59:24.206Z,FcmXm8f5sk31fuLeRNjaSudFakvak4yNScnkosWgpump,200,4000
graduation,2026-08-02T23:59:28.290Z,FcmXm8f5sk31fuLeRNjaSudFakvak4yNScnkosWgpump,200,4000
graduation,2026-08-02T23:59:32.446Z,FcmXm8f5sk31fuLeRNjaSudFakvak4yNScnkosWgpump,200,4000
graduation,2026-08-02T23:59:36.172Z,FcmXm8f5sk31fuLeRNjaSudFakvak4yNScnkosWgpump,200,4000
graduation,2026-08-02T23:59:40.172Z,FcmXm8f5sk31fuLeRNjaSudFakvak4yNScnkosWgpump,200,4000
graduation,2026-08-02T23:59:44.402Z,FcmXm8f5sk31fuLeRNjaSudFakvak4yNScnkosWgpump,200,4000
graduation,2026-08-02T23:59:48.230Z,FcmXm8f5sk31fuLeRNjaSudFakvak4yNScnkosWgpump,200,4000
graduation,2026-08-02T23:59:52.188Z,FcmXm8f5sk31fuLeRNjaSudFakvak4yNScnkosWgpump,200,4000
graduation,2026-08-02T23:59:56.204Z,FcmXm8f5sk31fuLeRNjaSudFakvak4yNScnkosWgpump,200,4000
graduation,2026-08-03T00:00:00.293Z,87ECoUcsioYVxcV71JAwWMhiAEof3gKBV6XLb4szpump,200,4000
graduation,2026-08-03T00:00:04.220Z,87ECoUcsioYVxcV71JAwWMhiAEof3gKBV6XLb4szpump,200,4000
graduation,2026-08-03T00:00:08.186Z,87ECoUcsioYVxcV71JAwWMhiAEof3gKBV6XLb4szpump,200,4000
graduation,2026-08-03T00:00:12.192Z,87ECoUcsioYVxcV71JAwWMhiAEof3gKBV6XLb4szpump,200,4000
graduation,2026-08-03T00:00:16.189Z,87ECoUcsioYVxcV71JAwWMhiAEof3gKBV6XLb4szpump,200,4000
graduation,2026-08-03T00:00:20.188Z,87ECoUcsioYVxcV71JAwWMhiAEof3gKBV6XLb4szpump,200,4000
graduation,2026-08-03T00:00:24.189Z,87ECoUcsioYVxcV71JAwWMhiAEof3gKBV6XLb4szpump,200,4000
graduation,2026-08-03T00:00:28.275Z,87ECoUcsioYVxcV71JAwWMhiAEof3gKBV6XLb4szpump,200,4000
graduation,2026-08-03T00:00:32.187Z,87ECoUcsioYVxcV71JAwWMhiAEof3gKBV6XLb4szpump,200,4000
graduation,2026-08-03T00:00:36.293Z,9n89XRJz2hFQWTYjHpkuCSUwDze75KHUDVf9JojZpump,200,4000
graduation,2026-08-03T00:00:40.226Z,9n89XRJz2hFQWTYjHpkuCSUwDze75KHUDVf9JojZpump,200,4000
graduation,2026-08-03T00:00:44.194Z,9n89XRJz2hFQWTYjHpkuCSUwDze75KHUDVf9JojZpump,200,4000
graduation,2026-08-03T00:00:48.200Z,9n89XRJz2hFQWTYjHpkuCSUwDze75KHUDVf9JojZpump,200,4000
graduation,2026-08-03T00:00:52.259Z,9n89XRJz2hFQWTYjHpkuCSUwDze75KHUDVf9JojZpump,200,4000
graduation,2026-08-03T00:00:56.212Z,9n89XRJz2hFQWTYjHpkuCSUwDze75KHUDVf9JojZpump,200,4000
graduation,2026-08-03T00:01:00.226Z,9n89XRJz2hFQWTYjHpkuCSUwDze75KHUDVf9JojZpump,200,4000
graduation,2026-08-03T00:01:04.249Z,9n89XRJz2hFQWTYjHpkuCSUwDze75KHUDVf9JojZpump,200,4000
graduation,2026-08-03T00:01:08.215Z,9n89XRJz2hFQWTYjHpkuCSUwDze75KHUDVf9JojZpump,200,4000
graduation,2026-08-03T00:01:12.219Z,9n89XRJz2hFQWTYjHpkuCSUwDze75KHUDVf9JojZpump,200,4000
graduation,2026-08-03T00:01:16.211Z,9n89XRJz2hFQWTYjHpkuCSUwDze75KHUDVf9JojZpump,200,4000
graduation,2026-08-03T00:01:20.320Z,FgJtjhHGSzRecAEErPzwmbq7SxieqDRzwrziUrtzpump,200,4000
graduation,2026-08-03T00:01:24.267Z,FgJtjhHGSzRecAEErPzwmbq7SxieqDRzwrziUrtzpump,200,4000
graduation,2026-08-03T00:01:28.469Z,FgJtjhHGSzRecAEErPzwmbq7SxieqDRzwrziUrtzpump,200,4000
graduation,2026-08-03T00:01:32.223Z,FgJtjhHGSzRecAEErPzwmbq7SxieqDRzwrziUrtzpump,200,4000
graduation,2026-08-03T00:01:36.218Z,FgJtjhHGSzRecAEErPzwmbq7SxieqDRzwrziUrtzpump,200,4000
graduation,2026-08-03T00:01:40.233Z,FgJtjhHGSzRecAEErPzwmbq7SxieqDRzwrziUrtzpump,200,4000
graduation,2026-08-03T00:01:44.220Z,FgJtjhHGSzRecAEErPzwmbq7SxieqDRzwrziUrtzpump,200,4000
graduation,2026-08-03T00:01:48.219Z,FgJtjhHGSzRecAEErPzwmbq7SxieqDRzwrziUrtzpump,200,4000
graduation,2026-08-03T00:01:52.219Z,FgJtjhHGSzRecAEErPzwmbq7SxieqDRzwrziUrtzpump,200,4000
graduation,2026-08-03T00:01:56.230Z,FgJtjhHGSzRecAEErPzwmbq7SxieqDRzwrziUrtzpump,200,4000
graduation,2026-08-03T00:02:00.297Z,CympZjkuNLSzXmTd9P375dH5rVnnja4rACvgNCsEpump,200,4000
graduation,2026-08-03T00:02:04.416Z,CympZjkuNLSzXmTd9P375dH5rVnnja4rACvgNCsEpump,200,4000
graduation,2026-08-03T00:02:08.225Z,CympZjkuNLSzXmTd9P375dH5rVnnja4rACvgNCsEpump,200,4000
graduation,2026-08-03T00:02:12.249Z,CympZjkuNLSzXmTd9P375dH5rVnnja4rACvgNCsEpump,200,4000
graduation,2026-08-03T00:02:16.233Z,CympZjkuNLSzXmTd9P375dH5rVnnja4rACvgNCsEpump,200,4000
graduation,2026-08-03T00:02:20.235Z,CympZjkuNLSzXmTd9P375dH5rVnnja4rACvgNCsEpump,200,4000
graduation,2026-08-03T00:02:24.223Z,CympZjkuNLSzXmTd9P375dH5rVnnja4rACvgNCsEpump,200,4000
graduation,2026-08-03T00:02:28.230Z,CympZjkuNLSzXmTd9P375dH5rVnnja4rACvgNCsEpump,200,4000
graduation,2026-08-03T00:02:32.232Z,CympZjkuNLSzXmTd9P375dH5rVnnja4rACvgNCsEpump,200,4000
graduation,2026-08-03T00:02:36.251Z,CympZjkuNLSzXmTd9P375dH5rVnnja4rACvgNCsEpump,200,4000
graduation,2026-08-03T00:02:40.319Z,6kNFL3SmeqBJpiFtfUUZXxTacm48gCPx3aaqPhskpump,200,4000
graduation,2026-08-03T00:02:44.325Z,6kNFL3SmeqBJpiFtfUUZXxTacm48gCPx3aaqPhskpump,200,4000
graduation,2026-08-03T00:02:48.236Z,6kNFL3SmeqBJpiFtfUUZXxTacm48gCPx3aaqPhskpump,200,4000
graduation,2026-08-03T00:02:52.255Z,6kNFL3SmeqBJpiFtfUUZXxTacm48gCPx3aaqPhskpump,200,4000
graduation,2026-08-03T00:02:56.254Z,6kNFL3SmeqBJpiFtfUUZXxTacm48gCPx3aaqPhskpump,200,4000
graduation,2026-08-03T00:03:00.264Z,6kNFL3SmeqBJpiFtfUUZXxTacm48gCPx3aaqPhskpump,200,4000
graduation,2026-08-03T00:03:04.247Z,6kNFL3SmeqBJpiFtfUUZXxTacm48gCPx3aaqPhskpump,200,4000
graduation,2026-08-03T00:03:09.312Z,6kNFL3SmeqBJpiFtfUUZXxTacm48gCPx3aaqPhskpump,200,4000
graduation,2026-08-03T00:03:17.991Z,6kNFL3SmeqBJpiFtfUUZXxTacm48gCPx3aaqPhskpump,200,4000
graduation,2026-08-03T00:03:19.520Z,6kNFL3SmeqBJpiFtfUUZXxTacm48gCPx3aaqPhskpump,200,4000
graduation,2026-08-03T00:03:22.161Z,A9YTBnsbweCwcAg6s4exHDa6PK1eHePRahGF9giNpump,200,4000
graduation,2026-08-03T00:03:26.268Z,A9YTBnsbweCwcAg6s4exHDa6PK1eHePRahGF9giNpump,200,4000
graduation,2026-08-03T00:03:30.340Z,A9YTBnsbweCwcAg6s4exHDa6PK1eHePRahGF9giNpump,200,4000
graduation,2026-08-03T00:03:34.093Z,A9YTBnsbweCwcAg6s4exHDa6PK1eHePRahGF9giNpump,200,4000
graduation,2026-08-03T00:03:38.099Z,A9YTBnsbweCwcAg6s4exHDa6PK1eHePRahGF9giNpump,200,4000
graduation,2026-08-03T00:03:42.166Z,A9YTBnsbweCwcAg6s4exHDa6PK1eHePRahGF9giNpump,200,4000
graduation,2026-08-03T00:03:46.127Z,A9YTBnsbweCwcAg6s4exHDa6PK1eHePRahGF9giNpump,200,4000
graduation,2026-08-03T00:03:50.105Z,A9YTBnsbweCwcAg6s4exHDa6PK1eHePRahGF9giNpump,200,4000
graduation,2026-08-03T00:03:54.122Z,A9YTBnsbweCwcAg6s4exHDa6PK1eHePRahGF9giNpump,200,4000
graduation,2026-08-03T00:03:58.105Z,A9YTBnsbweCwcAg6s4exHDa6PK1eHePRahGF9giNpump,200,4000
graduation,2026-08-03T00:04:02.235Z,BweRjKus784r75xj8YrUHBKc8vtgfifxhUrtsu6Epump,200,4000
graduation,2026-08-03T00:04:06.145Z,BweRjKus784r75xj8YrUHBKc8vtgfifxhUrtsu6Epump,200,4000
graduation,2026-08-03T00:04:10.160Z,BweRjKus784r75xj8YrUHBKc8vtgfifxhUrtsu6Epump,200,4000
graduation,2026-08-03T00:04:14.127Z,BweRjKus784r75xj8YrUHBKc8vtgfifxhUrtsu6Epump,200,4000
graduation,2026-08-03T00:04:18.182Z,BweRjKus784r75xj8YrUHBKc8vtgfifxhUrtsu6Epump,200,4000
graduation,2026-08-03T00:04:22.108Z,BweRjKus784r75xj8YrUHBKc8vtgfifxhUrtsu6Epump,200,4000
graduation,2026-08-03T00:04:26.139Z,BweRjKus784r75xj8YrUHBKc8vtgfifxhUrtsu6Epump,200,4000
graduation,2026-08-03T00:04:30.107Z,BweRjKus784r75xj8YrUHBKc8vtgfifxhUrtsu6Epump,200,4000
graduation,2026-08-03T00:04:34.115Z,BweRjKus784r75xj8YrUHBKc8vtgfifxhUrtsu6Epump,200,4000
graduation,2026-08-03T00:04:38.256Z,AR9QXRPfM8KJyUV6EUVqxTn1j9hqcLjuqaQjBBkzpump,200,4000
graduation,2026-08-03T00:04:42.159Z,AR9QXRPfM8KJyUV6EUVqxTn1j9hqcLjuqaQjBBkzpump,200,4000
graduation,2026-08-03T00:04:46.155Z,AR9QXRPfM8KJyUV6EUVqxTn1j9hqcLjuqaQjBBkzpump,200,4000
graduation,2026-08-03T00:04:50.150Z,AR9QXRPfM8KJyUV6EUVqxTn1j9hqcLjuqaQjBBkzpump,200,4000
graduation,2026-08-03T00:04:54.268Z,AR9QXRPfM8KJyUV6EUVqxTn1j9hqcLjuqaQjBBkzpump,200,4000
graduation,2026-08-03T00:04:58.118Z,AR9QXRPfM8KJyUV6EUVqxTn1j9hqcLjuqaQjBBkzpump,200,4000
graduation,2026-08-03T00:05:02.238Z,AR9QXRPfM8KJyUV6EUVqxTn1j9hqcLjuqaQjBBkzpump,200,4000
graduation,2026-08-03T00:05:06.125Z,AR9QXRPfM8KJyUV6EUVqxTn1j9hqcLjuqaQjBBkzpump,200,4000
graduation,2026-08-03T00:05:10.129Z,AR9QXRPfM8KJyUV6EUVqxTn1j9hqcLjuqaQjBBkzpump,200,4000
graduation,2026-08-03T00:05:14.254Z,AR9QXRPfM8KJyUV6EUVqxTn1j9hqcLjuqaQjBBkzpump,200,4000
graduation,2026-08-03T00:05:18.332Z,AR9QXRPfM8KJyUV6EUVqxTn1j9hqcLjuqaQjBBkzpump,200,4000
graduation,2026-08-03T00:05:22.232Z,Cz2M3oyo28kZiKn3MRq75hRmsygErdg6C5i9Hhwkpump,200,4000
graduation,2026-08-03T00:05:26.221Z,Cz2M3oyo28kZiKn3MRq75hRmsygErdg6C5i9Hhwkpump,200,4000
graduation,2026-08-03T00:05:30.152Z,Cz2M3oyo28kZiKn3MRq75hRmsygErdg6C5i9Hhwkpump,200,4000
graduation,2026-08-03T00:05:34.164Z,Cz2M3oyo28kZiKn3MRq75hRmsygErdg6C5i9Hhwkpump,200,4000
graduation,2026-08-03T00:05:38.143Z,Cz2M3oyo28kZiKn3MRq75hRmsygErdg6C5i9Hhwkpump,200,4000
graduation,2026-08-03T00:05:42.178Z,Cz2M3oyo28kZiKn3MRq75hRmsygErdg6C5i9Hhwkpump,200,4000
graduation,2026-08-03T00:05:46.156Z,Cz2M3oyo28kZiKn3MRq75hRmsygErdg6C5i9Hhwkpump,200,4000
graduation,2026-08-03T00:05:50.153Z,Cz2M3oyo28kZiKn3MRq75hRmsygErdg6C5i9Hhwkpump,200,4000
graduation,2026-08-03T00:05:54.155Z,Cz2M3oyo28kZiKn3MRq75hRmsygErdg6C5i9Hhwkpump,200,4000
graduation,2026-08-03T00:05:58.156Z,Cz2M3oyo28kZiKn3MRq75hRmsygErdg6C5i9Hhwkpump,200,4000
graduation,2026-08-03T00:06:02.281Z,9y2VWxWB8JPYbQoPRt7DXpEeqiDubeVZD25adVHBpump,200,4000
graduation,2026-08-03T00:06:06.203Z,9y2VWxWB8JPYbQoPRt7DXpEeqiDubeVZD25adVHBpump,200,4000
graduation,2026-08-03T00:06:12.361Z,9y2VWxWB8JPYbQoPRt7DXpEeqiDubeVZD25adVHBpump,200,4000
graduation,2026-08-03T00:06:16.886Z,9y2VWxWB8JPYbQoPRt7DXpEeqiDubeVZD25adVHBpump,200,4000
graduation,2026-08-03T00:06:20.305Z,9y2VWxWB8JPYbQoPRt7DXpEeqiDubeVZD25adVHBpump,200,4000
graduation,2026-08-03T00:06:22.209Z,9y2VWxWB8JPYbQoPRt7DXpEeqiDubeVZD25adVHBpump,200,4000
graduation,2026-08-03T00:06:26.175Z,9y2VWxWB8JPYbQoPRt7DXpEeqiDubeVZD25adVHBpump,200,4000
graduation,2026-08-03T00:06:30.175Z,9y2VWxWB8JPYbQoPRt7DXpEeqiDubeVZD25adVHBpump,200,4000
graduation,2026-08-03T00:06:34.378Z,9y2VWxWB8JPYbQoPRt7DXpEeqiDubeVZD25adVHBpump,200,4000
graduation,2026-08-03T00:06:38.188Z,9y2VWxWB8JPYbQoPRt7DXpEeqiDubeVZD25adVHBpump,200,4000
graduation,2026-08-03T00:06:42.348Z,9y2VWxWB8JPYbQoPRt7DXpEeqiDubeVZD25adVHBpump,200,4000
graduation,2026-08-03T00:06:46.273Z,Br89EN3uVz9Zwv4jyMMKHzkXaXRo1fAadctYQNVUpump,200,4000
graduation,2026-08-03T00:06:50.209Z,Br89EN3uVz9Zwv4jyMMKHzkXaXRo1fAadctYQNVUpump,200,4000
graduation,2026-08-03T00:06:54.180Z,Br89EN3uVz9Zwv4jyMMKHzkXaXRo1fAadctYQNVUpump,200,4000
graduation,2026-08-03T00:06:58.194Z,Br89EN3uVz9Zwv4jyMMKHzkXaXRo1fAadctYQNVUpump,200,4000
graduation,2026-08-03T00:07:02.190Z,Br89EN3uVz9Zwv4jyMMKHzkXaXRo1fAadctYQNVUpump,200,4000
graduation,2026-08-03T00:07:06.193Z,Br89EN3uVz9Zwv4jyMMKHzkXaXRo1fAadctYQNVUpump,200,4000
graduation,2026-08-03T00:07:10.209Z,Br89EN3uVz9Zwv4jyMMKHzkXaXRo1fAadctYQNVUpump,200,4000
graduation,2026-08-03T00:07:14.206Z,Br89EN3uVz9Zwv4jyMMKHzkXaXRo1fAadctYQNVUpump,200,4000
graduation,2026-08-03T00:07:18.213Z,Br89EN3uVz9Zwv4jyMMKHzkXaXRo1fAadctYQNVUpump,200,4000
graduation,2026-08-03T00:07:22.241Z,Br89EN3uVz9Zwv4jyMMKHzkXaXRo1fAadctYQNVUpump,200,4000
graduation,2026-08-03T00:07:26.198Z,Br89EN3uVz9Zwv4jyMMKHzkXaXRo1fAadctYQNVUpump,200,4000
graduation,2026-08-03T00:07:30.278Z,zes5tE3CShN8srHEuyxVcZ1reMKrXFW5gbRNaLypump,200,4000
graduation,2026-08-03T00:07:34.417Z,zes5tE3CShN8srHEuyxVcZ1reMKrXFW5gbRNaLypump,200,4000
graduation,2026-08-03T00:07:38.225Z,zes5tE3CShN8srHEuyxVcZ1reMKrXFW5gbRNaLypump,200,4000
graduation,2026-08-03T00:07:42.219Z,zes5tE3CShN8srHEuyxVcZ1reMKrXFW5gbRNaLypump,200,4000
graduation,2026-08-03T00:07:46.298Z,zes5tE3CShN8srHEuyxVcZ1reMKrXFW5gbRNaLypump,200,4000
graduation,2026-08-03T00:07:50.204Z,zes5tE3CShN8srHEuyxVcZ1reMKrXFW5gbRNaLypump,200,4000
graduation,2026-08-03T00:07:54.212Z,zes5tE3CShN8srHEuyxVcZ1reMKrXFW5gbRNaLypump,200,4000
graduation,2026-08-03T00:07:58.208Z,zes5tE3CShN8srHEuyxVcZ1reMKrXFW5gbRNaLypump,200,4000
graduation,2026-08-03T00:08:02.207Z,zes5tE3CShN8srHEuyxVcZ1reMKrXFW5gbRNaLypump,200,4000
graduation,2026-08-03T00:08:06.211Z,zes5tE3CShN8srHEuyxVcZ1reMKrXFW5gbRNaLypump,200,4000
graduation,2026-08-03T00:08:10.265Z,zes5tE3CShN8srHEuyxVcZ1reMKrXFW5gbRNaLypump,200,4000
graduation,2026-08-03T00:08:14.341Z,7PfBNTnLC7tmCSW4cvibSsDbDzrx3mcRfFrRmuExpump,200,4000
graduation,2026-08-03T00:08:18.541Z,7PfBNTnLC7tmCSW4cvibSsDbDzrx3mcRfFrRmuExpump,200,4000
graduation,2026-08-03T00:08:22.347Z,7PfBNTnLC7tmCSW4cvibSsDbDzrx3mcRfFrRmuExpump,200,4000
graduation,2026-08-03T00:08:26.524Z,7PfBNTnLC7tmCSW4cvibSsDbDzrx3mcRfFrRmuExpump,200,4000
graduation,2026-08-03T00:08:30.214Z,7PfBNTnLC7tmCSW4cvibSsDbDzrx3mcRfFrRmuExpump,200,4000
graduation,2026-08-03T00:08:34.286Z,7PfBNTnLC7tmCSW4cvibSsDbDzrx3mcRfFrRmuExpump,200,4000
graduation,2026-08-03T00:08:38.225Z,7PfBNTnLC7tmCSW4cvibSsDbDzrx3mcRfFrRmuExpump,200,4000
graduation,2026-08-03T00:08:42.227Z,7PfBNTnLC7tmCSW4cvibSsDbDzrx3mcRfFrRmuExpump,200,4000
graduation,2026-08-03T00:08:46.233Z,7PfBNTnLC7tmCSW4cvibSsDbDzrx3mcRfFrRmuExpump,200,4000
graduation,2026-08-03T00:08:50.229Z,7PfBNTnLC7tmCSW4cvibSsDbDzrx3mcRfFrRmuExpump,200,4000
graduation,2026-08-03T00:08:54.241Z,7PfBNTnLC7tmCSW4cvibSsDbDzrx3mcRfFrRmuExpump,200,4000
graduation,2026-08-03T00:08:58.285Z,2rXsK5JneEyCX8BGuYa3GvjncvNVroqoVtgP8pmnpump,200,4000
graduation,2026-08-03T00:09:02.273Z,2rXsK5JneEyCX8BGuYa3GvjncvNVroqoVtgP8pmnpump,200,4000
graduation,2026-08-03T00:09:06.227Z,2rXsK5JneEyCX8BGuYa3GvjncvNVroqoVtgP8pmnpump,200,4000
graduation,2026-08-03T00:09:10.232Z,2rXsK5JneEyCX8BGuYa3GvjncvNVroqoVtgP8pmnpump,200,4000
graduation,2026-08-03T00:09:14.259Z,2rXsK5JneEyCX8BGuYa3GvjncvNVroqoVtgP8pmnpump,200,4000
graduation,2026-08-03T00:09:18.236Z,2rXsK5JneEyCX8BGuYa3GvjncvNVroqoVtgP8pmnpump,200,4000
graduation,2026-08-03T00:09:22.235Z,2rXsK5JneEyCX8BGuYa3GvjncvNVroqoVtgP8pmnpump,200,4000
graduation,2026-08-03T00:09:26.295Z,4sVahM4U8js62mQV58ABSkNRhf6Ztc7Xs2LXUznNpump,200,4000
graduation,2026-08-03T00:09:30.261Z,4sVahM4U8js62mQV58ABSkNRhf6Ztc7Xs2LXUznNpump,200,4000
graduation,2026-08-03T00:09:34.268Z,4sVahM4U8js62mQV58ABSkNRhf6Ztc7Xs2LXUznNpump,200,4000
graduation,2026-08-03T00:09:38.260Z,4sVahM4U8js62mQV58ABSkNRhf6Ztc7Xs2LXUznNpump,200,4000
graduation,2026-08-03T00:09:43.308Z,4sVahM4U8js62mQV58ABSkNRhf6Ztc7Xs2LXUznNpump,200,4000
graduation,2026-08-03T00:09:46.269Z,4sVahM4U8js62mQV58ABSkNRhf6Ztc7Xs2LXUznNpump,200,4000
graduation,2026-08-03T00:09:50.432Z,4sVahM4U8js62mQV58ABSkNRhf6Ztc7Xs2LXUznNpump,200,4000
graduation,2026-08-03T00:09:54.253Z,4sVahM4U8js62mQV58ABSkNRhf6Ztc7Xs2LXUznNpump,200,4000
graduation,2026-08-03T00:09:58.259Z,4sVahM4U8js62mQV58ABSkNRhf6Ztc7Xs2LXUznNpump,200,4000
graduation,2026-08-03T00:10:02.455Z,4sVahM4U8js62mQV58ABSkNRhf6Ztc7Xs2LXUznNpump,200,4000
graduation,2026-08-03T00:10:06.254Z,4sVahM4U8js62mQV58ABSkNRhf6Ztc7Xs2LXUznNpump,200,4000
graduation,2026-08-03T00:10:10.335Z,FjTjSzPtikyr7woRmtinZjejJhBKsdoJZhQZdeFRpump,200,4000
graduation,2026-08-03T00:10:14.323Z,FjTjSzPtikyr7woRmtinZjejJhBKsdoJZhQZdeFRpump,200,4000
graduation,2026-08-03T00:10:18.267Z,FjTjSzPtikyr7woRmtinZjejJhBKsdoJZhQZdeFRpump,200,4000
graduation,2026-08-03T00:10:22.273Z,FjTjSzPtikyr7woRmtinZjejJhBKsdoJZhQZdeFRpump,200,4000
graduation,2026-08-03T00:10:26.266Z,FjTjSzPtikyr7woRmtinZjejJhBKsdoJZhQZdeFRpump,200,4000
graduation,2026-08-03T00:10:30.287Z,FjTjSzPtikyr7woRmtinZjejJhBKsdoJZhQZdeFRpump,200,4000
graduation,2026-08-03T00:10:34.265Z,FjTjSzPtikyr7woRmtinZjejJhBKsdoJZhQZdeFRpump,200,4000
graduation,2026-08-03T00:10:38.274Z,FjTjSzPtikyr7woRmtinZjejJhBKsdoJZhQZdeFRpump,200,4000
graduation,2026-08-03T00:10:42.272Z,FjTjSzPtikyr7woRmtinZjejJhBKsdoJZhQZdeFRpump,200,4000
graduation,2026-08-03T00:10:46.273Z,FjTjSzPtikyr7woRmtinZjejJhBKsdoJZhQZdeFRpump,200,4000
graduation,2026-08-03T00:10:50.374Z,CCdYjtrXzLStqTNeBgBSkDuZ5iVjqPtsq7n2buLKpump,200,4000
graduation,2026-08-03T00:10:54.338Z,CCdYjtrXzLStqTNeBgBSkDuZ5iVjqPtsq7n2buLKpump,200,4000
graduation,2026-08-03T00:10:58.323Z,CCdYjtrXzLStqTNeBgBSkDuZ5iVjqPtsq7n2buLKpump,200,4000
graduation,2026-08-03T00:11:02.312Z,CCdYjtrXzLStqTNeBgBSkDuZ5iVjqPtsq7n2buLKpump,200,4000
graduation,2026-08-03T00:11:06.286Z,CCdYjtrXzLStqTNeBgBSkDuZ5iVjqPtsq7n2buLKpump,200,4000
graduation,2026-08-03T00:11:10.312Z,CCdYjtrXzLStqTNeBgBSkDuZ5iVjqPtsq7n2buLKpump,200,4000
graduation,2026-08-03T00:11:14.287Z,CCdYjtrXzLStqTNeBgBSkDuZ5iVjqPtsq7n2buLKpump,200,4000
graduation,2026-08-03T00:11:18.287Z,CCdYjtrXzLStqTNeBgBSkDuZ5iVjqPtsq7n2buLKpump,200,4000
graduation,2026-08-03T00:11:22.292Z,CCdYjtrXzLStqTNeBgBSkDuZ5iVjqPtsq7n2buLKpump,200,4000
graduation,2026-08-03T00:11:26.703Z,J42xMh4sAHLdrBjNTDgKNcPym5A83Ut3twc7L5rQpump,200,4000
graduation,2026-08-03T00:11:30.323Z,J42xMh4sAHLdrBjNTDgKNcPym5A83Ut3twc7L5rQpump,200,4000
graduation,2026-08-03T00:11:34.293Z,J42xMh4sAHLdrBjNTDgKNcPym5A83Ut3twc7L5rQpump,200,4000
graduation,2026-08-03T00:11:38.315Z,J42xMh4sAHLdrBjNTDgKNcPym5A83Ut3twc7L5rQpump,200,4000
graduation,2026-08-03T00:11:42.297Z,J42xMh4sAHLdrBjNTDgKNcPym5A83Ut3twc7L5rQpump,200,4000
graduation,2026-08-03T00:11:46.312Z,J42xMh4sAHLdrBjNTDgKNcPym5A83Ut3twc7L5rQpump,200,4000
graduation,2026-08-03T00:11:50.308Z,J42xMh4sAHLdrBjNTDgKNcPym5A83Ut3twc7L5rQpump,200,4000
graduation,2026-08-03T00:11:54.309Z,J42xMh4sAHLdrBjNTDgKNcPym5A83Ut3twc7L5rQpump,200,4000
graduation,2026-08-03T00:11:58.324Z,J42xMh4sAHLdrBjNTDgKNcPym5A83Ut3twc7L5rQpump,200,4000
graduation,2026-08-03T00:12:02.310Z,J42xMh4sAHLdrBjNTDgKNcPym5A83Ut3twc7L5rQpump,200,4000
graduation,2026-08-03T00:12:06.314Z,J42xMh4sAHLdrBjNTDgKNcPym5A83Ut3twc7L5rQpump,200,4000
graduation,2026-08-03T00:12:10.446Z,89tHpU6nSR1BawzwhfxYLNwQKkZ6M7sidhpQDBRFpump,200,4000
graduation,2026-08-03T00:12:14.358Z,89tHpU6nSR1BawzwhfxYLNwQKkZ6M7sidhpQDBRFpump,200,4000
graduation,2026-08-03T00:12:18.324Z,89tHpU6nSR1BawzwhfxYLNwQKkZ6M7sidhpQDBRFpump,200,4000
graduation,2026-08-03T00:12:22.337Z,89tHpU6nSR1BawzwhfxYLNwQKkZ6M7sidhpQDBRFpump,200,4000
graduation,2026-08-03T00:12:26.331Z,89tHpU6nSR1BawzwhfxYLNwQKkZ6M7sidhpQDBRFpump,200,4000
graduation,2026-08-03T00:12:30.342Z,89tHpU6nSR1BawzwhfxYLNwQKkZ6M7sidhpQDBRFpump,200,4000
graduation,2026-08-03T00:12:34.327Z,89tHpU6nSR1BawzwhfxYLNwQKkZ6M7sidhpQDBRFpump,200,4000
graduation,2026-08-03T00:12:38.328Z,89tHpU6nSR1BawzwhfxYLNwQKkZ6M7sidhpQDBRFpump,200,4000
graduation,2026-08-03T00:12:42.333Z,89tHpU6nSR1BawzwhfxYLNwQKkZ6M7sidhpQDBRFpump,200,4000
graduation,2026-08-03T00:12:46.448Z,9XzzR443dGXL1vCcsnPpJLYUfrd8upxExqtc4MxNpump,200,4000
graduation,2026-08-03T00:12:50.370Z,9XzzR443dGXL1vCcsnPpJLYUfrd8upxExqtc4MxNpump,200,4000
graduation,2026-08-03T00:12:54.335Z,9XzzR443dGXL1vCcsnPpJLYUfrd8upxExqtc4MxNpump,200,4000
graduation,2026-08-03T00:12:58.352Z,9XzzR443dGXL1vCcsnPpJLYUfrd8upxExqtc4MxNpump,200,4000
graduation,2026-08-03T00:13:02.358Z,9XzzR443dGXL1vCcsnPpJLYUfrd8upxExqtc4MxNpump,200,4000
graduation,2026-08-03T00:13:06.340Z,9XzzR443dGXL1vCcsnPpJLYUfrd8upxExqtc4MxNpump,200,4000
graduation,2026-08-03T00:13:10.344Z,9XzzR443dGXL1vCcsnPpJLYUfrd8upxExqtc4MxNpump,200,4000
graduation,2026-08-03T00:13:14.343Z,9XzzR443dGXL1vCcsnPpJLYUfrd8upxExqtc4MxNpump,200,4000
graduation,2026-08-03T00:13:18.342Z,9XzzR443dGXL1vCcsnPpJLYUfrd8upxExqtc4MxNpump,200,4000
graduation,2026-08-03T00:13:22.364Z,9XzzR443dGXL1vCcsnPpJLYUfrd8upxExqtc4MxNpump,200,4000
graduation,2026-08-03T00:13:26.465Z,DhKve396PYPUZTsLAuy8yKuupWRuh7aLpZ87CRypump,200,4000
graduation,2026-08-03T00:13:30.377Z,DhKve396PYPUZTsLAuy8yKuupWRuh7aLpZ87CRypump,200,4000
graduation,2026-08-03T00:13:34.353Z,DhKve396PYPUZTsLAuy8yKuupWRuh7aLpZ87CRypump,200,4000
graduation,2026-08-03T00:13:38.352Z,DhKve396PYPUZTsLAuy8yKuupWRuh7aLpZ87CRypump,200,4000
graduation,2026-08-03T00:13:42.358Z,DhKve396PYPUZTsLAuy8yKuupWRuh7aLpZ87CRypump,200,4000
graduation,2026-08-03T00:13:46.774Z,DhKve396PYPUZTsLAuy8yKuupWRuh7aLpZ87CRypump,200,4000
graduation,2026-08-03T00:13:50.360Z,DhKve396PYPUZTsLAuy8yKuupWRuh7aLpZ87CRypump,200,4000
graduation,2026-08-03T00:13:54.354Z,DhKve396PYPUZTsLAuy8yKuupWRuh7aLpZ87CRypump,200,4000
graduation,2026-08-03T00:13:58.492Z,5wqbNRtu5eEuGLP1houqRMZdMqq2bvHZuVtY1yLcpump,200,4000
graduation,2026-08-03T00:14:02.421Z,5wqbNRtu5eEuGLP1houqRMZdMqq2bvHZuVtY1yLcpump,200,4000
graduation,2026-08-03T00:14:06.358Z,5wqbNRtu5eEuGLP1houqRMZdMqq2bvHZuVtY1yLcpump,200,4000
graduation,2026-08-03T00:14:10.382Z,5wqbNRtu5eEuGLP1houqRMZdMqq2bvHZuVtY1yLcpump,200,4000
graduation,2026-08-03T00:14:14.404Z,5wqbNRtu5eEuGLP1houqRMZdMqq2bvHZuVtY1yLcpump,200,4000
graduation,2026-08-03T00:14:18.383Z,5wqbNRtu5eEuGLP1houqRMZdMqq2bvHZuVtY1yLcpump,200,4000
graduation,2026-08-03T00:14:22.381Z,5wqbNRtu5eEuGLP1houqRMZdMqq2bvHZuVtY1yLcpump,200,4000
graduation,2026-08-03T00:14:26.387Z,5wqbNRtu5eEuGLP1houqRMZdMqq2bvHZuVtY1yLcpump,200,4000
graduation,2026-08-03T00:14:30.375Z,5wqbNRtu5eEuGLP1houqRMZdMqq2bvHZuVtY1yLcpump,200,4000
graduation,2026-08-03T00:14:34.373Z,5wqbNRtu5eEuGLP1houqRMZdMqq2bvHZuVtY1yLcpump,200,4000
graduation,2026-08-03T00:14:38.380Z,5wqbNRtu5eEuGLP1houqRMZdMqq2bvHZuVtY1yLcpump,200,4000
graduation,2026-08-03T00:14:42.462Z,HrYUhPVYPUD6JQTeVgTF9iHmyUx3Jajg7mjvEm7cpump,200,4000
graduation,2026-08-03T00:14:46.425Z,HrYUhPVYPUD6JQTeVgTF9iHmyUx3Jajg7mjvEm7cpump,200,4000
graduation,2026-08-03T00:14:50.400Z,HrYUhPVYPUD6JQTeVgTF9iHmyUx3Jajg7mjvEm7cpump,200,4000
graduation,2026-08-03T00:14:54.396Z,HrYUhPVYPUD6JQTeVgTF9iHmyUx3Jajg7mjvEm7cpump,200,4000
graduation,2026-08-03T00:14:58.655Z,HrYUhPVYPUD6JQTeVgTF9iHmyUx3Jajg7mjvEm7cpump,200,4000
graduation,2026-08-03T00:15:02.390Z,HrYUhPVYPUD6JQTeVgTF9iHmyUx3Jajg7mjvEm7cpump,200,4000
graduation,2026-08-03T00:15:06.405Z,HrYUhPVYPUD6JQTeVgTF9iHmyUx3Jajg7mjvEm7cpump,200,4000
graduation,2026-08-03T00:15:10.398Z,HrYUhPVYPUD6JQTeVgTF9iHmyUx3Jajg7mjvEm7cpump,200,4000
graduation,2026-08-03T00:15:14.392Z,HrYUhPVYPUD6JQTeVgTF9iHmyUx3Jajg7mjvEm7cpump,200,4000
graduation,2026-08-03T00:15:18.401Z,HrYUhPVYPUD6JQTeVgTF9iHmyUx3Jajg7mjvEm7cpump,200,4000
graduation,2026-08-03T00:15:22.392Z,HrYUhPVYPUD6JQTeVgTF9iHmyUx3Jajg7mjvEm7cpump,200,4000
graduation,2026-08-03T00:15:26.481Z,EYCLUmraT2HU6h3YgEQins1CZ6BEQx4CyZA3v6azpump,200,4000
graduation,2026-08-03T00:15:30.444Z,EYCLUmraT2HU6h3YgEQins1CZ6BEQx4CyZA3v6azpump,200,4000
graduation,2026-08-03T00:15:34.394Z,EYCLUmraT2HU6h3YgEQins1CZ6BEQx4CyZA3v6azpump,200,4000
graduation,2026-08-03T00:15:38.418Z,EYCLUmraT2HU6h3YgEQins1CZ6BEQx4CyZA3v6azpump,200,4000
graduation,2026-08-03T00:15:42.424Z,EYCLUmraT2HU6h3YgEQins1CZ6BEQx4CyZA3v6azpump,200,4000
graduation,2026-08-03T00:15:46.402Z,EYCLUmraT2HU6h3YgEQins1CZ6BEQx4CyZA3v6azpump,200,4000
graduation,2026-08-03T00:15:50.405Z,EYCLUmraT2HU6h3YgEQins1CZ6BEQx4CyZA3v6azpump,200,4000
graduation,2026-08-03T00:15:54.408Z,EYCLUmraT2HU6h3YgEQins1CZ6BEQx4CyZA3v6azpump,200,4000
graduation,2026-08-03T00:15:58.406Z,EYCLUmraT2HU6h3YgEQins1CZ6BEQx4CyZA3v6azpump,200,4000
graduation,2026-08-03T00:16:02.407Z,EYCLUmraT2HU6h3YgEQins1CZ6BEQx4CyZA3v6azpump,200,4000
graduation,2026-08-03T00:16:06.469Z,EYCLUmraT2HU6h3YgEQins1CZ6BEQx4CyZA3v6azpump,200,4000
graduation,2026-08-03T00:16:10.514Z,53RUohPnCrbRcVGjvfHHHUL4cmQX68yP8Ei6poepump,200,4000
graduation,2026-08-03T00:16:14.483Z,53RUohPnCrbRcVGjvfHHHUL4cmQX68yP8Ei6poepump,200,4000
graduation,2026-08-03T00:16:18.432Z,53RUohPnCrbRcVGjvfHHHUL4cmQX68yP8Ei6poepump,200,4000
graduation,2026-08-03T00:16:22.421Z,53RUohPnCrbRcVGjvfHHHUL4cmQX68yP8Ei6poepump,200,4000
graduation,2026-08-03T00:16:26.417Z,53RUohPnCrbRcVGjvfHHHUL4cmQX68yP8Ei6poepump,200,4000
graduation,2026-08-03T00:16:30.447Z,53RUohPnCrbRcVGjvfHHHUL4cmQX68yP8Ei6poepump,200,4000
graduation,2026-08-03T00:16:34.420Z,53RUohPnCrbRcVGjvfHHHUL4cmQX68yP8Ei6poepump,200,4000
graduation,2026-08-03T00:16:38.423Z,53RUohPnCrbRcVGjvfHHHUL4cmQX68yP8Ei6poepump,200,4000
graduation,2026-08-03T00:16:42.438Z,53RUohPnCrbRcVGjvfHHHUL4cmQX68yP8Ei6poepump,200,4000
graduation,2026-08-03T00:16:46.423Z,53RUohPnCrbRcVGjvfHHHUL4cmQX68yP8Ei6poepump,200,4000
graduation,2026-08-03T00:16:50.509Z,GBmrxrKcEhiSm5z8tnueycaCcqdPDrQzX8tXBhRApump,200,4000
graduation,2026-08-03T00:16:54.460Z,GBmrxrKcEhiSm5z8tnueycaCcqdPDrQzX8tXBhRApump,200,4000
graduation,2026-08-03T00:16:58.441Z,GBmrxrKcEhiSm5z8tnueycaCcqdPDrQzX8tXBhRApump,200,4000
graduation,2026-08-03T00:17:02.470Z,GBmrxrKcEhiSm5z8tnueycaCcqdPDrQzX8tXBhRApump,200,4000
graduation,2026-08-03T00:17:06.442Z,GBmrxrKcEhiSm5z8tnueycaCcqdPDrQzX8tXBhRApump,200,4000
graduation,2026-08-03T00:17:10.443Z,GBmrxrKcEhiSm5z8tnueycaCcqdPDrQzX8tXBhRApump,200,4000
graduation,2026-08-03T00:17:14.445Z,GBmrxrKcEhiSm5z8tnueycaCcqdPDrQzX8tXBhRApump,200,4000
graduation,2026-08-03T00:17:18.442Z,GBmrxrKcEhiSm5z8tnueycaCcqdPDrQzX8tXBhRApump,200,4000
graduation,2026-08-03T00:17:22.615Z,HtoNB93hCvc3HEmYb55XnEJhhF9PuhDKcb92L73Qpump,200,4000
graduation,2026-08-03T00:17:26.491Z,HtoNB93hCvc3HEmYb55XnEJhhF9PuhDKcb92L73Qpump,200,4000
graduation,2026-08-03T00:17:30.496Z,HtoNB93hCvc3HEmYb55XnEJhhF9PuhDKcb92L73Qpump,200,4000
graduation,2026-08-03T00:17:34.797Z,HtoNB93hCvc3HEmYb55XnEJhhF9PuhDKcb92L73Qpump,200,4000
graduation,2026-08-03T00:17:38.541Z,HtoNB93hCvc3HEmYb55XnEJhhF9PuhDKcb92L73Qpump,200,4000
graduation,2026-08-03T00:17:42.479Z,HtoNB93hCvc3HEmYb55XnEJhhF9PuhDKcb92L73Qpump,200,4000
graduation,2026-08-03T00:17:46.486Z,HtoNB93hCvc3HEmYb55XnEJhhF9PuhDKcb92L73Qpump,200,4000
graduation,2026-08-03T00:17:51.787Z,HtoNB93hCvc3HEmYb55XnEJhhF9PuhDKcb92L73Qpump,200,4000
graduation,2026-08-03T00:17:55.391Z,HtoNB93hCvc3HEmYb55XnEJhhF9PuhDKcb92L73Qpump,200,4000
graduation,2026-08-03T00:17:58.488Z,HtoNB93hCvc3HEmYb55XnEJhhF9PuhDKcb92L73Qpump,200,4000
graduation,2026-08-03T00:18:02.989Z,HtoNB93hCvc3HEmYb55XnEJhhF9PuhDKcb92L73Qpump,200,4000
graduation,2026-08-03T00:18:06.660Z,CP1Y8TMA1FL4TWfFFuDsi3ncw1VkTYi2gGzuEXoCpump,200,4000
graduation,2026-08-03T00:18:10.516Z,CP1Y8TMA1FL4TWfFFuDsi3ncw1VkTYi2gGzuEXoCpump,200,4000
graduation,2026-08-03T00:18:14.498Z,CP1Y8TMA1FL4TWfFFuDsi3ncw1VkTYi2gGzuEXoCpump,200,4000
graduation,2026-08-03T00:18:18.509Z,CP1Y8TMA1FL4TWfFFuDsi3ncw1VkTYi2gGzuEXoCpump,200,4000
graduation,2026-08-03T00:18:23.903Z,CP1Y8TMA1FL4TWfFFuDsi3ncw1VkTYi2gGzuEXoCpump,200,4000
graduation,2026-08-03T00:18:26.501Z,CP1Y8TMA1FL4TWfFFuDsi3ncw1VkTYi2gGzuEXoCpump,200,4000
graduation,2026-08-03T00:18:30.511Z,CP1Y8TMA1FL4TWfFFuDsi3ncw1VkTYi2gGzuEXoCpump,200,4000
graduation,2026-08-03T00:18:34.484Z,CP1Y8TMA1FL4TWfFFuDsi3ncw1VkTYi2gGzuEXoCpump,200,4000
graduation,2026-08-03T00:18:38.483Z,CP1Y8TMA1FL4TWfFFuDsi3ncw1VkTYi2gGzuEXoCpump,200,4000
graduation,2026-08-03T00:18:42.552Z,CP1Y8TMA1FL4TWfFFuDsi3ncw1VkTYi2gGzuEXoCpump,200,4000
graduation,2026-08-03T00:18:46.494Z,CP1Y8TMA1FL4TWfFFuDsi3ncw1VkTYi2gGzuEXoCpump,200,4000
graduation,2026-08-03T00:18:50.617Z,EZum81Bs7pECU7cttRDiJMwSieJJ9mZBjbbCc7Prpump,200,4000
graduation,2026-08-03T00:18:54.539Z,EZum81Bs7pECU7cttRDiJMwSieJJ9mZBjbbCc7Prpump,200,4000
graduation,2026-08-03T00:18:58.535Z,EZum81Bs7pECU7cttRDiJMwSieJJ9mZBjbbCc7Prpump,200,4000
graduation,2026-08-03T00:19:02.708Z,EZum81Bs7pECU7cttRDiJMwSieJJ9mZBjbbCc7Prpump,200,4000
graduation,2026-08-03T00:19:07.304Z,EZum81Bs7pECU7cttRDiJMwSieJJ9mZBjbbCc7Prpump,200,4000
graduation,2026-08-03T00:19:12.061Z,EZum81Bs7pECU7cttRDiJMwSieJJ9mZBjbbCc7Prpump,200,4000
graduation,2026-08-03T00:19:14.504Z,EZum81Bs7pECU7cttRDiJMwSieJJ9mZBjbbCc7Prpump,200,4000
graduation,2026-08-03T00:19:18.511Z,EZum81Bs7pECU7cttRDiJMwSieJJ9mZBjbbCc7Prpump,200,4000
graduation,2026-08-03T00:19:22.522Z,EZum81Bs7pECU7cttRDiJMwSieJJ9mZBjbbCc7Prpump,200,4000
graduation,2026-08-03T00:19:26.507Z,EZum81Bs7pECU7cttRDiJMwSieJJ9mZBjbbCc7Prpump,200,4000
graduation,2026-08-03T00:19:30.511Z,EZum81Bs7pECU7cttRDiJMwSieJJ9mZBjbbCc7Prpump,200,4000
graduation,2026-08-03T00:19:34.635Z,5yWb5o2XT4J5dFCg3w6EZHxRAgYhyuj8H1RAEFeUpump,200,4000
graduation,2026-08-03T00:19:38.651Z,5yWb5o2XT4J5dFCg3w6EZHxRAgYhyuj8H1RAEFeUpump,200,4000
graduation,2026-08-03T00:19:42.518Z,5yWb5o2XT4J5dFCg3w6EZHxRAgYhyuj8H1RAEFeUpump,200,4000
graduation,2026-08-03T00:19:46.539Z,5yWb5o2XT4J5dFCg3w6EZHxRAgYhyuj8H1RAEFeUpump,200,4000
graduation,2026-08-03T00:19:50.555Z,5yWb5o2XT4J5dFCg3w6EZHxRAgYhyuj8H1RAEFeUpump,200,4000
graduation,2026-08-03T00:19:54.523Z,5yWb5o2XT4J5dFCg3w6EZHxRAgYhyuj8H1RAEFeUpump,200,4000
graduation,2026-08-03T00:19:58.568Z,5yWb5o2XT4J5dFCg3w6EZHxRAgYhyuj8H1RAEFeUpump,200,4000
graduation,2026-08-03T00:20:02.537Z,5yWb5o2XT4J5dFCg3w6EZHxRAgYhyuj8H1RAEFeUpump,200,4000
graduation,2026-08-03T00:20:06.529Z,5yWb5o2XT4J5dFCg3w6EZHxRAgYhyuj8H1RAEFeUpump,200,4000
graduation,2026-08-03T00:20:10.534Z,5yWb5o2XT4J5dFCg3w6EZHxRAgYhyuj8H1RAEFeUpump,200,4000
graduation,2026-08-03T00:20:14.627Z,5yWb5o2XT4J5dFCg3w6EZHxRAgYhyuj8H1RAEFeUpump,200,4000
graduation,2026-08-03T00:20:18.666Z,8pa39xkpXTNdoAJWjX7bcanpkoExKtzvs1YZSGNDpump,200,4000
graduation,2026-08-03T00:20:22.595Z,8pa39xkpXTNdoAJWjX7bcanpkoExKtzvs1YZSGNDpump,200,4000
graduation,2026-08-03T00:20:26.550Z,8pa39xkpXTNdoAJWjX7bcanpkoExKtzvs1YZSGNDpump,200,4000
graduation,2026-08-03T00:20:30.539Z,8pa39xkpXTNdoAJWjX7bcanpkoExKtzvs1YZSGNDpump,200,4000
graduation,2026-08-03T00:20:34.574Z,8pa39xkpXTNdoAJWjX7bcanpkoExKtzvs1YZSGNDpump,200,4000
graduation,2026-08-03T00:20:38.702Z,8pa39xkpXTNdoAJWjX7bcanpkoExKtzvs1YZSGNDpump,200,4000
graduation,2026-08-03T00:20:42.538Z,8pa39xkpXTNdoAJWjX7bcanpkoExKtzvs1YZSGNDpump,200,4000
graduation,2026-08-03T00:20:46.664Z,8pa39xkpXTNdoAJWjX7bcanpkoExKtzvs1YZSGNDpump,200,4000
graduation,2026-08-03T00:20:50.595Z,8pa39xkpXTNdoAJWjX7bcanpkoExKtzvs1YZSGNDpump,200,4000
graduation,2026-08-03T00:20:54.613Z,bWBhZwLW5z8XruKvkRWTgRHDsdoym3jY79M3NLSpump,200,4000
graduation,2026-08-03T00:20:58.599Z,bWBhZwLW5z8XruKvkRWTgRHDsdoym3jY79M3NLSpump,200,4000
graduation,2026-08-03T00:21:02.560Z,bWBhZwLW5z8XruKvkRWTgRHDsdoym3jY79M3NLSpump,200,4000
graduation,2026-08-03T00:21:06.559Z,bWBhZwLW5z8XruKvkRWTgRHDsdoym3jY79M3NLSpump,200,4000
graduation,2026-08-03T00:21:10.768Z,bWBhZwLW5z8XruKvkRWTgRHDsdoym3jY79M3NLSpump,200,4000
graduation,2026-08-03T00:21:14.561Z,bWBhZwLW5z8XruKvkRWTgRHDsdoym3jY79M3NLSpump,200,4000
graduation,2026-08-03T00:21:18.575Z,bWBhZwLW5z8XruKvkRWTgRHDsdoym3jY79M3NLSpump,200,4000
graduation,2026-08-03T00:21:22.563Z,bWBhZwLW5z8XruKvkRWTgRHDsdoym3jY79M3NLSpump,200,4000
graduation,2026-08-03T00:21:26.760Z,bWBhZwLW5z8XruKvkRWTgRHDsdoym3jY79M3NLSpump,200,4000
graduation,2026-08-03T00:21:30.568Z,bWBhZwLW5z8XruKvkRWTgRHDsdoym3jY79M3NLSpump,200,4000
graduation,2026-08-03T00:21:34.670Z,yLT7rHdaNkfnqfg5pxXxCTrx1Rsnagod16DnpKBpump,200,4000
graduation,2026-08-03T00:21:38.710Z,yLT7rHdaNkfnqfg5pxXxCTrx1Rsnagod16DnpKBpump,200,4000
graduation,2026-08-03T00:21:42.576Z,yLT7rHdaNkfnqfg5pxXxCTrx1Rsnagod16DnpKBpump,200,4000
graduation,2026-08-03T00:21:46.567Z,yLT7rHdaNkfnqfg5pxXxCTrx1Rsnagod16DnpKBpump,200,4000
graduation,2026-08-03T00:21:50.596Z,yLT7rHdaNkfnqfg5pxXxCTrx1Rsnagod16DnpKBpump,200,4000
graduation,2026-08-03T00:21:54.574Z,yLT7rHdaNkfnqfg5pxXxCTrx1Rsnagod16DnpKBpump,200,4000
graduation,2026-08-03T00:21:58.576Z,yLT7rHdaNkfnqfg5pxXxCTrx1Rsnagod16DnpKBpump,200,4000
graduation,2026-08-03T00:22:02.578Z,yLT7rHdaNkfnqfg5pxXxCTrx1Rsnagod16DnpKBpump,200,4000
graduation,2026-08-03T00:22:06.601Z,yLT7rHdaNkfnqfg5pxXxCTrx1Rsnagod16DnpKBpump,200,4000
graduation,2026-08-03T00:22:10.591Z,yLT7rHdaNkfnqfg5pxXxCTrx1Rsnagod16DnpKBpump,200,4000
graduation,2026-08-03T00:22:14.582Z,yLT7rHdaNkfnqfg5pxXxCTrx1Rsnagod16DnpKBpump,200,4000
graduation,2026-08-03T00:22:18.714Z,DZMYRLGqRUuX5hhXbyDY2MmZdb2w6N6XqyTs4XRJpump,200,4000
graduation,2026-08-03T00:22:22.646Z,DZMYRLGqRUuX5hhXbyDY2MmZdb2w6N6XqyTs4XRJpump,200,4000
graduation,2026-08-03T00:22:26.598Z,DZMYRLGqRUuX5hhXbyDY2MmZdb2w6N6XqyTs4XRJpump,200,4000
graduation,2026-08-03T00:22:30.590Z,DZMYRLGqRUuX5hhXbyDY2MmZdb2w6N6XqyTs4XRJpump,200,4000
graduation,2026-08-03T00:22:34.623Z,DZMYRLGqRUuX5hhXbyDY2MmZdb2w6N6XqyTs4XRJpump,200,4000
graduation,2026-08-03T00:22:38.608Z,DZMYRLGqRUuX5hhXbyDY2MmZdb2w6N6XqyTs4XRJpump,200,4000
graduation,2026-08-03T00:22:42.621Z,DZMYRLGqRUuX5hhXbyDY2MmZdb2w6N6XqyTs4XRJpump,200,4000
graduation,2026-08-03T00:22:46.617Z,DZMYRLGqRUuX5hhXbyDY2MmZdb2w6N6XqyTs4XRJpump,200,4000
graduation,2026-08-03T00:22:50.606Z,DZMYRLGqRUuX5hhXbyDY2MmZdb2w6N6XqyTs4XRJpump,200,4000
graduation,2026-08-03T00:22:54.606Z,DZMYRLGqRUuX5hhXbyDY2MmZdb2w6N6XqyTs4XRJpump,200,4000
graduation,2026-08-03T00:22:58.606Z,DZMYRLGqRUuX5hhXbyDY2MmZdb2w6N6XqyTs4XRJpump,200,4000
graduation,2026-08-03T00:23:02.720Z,J7MxvqPyDMxL3bNWhLw4KUHN7Gnc7a213JG3Lz8Cpump,200,4000
graduation,2026-08-03T00:23:06.666Z,J7MxvqPyDMxL3bNWhLw4KUHN7Gnc7a213JG3Lz8Cpump,200,4000
graduation,2026-08-03T00:23:10.649Z,J7MxvqPyDMxL3bNWhLw4KUHN7Gnc7a213JG3Lz8Cpump,200,4000
graduation,2026-08-03T00:23:14.938Z,J7MxvqPyDMxL3bNWhLw4KUHN7Gnc7a213JG3Lz8Cpump,200,4000
graduation,2026-08-03T00:23:19.802Z,J7MxvqPyDMxL3bNWhLw4KUHN7Gnc7a213JG3Lz8Cpump,200,4000
graduation,2026-08-03T00:23:22.630Z,J7MxvqPyDMxL3bNWhLw4KUHN7Gnc7a213JG3Lz8Cpump,200,4000
graduation,2026-08-03T00:23:27.310Z,J7MxvqPyDMxL3bNWhLw4KUHN7Gnc7a213JG3Lz8Cpump,200,4000
graduation,2026-08-03T00:23:30.835Z,J7MxvqPyDMxL3bNWhLw4KUHN7Gnc7a213JG3Lz8Cpump,200,4000
graduation,2026-08-03T00:23:34.637Z,J7MxvqPyDMxL3bNWhLw4KUHN7Gnc7a213JG3Lz8Cpump,200,4000
graduation,2026-08-03T00:23:38.630Z,J7MxvqPyDMxL3bNWhLw4KUHN7Gnc7a213JG3Lz8Cpump,200,4000
graduation,2026-08-03T00:23:42.632Z,J7MxvqPyDMxL3bNWhLw4KUHN7Gnc7a213JG3Lz8Cpump,200,4000
graduation,2026-08-03T00:23:46.740Z,GFK1VMaoR6WMaU71j9Hypv8zn5CvsVQc7WXrqmhVpump,200,4000
graduation,2026-08-03T00:23:50.738Z,GFK1VMaoR6WMaU71j9Hypv8zn5CvsVQc7WXrqmhVpump,200,4000
graduation,2026-08-03T00:23:54.638Z,GFK1VMaoR6WMaU71j9Hypv8zn5CvsVQc7WXrqmhVpump,200,4000
graduation,2026-08-03T00:23:58.658Z,GFK1VMaoR6WMaU71j9Hypv8zn5CvsVQc7WXrqmhVpump,200,4000
graduation,2026-08-03T00:24:02.637Z,GFK1VMaoR6WMaU71j9Hypv8zn5CvsVQc7WXrqmhVpump,200,4000
graduation,2026-08-03T00:24:06.639Z,GFK1VMaoR6WMaU71j9Hypv8zn5CvsVQc7WXrqmhVpump,200,4000
graduation,2026-08-03T00:24:10.699Z,3gp8fDUxsLgL1R9kJZQzHMJHkJuVoy7e4w1JNqa9pump,200,4000
graduation,2026-08-03T00:24:14.929Z,3gp8fDUxsLgL1R9kJZQzHMJHkJuVoy7e4w1JNqa9pump,200,4000
graduation,2026-08-03T00:24:18.670Z,3gp8fDUxsLgL1R9kJZQzHMJHkJuVoy7e4w1JNqa9pump,200,4000
graduation,2026-08-03T00:24:22.971Z,3gp8fDUxsLgL1R9kJZQzHMJHkJuVoy7e4w1JNqa9pump,200,4000
graduation,2026-08-03T00:24:26.649Z,3gp8fDUxsLgL1R9kJZQzHMJHkJuVoy7e4w1JNqa9pump,200,4000
graduation,2026-08-03T00:24:30.837Z,3gp8fDUxsLgL1R9kJZQzHMJHkJuVoy7e4w1JNqa9pump,200,4000
graduation,2026-08-03T00:24:34.656Z,3gp8fDUxsLgL1R9kJZQzHMJHkJuVoy7e4w1JNqa9pump,200,4000
graduation,2026-08-03T00:24:38.839Z,3gp8fDUxsLgL1R9kJZQzHMJHkJuVoy7e4w1JNqa9pump,200,4000
graduation,2026-08-03T00:24:42.717Z,3gp8fDUxsLgL1R9kJZQzHMJHkJuVoy7e4w1JNqa9pump,200,4000
graduation,2026-08-03T00:24:46.659Z,3gp8fDUxsLgL1R9kJZQzHMJHkJuVoy7e4w1JNqa9pump,200,4000
graduation,2026-08-03T00:24:50.656Z,3gp8fDUxsLgL1R9kJZQzHMJHkJuVoy7e4w1JNqa9pump,200,4000
graduation,2026-08-03T00:24:54.777Z,HPH2DXvDTTwZbUC84pWEj8fw7KJKEYMDz1Y8waaSpump,200,4000
graduation,2026-08-03T00:24:58.738Z,HPH2DXvDTTwZbUC84pWEj8fw7KJKEYMDz1Y8waaSpump,200,4000
graduation,2026-08-03T00:25:02.666Z,HPH2DXvDTTwZbUC84pWEj8fw7KJKEYMDz1Y8waaSpump,200,4000
graduation,2026-08-03T00:25:06.663Z,HPH2DXvDTTwZbUC84pWEj8fw7KJKEYMDz1Y8waaSpump,200,4000
graduation,2026-08-03T00:25:10.868Z,HPH2DXvDTTwZbUC84pWEj8fw7KJKEYMDz1Y8waaSpump,200,4000
graduation,2026-08-03T00:25:14.658Z,HPH2DXvDTTwZbUC84pWEj8fw7KJKEYMDz1Y8waaSpump,200,4000
graduation,2026-08-03T00:25:18.667Z,HPH2DXvDTTwZbUC84pWEj8fw7KJKEYMDz1Y8waaSpump,200,4000
graduation,2026-08-03T00:25:22.666Z,HPH2DXvDTTwZbUC84pWEj8fw7KJKEYMDz1Y8waaSpump,200,4000
graduation,2026-08-03T00:25:26.691Z,HPH2DXvDTTwZbUC84pWEj8fw7KJKEYMDz1Y8waaSpump,200,4000
graduation,2026-08-03T00:25:30.669Z,HPH2DXvDTTwZbUC84pWEj8fw7KJKEYMDz1Y8waaSpump,200,4000
graduation,2026-08-03T00:25:34.674Z,HPH2DXvDTTwZbUC84pWEj8fw7KJKEYMDz1Y8waaSpump,200,4000
graduation,2026-08-03T00:25:38.747Z,2wpWjjDCQSHkvx13ocwJTLuzzMxRRLcPjrKJ6JZZpump,200,4000
graduation,2026-08-03T00:25:42.763Z,2wpWjjDCQSHkvx13ocwJTLuzzMxRRLcPjrKJ6JZZpump,200,4000
graduation,2026-08-03T00:25:46.691Z,2wpWjjDCQSHkvx13ocwJTLuzzMxRRLcPjrKJ6JZZpump,200,4000
graduation,2026-08-03T00:25:50.682Z,2wpWjjDCQSHkvx13ocwJTLuzzMxRRLcPjrKJ6JZZpump,200,4000
graduation,2026-08-03T00:25:54.689Z,2wpWjjDCQSHkvx13ocwJTLuzzMxRRLcPjrKJ6JZZpump,200,4000
graduation,2026-08-03T00:25:58.680Z,2wpWjjDCQSHkvx13ocwJTLuzzMxRRLcPjrKJ6JZZpump,200,4000
graduation,2026-08-03T00:26:02.680Z,2wpWjjDCQSHkvx13ocwJTLuzzMxRRLcPjrKJ6JZZpump,200,4000
graduation,2026-08-03T00:26:06.824Z,Rr1GZLB9DCcabir8bYYsE13GbpVyMjq6AJqJdvspump,200,4000
graduation,2026-08-03T00:26:10.753Z,Rr1GZLB9DCcabir8bYYsE13GbpVyMjq6AJqJdvspump,200,4000
graduation,2026-08-03T00:26:14.705Z,Rr1GZLB9DCcabir8bYYsE13GbpVyMjq6AJqJdvspump,200,4000
graduation,2026-08-03T00:26:18.809Z,Rr1GZLB9DCcabir8bYYsE13GbpVyMjq6AJqJdvspump,200,4000
graduation,2026-08-03T00:26:22.699Z,Rr1GZLB9DCcabir8bYYsE13GbpVyMjq6AJqJdvspump,200,4000
graduation,2026-08-03T00:26:26.697Z,Rr1GZLB9DCcabir8bYYsE13GbpVyMjq6AJqJdvspump,200,4000
graduation,2026-08-03T00:26:30.706Z,Rr1GZLB9DCcabir8bYYsE13GbpVyMjq6AJqJdvspump,200,4000
graduation,2026-08-03T00:26:34.695Z,Rr1GZLB9DCcabir8bYYsE13GbpVyMjq6AJqJdvspump,200,4000
graduation,2026-08-03T00:26:38.704Z,Rr1GZLB9DCcabir8bYYsE13GbpVyMjq6AJqJdvspump,200,4000
graduation,2026-08-03T00:26:42.708Z,Rr1GZLB9DCcabir8bYYsE13GbpVyMjq6AJqJdvspump,200,4000
graduation,2026-08-03T00:26:46.700Z,Rr1GZLB9DCcabir8bYYsE13GbpVyMjq6AJqJdvspump,200,4000
graduation,2026-08-03T00:26:50.820Z,4XQLHssUxvXLjXYLRsbANkgvCsRmtKMBsShzRFWipump,200,4000
graduation,2026-08-03T00:26:54.699Z,4XQLHssUxvXLjXYLRsbANkgvCsRmtKMBsShzRFWipump,200,4000
graduation,2026-08-03T00:26:58.705Z,4XQLHssUxvXLjXYLRsbANkgvCsRmtKMBsShzRFWipump,200,4000
graduation,2026-08-03T00:27:02.709Z,4XQLHssUxvXLjXYLRsbANkgvCsRmtKMBsShzRFWipump,200,4000
graduation,2026-08-03T00:27:06.705Z,4XQLHssUxvXLjXYLRsbANkgvCsRmtKMBsShzRFWipump,200,4000
graduation,2026-08-03T00:27:10.779Z,4XQLHssUxvXLjXYLRsbANkgvCsRmtKMBsShzRFWipump,200,4000
graduation,2026-08-03T00:27:14.763Z,4XQLHssUxvXLjXYLRsbANkgvCsRmtKMBsShzRFWipump,200,4000
graduation,2026-08-03T00:27:18.726Z,4XQLHssUxvXLjXYLRsbANkgvCsRmtKMBsShzRFWipump,200,4000
graduation,2026-08-03T00:27:22.753Z,4XQLHssUxvXLjXYLRsbANkgvCsRmtKMBsShzRFWipump,200,4000
graduation,2026-08-03T00:27:26.715Z,4XQLHssUxvXLjXYLRsbANkgvCsRmtKMBsShzRFWipump,200,4000
graduation,2026-08-03T00:27:30.961Z,4XQLHssUxvXLjXYLRsbANkgvCsRmtKMBsShzRFWipump,200,4000
graduation,2026-08-03T00:27:34.823Z,4ssNBY5ERmnPkdtXLZjuraRirf2ovL3BaVFsaYrppump,200,4000
graduation,2026-08-03T00:27:38.774Z,4ssNBY5ERmnPkdtXLZjuraRirf2ovL3BaVFsaYrppump,200,4000
graduation,2026-08-03T00:27:42.719Z,4ssNBY5ERmnPkdtXLZjuraRirf2ovL3BaVFsaYrppump,200,4000
graduation,2026-08-03T00:27:46.749Z,4ssNBY5ERmnPkdtXLZjuraRirf2ovL3BaVFsaYrppump,200,4000
graduation,2026-08-03T00:27:50.741Z,4ssNBY5ERmnPkdtXLZjuraRirf2ovL3BaVFsaYrppump,200,4000
graduation,2026-08-03T00:27:54.770Z,4ssNBY5ERmnPkdtXLZjuraRirf2ovL3BaVFsaYrppump,200,4000
graduation,2026-08-03T00:27:58.734Z,4ssNBY5ERmnPkdtXLZjuraRirf2ovL3BaVFsaYrppump,200,4000
graduation,2026-08-03T00:28:02.735Z,4ssNBY5ERmnPkdtXLZjuraRirf2ovL3BaVFsaYrppump,200,4000
graduation,2026-08-03T00:28:06.759Z,4ssNBY5ERmnPkdtXLZjuraRirf2ovL3BaVFsaYrppump,200,4000
graduation,2026-08-03T00:28:10.743Z,4ssNBY5ERmnPkdtXLZjuraRirf2ovL3BaVFsaYrppump,200,4000
graduation,2026-08-03T00:28:14.908Z,9EisLvfTZqpXn9bBwEkcjipZbbwX8bJ6GA5fLf66pump,200,4000
graduation,2026-08-03T00:28:18.965Z,9EisLvfTZqpXn9bBwEkcjipZbbwX8bJ6GA5fLf66pump,200,4000
graduation,2026-08-03T00:28:22.773Z,9EisLvfTZqpXn9bBwEkcjipZbbwX8bJ6GA5fLf66pump,200,4000
graduation,2026-08-03T00:28:26.743Z,9EisLvfTZqpXn9bBwEkcjipZbbwX8bJ6GA5fLf66pump,200,4000
graduation,2026-08-03T00:28:30.765Z,9EisLvfTZqpXn9bBwEkcjipZbbwX8bJ6GA5fLf66pump,200,4000
graduation,2026-08-03T00:28:34.747Z,9EisLvfTZqpXn9bBwEkcjipZbbwX8bJ6GA5fLf66pump,200,4000
graduation,2026-08-03T00:28:38.756Z,9EisLvfTZqpXn9bBwEkcjipZbbwX8bJ6GA5fLf66pump,200,4000
graduation,2026-08-03T00:28:42.764Z,9EisLvfTZqpXn9bBwEkcjipZbbwX8bJ6GA5fLf66pump,200,4000
graduation,2026-08-03T00:28:46.750Z,9EisLvfTZqpXn9bBwEkcjipZbbwX8bJ6GA5fLf66pump,200,4000
graduation,2026-08-03T00:28:50.759Z,9EisLvfTZqpXn9bBwEkcjipZbbwX8bJ6GA5fLf66pump,200,4000
graduation,2026-08-03T00:28:54.760Z,9EisLvfTZqpXn9bBwEkcjipZbbwX8bJ6GA5fLf66pump,200,4000
graduation,2026-08-03T00:28:58.868Z,8nTq1yi11iJB4M6EC3SqPsj5eoaaRw9kex1ZXgrzpump,200,4000
graduation,2026-08-03T00:29:02.891Z,8nTq1yi11iJB4M6EC3SqPsj5eoaaRw9kex1ZXgrzpump,200,4000
graduation,2026-08-03T00:29:06.783Z,8nTq1yi11iJB4M6EC3SqPsj5eoaaRw9kex1ZXgrzpump,200,4000
graduation,2026-08-03T00:29:10.774Z,8nTq1yi11iJB4M6EC3SqPsj5eoaaRw9kex1ZXgrzpump,200,4000
graduation,2026-08-03T00:29:14.774Z,8nTq1yi11iJB4M6EC3SqPsj5eoaaRw9kex1ZXgrzpump,200,4000
graduation,2026-08-03T00:29:18.800Z,8nTq1yi11iJB4M6EC3SqPsj5eoaaRw9kex1ZXgrzpump,200,4000
graduation,2026-08-03T00:29:22.779Z,8nTq1yi11iJB4M6EC3SqPsj5eoaaRw9kex1ZXgrzpump,200,4000
graduation,2026-08-03T00:29:26.775Z,8nTq1yi11iJB4M6EC3SqPsj5eoaaRw9kex1ZXgrzpump,200,4000
graduation,2026-08-03T00:29:30.778Z,8nTq1yi11iJB4M6EC3SqPsj5eoaaRw9kex1ZXgrzpump,200,4000
graduation,2026-08-03T00:29:34.774Z,8nTq1yi11iJB4M6EC3SqPsj5eoaaRw9kex1ZXgrzpump,200,4000
graduation,2026-08-03T00:29:38.801Z,8nTq1yi11iJB4M6EC3SqPsj5eoaaRw9kex1ZXgrzpump,200,4000
graduation,2026-08-03T00:29:42.877Z,5RKEu9J3BcQWAno7c1xjkew4L3VJ8Mvaz5jU2kPrpump,200,4000
graduation,2026-08-03T00:29:46.800Z,5RKEu9J3BcQWAno7c1xjkew4L3VJ8Mvaz5jU2kPrpump,200,4000
graduation,2026-08-03T00:29:51.084Z,5RKEu9J3BcQWAno7c1xjkew4L3VJ8Mvaz5jU2kPrpump,200,4000
graduation,2026-08-03T00:29:54.823Z,5RKEu9J3BcQWAno7c1xjkew4L3VJ8Mvaz5jU2kPrpump,200,4000
graduation,2026-08-03T00:29:58.808Z,5RKEu9J3BcQWAno7c1xjkew4L3VJ8Mvaz5jU2kPrpump,200,4000
graduation,2026-08-03T00:30:02.819Z,5RKEu9J3BcQWAno7c1xjkew4L3VJ8Mvaz5jU2kPrpump,200,4000
graduation,2026-08-03T00:30:06.820Z,5RKEu9J3BcQWAno7c1xjkew4L3VJ8Mvaz5jU2kPrpump,200,4000
graduation,2026-08-03T00:30:10.795Z,5RKEu9J3BcQWAno7c1xjkew4L3VJ8Mvaz5jU2kPrpump,200,4000
graduation,2026-08-03T00:30:14.793Z,5RKEu9J3BcQWAno7c1xjkew4L3VJ8Mvaz5jU2kPrpump,200,4000
graduation,2026-08-03T00:30:18.804Z,5RKEu9J3BcQWAno7c1xjkew4L3VJ8Mvaz5jU2kPrpump,200,4000
graduation,2026-08-03T00:30:22.898Z,F64aoufmfWZBY3BoqR1kVoQj4DJv6gMSkgPdTrPupump,200,4000
graduation,2026-08-03T00:30:26.887Z,F64aoufmfWZBY3BoqR1kVoQj4DJv6gMSkgPdTrPupump,200,4000
graduation,2026-08-03T00:30:30.811Z,F64aoufmfWZBY3BoqR1kVoQj4DJv6gMSkgPdTrPupump,200,4000
graduation,2026-08-03T00:30:34.831Z,F64aoufmfWZBY3BoqR1kVoQj4DJv6gMSkgPdTrPupump,200,4000
graduation,2026-08-03T00:30:38.816Z,F64aoufmfWZBY3BoqR1kVoQj4DJv6gMSkgPdTrPupump,200,4000
graduation,2026-08-03T00:30:42.808Z,F64aoufmfWZBY3BoqR1kVoQj4DJv6gMSkgPdTrPupump,200,4000
graduation,2026-08-03T00:30:46.864Z,F64aoufmfWZBY3BoqR1kVoQj4DJv6gMSkgPdTrPupump,200,4000
graduation,2026-08-03T00:30:50.819Z,F64aoufmfWZBY3BoqR1kVoQj4DJv6gMSkgPdTrPupump,200,4000
graduation,2026-08-03T00:30:54.814Z,F64aoufmfWZBY3BoqR1kVoQj4DJv6gMSkgPdTrPupump,200,4000
graduation,2026-08-03T00:30:58.918Z,BroixebY3yiiqK7ibEuEufVmqFrLTJhiDoWiFUATpump,200,4000
graduation,2026-08-03T00:31:02.874Z,BroixebY3yiiqK7ibEuEufVmqFrLTJhiDoWiFUATpump,200,4000
graduation,2026-08-03T00:31:06.815Z,BroixebY3yiiqK7ibEuEufVmqFrLTJhiDoWiFUATpump,200,4000
graduation,2026-08-03T00:31:10.834Z,BroixebY3yiiqK7ibEuEufVmqFrLTJhiDoWiFUATpump,200,4000
graduation,2026-08-03T00:31:14.812Z,BroixebY3yiiqK7ibEuEufVmqFrLTJhiDoWiFUATpump,200,4000
graduation,2026-08-03T00:31:18.835Z,BroixebY3yiiqK7ibEuEufVmqFrLTJhiDoWiFUATpump,200,4000
graduation,2026-08-03T00:31:22.832Z,BroixebY3yiiqK7ibEuEufVmqFrLTJhiDoWiFUATpump,200,4000
graduation,2026-08-03T00:31:26.821Z,BroixebY3yiiqK7ibEuEufVmqFrLTJhiDoWiFUATpump,200,4000
graduation,2026-08-03T00:31:30.825Z,BroixebY3yiiqK7ibEuEufVmqFrLTJhiDoWiFUATpump,200,4000
graduation,2026-08-03T00:31:34.854Z,32CdQdBUxbCsLy5AUHWmyidfwhgGUr9N573NBUrDpump,200,4000
graduation,2026-08-03T00:31:38.835Z,32CdQdBUxbCsLy5AUHWmyidfwhgGUr9N573NBUrDpump,200,4000
graduation,2026-08-03T00:31:42.883Z,32CdQdBUxbCsLy5AUHWmyidfwhgGUr9N573NBUrDpump,200,4000
graduation,2026-08-03T00:31:47.078Z,32CdQdBUxbCsLy5AUHWmyidfwhgGUr9N573NBUrDpump,200,4000
graduation,2026-08-03T00:31:50.827Z,32CdQdBUxbCsLy5AUHWmyidfwhgGUr9N573NBUrDpump,200,4000
graduation,2026-08-03T00:31:55.071Z,32CdQdBUxbCsLy5AUHWmyidfwhgGUr9N573NBUrDpump,200,4000
graduation,2026-08-03T00:31:58.833Z,32CdQdBUxbCsLy5AUHWmyidfwhgGUr9N573NBUrDpump,200,4000
graduation,2026-08-03T00:32:02.843Z,32CdQdBUxbCsLy5AUHWmyidfwhgGUr9N573NBUrDpump,200,4000
graduation,2026-08-03T00:32:06.832Z,32CdQdBUxbCsLy5AUHWmyidfwhgGUr9N573NBUrDpump,200,4000
life,2026-08-03T00:33:56.851Z,EiAsJvYospNxVPtUoGbjUreXNbWcxdpKaiqeJNk6pump,200,4000
life,2026-08-03T00:34:00.543Z,EiAsJvYospNxVPtUoGbjUreXNbWcxdpKaiqeJNk6pump,200,4000
life,2026-08-03T00:34:04.532Z,EiAsJvYospNxVPtUoGbjUreXNbWcxdpKaiqeJNk6pump,200,4000
life,2026-08-03T00:34:08.535Z,EiAsJvYospNxVPtUoGbjUreXNbWcxdpKaiqeJNk6pump,200,4000
life,2026-08-03T00:34:12.536Z,EiAsJvYospNxVPtUoGbjUreXNbWcxdpKaiqeJNk6pump,200,4000
life,2026-08-03T00:34:16.540Z,EiAsJvYospNxVPtUoGbjUreXNbWcxdpKaiqeJNk6pump,200,4000
life,2026-08-03T00:34:20.537Z,EiAsJvYospNxVPtUoGbjUreXNbWcxdpKaiqeJNk6pump,200,4000
life,2026-08-03T00:34:24.548Z,EiAsJvYospNxVPtUoGbjUreXNbWcxdpKaiqeJNk6pump,200,4000
life,2026-08-03T00:34:28.551Z,EiAsJvYospNxVPtUoGbjUreXNbWcxdpKaiqeJNk6pump,200,4000
life,2026-08-03T00:34:32.552Z,EiAsJvYospNxVPtUoGbjUreXNbWcxdpKaiqeJNk6pump,200,4000
life,2026-08-03T00:34:36.905Z,EiAsJvYospNxVPtUoGbjUreXNbWcxdpKaiqeJNk6pump,200,4000
life,2026-08-03T00:34:40.554Z,EiAsJvYospNxVPtUoGbjUreXNbWcxdpKaiqeJNk6pump,200,4000
life,2026-08-03T00:34:44.554Z,EiAsJvYospNxVPtUoGbjUreXNbWcxdpKaiqeJNk6pump,200,4000
life,2026-08-03T00:34:48.555Z,EiAsJvYospNxVPtUoGbjUreXNbWcxdpKaiqeJNk6pump,200,4000
life,2026-08-03T00:34:52.563Z,EiAsJvYospNxVPtUoGbjUreXNbWcxdpKaiqeJNk6pump,200,4000
life,2026-08-03T00:34:56.560Z,EiAsJvYospNxVPtUoGbjUreXNbWcxdpKaiqeJNk6pump,200,4000
life,2026-08-03T00:35:00.558Z,EiAsJvYospNxVPtUoGbjUreXNbWcxdpKaiqeJNk6pump,200,4000
life,2026-08-03T00:35:05.109Z,EiAsJvYospNxVPtUoGbjUreXNbWcxdpKaiqeJNk6pump,200,4000
life,2026-08-03T00:35:08.613Z,EiAsJvYospNxVPtUoGbjUreXNbWcxdpKaiqeJNk6pump,200,4000
life,2026-08-03T00:35:12.572Z,EiAsJvYospNxVPtUoGbjUreXNbWcxdpKaiqeJNk6pump,200,4000
life,2026-08-03T00:35:16.573Z,EiAsJvYospNxVPtUoGbjUreXNbWcxdpKaiqeJNk6pump,200,4000
life,2026-08-03T00:35:20.578Z,EiAsJvYospNxVPtUoGbjUreXNbWcxdpKaiqeJNk6pump,200,4000
life,2026-08-03T00:35:24.581Z,EiAsJvYospNxVPtUoGbjUreXNbWcxdpKaiqeJNk6pump,200,4000
life,2026-08-03T00:35:28.581Z,EiAsJvYospNxVPtUoGbjUreXNbWcxdpKaiqeJNk6pump,200,4000
life,2026-08-03T00:35:32.585Z,EiAsJvYospNxVPtUoGbjUreXNbWcxdpKaiqeJNk6pump,200,4000
life,2026-08-03T00:35:36.587Z,EiAsJvYospNxVPtUoGbjUreXNbWcxdpKaiqeJNk6pump,200,4000
life,2026-08-03T00:35:40.599Z,EiAsJvYospNxVPtUoGbjUreXNbWcxdpKaiqeJNk6pump,200,4000
life,2026-08-03T00:35:44.599Z,EiAsJvYospNxVPtUoGbjUreXNbWcxdpKaiqeJNk6pump,200,4000
life,2026-08-03T00:35:48.588Z,EiAsJvYospNxVPtUoGbjUreXNbWcxdpKaiqeJNk6pump,200,4000
life,2026-08-03T00:35:52.601Z,EiAsJvYospNxVPtUoGbjUreXNbWcxdpKaiqeJNk6pump,200,4000
life,2026-08-03T00:35:56.588Z,EiAsJvYospNxVPtUoGbjUreXNbWcxdpKaiqeJNk6pump,200,4000
life,2026-08-03T00:36:00.596Z,EiAsJvYospNxVPtUoGbjUreXNbWcxdpKaiqeJNk6pump,200,4000
life,2026-08-03T00:36:04.594Z,EiAsJvYospNxVPtUoGbjUreXNbWcxdpKaiqeJNk6pump,200,4000
life,2026-08-03T00:36:08.596Z,EiAsJvYospNxVPtUoGbjUreXNbWcxdpKaiqeJNk6pump,200,4000
life,2026-08-03T00:36:12.598Z,EiAsJvYospNxVPtUoGbjUreXNbWcxdpKaiqeJNk6pump,200,4000
life,2026-08-03T00:36:16.613Z,FNjhEHDYshbNAU7Bge9bRgTgrk1T9dmFQtcPyGAVpump,200,4000
life,2026-08-03T00:36:20.608Z,FNjhEHDYshbNAU7Bge9bRgTgrk1T9dmFQtcPyGAVpump,200,4000
life,2026-08-03T00:36:24.625Z,FNjhEHDYshbNAU7Bge9bRgTgrk1T9dmFQtcPyGAVpump,200,4000
life,2026-08-03T00:36:28.620Z,FNjhEHDYshbNAU7Bge9bRgTgrk1T9dmFQtcPyGAVpump,200,4000
life,2026-08-03T00:36:32.901Z,FNjhEHDYshbNAU7Bge9bRgTgrk1T9dmFQtcPyGAVpump,200,4000
life,2026-08-03T00:36:36.788Z,FNjhEHDYshbNAU7Bge9bRgTgrk1T9dmFQtcPyGAVpump,200,4000
life,2026-08-03T00:36:40.621Z,FNjhEHDYshbNAU7Bge9bRgTgrk1T9dmFQtcPyGAVpump,200,4000
life,2026-08-03T00:36:44.619Z,FNjhEHDYshbNAU7Bge9bRgTgrk1T9dmFQtcPyGAVpump,200,4000
life,2026-08-03T00:36:48.624Z,FNjhEHDYshbNAU7Bge9bRgTgrk1T9dmFQtcPyGAVpump,200,4000
life,2026-08-03T00:36:52.625Z,FNjhEHDYshbNAU7Bge9bRgTgrk1T9dmFQtcPyGAVpump,200,4000
life,2026-08-03T00:36:56.625Z,FNjhEHDYshbNAU7Bge9bRgTgrk1T9dmFQtcPyGAVpump,200,4000
life,2026-08-03T00:37:00.636Z,FNjhEHDYshbNAU7Bge9bRgTgrk1T9dmFQtcPyGAVpump,200,4000
life,2026-08-03T00:37:04.634Z,FNjhEHDYshbNAU7Bge9bRgTgrk1T9dmFQtcPyGAVpump,200,4000
life,2026-08-03T00:37:08.634Z,FNjhEHDYshbNAU7Bge9bRgTgrk1T9dmFQtcPyGAVpump,200,4000
life,2026-08-03T00:37:12.628Z,FNjhEHDYshbNAU7Bge9bRgTgrk1T9dmFQtcPyGAVpump,200,4000
life,2026-08-03T00:37:16.634Z,FNjhEHDYshbNAU7Bge9bRgTgrk1T9dmFQtcPyGAVpump,200,4000
life,2026-08-03T00:37:20.630Z,FNjhEHDYshbNAU7Bge9bRgTgrk1T9dmFQtcPyGAVpump,200,4000
life,2026-08-03T00:37:24.634Z,FNjhEHDYshbNAU7Bge9bRgTgrk1T9dmFQtcPyGAVpump,200,4000
life,2026-08-03T00:37:28.635Z,FNjhEHDYshbNAU7Bge9bRgTgrk1T9dmFQtcPyGAVpump,200,4000
life,2026-08-03T00:37:32.635Z,FNjhEHDYshbNAU7Bge9bRgTgrk1T9dmFQtcPyGAVpump,200,4000
life,2026-08-03T00:37:36.635Z,FNjhEHDYshbNAU7Bge9bRgTgrk1T9dmFQtcPyGAVpump,200,4000
life,2026-08-03T00:37:40.639Z,FNjhEHDYshbNAU7Bge9bRgTgrk1T9dmFQtcPyGAVpump,200,4000
life,2026-08-03T00:37:44.636Z,FNjhEHDYshbNAU7Bge9bRgTgrk1T9dmFQtcPyGAVpump,200,4000
life,2026-08-03T00:37:48.641Z,FNjhEHDYshbNAU7Bge9bRgTgrk1T9dmFQtcPyGAVpump,200,4000
life,2026-08-03T00:37:52.645Z,FNjhEHDYshbNAU7Bge9bRgTgrk1T9dmFQtcPyGAVpump,200,4000
life,2026-08-03T00:37:56.643Z,FNjhEHDYshbNAU7Bge9bRgTgrk1T9dmFQtcPyGAVpump,200,4000
life,2026-08-03T00:38:00.649Z,FNjhEHDYshbNAU7Bge9bRgTgrk1T9dmFQtcPyGAVpump,200,4000
life,2026-08-03T00:38:04.644Z,FNjhEHDYshbNAU7Bge9bRgTgrk1T9dmFQtcPyGAVpump,200,4000
life,2026-08-03T00:38:08.643Z,FNjhEHDYshbNAU7Bge9bRgTgrk1T9dmFQtcPyGAVpump,200,4000
life,2026-08-03T00:38:12.709Z,FNjhEHDYshbNAU7Bge9bRgTgrk1T9dmFQtcPyGAVpump,200,4000
life,2026-08-03T00:38:16.640Z,FNjhEHDYshbNAU7Bge9bRgTgrk1T9dmFQtcPyGAVpump,200,4000
life,2026-08-03T00:38:20.642Z,FNjhEHDYshbNAU7Bge9bRgTgrk1T9dmFQtcPyGAVpump,200,4000
life,2026-08-03T00:38:24.643Z,FNjhEHDYshbNAU7Bge9bRgTgrk1T9dmFQtcPyGAVpump,200,4000
life,2026-08-03T00:38:28.646Z,FNjhEHDYshbNAU7Bge9bRgTgrk1T9dmFQtcPyGAVpump,200,4000
life,2026-08-03T00:38:32.643Z,FNjhEHDYshbNAU7Bge9bRgTgrk1T9dmFQtcPyGAVpump,200,4000
life,2026-08-03T00:38:36.653Z,FNjhEHDYshbNAU7Bge9bRgTgrk1T9dmFQtcPyGAVpump,200,4000
life,2026-08-03T00:38:40.654Z,FNjhEHDYshbNAU7Bge9bRgTgrk1T9dmFQtcPyGAVpump,200,4000
life,2026-08-03T00:38:44.652Z,FNjhEHDYshbNAU7Bge9bRgTgrk1T9dmFQtcPyGAVpump,200,4000
life,2026-08-03T00:38:48.651Z,FNjhEHDYshbNAU7Bge9bRgTgrk1T9dmFQtcPyGAVpump,200,4000
life,2026-08-03T00:38:52.887Z,FNjhEHDYshbNAU7Bge9bRgTgrk1T9dmFQtcPyGAVpump,200,4000
life,2026-08-03T00:38:56.653Z,FNjhEHDYshbNAU7Bge9bRgTgrk1T9dmFQtcPyGAVpump,200,4000
life,2026-08-03T00:39:00.650Z,FNjhEHDYshbNAU7Bge9bRgTgrk1T9dmFQtcPyGAVpump,200,4000
life,2026-08-03T00:39:04.689Z,FNjhEHDYshbNAU7Bge9bRgTgrk1T9dmFQtcPyGAVpump,200,4000
life,2026-08-03T00:39:08.656Z,FNjhEHDYshbNAU7Bge9bRgTgrk1T9dmFQtcPyGAVpump,200,4000
life,2026-08-03T00:39:12.660Z,FNjhEHDYshbNAU7Bge9bRgTgrk1T9dmFQtcPyGAVpump,200,4000
life,2026-08-03T00:39:16.664Z,FNjhEHDYshbNAU7Bge9bRgTgrk1T9dmFQtcPyGAVpump,200,4000
life,2026-08-03T00:39:20.659Z,FNjhEHDYshbNAU7Bge9bRgTgrk1T9dmFQtcPyGAVpump,200,4000
life,2026-08-03T00:39:24.661Z,FNjhEHDYshbNAU7Bge9bRgTgrk1T9dmFQtcPyGAVpump,200,4000
life,2026-08-03T00:39:28.659Z,FNjhEHDYshbNAU7Bge9bRgTgrk1T9dmFQtcPyGAVpump,200,4000
life,2026-08-03T00:39:32.659Z,FNjhEHDYshbNAU7Bge9bRgTgrk1T9dmFQtcPyGAVpump,200,4000
life,2026-08-03T00:39:36.662Z,FNjhEHDYshbNAU7Bge9bRgTgrk1T9dmFQtcPyGAVpump,200,4000
life,2026-08-03T00:39:40.667Z,FNjhEHDYshbNAU7Bge9bRgTgrk1T9dmFQtcPyGAVpump,200,4000
life,2026-08-03T00:39:44.675Z,FNjhEHDYshbNAU7Bge9bRgTgrk1T9dmFQtcPyGAVpump,200,4000
life,2026-08-03T00:39:48.662Z,FNjhEHDYshbNAU7Bge9bRgTgrk1T9dmFQtcPyGAVpump,200,4000
life,2026-08-03T00:39:52.703Z,FNjhEHDYshbNAU7Bge9bRgTgrk1T9dmFQtcPyGAVpump,200,4000
life,2026-08-03T00:39:56.667Z,FNjhEHDYshbNAU7Bge9bRgTgrk1T9dmFQtcPyGAVpump,200,4000
life,2026-08-03T00:40:00.668Z,FNjhEHDYshbNAU7Bge9bRgTgrk1T9dmFQtcPyGAVpump,200,4000
life,2026-08-03T00:40:04.673Z,GFG5ZFMoeVrc3fapj5iu6mTyRixoN1wgab3NCjwCpump,200,4000
life,2026-08-03T00:40:08.729Z,GFG5ZFMoeVrc3fapj5iu6mTyRixoN1wgab3NCjwCpump,200,4000
life,2026-08-03T00:40:12.677Z,GFG5ZFMoeVrc3fapj5iu6mTyRixoN1wgab3NCjwCpump,200,4000
life,2026-08-03T00:40:16.679Z,GFG5ZFMoeVrc3fapj5iu6mTyRixoN1wgab3NCjwCpump,200,4000
life,2026-08-03T00:40:20.683Z,GFG5ZFMoeVrc3fapj5iu6mTyRixoN1wgab3NCjwCpump,200,4000
life,2026-08-03T00:40:24.812Z,GFG5ZFMoeVrc3fapj5iu6mTyRixoN1wgab3NCjwCpump,200,4000
life,2026-08-03T00:40:28.686Z,GFG5ZFMoeVrc3fapj5iu6mTyRixoN1wgab3NCjwCpump,200,4000
life,2026-08-03T00:40:32.680Z,GFG5ZFMoeVrc3fapj5iu6mTyRixoN1wgab3NCjwCpump,200,4000
life,2026-08-03T00:40:36.687Z,GFG5ZFMoeVrc3fapj5iu6mTyRixoN1wgab3NCjwCpump,200,4000
life,2026-08-03T00:40:40.685Z,GFG5ZFMoeVrc3fapj5iu6mTyRixoN1wgab3NCjwCpump,200,4000
life,2026-08-03T00:40:44.719Z,GFG5ZFMoeVrc3fapj5iu6mTyRixoN1wgab3NCjwCpump,200,4000
life,2026-08-03T00:40:48.699Z,GFG5ZFMoeVrc3fapj5iu6mTyRixoN1wgab3NCjwCpump,200,4000
life,2026-08-03T00:40:52.699Z,GFG5ZFMoeVrc3fapj5iu6mTyRixoN1wgab3NCjwCpump,200,4000
life,2026-08-03T00:40:56.752Z,GFG5ZFMoeVrc3fapj5iu6mTyRixoN1wgab3NCjwCpump,200,4000
life,2026-08-03T00:41:00.705Z,GFG5ZFMoeVrc3fapj5iu6mTyRixoN1wgab3NCjwCpump,200,4000
life,2026-08-03T00:41:04.705Z,GFG5ZFMoeVrc3fapj5iu6mTyRixoN1wgab3NCjwCpump,200,4000
life,2026-08-03T00:41:08.707Z,GFG5ZFMoeVrc3fapj5iu6mTyRixoN1wgab3NCjwCpump,200,4000
life,2026-08-03T00:41:12.712Z,GFG5ZFMoeVrc3fapj5iu6mTyRixoN1wgab3NCjwCpump,200,4000
life,2026-08-03T00:41:16.716Z,GFG5ZFMoeVrc3fapj5iu6mTyRixoN1wgab3NCjwCpump,200,4000
life,2026-08-03T00:41:20.706Z,GFG5ZFMoeVrc3fapj5iu6mTyRixoN1wgab3NCjwCpump,200,4000
life,2026-08-03T00:41:24.834Z,GFG5ZFMoeVrc3fapj5iu6mTyRixoN1wgab3NCjwCpump,200,4000
life,2026-08-03T00:41:28.711Z,GFG5ZFMoeVrc3fapj5iu6mTyRixoN1wgab3NCjwCpump,200,4000
life,2026-08-03T00:41:32.715Z,GFG5ZFMoeVrc3fapj5iu6mTyRixoN1wgab3NCjwCpump,200,4000
life,2026-08-03T00:41:36.719Z,GFG5ZFMoeVrc3fapj5iu6mTyRixoN1wgab3NCjwCpump,200,4000
life,2026-08-03T00:41:40.710Z,GFG5ZFMoeVrc3fapj5iu6mTyRixoN1wgab3NCjwCpump,200,4000
life,2026-08-03T00:41:44.713Z,GFG5ZFMoeVrc3fapj5iu6mTyRixoN1wgab3NCjwCpump,200,4000
life,2026-08-03T00:41:48.814Z,GFG5ZFMoeVrc3fapj5iu6mTyRixoN1wgab3NCjwCpump,200,4000
life,2026-08-03T00:41:52.722Z,GFG5ZFMoeVrc3fapj5iu6mTyRixoN1wgab3NCjwCpump,200,4000
life,2026-08-03T00:41:56.721Z,GFG5ZFMoeVrc3fapj5iu6mTyRixoN1wgab3NCjwCpump,200,4000
life,2026-08-03T00:42:00.730Z,GFG5ZFMoeVrc3fapj5iu6mTyRixoN1wgab3NCjwCpump,200,4000
life,2026-08-03T00:42:04.724Z,GFG5ZFMoeVrc3fapj5iu6mTyRixoN1wgab3NCjwCpump,200,4000
life,2026-08-03T00:42:08.733Z,GFG5ZFMoeVrc3fapj5iu6mTyRixoN1wgab3NCjwCpump,200,4000
life,2026-08-03T00:42:13.126Z,GFG5ZFMoeVrc3fapj5iu6mTyRixoN1wgab3NCjwCpump,200,4000
life,2026-08-03T00:42:16.861Z,GFG5ZFMoeVrc3fapj5iu6mTyRixoN1wgab3NCjwCpump,200,4000
life,2026-08-03T00:42:20.781Z,GFG5ZFMoeVrc3fapj5iu6mTyRixoN1wgab3NCjwCpump,200,4000
life,2026-08-03T00:42:24.784Z,GFG5ZFMoeVrc3fapj5iu6mTyRixoN1wgab3NCjwCpump,200,4000
life,2026-08-03T00:42:28.738Z,GFG5ZFMoeVrc3fapj5iu6mTyRixoN1wgab3NCjwCpump,200,4000
life,2026-08-03T00:42:32.752Z,GFG5ZFMoeVrc3fapj5iu6mTyRixoN1wgab3NCjwCpump,200,4000
life,2026-08-03T00:42:36.791Z,GFG5ZFMoeVrc3fapj5iu6mTyRixoN1wgab3NCjwCpump,200,4000
life,2026-08-03T00:42:40.745Z,GFG5ZFMoeVrc3fapj5iu6mTyRixoN1wgab3NCjwCpump,200,4000
life,2026-08-03T00:42:44.869Z,GFG5ZFMoeVrc3fapj5iu6mTyRixoN1wgab3NCjwCpump,200,4000
life,2026-08-03T00:42:48.752Z,GFG5ZFMoeVrc3fapj5iu6mTyRixoN1wgab3NCjwCpump,200,4000
life,2026-08-03T00:42:52.755Z,GFG5ZFMoeVrc3fapj5iu6mTyRixoN1wgab3NCjwCpump,200,4000
life,2026-08-03T00:42:56.754Z,GFG5ZFMoeVrc3fapj5iu6mTyRixoN1wgab3NCjwCpump,200,4000
life,2026-08-03T00:43:00.764Z,GFG5ZFMoeVrc3fapj5iu6mTyRixoN1wgab3NCjwCpump,200,4000
life,2026-08-03T00:43:04.767Z,GFG5ZFMoeVrc3fapj5iu6mTyRixoN1wgab3NCjwCpump,200,4000
life,2026-08-03T00:43:08.750Z,GFG5ZFMoeVrc3fapj5iu6mTyRixoN1wgab3NCjwCpump,200,4000
life,2026-08-03T00:43:12.761Z,GFG5ZFMoeVrc3fapj5iu6mTyRixoN1wgab3NCjwCpump,200,4000
life,2026-08-03T00:43:16.764Z,GFG5ZFMoeVrc3fapj5iu6mTyRixoN1wgab3NCjwCpump,200,4000
life,2026-08-03T00:43:20.763Z,GFG5ZFMoeVrc3fapj5iu6mTyRixoN1wgab3NCjwCpump,200,4000
life,2026-08-03T00:43:24.835Z,GFG5ZFMoeVrc3fapj5iu6mTyRixoN1wgab3NCjwCpump,200,4000
life,2026-08-03T00:43:28.767Z,GFG5ZFMoeVrc3fapj5iu6mTyRixoN1wgab3NCjwCpump,200,4000
life,2026-08-03T00:43:32.773Z,GFG5ZFMoeVrc3fapj5iu6mTyRixoN1wgab3NCjwCpump,200,4000
life,2026-08-03T00:43:36.782Z,GFG5ZFMoeVrc3fapj5iu6mTyRixoN1wgab3NCjwCpump,200,4000
life,2026-08-03T00:43:40.772Z,GFG5ZFMoeVrc3fapj5iu6mTyRixoN1wgab3NCjwCpump,200,4000
life,2026-08-03T00:43:44.769Z,GFG5ZFMoeVrc3fapj5iu6mTyRixoN1wgab3NCjwCpump,200,4000
life,2026-08-03T00:43:48.930Z,GFG5ZFMoeVrc3fapj5iu6mTyRixoN1wgab3NCjwCpump,200,4000
life,2026-08-03T00:43:53.025Z,6Quog29HQ5tA5BdnCv3FWpW8WEpdxCsxEpt2TGCZpump,200,4000
life,2026-08-03T00:43:56.782Z,6Quog29HQ5tA5BdnCv3FWpW8WEpdxCsxEpt2TGCZpump,200,4000
life,2026-08-03T00:44:00.782Z,6Quog29HQ5tA5BdnCv3FWpW8WEpdxCsxEpt2TGCZpump,200,4000
life,2026-08-03T00:44:04.788Z,6Quog29HQ5tA5BdnCv3FWpW8WEpdxCsxEpt2TGCZpump,200,4000
life,2026-08-03T00:44:08.786Z,6Quog29HQ5tA5BdnCv3FWpW8WEpdxCsxEpt2TGCZpump,200,4000
life,2026-08-03T00:44:12.875Z,6Quog29HQ5tA5BdnCv3FWpW8WEpdxCsxEpt2TGCZpump,200,4000
life,2026-08-03T00:44:16.967Z,6Quog29HQ5tA5BdnCv3FWpW8WEpdxCsxEpt2TGCZpump,200,4000
life,2026-08-03T00:44:20.799Z,6Quog29HQ5tA5BdnCv3FWpW8WEpdxCsxEpt2TGCZpump,200,4000
life,2026-08-03T00:44:24.804Z,6Quog29HQ5tA5BdnCv3FWpW8WEpdxCsxEpt2TGCZpump,200,4000
life,2026-08-03T00:44:28.949Z,6Quog29HQ5tA5BdnCv3FWpW8WEpdxCsxEpt2TGCZpump,200,4000
life,2026-08-03T00:44:32.861Z,6Quog29HQ5tA5BdnCv3FWpW8WEpdxCsxEpt2TGCZpump,200,4000
life,2026-08-03T00:44:36.814Z,6Quog29HQ5tA5BdnCv3FWpW8WEpdxCsxEpt2TGCZpump,200,4000
life,2026-08-03T00:44:40.826Z,6Quog29HQ5tA5BdnCv3FWpW8WEpdxCsxEpt2TGCZpump,200,4000
life,2026-08-03T00:44:44.832Z,6Quog29HQ5tA5BdnCv3FWpW8WEpdxCsxEpt2TGCZpump,200,4000
life,2026-08-03T00:44:48.823Z,6Quog29HQ5tA5BdnCv3FWpW8WEpdxCsxEpt2TGCZpump,200,4000
life,2026-08-03T00:44:52.832Z,6Quog29HQ5tA5BdnCv3FWpW8WEpdxCsxEpt2TGCZpump,200,4000
life,2026-08-03T00:44:56.823Z,6Quog29HQ5tA5BdnCv3FWpW8WEpdxCsxEpt2TGCZpump,200,4000
life,2026-08-03T00:45:00.833Z,6Quog29HQ5tA5BdnCv3FWpW8WEpdxCsxEpt2TGCZpump,200,4000
life,2026-08-03T00:45:04.828Z,6Quog29HQ5tA5BdnCv3FWpW8WEpdxCsxEpt2TGCZpump,200,4000
life,2026-08-03T00:45:08.819Z,6Quog29HQ5tA5BdnCv3FWpW8WEpdxCsxEpt2TGCZpump,200,4000
life,2026-08-03T00:45:12.820Z,6Quog29HQ5tA5BdnCv3FWpW8WEpdxCsxEpt2TGCZpump,200,4000
life,2026-08-03T00:45:16.826Z,6Quog29HQ5tA5BdnCv3FWpW8WEpdxCsxEpt2TGCZpump,200,4000
life,2026-08-03T00:45:20.829Z,6Quog29HQ5tA5BdnCv3FWpW8WEpdxCsxEpt2TGCZpump,200,4000
life,2026-08-03T00:45:24.844Z,6Quog29HQ5tA5BdnCv3FWpW8WEpdxCsxEpt2TGCZpump,200,4000
life,2026-08-03T00:45:28.847Z,6Quog29HQ5tA5BdnCv3FWpW8WEpdxCsxEpt2TGCZpump,200,4000
life,2026-08-03T00:45:32.827Z,6Quog29HQ5tA5BdnCv3FWpW8WEpdxCsxEpt2TGCZpump,200,4000
life,2026-08-03T00:45:36.832Z,6Quog29HQ5tA5BdnCv3FWpW8WEpdxCsxEpt2TGCZpump,200,4000
life,2026-08-03T00:45:40.846Z,6Quog29HQ5tA5BdnCv3FWpW8WEpdxCsxEpt2TGCZpump,200,4000
life,2026-08-03T00:45:44.841Z,6Quog29HQ5tA5BdnCv3FWpW8WEpdxCsxEpt2TGCZpump,200,4000
life,2026-08-03T00:45:48.836Z,6Quog29HQ5tA5BdnCv3FWpW8WEpdxCsxEpt2TGCZpump,200,4000
life,2026-08-03T00:45:52.840Z,6Quog29HQ5tA5BdnCv3FWpW8WEpdxCsxEpt2TGCZpump,200,4000
life,2026-08-03T00:45:56.836Z,6Quog29HQ5tA5BdnCv3FWpW8WEpdxCsxEpt2TGCZpump,200,4000
life,2026-08-03T00:46:00.852Z,6Quog29HQ5tA5BdnCv3FWpW8WEpdxCsxEpt2TGCZpump,200,4000
life,2026-08-03T00:46:04.842Z,6Quog29HQ5tA5BdnCv3FWpW8WEpdxCsxEpt2TGCZpump,200,4000
life,2026-08-03T00:46:08.852Z,6Quog29HQ5tA5BdnCv3FWpW8WEpdxCsxEpt2TGCZpump,200,4000
life,2026-08-03T00:46:12.855Z,6Quog29HQ5tA5BdnCv3FWpW8WEpdxCsxEpt2TGCZpump,200,4000
life,2026-08-03T00:46:17.004Z,6Quog29HQ5tA5BdnCv3FWpW8WEpdxCsxEpt2TGCZpump,200,4000
life,2026-08-03T00:46:20.856Z,6Quog29HQ5tA5BdnCv3FWpW8WEpdxCsxEpt2TGCZpump,200,4000
life,2026-08-03T00:46:24.860Z,6Quog29HQ5tA5BdnCv3FWpW8WEpdxCsxEpt2TGCZpump,200,4000
life,2026-08-03T00:46:28.853Z,6Quog29HQ5tA5BdnCv3FWpW8WEpdxCsxEpt2TGCZpump,200,4000
life,2026-08-03T00:46:32.857Z,6Quog29HQ5tA5BdnCv3FWpW8WEpdxCsxEpt2TGCZpump,200,4000
life,2026-08-03T00:46:36.853Z,6Quog29HQ5tA5BdnCv3FWpW8WEpdxCsxEpt2TGCZpump,200,4000
life,2026-08-03T00:46:40.861Z,6Quog29HQ5tA5BdnCv3FWpW8WEpdxCsxEpt2TGCZpump,200,4000
life,2026-08-03T00:46:44.861Z,6Quog29HQ5tA5BdnCv3FWpW8WEpdxCsxEpt2TGCZpump,200,4000
life,2026-08-03T00:46:48.872Z,6Quog29HQ5tA5BdnCv3FWpW8WEpdxCsxEpt2TGCZpump,200,4000
life,2026-08-03T00:46:52.865Z,6Quog29HQ5tA5BdnCv3FWpW8WEpdxCsxEpt2TGCZpump,200,4000
life,2026-08-03T00:46:56.858Z,6Quog29HQ5tA5BdnCv3FWpW8WEpdxCsxEpt2TGCZpump,200,4000
life,2026-08-03T00:47:00.904Z,FBKyGDGLg4WYVecXfSL8Ke2fNXe8Si72NeGbcRSXpump,200,4000
life,2026-08-03T00:47:04.878Z,FBKyGDGLg4WYVecXfSL8Ke2fNXe8Si72NeGbcRSXpump,200,4000
life,2026-08-03T00:47:08.904Z,FBKyGDGLg4WYVecXfSL8Ke2fNXe8Si72NeGbcRSXpump,200,4000
life,2026-08-03T00:47:12.886Z,FBKyGDGLg4WYVecXfSL8Ke2fNXe8Si72NeGbcRSXpump,200,4000
life,2026-08-03T00:47:16.877Z,FBKyGDGLg4WYVecXfSL8Ke2fNXe8Si72NeGbcRSXpump,200,4000
life,2026-08-03T00:47:20.877Z,FBKyGDGLg4WYVecXfSL8Ke2fNXe8Si72NeGbcRSXpump,200,4000
life,2026-08-03T00:47:24.882Z,FBKyGDGLg4WYVecXfSL8Ke2fNXe8Si72NeGbcRSXpump,200,4000
life,2026-08-03T00:47:29.097Z,FBKyGDGLg4WYVecXfSL8Ke2fNXe8Si72NeGbcRSXpump,200,4000
life,2026-08-03T00:47:32.887Z,FBKyGDGLg4WYVecXfSL8Ke2fNXe8Si72NeGbcRSXpump,200,4000
life,2026-08-03T00:47:36.893Z,FBKyGDGLg4WYVecXfSL8Ke2fNXe8Si72NeGbcRSXpump,200,4000
life,2026-08-03T00:47:40.898Z,FBKyGDGLg4WYVecXfSL8Ke2fNXe8Si72NeGbcRSXpump,200,4000
life,2026-08-03T00:47:45.041Z,FBKyGDGLg4WYVecXfSL8Ke2fNXe8Si72NeGbcRSXpump,200,4000
life,2026-08-03T00:47:48.900Z,FBKyGDGLg4WYVecXfSL8Ke2fNXe8Si72NeGbcRSXpump,200,4000
life,2026-08-03T00:47:52.898Z,FBKyGDGLg4WYVecXfSL8Ke2fNXe8Si72NeGbcRSXpump,200,4000
life,2026-08-03T00:47:56.904Z,FBKyGDGLg4WYVecXfSL8Ke2fNXe8Si72NeGbcRSXpump,200,4000
life,2026-08-03T00:48:00.923Z,FBKyGDGLg4WYVecXfSL8Ke2fNXe8Si72NeGbcRSXpump,200,4000
life,2026-08-03T00:48:05.048Z,FBKyGDGLg4WYVecXfSL8Ke2fNXe8Si72NeGbcRSXpump,200,4000
life,2026-08-03T00:48:08.914Z,FBKyGDGLg4WYVecXfSL8Ke2fNXe8Si72NeGbcRSXpump,200,4000
life,2026-08-03T00:48:12.902Z,FBKyGDGLg4WYVecXfSL8Ke2fNXe8Si72NeGbcRSXpump,200,4000
life,2026-08-03T00:48:16.954Z,FBKyGDGLg4WYVecXfSL8Ke2fNXe8Si72NeGbcRSXpump,200,4000
life,2026-08-03T00:48:20.910Z,FBKyGDGLg4WYVecXfSL8Ke2fNXe8Si72NeGbcRSXpump,200,4000
life,2026-08-03T00:48:24.923Z,FBKyGDGLg4WYVecXfSL8Ke2fNXe8Si72NeGbcRSXpump,200,4000
life,2026-08-03T00:48:28.915Z,FBKyGDGLg4WYVecXfSL8Ke2fNXe8Si72NeGbcRSXpump,200,4000
life,2026-08-03T00:48:32.909Z,FBKyGDGLg4WYVecXfSL8Ke2fNXe8Si72NeGbcRSXpump,200,4000
life,2026-08-03T00:48:36.912Z,FBKyGDGLg4WYVecXfSL8Ke2fNXe8Si72NeGbcRSXpump,200,4000
life,2026-08-03T00:48:40.918Z,FBKyGDGLg4WYVecXfSL8Ke2fNXe8Si72NeGbcRSXpump,200,4000
life,2026-08-03T00:48:44.961Z,FjLbCT5pj246VsQmJ5fj4za7nULWQPv5cwipFKmJpump,200,4000
life,2026-08-03T00:48:48.925Z,FjLbCT5pj246VsQmJ5fj4za7nULWQPv5cwipFKmJpump,200,4000
life,2026-08-03T00:48:52.956Z,FjLbCT5pj246VsQmJ5fj4za7nULWQPv5cwipFKmJpump,200,4000
life,2026-08-03T00:48:56.927Z,FjLbCT5pj246VsQmJ5fj4za7nULWQPv5cwipFKmJpump,200,4000
life,2026-08-03T00:49:00.933Z,FjLbCT5pj246VsQmJ5fj4za7nULWQPv5cwipFKmJpump,200,4000
life,2026-08-03T00:49:04.931Z,FjLbCT5pj246VsQmJ5fj4za7nULWQPv5cwipFKmJpump,200,4000
life,2026-08-03T00:49:08.936Z,FjLbCT5pj246VsQmJ5fj4za7nULWQPv5cwipFKmJpump,200,4000
life,2026-08-03T00:49:12.939Z,FjLbCT5pj246VsQmJ5fj4za7nULWQPv5cwipFKmJpump,200,4000
life,2026-08-03T00:49:16.945Z,FjLbCT5pj246VsQmJ5fj4za7nULWQPv5cwipFKmJpump,200,4000
life,2026-08-03T00:49:20.941Z,FjLbCT5pj246VsQmJ5fj4za7nULWQPv5cwipFKmJpump,200,4000
life,2026-08-03T00:49:24.939Z,FjLbCT5pj246VsQmJ5fj4za7nULWQPv5cwipFKmJpump,200,4000
life,2026-08-03T00:49:28.939Z,FjLbCT5pj246VsQmJ5fj4za7nULWQPv5cwipFKmJpump,200,4000
life,2026-08-03T00:49:32.934Z,FjLbCT5pj246VsQmJ5fj4za7nULWQPv5cwipFKmJpump,200,4000
life,2026-08-03T00:49:36.938Z,FjLbCT5pj246VsQmJ5fj4za7nULWQPv5cwipFKmJpump,200,4000
life,2026-08-03T00:49:40.941Z,FjLbCT5pj246VsQmJ5fj4za7nULWQPv5cwipFKmJpump,200,4000
life,2026-08-03T00:49:45.003Z,FjLbCT5pj246VsQmJ5fj4za7nULWQPv5cwipFKmJpump,200,4000
life,2026-08-03T00:49:48.950Z,FjLbCT5pj246VsQmJ5fj4za7nULWQPv5cwipFKmJpump,200,4000
life,2026-08-03T00:49:52.977Z,FjLbCT5pj246VsQmJ5fj4za7nULWQPv5cwipFKmJpump,200,4000
life,2026-08-03T00:49:56.950Z,FjLbCT5pj246VsQmJ5fj4za7nULWQPv5cwipFKmJpump,200,4000
life,2026-08-03T00:50:00.948Z,FjLbCT5pj246VsQmJ5fj4za7nULWQPv5cwipFKmJpump,200,4000
life,2026-08-03T00:50:04.953Z,FjLbCT5pj246VsQmJ5fj4za7nULWQPv5cwipFKmJpump,200,4000
life,2026-08-03T00:50:08.986Z,FjLbCT5pj246VsQmJ5fj4za7nULWQPv5cwipFKmJpump,200,4000
life,2026-08-03T00:50:12.957Z,FjLbCT5pj246VsQmJ5fj4za7nULWQPv5cwipFKmJpump,200,4000
life,2026-08-03T00:50:17.090Z,FjLbCT5pj246VsQmJ5fj4za7nULWQPv5cwipFKmJpump,200,4000
life,2026-08-03T00:50:20.962Z,FjLbCT5pj246VsQmJ5fj4za7nULWQPv5cwipFKmJpump,200,4000
life,2026-08-03T00:50:24.958Z,FjLbCT5pj246VsQmJ5fj4za7nULWQPv5cwipFKmJpump,200,4000
life,2026-08-03T00:50:28.965Z,FjLbCT5pj246VsQmJ5fj4za7nULWQPv5cwipFKmJpump,200,4000
life,2026-08-03T00:50:33.014Z,FjLbCT5pj246VsQmJ5fj4za7nULWQPv5cwipFKmJpump,200,4000
life,2026-08-03T00:50:36.967Z,FjLbCT5pj246VsQmJ5fj4za7nULWQPv5cwipFKmJpump,200,4000
life,2026-08-03T00:50:41.048Z,EDbFTcQsdezqk1HNxnciwbVYPFWovz6ibZgUVp59pump,200,4000
life,2026-08-03T00:50:45.044Z,EDbFTcQsdezqk1HNxnciwbVYPFWovz6ibZgUVp59pump,200,4000
life,2026-08-03T00:50:48.989Z,EDbFTcQsdezqk1HNxnciwbVYPFWovz6ibZgUVp59pump,200,4000
life,2026-08-03T00:50:52.984Z,EDbFTcQsdezqk1HNxnciwbVYPFWovz6ibZgUVp59pump,200,4000
life,2026-08-03T00:50:56.979Z,EDbFTcQsdezqk1HNxnciwbVYPFWovz6ibZgUVp59pump,200,4000
life,2026-08-03T00:51:00.984Z,EDbFTcQsdezqk1HNxnciwbVYPFWovz6ibZgUVp59pump,200,4000
life,2026-08-03T00:51:04.982Z,EDbFTcQsdezqk1HNxnciwbVYPFWovz6ibZgUVp59pump,200,4000
life,2026-08-03T00:51:08.995Z,EDbFTcQsdezqk1HNxnciwbVYPFWovz6ibZgUVp59pump,200,4000
life,2026-08-03T00:51:12.994Z,EDbFTcQsdezqk1HNxnciwbVYPFWovz6ibZgUVp59pump,200,4000
life,2026-08-03T00:51:16.992Z,EDbFTcQsdezqk1HNxnciwbVYPFWovz6ibZgUVp59pump,200,4000
life,2026-08-03T00:51:20.995Z,EDbFTcQsdezqk1HNxnciwbVYPFWovz6ibZgUVp59pump,200,4000
life,2026-08-03T00:51:25.001Z,EDbFTcQsdezqk1HNxnciwbVYPFWovz6ibZgUVp59pump,200,4000
life,2026-08-03T00:51:28.998Z,EDbFTcQsdezqk1HNxnciwbVYPFWovz6ibZgUVp59pump,200,4000
life,2026-08-03T00:51:33.002Z,EDbFTcQsdezqk1HNxnciwbVYPFWovz6ibZgUVp59pump,200,4000
life,2026-08-03T00:51:37.006Z,EDbFTcQsdezqk1HNxnciwbVYPFWovz6ibZgUVp59pump,200,4000
life,2026-08-03T00:51:41.002Z,EDbFTcQsdezqk1HNxnciwbVYPFWovz6ibZgUVp59pump,200,4000
life,2026-08-03T00:51:45.014Z,EDbFTcQsdezqk1HNxnciwbVYPFWovz6ibZgUVp59pump,200,4000
life,2026-08-03T00:51:49.004Z,EDbFTcQsdezqk1HNxnciwbVYPFWovz6ibZgUVp59pump,200,4000
life,2026-08-03T00:51:53.025Z,EDbFTcQsdezqk1HNxnciwbVYPFWovz6ibZgUVp59pump,200,4000
life,2026-08-03T00:51:57.016Z,EDbFTcQsdezqk1HNxnciwbVYPFWovz6ibZgUVp59pump,200,4000
life,2026-08-03T00:52:01.011Z,EDbFTcQsdezqk1HNxnciwbVYPFWovz6ibZgUVp59pump,200,4000
life,2026-08-03T00:52:05.014Z,EDbFTcQsdezqk1HNxnciwbVYPFWovz6ibZgUVp59pump,200,4000
life,2026-08-03T00:52:09.013Z,EDbFTcQsdezqk1HNxnciwbVYPFWovz6ibZgUVp59pump,200,4000
life,2026-08-03T00:52:13.028Z,EDbFTcQsdezqk1HNxnciwbVYPFWovz6ibZgUVp59pump,200,4000
life,2026-08-03T00:52:17.018Z,EDbFTcQsdezqk1HNxnciwbVYPFWovz6ibZgUVp59pump,200,4000
life,2026-08-03T00:52:21.025Z,EDbFTcQsdezqk1HNxnciwbVYPFWovz6ibZgUVp59pump,200,4000
life,2026-08-03T00:52:25.022Z,EDbFTcQsdezqk1HNxnciwbVYPFWovz6ibZgUVp59pump,200,4000
life,2026-08-03T00:52:29.024Z,EDbFTcQsdezqk1HNxnciwbVYPFWovz6ibZgUVp59pump,200,4000
life,2026-08-03T00:52:33.026Z,EDbFTcQsdezqk1HNxnciwbVYPFWovz6ibZgUVp59pump,200,4000
life,2026-08-03T00:52:37.032Z,EDbFTcQsdezqk1HNxnciwbVYPFWovz6ibZgUVp59pump,200,4000
life,2026-08-03T00:52:41.089Z,EDbFTcQsdezqk1HNxnciwbVYPFWovz6ibZgUVp59pump,200,4000
life,2026-08-03T00:52:45.022Z,EDbFTcQsdezqk1HNxnciwbVYPFWovz6ibZgUVp59pump,200,4000
life,2026-08-03T00:52:49.031Z,EDbFTcQsdezqk1HNxnciwbVYPFWovz6ibZgUVp59pump,200,4000
life,2026-08-03T00:52:53.032Z,EDbFTcQsdezqk1HNxnciwbVYPFWovz6ibZgUVp59pump,200,4000
life,2026-08-03T00:52:57.023Z,EDbFTcQsdezqk1HNxnciwbVYPFWovz6ibZgUVp59pump,200,4000
life,2026-08-03T00:53:01.035Z,EDbFTcQsdezqk1HNxnciwbVYPFWovz6ibZgUVp59pump,200,4000
life,2026-08-03T00:53:05.029Z,EDbFTcQsdezqk1HNxnciwbVYPFWovz6ibZgUVp59pump,200,4000
life,2026-08-03T00:53:09.040Z,EDbFTcQsdezqk1HNxnciwbVYPFWovz6ibZgUVp59pump,200,4000
life,2026-08-03T00:53:13.034Z,EDbFTcQsdezqk1HNxnciwbVYPFWovz6ibZgUVp59pump,200,4000
life,2026-08-03T00:53:17.035Z,EDbFTcQsdezqk1HNxnciwbVYPFWovz6ibZgUVp59pump,200,4000
life,2026-08-03T00:53:21.233Z,EDbFTcQsdezqk1HNxnciwbVYPFWovz6ibZgUVp59pump,200,4000
life,2026-08-03T00:53:25.044Z,EDbFTcQsdezqk1HNxnciwbVYPFWovz6ibZgUVp59pump,200,4000
life,2026-08-03T00:53:29.044Z,EDbFTcQsdezqk1HNxnciwbVYPFWovz6ibZgUVp59pump,200,4000
life,2026-08-03T00:53:33.046Z,EDbFTcQsdezqk1HNxnciwbVYPFWovz6ibZgUVp59pump,200,4000
life,2026-08-03T00:53:37.050Z,EDbFTcQsdezqk1HNxnciwbVYPFWovz6ibZgUVp59pump,200,4000
life,2026-08-03T00:53:41.205Z,EDbFTcQsdezqk1HNxnciwbVYPFWovz6ibZgUVp59pump,200,4000
life,2026-08-03T00:53:45.110Z,BwBFxTNL7kA1wr4dwFw8tZRE1zQM68gKQcfVGEzEpump,200,4000
life,2026-08-03T00:53:49.061Z,BwBFxTNL7kA1wr4dwFw8tZRE1zQM68gKQcfVGEzEpump,200,4000
life,2026-08-03T00:53:53.068Z,BwBFxTNL7kA1wr4dwFw8tZRE1zQM68gKQcfVGEzEpump,200,4000
life,2026-08-03T00:53:57.067Z,BwBFxTNL7kA1wr4dwFw8tZRE1zQM68gKQcfVGEzEpump,200,4000
life,2026-08-03T00:54:01.060Z,BwBFxTNL7kA1wr4dwFw8tZRE1zQM68gKQcfVGEzEpump,200,4000
life,2026-08-03T00:54:05.062Z,BwBFxTNL7kA1wr4dwFw8tZRE1zQM68gKQcfVGEzEpump,200,4000
life,2026-08-03T00:54:09.069Z,BwBFxTNL7kA1wr4dwFw8tZRE1zQM68gKQcfVGEzEpump,200,4000
life,2026-08-03T00:54:13.067Z,BwBFxTNL7kA1wr4dwFw8tZRE1zQM68gKQcfVGEzEpump,200,4000
life,2026-08-03T00:54:17.065Z,BwBFxTNL7kA1wr4dwFw8tZRE1zQM68gKQcfVGEzEpump,200,4000
life,2026-08-03T00:54:21.067Z,BwBFxTNL7kA1wr4dwFw8tZRE1zQM68gKQcfVGEzEpump,200,4000
life,2026-08-03T00:54:25.068Z,BwBFxTNL7kA1wr4dwFw8tZRE1zQM68gKQcfVGEzEpump,200,4000
life,2026-08-03T00:54:29.074Z,BwBFxTNL7kA1wr4dwFw8tZRE1zQM68gKQcfVGEzEpump,200,4000
life,2026-08-03T00:54:33.079Z,BwBFxTNL7kA1wr4dwFw8tZRE1zQM68gKQcfVGEzEpump,200,4000
life,2026-08-03T00:54:37.076Z,BwBFxTNL7kA1wr4dwFw8tZRE1zQM68gKQcfVGEzEpump,200,4000
life,2026-08-03T00:54:41.081Z,BwBFxTNL7kA1wr4dwFw8tZRE1zQM68gKQcfVGEzEpump,200,4000
life,2026-08-03T00:54:45.074Z,BwBFxTNL7kA1wr4dwFw8tZRE1zQM68gKQcfVGEzEpump,200,4000
life,2026-08-03T00:54:49.185Z,BwBFxTNL7kA1wr4dwFw8tZRE1zQM68gKQcfVGEzEpump,200,4000
life,2026-08-03T00:54:53.080Z,BwBFxTNL7kA1wr4dwFw8tZRE1zQM68gKQcfVGEzEpump,200,4000
life,2026-08-03T00:54:57.086Z,BwBFxTNL7kA1wr4dwFw8tZRE1zQM68gKQcfVGEzEpump,200,4000
life,2026-08-03T00:55:01.090Z,BwBFxTNL7kA1wr4dwFw8tZRE1zQM68gKQcfVGEzEpump,200,4000
life,2026-08-03T00:55:05.091Z,BwBFxTNL7kA1wr4dwFw8tZRE1zQM68gKQcfVGEzEpump,200,4000
life,2026-08-03T00:55:09.087Z,BwBFxTNL7kA1wr4dwFw8tZRE1zQM68gKQcfVGEzEpump,200,4000
life,2026-08-03T00:55:13.084Z,BwBFxTNL7kA1wr4dwFw8tZRE1zQM68gKQcfVGEzEpump,200,4000
life,2026-08-03T00:55:17.085Z,BwBFxTNL7kA1wr4dwFw8tZRE1zQM68gKQcfVGEzEpump,200,4000
life,2026-08-03T00:55:21.091Z,BwBFxTNL7kA1wr4dwFw8tZRE1zQM68gKQcfVGEzEpump,200,4000
life,2026-08-03T00:55:25.092Z,BwBFxTNL7kA1wr4dwFw8tZRE1zQM68gKQcfVGEzEpump,200,4000
life,2026-08-03T00:55:29.095Z,BwBFxTNL7kA1wr4dwFw8tZRE1zQM68gKQcfVGEzEpump,200,4000
life,2026-08-03T00:55:33.109Z,BwBFxTNL7kA1wr4dwFw8tZRE1zQM68gKQcfVGEzEpump,200,4000
life,2026-08-03T00:55:37.103Z,BwBFxTNL7kA1wr4dwFw8tZRE1zQM68gKQcfVGEzEpump,200,4000
life,2026-08-03T00:55:41.100Z,BwBFxTNL7kA1wr4dwFw8tZRE1zQM68gKQcfVGEzEpump,200,4000
life,2026-08-03T00:55:45.100Z,BwBFxTNL7kA1wr4dwFw8tZRE1zQM68gKQcfVGEzEpump,200,4000
life,2026-08-03T00:55:49.110Z,BwBFxTNL7kA1wr4dwFw8tZRE1zQM68gKQcfVGEzEpump,200,4000
life,2026-08-03T00:55:53.116Z,BwBFxTNL7kA1wr4dwFw8tZRE1zQM68gKQcfVGEzEpump,200,4000
life,2026-08-03T00:55:57.103Z,BwBFxTNL7kA1wr4dwFw8tZRE1zQM68gKQcfVGEzEpump,200,4000
life,2026-08-03T00:56:01.103Z,BwBFxTNL7kA1wr4dwFw8tZRE1zQM68gKQcfVGEzEpump,200,4000
life,2026-08-03T00:56:05.252Z,4moo1vE7oReTVzhMwx7awW2Ue8vSZncKpvCS1PV6pump,200,4000
life,2026-08-03T00:56:09.125Z,4moo1vE7oReTVzhMwx7awW2Ue8vSZncKpvCS1PV6pump,200,4000
life,2026-08-03T00:56:13.139Z,4moo1vE7oReTVzhMwx7awW2Ue8vSZncKpvCS1PV6pump,200,4000
life,2026-08-03T00:56:17.145Z,4moo1vE7oReTVzhMwx7awW2Ue8vSZncKpvCS1PV6pump,200,4000
life,2026-08-03T00:56:21.192Z,4moo1vE7oReTVzhMwx7awW2Ue8vSZncKpvCS1PV6pump,200,4000
life,2026-08-03T00:56:25.176Z,4moo1vE7oReTVzhMwx7awW2Ue8vSZncKpvCS1PV6pump,200,4000
life,2026-08-03T00:56:29.181Z,4moo1vE7oReTVzhMwx7awW2Ue8vSZncKpvCS1PV6pump,200,4000
life,2026-08-03T00:56:33.144Z,4moo1vE7oReTVzhMwx7awW2Ue8vSZncKpvCS1PV6pump,200,4000
life,2026-08-03T00:56:37.123Z,4moo1vE7oReTVzhMwx7awW2Ue8vSZncKpvCS1PV6pump,200,4000
life,2026-08-03T00:56:41.138Z,4moo1vE7oReTVzhMwx7awW2Ue8vSZncKpvCS1PV6pump,200,4000
life,2026-08-03T00:56:45.133Z,4moo1vE7oReTVzhMwx7awW2Ue8vSZncKpvCS1PV6pump,200,4000
life,2026-08-03T00:56:49.132Z,4moo1vE7oReTVzhMwx7awW2Ue8vSZncKpvCS1PV6pump,200,4000
life,2026-08-03T00:56:53.180Z,4moo1vE7oReTVzhMwx7awW2Ue8vSZncKpvCS1PV6pump,200,4000
life,2026-08-03T00:56:57.137Z,4moo1vE7oReTVzhMwx7awW2Ue8vSZncKpvCS1PV6pump,200,4000
life,2026-08-03T00:57:01.136Z,4moo1vE7oReTVzhMwx7awW2Ue8vSZncKpvCS1PV6pump,200,4000
life,2026-08-03T00:57:05.262Z,4moo1vE7oReTVzhMwx7awW2Ue8vSZncKpvCS1PV6pump,200,4000
life,2026-08-03T00:57:09.153Z,4moo1vE7oReTVzhMwx7awW2Ue8vSZncKpvCS1PV6pump,200,4000
life,2026-08-03T00:57:13.139Z,4moo1vE7oReTVzhMwx7awW2Ue8vSZncKpvCS1PV6pump,200,4000
life,2026-08-03T00:57:17.141Z,4moo1vE7oReTVzhMwx7awW2Ue8vSZncKpvCS1PV6pump,200,4000
life,2026-08-03T00:57:21.147Z,4moo1vE7oReTVzhMwx7awW2Ue8vSZncKpvCS1PV6pump,200,4000
life,2026-08-03T00:57:25.189Z,4moo1vE7oReTVzhMwx7awW2Ue8vSZncKpvCS1PV6pump,200,4000
life,2026-08-03T00:57:29.149Z,4moo1vE7oReTVzhMwx7awW2Ue8vSZncKpvCS1PV6pump,200,4000
life,2026-08-03T00:57:33.153Z,4moo1vE7oReTVzhMwx7awW2Ue8vSZncKpvCS1PV6pump,200,4000
life,2026-08-03T00:57:37.162Z,4moo1vE7oReTVzhMwx7awW2Ue8vSZncKpvCS1PV6pump,200,4000
life,2026-08-03T00:57:41.153Z,4moo1vE7oReTVzhMwx7awW2Ue8vSZncKpvCS1PV6pump,200,4000
life,2026-08-03T00:57:45.154Z,4moo1vE7oReTVzhMwx7awW2Ue8vSZncKpvCS1PV6pump,200,4000
life,2026-08-03T00:57:49.156Z,4moo1vE7oReTVzhMwx7awW2Ue8vSZncKpvCS1PV6pump,200,4000
life,2026-08-03T00:57:53.155Z,4moo1vE7oReTVzhMwx7awW2Ue8vSZncKpvCS1PV6pump,200,4000
life,2026-08-03T00:57:57.161Z,4moo1vE7oReTVzhMwx7awW2Ue8vSZncKpvCS1PV6pump,200,4000
life,2026-08-03T00:58:01.159Z,4moo1vE7oReTVzhMwx7awW2Ue8vSZncKpvCS1PV6pump,200,4000
life,2026-08-03T00:58:05.162Z,4moo1vE7oReTVzhMwx7awW2Ue8vSZncKpvCS1PV6pump,200,4000
life,2026-08-03T00:58:09.160Z,4moo1vE7oReTVzhMwx7awW2Ue8vSZncKpvCS1PV6pump,200,4000
life,2026-08-03T00:58:13.171Z,4moo1vE7oReTVzhMwx7awW2Ue8vSZncKpvCS1PV6pump,200,4000
life,2026-08-03T00:58:17.173Z,4moo1vE7oReTVzhMwx7awW2Ue8vSZncKpvCS1PV6pump,200,4000
life,2026-08-03T00:58:21.177Z,4moo1vE7oReTVzhMwx7awW2Ue8vSZncKpvCS1PV6pump,200,4000
life,2026-08-03T00:58:25.191Z,4moo1vE7oReTVzhMwx7awW2Ue8vSZncKpvCS1PV6pump,200,4000
life,2026-08-03T00:58:29.170Z,4moo1vE7oReTVzhMwx7awW2Ue8vSZncKpvCS1PV6pump,200,4000
life,2026-08-03T00:58:33.181Z,4moo1vE7oReTVzhMwx7awW2Ue8vSZncKpvCS1PV6pump,200,4000
life,2026-08-03T00:58:37.184Z,4moo1vE7oReTVzhMwx7awW2Ue8vSZncKpvCS1PV6pump,200,4000
life,2026-08-03T00:58:41.180Z,4moo1vE7oReTVzhMwx7awW2Ue8vSZncKpvCS1PV6pump,200,4000
life,2026-08-03T00:58:45.181Z,4moo1vE7oReTVzhMwx7awW2Ue8vSZncKpvCS1PV6pump,200,4000
life,2026-08-03T00:58:49.178Z,4moo1vE7oReTVzhMwx7awW2Ue8vSZncKpvCS1PV6pump,200,4000
life,2026-08-03T00:58:53.183Z,4moo1vE7oReTVzhMwx7awW2Ue8vSZncKpvCS1PV6pump,200,4000
life,2026-08-03T00:58:57.203Z,4moo1vE7oReTVzhMwx7awW2Ue8vSZncKpvCS1PV6pump,200,4000
life,2026-08-03T00:59:01.208Z,4moo1vE7oReTVzhMwx7awW2Ue8vSZncKpvCS1PV6pump,200,4000
life,2026-08-03T00:59:05.200Z,4moo1vE7oReTVzhMwx7awW2Ue8vSZncKpvCS1PV6pump,200,4000
life,2026-08-03T00:59:09.192Z,4moo1vE7oReTVzhMwx7awW2Ue8vSZncKpvCS1PV6pump,200,4000
life,2026-08-03T00:59:13.195Z,4moo1vE7oReTVzhMwx7awW2Ue8vSZncKpvCS1PV6pump,200,4000
life,2026-08-03T00:59:17.217Z,4moo1vE7oReTVzhMwx7awW2Ue8vSZncKpvCS1PV6pump,200,4000
life,2026-08-03T00:59:21.204Z,4moo1vE7oReTVzhMwx7awW2Ue8vSZncKpvCS1PV6pump,200,4000
life,2026-08-03T00:59:25.203Z,4moo1vE7oReTVzhMwx7awW2Ue8vSZncKpvCS1PV6pump,200,4000
life,2026-08-03T00:59:29.202Z,4moo1vE7oReTVzhMwx7awW2Ue8vSZncKpvCS1PV6pump,200,4000
life,2026-08-03T00:59:33.202Z,4moo1vE7oReTVzhMwx7awW2Ue8vSZncKpvCS1PV6pump,200,4000
life,2026-08-03T00:59:37.200Z,4moo1vE7oReTVzhMwx7awW2Ue8vSZncKpvCS1PV6pump,200,4000
life,2026-08-03T00:59:41.204Z,4moo1vE7oReTVzhMwx7awW2Ue8vSZncKpvCS1PV6pump,200,4000
life,2026-08-03T00:59:45.229Z,4moo1vE7oReTVzhMwx7awW2Ue8vSZncKpvCS1PV6pump,200,4000
life,2026-08-03T00:59:49.212Z,4moo1vE7oReTVzhMwx7awW2Ue8vSZncKpvCS1PV6pump,200,4000
life,2026-08-03T00:59:53.207Z,4moo1vE7oReTVzhMwx7awW2Ue8vSZncKpvCS1PV6pump,200,4000
life,2026-08-03T00:59:57.207Z,4moo1vE7oReTVzhMwx7awW2Ue8vSZncKpvCS1PV6pump,200,4000
life,2026-08-03T01:00:01.215Z,4moo1vE7oReTVzhMwx7awW2Ue8vSZncKpvCS1PV6pump,200,4000
life,2026-08-03T01:00:35.137Z,4moo1vE7oReTVzhMwx7awW2Ue8vSZncKpvCS1PV6pump,transport,4000
life,2026-08-03T01:00:59.223Z,4moo1vE7oReTVzhMwx7awW2Ue8vSZncKpvCS1PV6pump,200,6400
life,2026-08-03T01:01:02.577Z,4moo1vE7oReTVzhMwx7awW2Ue8vSZncKpvCS1PV6pump,200,6400
life,2026-08-03T01:01:05.782Z,4moo1vE7oReTVzhMwx7awW2Ue8vSZncKpvCS1PV6pump,200,6400
life,2026-08-03T01:01:12.392Z,4moo1vE7oReTVzhMwx7awW2Ue8vSZncKpvCS1PV6pump,200,6400
life,2026-08-03T01:01:18.634Z,4moo1vE7oReTVzhMwx7awW2Ue8vSZncKpvCS1PV6pump,200,6400
life,2026-08-03T01:01:24.095Z,4moo1vE7oReTVzhMwx7awW2Ue8vSZncKpvCS1PV6pump,200,5440
life,2026-08-03T01:01:29.513Z,4moo1vE7oReTVzhMwx7awW2Ue8vSZncKpvCS1PV6pump,200,5440
life,2026-08-03T01:01:34.970Z,6HWgQuKsq96UguqoZPfeLxN9TgNTq18yUrKv6EvEpump,200,5440
life,2026-08-03T01:01:40.423Z,6HWgQuKsq96UguqoZPfeLxN9TgNTq18yUrKv6EvEpump,200,5440
life,2026-08-03T01:01:45.845Z,6HWgQuKsq96UguqoZPfeLxN9TgNTq18yUrKv6EvEpump,200,5440
life,2026-08-03T01:01:50.470Z,6HWgQuKsq96UguqoZPfeLxN9TgNTq18yUrKv6EvEpump,200,4624
life,2026-08-03T01:01:55.093Z,6HWgQuKsq96UguqoZPfeLxN9TgNTq18yUrKv6EvEpump,200,4624
life,2026-08-03T01:01:59.713Z,6HWgQuKsq96UguqoZPfeLxN9TgNTq18yUrKv6EvEpump,200,4624
life,2026-08-03T01:02:04.357Z,6HWgQuKsq96UguqoZPfeLxN9TgNTq18yUrKv6EvEpump,200,4624
life,2026-08-03T01:02:08.977Z,6HWgQuKsq96UguqoZPfeLxN9TgNTq18yUrKv6EvEpump,200,4624
life,2026-08-03T01:02:12.904Z,6HWgQuKsq96UguqoZPfeLxN9TgNTq18yUrKv6EvEpump,200,4000
life,2026-08-03T01:02:16.905Z,6HWgQuKsq96UguqoZPfeLxN9TgNTq18yUrKv6EvEpump,200,4000
life,2026-08-03T01:02:20.899Z,6HWgQuKsq96UguqoZPfeLxN9TgNTq18yUrKv6EvEpump,200,4000
life,2026-08-03T01:02:24.905Z,6HWgQuKsq96UguqoZPfeLxN9TgNTq18yUrKv6EvEpump,200,4000
life,2026-08-03T01:02:28.909Z,6HWgQuKsq96UguqoZPfeLxN9TgNTq18yUrKv6EvEpump,200,4000
life,2026-08-03T01:02:32.913Z,6HWgQuKsq96UguqoZPfeLxN9TgNTq18yUrKv6EvEpump,200,4000
life,2026-08-03T01:02:36.915Z,6HWgQuKsq96UguqoZPfeLxN9TgNTq18yUrKv6EvEpump,200,4000
life,2026-08-03T01:02:40.933Z,6HWgQuKsq96UguqoZPfeLxN9TgNTq18yUrKv6EvEpump,200,4000
life,2026-08-03T01:02:44.924Z,6HWgQuKsq96UguqoZPfeLxN9TgNTq18yUrKv6EvEpump,200,4000
life,2026-08-03T01:02:48.922Z,6HWgQuKsq96UguqoZPfeLxN9TgNTq18yUrKv6EvEpump,200,4000
life,2026-08-03T01:02:52.930Z,6HWgQuKsq96UguqoZPfeLxN9TgNTq18yUrKv6EvEpump,200,4000
life,2026-08-03T01:02:56.913Z,6HWgQuKsq96UguqoZPfeLxN9TgNTq18yUrKv6EvEpump,200,4000
life,2026-08-03T01:03:00.914Z,6HWgQuKsq96UguqoZPfeLxN9TgNTq18yUrKv6EvEpump,200,4000
life,2026-08-03T01:03:04.921Z,6HWgQuKsq96UguqoZPfeLxN9TgNTq18yUrKv6EvEpump,200,4000
life,2026-08-03T01:03:08.919Z,6HWgQuKsq96UguqoZPfeLxN9TgNTq18yUrKv6EvEpump,200,4000
life,2026-08-03T01:03:13.179Z,6cmSs58irWKE2ayjUouJgawxgM6zvhqVdnZPRV7Zpump,200,4000
life,2026-08-03T01:03:16.921Z,6cmSs58irWKE2ayjUouJgawxgM6zvhqVdnZPRV7Zpump,200,4000
life,2026-08-03T01:03:20.923Z,6cmSs58irWKE2ayjUouJgawxgM6zvhqVdnZPRV7Zpump,200,4000
life,2026-08-03T01:03:24.930Z,6cmSs58irWKE2ayjUouJgawxgM6zvhqVdnZPRV7Zpump,200,4000
life,2026-08-03T01:03:28.934Z,6cmSs58irWKE2ayjUouJgawxgM6zvhqVdnZPRV7Zpump,200,4000
life,2026-08-03T01:03:32.925Z,6cmSs58irWKE2ayjUouJgawxgM6zvhqVdnZPRV7Zpump,200,4000
life,2026-08-03T01:03:36.939Z,6cmSs58irWKE2ayjUouJgawxgM6zvhqVdnZPRV7Zpump,200,4000
life,2026-08-03T01:03:40.949Z,6cmSs58irWKE2ayjUouJgawxgM6zvhqVdnZPRV7Zpump,200,4000
life,2026-08-03T01:03:44.935Z,6cmSs58irWKE2ayjUouJgawxgM6zvhqVdnZPRV7Zpump,200,4000
life,2026-08-03T01:03:48.938Z,6cmSs58irWKE2ayjUouJgawxgM6zvhqVdnZPRV7Zpump,200,4000
life,2026-08-03T01:03:52.945Z,6cmSs58irWKE2ayjUouJgawxgM6zvhqVdnZPRV7Zpump,200,4000
life,2026-08-03T01:03:56.950Z,6cmSs58irWKE2ayjUouJgawxgM6zvhqVdnZPRV7Zpump,200,4000
life,2026-08-03T01:04:00.941Z,6cmSs58irWKE2ayjUouJgawxgM6zvhqVdnZPRV7Zpump,200,4000
life,2026-08-03T01:04:04.941Z,6cmSs58irWKE2ayjUouJgawxgM6zvhqVdnZPRV7Zpump,200,4000
life,2026-08-03T01:04:08.946Z,6cmSs58irWKE2ayjUouJgawxgM6zvhqVdnZPRV7Zpump,200,4000
life,2026-08-03T01:04:12.954Z,6cmSs58irWKE2ayjUouJgawxgM6zvhqVdnZPRV7Zpump,200,4000
life,2026-08-03T01:04:16.950Z,6cmSs58irWKE2ayjUouJgawxgM6zvhqVdnZPRV7Zpump,200,4000
life,2026-08-03T01:04:20.960Z,6cmSs58irWKE2ayjUouJgawxgM6zvhqVdnZPRV7Zpump,200,4000
life,2026-08-03T01:04:24.982Z,6cmSs58irWKE2ayjUouJgawxgM6zvhqVdnZPRV7Zpump,200,4000
life,2026-08-03T01:04:28.959Z,6cmSs58irWKE2ayjUouJgawxgM6zvhqVdnZPRV7Zpump,200,4000
life,2026-08-03T01:04:32.960Z,6cmSs58irWKE2ayjUouJgawxgM6zvhqVdnZPRV7Zpump,200,4000
life,2026-08-03T01:04:36.953Z,6cmSs58irWKE2ayjUouJgawxgM6zvhqVdnZPRV7Zpump,200,4000
life,2026-08-03T01:04:40.974Z,6cmSs58irWKE2ayjUouJgawxgM6zvhqVdnZPRV7Zpump,200,4000
life,2026-08-03T01:04:44.960Z,6cmSs58irWKE2ayjUouJgawxgM6zvhqVdnZPRV7Zpump,200,4000
life,2026-08-03T01:04:48.962Z,6cmSs58irWKE2ayjUouJgawxgM6zvhqVdnZPRV7Zpump,200,4000
life,2026-08-03T01:04:52.958Z,6cmSs58irWKE2ayjUouJgawxgM6zvhqVdnZPRV7Zpump,200,4000
life,2026-08-03T01:04:56.966Z,6cmSs58irWKE2ayjUouJgawxgM6zvhqVdnZPRV7Zpump,200,4000
life,2026-08-03T01:05:00.976Z,6cmSs58irWKE2ayjUouJgawxgM6zvhqVdnZPRV7Zpump,200,4000
life,2026-08-03T01:05:04.975Z,6cmSs58irWKE2ayjUouJgawxgM6zvhqVdnZPRV7Zpump,200,4000
life,2026-08-03T01:05:08.963Z,6cmSs58irWKE2ayjUouJgawxgM6zvhqVdnZPRV7Zpump,200,4000
life,2026-08-03T01:05:12.962Z,6cmSs58irWKE2ayjUouJgawxgM6zvhqVdnZPRV7Zpump,200,4000
life,2026-08-03T01:05:16.966Z,6cmSs58irWKE2ayjUouJgawxgM6zvhqVdnZPRV7Zpump,200,4000
life,2026-08-03T01:05:20.967Z,6cmSs58irWKE2ayjUouJgawxgM6zvhqVdnZPRV7Zpump,200,4000
life,2026-08-03T01:05:25.003Z,6cmSs58irWKE2ayjUouJgawxgM6zvhqVdnZPRV7Zpump,200,4000
life,2026-08-03T01:05:28.979Z,6cmSs58irWKE2ayjUouJgawxgM6zvhqVdnZPRV7Zpump,200,4000
life,2026-08-03T01:05:32.975Z,6cmSs58irWKE2ayjUouJgawxgM6zvhqVdnZPRV7Zpump,200,4000
life,2026-08-03T01:05:36.982Z,6cmSs58irWKE2ayjUouJgawxgM6zvhqVdnZPRV7Zpump,200,4000
life,2026-08-03T01:05:40.972Z,6cmSs58irWKE2ayjUouJgawxgM6zvhqVdnZPRV7Zpump,200,4000
life,2026-08-03T01:05:44.987Z,6cmSs58irWKE2ayjUouJgawxgM6zvhqVdnZPRV7Zpump,200,4000
life,2026-08-03T01:05:48.985Z,6cmSs58irWKE2ayjUouJgawxgM6zvhqVdnZPRV7Zpump,200,4000
life,2026-08-03T01:05:52.990Z,6cmSs58irWKE2ayjUouJgawxgM6zvhqVdnZPRV7Zpump,200,4000
life,2026-08-03T01:05:56.985Z,6cmSs58irWKE2ayjUouJgawxgM6zvhqVdnZPRV7Zpump,200,4000
life,2026-08-03T01:06:00.998Z,6cmSs58irWKE2ayjUouJgawxgM6zvhqVdnZPRV7Zpump,200,4000
life,2026-08-03T01:06:04.998Z,6cmSs58irWKE2ayjUouJgawxgM6zvhqVdnZPRV7Zpump,200,4000
life,2026-08-03T01:06:08.998Z,6cmSs58irWKE2ayjUouJgawxgM6zvhqVdnZPRV7Zpump,200,4000
life,2026-08-03T01:06:13.209Z,6cmSs58irWKE2ayjUouJgawxgM6zvhqVdnZPRV7Zpump,200,4000
life,2026-08-03T01:06:17.001Z,6cmSs58irWKE2ayjUouJgawxgM6zvhqVdnZPRV7Zpump,200,4000
life,2026-08-03T01:06:21.001Z,6cmSs58irWKE2ayjUouJgawxgM6zvhqVdnZPRV7Zpump,200,4000
life,2026-08-03T01:06:25.001Z,6cmSs58irWKE2ayjUouJgawxgM6zvhqVdnZPRV7Zpump,200,4000
life,2026-08-03T01:06:29.016Z,6cmSs58irWKE2ayjUouJgawxgM6zvhqVdnZPRV7Zpump,200,4000
life,2026-08-03T01:06:32.998Z,6cmSs58irWKE2ayjUouJgawxgM6zvhqVdnZPRV7Zpump,200,4000
life,2026-08-03T01:06:37.016Z,6cmSs58irWKE2ayjUouJgawxgM6zvhqVdnZPRV7Zpump,200,4000
life,2026-08-03T01:06:41.006Z,6cmSs58irWKE2ayjUouJgawxgM6zvhqVdnZPRV7Zpump,200,4000
life,2026-08-03T01:06:45.001Z,6cmSs58irWKE2ayjUouJgawxgM6zvhqVdnZPRV7Zpump,200,4000
life,2026-08-03T01:06:49.021Z,6cmSs58irWKE2ayjUouJgawxgM6zvhqVdnZPRV7Zpump,200,4000
life,2026-08-03T01:06:53.072Z,6cmSs58irWKE2ayjUouJgawxgM6zvhqVdnZPRV7Zpump,200,4000
life,2026-08-03T01:06:57.016Z,6cmSs58irWKE2ayjUouJgawxgM6zvhqVdnZPRV7Zpump,200,4000
life,2026-08-03T01:07:01.059Z,6cmSs58irWKE2ayjUouJgawxgM6zvhqVdnZPRV7Zpump,200,4000
life,2026-08-03T01:07:05.064Z,6cmSs58irWKE2ayjUouJgawxgM6zvhqVdnZPRV7Zpump,200,4000
life,2026-08-03T01:07:09.019Z,6cmSs58irWKE2ayjUouJgawxgM6zvhqVdnZPRV7Zpump,200,4000
life,2026-08-03T01:07:13.021Z,6cmSs58irWKE2ayjUouJgawxgM6zvhqVdnZPRV7Zpump,200,4000
life,2026-08-03T01:07:17.203Z,6cmSs58irWKE2ayjUouJgawxgM6zvhqVdnZPRV7Zpump,200,4000
life,2026-08-03T01:07:21.068Z,6cmSs58irWKE2ayjUouJgawxgM6zvhqVdnZPRV7Zpump,200,4000
life,2026-08-03T01:07:25.050Z,6cmSs58irWKE2ayjUouJgawxgM6zvhqVdnZPRV7Zpump,200,4000
life,2026-08-03T01:07:29.073Z,6cmSs58irWKE2ayjUouJgawxgM6zvhqVdnZPRV7Zpump,200,4000
life,2026-08-03T01:07:33.069Z,6cmSs58irWKE2ayjUouJgawxgM6zvhqVdnZPRV7Zpump,200,4000
life,2026-08-03T01:07:37.060Z,6cmSs58irWKE2ayjUouJgawxgM6zvhqVdnZPRV7Zpump,200,4000
life,2026-08-03T01:07:41.029Z,6cmSs58irWKE2ayjUouJgawxgM6zvhqVdnZPRV7Zpump,200,4000
life,2026-08-03T01:07:45.036Z,6cmSs58irWKE2ayjUouJgawxgM6zvhqVdnZPRV7Zpump,200,4000
life,2026-08-03T01:07:49.043Z,6cmSs58irWKE2ayjUouJgawxgM6zvhqVdnZPRV7Zpump,200,4000
life,2026-08-03T01:07:53.048Z,6cmSs58irWKE2ayjUouJgawxgM6zvhqVdnZPRV7Zpump,200,4000
life,2026-08-03T01:07:57.048Z,6cmSs58irWKE2ayjUouJgawxgM6zvhqVdnZPRV7Zpump,200,4000
life,2026-08-03T01:08:01.037Z,6cmSs58irWKE2ayjUouJgawxgM6zvhqVdnZPRV7Zpump,200,4000
life,2026-08-03T01:08:05.038Z,6cmSs58irWKE2ayjUouJgawxgM6zvhqVdnZPRV7Zpump,200,4000
life,2026-08-03T01:08:09.033Z,6cmSs58irWKE2ayjUouJgawxgM6zvhqVdnZPRV7Zpump,200,4000
life,2026-08-03T01:08:13.037Z,6cmSs58irWKE2ayjUouJgawxgM6zvhqVdnZPRV7Zpump,200,4000
life,2026-08-03T01:08:17.036Z,6cmSs58irWKE2ayjUouJgawxgM6zvhqVdnZPRV7Zpump,200,4000
life,2026-08-03T01:08:21.041Z,6cmSs58irWKE2ayjUouJgawxgM6zvhqVdnZPRV7Zpump,200,4000
life,2026-08-03T01:08:25.060Z,6cmSs58irWKE2ayjUouJgawxgM6zvhqVdnZPRV7Zpump,200,4000
life,2026-08-03T01:08:29.041Z,6cmSs58irWKE2ayjUouJgawxgM6zvhqVdnZPRV7Zpump,200,4000
life,2026-08-03T01:08:33.061Z,6cmSs58irWKE2ayjUouJgawxgM6zvhqVdnZPRV7Zpump,200,4000
life,2026-08-03T01:08:37.038Z,6cmSs58irWKE2ayjUouJgawxgM6zvhqVdnZPRV7Zpump,200,4000
life,2026-08-03T01:08:41.104Z,6cmSs58irWKE2ayjUouJgawxgM6zvhqVdnZPRV7Zpump,200,4000
life,2026-08-03T01:08:45.177Z,6cmSs58irWKE2ayjUouJgawxgM6zvhqVdnZPRV7Zpump,200,4000
life,2026-08-03T01:08:49.045Z,6cmSs58irWKE2ayjUouJgawxgM6zvhqVdnZPRV7Zpump,200,4000
life,2026-08-03T01:08:53.054Z,6cmSs58irWKE2ayjUouJgawxgM6zvhqVdnZPRV7Zpump,200,4000
life,2026-08-03T01:08:57.046Z,6cmSs58irWKE2ayjUouJgawxgM6zvhqVdnZPRV7Zpump,200,4000
life,2026-08-03T01:09:01.064Z,6mXDkq6ytS174mGXqBbLareojc89drKi1sZuG7WDpump,200,4000
life,2026-08-03T01:09:05.059Z,6mXDkq6ytS174mGXqBbLareojc89drKi1sZuG7WDpump,200,4000
life,2026-08-03T01:09:09.111Z,6mXDkq6ytS174mGXqBbLareojc89drKi1sZuG7WDpump,200,4000
life,2026-08-03T01:09:13.283Z,6mXDkq6ytS174mGXqBbLareojc89drKi1sZuG7WDpump,200,4000
life,2026-08-03T01:09:17.074Z,6mXDkq6ytS174mGXqBbLareojc89drKi1sZuG7WDpump,200,4000
life,2026-08-03T01:09:21.063Z,6mXDkq6ytS174mGXqBbLareojc89drKi1sZuG7WDpump,200,4000
life,2026-08-03T01:09:25.131Z,6mXDkq6ytS174mGXqBbLareojc89drKi1sZuG7WDpump,200,4000
life,2026-08-03T01:09:29.066Z,6mXDkq6ytS174mGXqBbLareojc89drKi1sZuG7WDpump,200,4000
life,2026-08-03T01:09:33.066Z,6mXDkq6ytS174mGXqBbLareojc89drKi1sZuG7WDpump,200,4000
life,2026-08-03T01:09:37.068Z,6mXDkq6ytS174mGXqBbLareojc89drKi1sZuG7WDpump,200,4000
life,2026-08-03T01:09:41.071Z,6mXDkq6ytS174mGXqBbLareojc89drKi1sZuG7WDpump,200,4000
life,2026-08-03T01:09:45.073Z,6mXDkq6ytS174mGXqBbLareojc89drKi1sZuG7WDpump,200,4000
life,2026-08-03T01:09:49.078Z,6mXDkq6ytS174mGXqBbLareojc89drKi1sZuG7WDpump,200,4000
life,2026-08-03T01:09:53.076Z,6mXDkq6ytS174mGXqBbLareojc89drKi1sZuG7WDpump,200,4000
life,2026-08-03T01:09:57.080Z,6mXDkq6ytS174mGXqBbLareojc89drKi1sZuG7WDpump,200,4000
life,2026-08-03T01:10:01.081Z,6mXDkq6ytS174mGXqBbLareojc89drKi1sZuG7WDpump,200,4000
life,2026-08-03T01:10:05.080Z,6mXDkq6ytS174mGXqBbLareojc89drKi1sZuG7WDpump,200,4000
life,2026-08-03T01:10:09.089Z,6mXDkq6ytS174mGXqBbLareojc89drKi1sZuG7WDpump,200,4000
life,2026-08-03T01:10:13.104Z,7333nQt9wsxqaYipXdC96Jq3wNZZpVoFf4tiFraEpump,200,4000
life,2026-08-03T01:10:17.099Z,7333nQt9wsxqaYipXdC96Jq3wNZZpVoFf4tiFraEpump,200,4000
life,2026-08-03T01:10:21.106Z,7333nQt9wsxqaYipXdC96Jq3wNZZpVoFf4tiFraEpump,200,4000
life,2026-08-03T01:10:25.096Z,7333nQt9wsxqaYipXdC96Jq3wNZZpVoFf4tiFraEpump,200,4000
life,2026-08-03T01:10:29.103Z,7333nQt9wsxqaYipXdC96Jq3wNZZpVoFf4tiFraEpump,200,4000
life,2026-08-03T01:10:33.095Z,7333nQt9wsxqaYipXdC96Jq3wNZZpVoFf4tiFraEpump,200,4000
life,2026-08-03T01:10:37.091Z,7333nQt9wsxqaYipXdC96Jq3wNZZpVoFf4tiFraEpump,200,4000
life,2026-08-03T01:10:41.090Z,7333nQt9wsxqaYipXdC96Jq3wNZZpVoFf4tiFraEpump,200,4000
life,2026-08-03T01:10:45.125Z,GxN4wsPK42AsN8xgaj6xMynFmdCwHyeCGGgvGNF3pump,200,4000
life,2026-08-03T01:10:49.112Z,GxN4wsPK42AsN8xgaj6xMynFmdCwHyeCGGgvGNF3pump,200,4000
life,2026-08-03T01:10:53.132Z,GxN4wsPK42AsN8xgaj6xMynFmdCwHyeCGGgvGNF3pump,200,4000
life,2026-08-03T01:10:57.107Z,GxN4wsPK42AsN8xgaj6xMynFmdCwHyeCGGgvGNF3pump,200,4000
life,2026-08-03T01:11:01.106Z,GxN4wsPK42AsN8xgaj6xMynFmdCwHyeCGGgvGNF3pump,200,4000
life,2026-08-03T01:11:05.110Z,GxN4wsPK42AsN8xgaj6xMynFmdCwHyeCGGgvGNF3pump,200,4000
life,2026-08-03T01:11:09.106Z,GxN4wsPK42AsN8xgaj6xMynFmdCwHyeCGGgvGNF3pump,200,4000
life,2026-08-03T01:11:13.107Z,GxN4wsPK42AsN8xgaj6xMynFmdCwHyeCGGgvGNF3pump,200,4000
life,2026-08-03T01:11:17.113Z,GxN4wsPK42AsN8xgaj6xMynFmdCwHyeCGGgvGNF3pump,200,4000
life,2026-08-03T01:11:21.110Z,GxN4wsPK42AsN8xgaj6xMynFmdCwHyeCGGgvGNF3pump,200,4000
life,2026-08-03T01:11:25.109Z,GxN4wsPK42AsN8xgaj6xMynFmdCwHyeCGGgvGNF3pump,200,4000
life,2026-08-03T01:11:29.130Z,GxN4wsPK42AsN8xgaj6xMynFmdCwHyeCGGgvGNF3pump,200,4000
life,2026-08-03T01:11:33.120Z,GxN4wsPK42AsN8xgaj6xMynFmdCwHyeCGGgvGNF3pump,200,4000
life,2026-08-03T01:11:37.120Z,GxN4wsPK42AsN8xgaj6xMynFmdCwHyeCGGgvGNF3pump,200,4000
life,2026-08-03T01:11:41.118Z,GxN4wsPK42AsN8xgaj6xMynFmdCwHyeCGGgvGNF3pump,200,4000
life,2026-08-03T01:11:45.115Z,GxN4wsPK42AsN8xgaj6xMynFmdCwHyeCGGgvGNF3pump,200,4000
life,2026-08-03T01:11:49.130Z,GxN4wsPK42AsN8xgaj6xMynFmdCwHyeCGGgvGNF3pump,200,4000
life,2026-08-03T01:11:53.139Z,GxN4wsPK42AsN8xgaj6xMynFmdCwHyeCGGgvGNF3pump,200,4000
life,2026-08-03T01:11:57.125Z,GxN4wsPK42AsN8xgaj6xMynFmdCwHyeCGGgvGNF3pump,200,4000
life,2026-08-03T01:12:01.121Z,GxN4wsPK42AsN8xgaj6xMynFmdCwHyeCGGgvGNF3pump,200,4000
life,2026-08-03T01:12:05.121Z,GxN4wsPK42AsN8xgaj6xMynFmdCwHyeCGGgvGNF3pump,200,4000
life,2026-08-03T01:12:09.144Z,GxN4wsPK42AsN8xgaj6xMynFmdCwHyeCGGgvGNF3pump,200,4000
life,2026-08-03T01:12:13.127Z,GxN4wsPK42AsN8xgaj6xMynFmdCwHyeCGGgvGNF3pump,200,4000
life,2026-08-03T01:12:17.138Z,GxN4wsPK42AsN8xgaj6xMynFmdCwHyeCGGgvGNF3pump,200,4000
life,2026-08-03T01:12:21.137Z,GxN4wsPK42AsN8xgaj6xMynFmdCwHyeCGGgvGNF3pump,200,4000
life,2026-08-03T01:12:25.127Z,GxN4wsPK42AsN8xgaj6xMynFmdCwHyeCGGgvGNF3pump,200,4000
life,2026-08-03T01:12:29.132Z,GxN4wsPK42AsN8xgaj6xMynFmdCwHyeCGGgvGNF3pump,200,4000
life,2026-08-03T01:12:33.135Z,GxN4wsPK42AsN8xgaj6xMynFmdCwHyeCGGgvGNF3pump,200,4000
life,2026-08-03T01:12:37.140Z,GxN4wsPK42AsN8xgaj6xMynFmdCwHyeCGGgvGNF3pump,200,4000
life,2026-08-03T01:12:41.134Z,GxN4wsPK42AsN8xgaj6xMynFmdCwHyeCGGgvGNF3pump,200,4000
life,2026-08-03T01:12:45.135Z,GxN4wsPK42AsN8xgaj6xMynFmdCwHyeCGGgvGNF3pump,200,4000
life,2026-08-03T01:12:49.141Z,GxN4wsPK42AsN8xgaj6xMynFmdCwHyeCGGgvGNF3pump,200,4000
life,2026-08-03T01:12:53.242Z,GxN4wsPK42AsN8xgaj6xMynFmdCwHyeCGGgvGNF3pump,200,4000
life,2026-08-03T01:12:57.136Z,GxN4wsPK42AsN8xgaj6xMynFmdCwHyeCGGgvGNF3pump,200,4000
life,2026-08-03T01:13:01.149Z,GxN4wsPK42AsN8xgaj6xMynFmdCwHyeCGGgvGNF3pump,200,4000
life,2026-08-03T01:13:05.141Z,GxN4wsPK42AsN8xgaj6xMynFmdCwHyeCGGgvGNF3pump,200,4000
life,2026-08-03T01:13:09.228Z,3BhUv3FtuuqBgM1n6yYEhEvQ78dpdR99v4frjmXUpump,200,4000
life,2026-08-03T01:13:13.163Z,3BhUv3FtuuqBgM1n6yYEhEvQ78dpdR99v4frjmXUpump,200,4000
life,2026-08-03T01:13:17.236Z,3BhUv3FtuuqBgM1n6yYEhEvQ78dpdR99v4frjmXUpump,200,4000
life,2026-08-03T01:13:21.165Z,3BhUv3FtuuqBgM1n6yYEhEvQ78dpdR99v4frjmXUpump,200,4000
life,2026-08-03T01:13:25.258Z,3BhUv3FtuuqBgM1n6yYEhEvQ78dpdR99v4frjmXUpump,200,4000
life,2026-08-03T01:13:29.169Z,3BhUv3FtuuqBgM1n6yYEhEvQ78dpdR99v4frjmXUpump,200,4000
life,2026-08-03T01:13:33.174Z,3BhUv3FtuuqBgM1n6yYEhEvQ78dpdR99v4frjmXUpump,200,4000
life,2026-08-03T01:13:37.171Z,3BhUv3FtuuqBgM1n6yYEhEvQ78dpdR99v4frjmXUpump,200,4000
life,2026-08-03T01:13:41.173Z,3BhUv3FtuuqBgM1n6yYEhEvQ78dpdR99v4frjmXUpump,200,4000
life,2026-08-03T01:13:45.177Z,3BhUv3FtuuqBgM1n6yYEhEvQ78dpdR99v4frjmXUpump,200,4000
life,2026-08-03T01:13:49.734Z,3BhUv3FtuuqBgM1n6yYEhEvQ78dpdR99v4frjmXUpump,200,4000
life,2026-08-03T01:13:53.321Z,3BhUv3FtuuqBgM1n6yYEhEvQ78dpdR99v4frjmXUpump,200,4000
life,2026-08-03T01:13:57.177Z,3BhUv3FtuuqBgM1n6yYEhEvQ78dpdR99v4frjmXUpump,200,4000
life,2026-08-03T01:14:01.177Z,3BhUv3FtuuqBgM1n6yYEhEvQ78dpdR99v4frjmXUpump,200,4000
life,2026-08-03T01:14:05.201Z,3BhUv3FtuuqBgM1n6yYEhEvQ78dpdR99v4frjmXUpump,200,4000
life,2026-08-03T01:14:09.181Z,3BhUv3FtuuqBgM1n6yYEhEvQ78dpdR99v4frjmXUpump,200,4000
life,2026-08-03T01:14:13.193Z,3BhUv3FtuuqBgM1n6yYEhEvQ78dpdR99v4frjmXUpump,200,4000
life,2026-08-03T01:14:17.186Z,3BhUv3FtuuqBgM1n6yYEhEvQ78dpdR99v4frjmXUpump,200,4000
life,2026-08-03T01:14:21.188Z,3BhUv3FtuuqBgM1n6yYEhEvQ78dpdR99v4frjmXUpump,200,4000
life,2026-08-03T01:14:25.199Z,3BhUv3FtuuqBgM1n6yYEhEvQ78dpdR99v4frjmXUpump,200,4000
life,2026-08-03T01:14:29.192Z,3BhUv3FtuuqBgM1n6yYEhEvQ78dpdR99v4frjmXUpump,200,4000
life,2026-08-03T01:14:33.199Z,3BhUv3FtuuqBgM1n6yYEhEvQ78dpdR99v4frjmXUpump,200,4000
life,2026-08-03T01:14:37.203Z,3BhUv3FtuuqBgM1n6yYEhEvQ78dpdR99v4frjmXUpump,200,4000
life,2026-08-03T01:14:41.208Z,3BhUv3FtuuqBgM1n6yYEhEvQ78dpdR99v4frjmXUpump,200,4000
life,2026-08-03T01:14:45.202Z,3BhUv3FtuuqBgM1n6yYEhEvQ78dpdR99v4frjmXUpump,200,4000
life,2026-08-03T01:14:49.205Z,3BhUv3FtuuqBgM1n6yYEhEvQ78dpdR99v4frjmXUpump,200,4000
life,2026-08-03T01:14:53.351Z,3BhUv3FtuuqBgM1n6yYEhEvQ78dpdR99v4frjmXUpump,200,4000
life,2026-08-03T01:14:57.208Z,3BhUv3FtuuqBgM1n6yYEhEvQ78dpdR99v4frjmXUpump,200,4000
life,2026-08-03T01:15:01.211Z,3BhUv3FtuuqBgM1n6yYEhEvQ78dpdR99v4frjmXUpump,200,4000
life,2026-08-03T01:15:05.215Z,3BhUv3FtuuqBgM1n6yYEhEvQ78dpdR99v4frjmXUpump,200,4000
life,2026-08-03T01:15:09.219Z,3BhUv3FtuuqBgM1n6yYEhEvQ78dpdR99v4frjmXUpump,200,4000
life,2026-08-03T01:15:13.238Z,3BhUv3FtuuqBgM1n6yYEhEvQ78dpdR99v4frjmXUpump,200,4000
life,2026-08-03T01:15:17.218Z,3BhUv3FtuuqBgM1n6yYEhEvQ78dpdR99v4frjmXUpump,200,4000
life,2026-08-03T01:15:21.219Z,3BhUv3FtuuqBgM1n6yYEhEvQ78dpdR99v4frjmXUpump,200,4000
life,2026-08-03T01:15:25.271Z,3BhUv3FtuuqBgM1n6yYEhEvQ78dpdR99v4frjmXUpump,200,4000
life,2026-08-03T01:15:29.222Z,3BhUv3FtuuqBgM1n6yYEhEvQ78dpdR99v4frjmXUpump,200,4000
life,2026-08-03T01:15:33.228Z,3BhUv3FtuuqBgM1n6yYEhEvQ78dpdR99v4frjmXUpump,200,4000
life,2026-08-03T01:15:37.230Z,3BhUv3FtuuqBgM1n6yYEhEvQ78dpdR99v4frjmXUpump,200,4000
life,2026-08-03T01:15:41.238Z,3BhUv3FtuuqBgM1n6yYEhEvQ78dpdR99v4frjmXUpump,200,4000
life,2026-08-03T01:15:45.244Z,3BhUv3FtuuqBgM1n6yYEhEvQ78dpdR99v4frjmXUpump,200,4000
life,2026-08-03T01:15:49.243Z,3BhUv3FtuuqBgM1n6yYEhEvQ78dpdR99v4frjmXUpump,200,4000
life,2026-08-03T01:15:53.380Z,3BhUv3FtuuqBgM1n6yYEhEvQ78dpdR99v4frjmXUpump,200,4000
life,2026-08-03T01:15:57.248Z,3BhUv3FtuuqBgM1n6yYEhEvQ78dpdR99v4frjmXUpump,200,4000
life,2026-08-03T01:16:01.236Z,3BhUv3FtuuqBgM1n6yYEhEvQ78dpdR99v4frjmXUpump,200,4000
life,2026-08-03T01:16:05.237Z,3BhUv3FtuuqBgM1n6yYEhEvQ78dpdR99v4frjmXUpump,200,4000
life,2026-08-03T01:16:09.237Z,3BhUv3FtuuqBgM1n6yYEhEvQ78dpdR99v4frjmXUpump,200,4000
life,2026-08-03T01:16:13.243Z,3BhUv3FtuuqBgM1n6yYEhEvQ78dpdR99v4frjmXUpump,200,4000
life,2026-08-03T01:16:17.244Z,3BhUv3FtuuqBgM1n6yYEhEvQ78dpdR99v4frjmXUpump,200,4000
life,2026-08-03T01:16:21.239Z,3BhUv3FtuuqBgM1n6yYEhEvQ78dpdR99v4frjmXUpump,200,4000
life,2026-08-03T01:16:25.274Z,3BhUv3FtuuqBgM1n6yYEhEvQ78dpdR99v4frjmXUpump,200,4000
life,2026-08-03T01:16:29.250Z,3BhUv3FtuuqBgM1n6yYEhEvQ78dpdR99v4frjmXUpump,200,4000
life,2026-08-03T01:16:33.301Z,3BhUv3FtuuqBgM1n6yYEhEvQ78dpdR99v4frjmXUpump,200,4000
life,2026-08-03T01:16:37.252Z,3BhUv3FtuuqBgM1n6yYEhEvQ78dpdR99v4frjmXUpump,200,4000
life,2026-08-03T01:16:41.251Z,3BhUv3FtuuqBgM1n6yYEhEvQ78dpdR99v4frjmXUpump,200,4000
life,2026-08-03T01:16:45.251Z,3BhUv3FtuuqBgM1n6yYEhEvQ78dpdR99v4frjmXUpump,200,4000
life,2026-08-03T01:16:49.256Z,3BhUv3FtuuqBgM1n6yYEhEvQ78dpdR99v4frjmXUpump,200,4000
life,2026-08-03T01:16:53.333Z,3BhUv3FtuuqBgM1n6yYEhEvQ78dpdR99v4frjmXUpump,200,4000
life,2026-08-03T01:16:57.264Z,3BhUv3FtuuqBgM1n6yYEhEvQ78dpdR99v4frjmXUpump,200,4000
life,2026-08-03T01:17:01.269Z,3BhUv3FtuuqBgM1n6yYEhEvQ78dpdR99v4frjmXUpump,200,4000
life,2026-08-03T01:17:05.264Z,3BhUv3FtuuqBgM1n6yYEhEvQ78dpdR99v4frjmXUpump,200,4000
life,2026-08-03T01:17:09.270Z,3BhUv3FtuuqBgM1n6yYEhEvQ78dpdR99v4frjmXUpump,200,4000
life,2026-08-03T01:17:13.283Z,3BhUv3FtuuqBgM1n6yYEhEvQ78dpdR99v4frjmXUpump,200,4000
life,2026-08-03T01:17:17.263Z,3BhUv3FtuuqBgM1n6yYEhEvQ78dpdR99v4frjmXUpump,200,4000
life,2026-08-03T01:17:21.277Z,3BhUv3FtuuqBgM1n6yYEhEvQ78dpdR99v4frjmXUpump,200,4000
life,2026-08-03T01:17:25.276Z,3BhUv3FtuuqBgM1n6yYEhEvQ78dpdR99v4frjmXUpump,200,4000
life,2026-08-03T01:17:29.265Z,3BhUv3FtuuqBgM1n6yYEhEvQ78dpdR99v4frjmXUpump,200,4000
life,2026-08-03T01:17:33.308Z,3BhUv3FtuuqBgM1n6yYEhEvQ78dpdR99v4frjmXUpump,200,4000
life,2026-08-03T01:17:37.289Z,3BhUv3FtuuqBgM1n6yYEhEvQ78dpdR99v4frjmXUpump,200,4000
life,2026-08-03T01:17:41.280Z,3BhUv3FtuuqBgM1n6yYEhEvQ78dpdR99v4frjmXUpump,200,4000
life,2026-08-03T01:17:45.284Z,3BhUv3FtuuqBgM1n6yYEhEvQ78dpdR99v4frjmXUpump,200,4000
life,2026-08-03T01:17:49.291Z,3BhUv3FtuuqBgM1n6yYEhEvQ78dpdR99v4frjmXUpump,200,4000
life,2026-08-03T01:17:53.303Z,3BhUv3FtuuqBgM1n6yYEhEvQ78dpdR99v4frjmXUpump,200,4000
life,2026-08-03T01:17:57.272Z,3BhUv3FtuuqBgM1n6yYEhEvQ78dpdR99v4frjmXUpump,200,4000
life,2026-08-03T01:18:01.281Z,3BhUv3FtuuqBgM1n6yYEhEvQ78dpdR99v4frjmXUpump,200,4000
life,2026-08-03T01:18:05.297Z,3BhUv3FtuuqBgM1n6yYEhEvQ78dpdR99v4frjmXUpump,200,4000
life,2026-08-03T01:18:09.276Z,3BhUv3FtuuqBgM1n6yYEhEvQ78dpdR99v4frjmXUpump,200,4000
life,2026-08-03T01:18:13.279Z,3BhUv3FtuuqBgM1n6yYEhEvQ78dpdR99v4frjmXUpump,200,4000
life,2026-08-03T01:18:17.289Z,HHUMekq9aj3FP46dGW6ryFvUVoVKcRBZZg6hso3mpump,200,4000
life,2026-08-03T01:18:21.289Z,HHUMekq9aj3FP46dGW6ryFvUVoVKcRBZZg6hso3mpump,200,4000
life,2026-08-03T01:18:25.294Z,HHUMekq9aj3FP46dGW6ryFvUVoVKcRBZZg6hso3mpump,200,4000
life,2026-08-03T01:18:29.290Z,HHUMekq9aj3FP46dGW6ryFvUVoVKcRBZZg6hso3mpump,200,4000
life,2026-08-03T01:18:33.304Z,HHUMekq9aj3FP46dGW6ryFvUVoVKcRBZZg6hso3mpump,200,4000
life,2026-08-03T01:18:37.292Z,HHUMekq9aj3FP46dGW6ryFvUVoVKcRBZZg6hso3mpump,200,4000
life,2026-08-03T01:18:41.294Z,HHUMekq9aj3FP46dGW6ryFvUVoVKcRBZZg6hso3mpump,200,4000
life,2026-08-03T01:18:45.291Z,HHUMekq9aj3FP46dGW6ryFvUVoVKcRBZZg6hso3mpump,200,4000
life,2026-08-03T01:18:49.306Z,HHUMekq9aj3FP46dGW6ryFvUVoVKcRBZZg6hso3mpump,200,4000
life,2026-08-03T01:18:53.302Z,HHUMekq9aj3FP46dGW6ryFvUVoVKcRBZZg6hso3mpump,200,4000
life,2026-08-03T01:18:57.299Z,HHUMekq9aj3FP46dGW6ryFvUVoVKcRBZZg6hso3mpump,200,4000
life,2026-08-03T01:19:01.311Z,HHUMekq9aj3FP46dGW6ryFvUVoVKcRBZZg6hso3mpump,200,4000
life,2026-08-03T01:19:05.301Z,HHUMekq9aj3FP46dGW6ryFvUVoVKcRBZZg6hso3mpump,200,4000
life,2026-08-03T01:19:09.357Z,HHUMekq9aj3FP46dGW6ryFvUVoVKcRBZZg6hso3mpump,200,4000
life,2026-08-03T01:19:13.318Z,HHUMekq9aj3FP46dGW6ryFvUVoVKcRBZZg6hso3mpump,200,4000
life,2026-08-03T01:19:17.310Z,HHUMekq9aj3FP46dGW6ryFvUVoVKcRBZZg6hso3mpump,200,4000
life,2026-08-03T01:19:21.335Z,HHUMekq9aj3FP46dGW6ryFvUVoVKcRBZZg6hso3mpump,200,4000
life,2026-08-03T01:19:25.317Z,HHUMekq9aj3FP46dGW6ryFvUVoVKcRBZZg6hso3mpump,200,4000
life,2026-08-03T01:19:29.314Z,HHUMekq9aj3FP46dGW6ryFvUVoVKcRBZZg6hso3mpump,200,4000
life,2026-08-03T01:19:33.352Z,HHUMekq9aj3FP46dGW6ryFvUVoVKcRBZZg6hso3mpump,200,4000
life,2026-08-03T01:19:37.317Z,HHUMekq9aj3FP46dGW6ryFvUVoVKcRBZZg6hso3mpump,200,4000
life,2026-08-03T01:19:41.319Z,HHUMekq9aj3FP46dGW6ryFvUVoVKcRBZZg6hso3mpump,200,4000
life,2026-08-03T01:19:45.327Z,HHUMekq9aj3FP46dGW6ryFvUVoVKcRBZZg6hso3mpump,200,4000
life,2026-08-03T01:19:49.327Z,HHUMekq9aj3FP46dGW6ryFvUVoVKcRBZZg6hso3mpump,200,4000
life,2026-08-03T01:19:53.418Z,HHUMekq9aj3FP46dGW6ryFvUVoVKcRBZZg6hso3mpump,200,4000
life,2026-08-03T01:19:57.330Z,HHUMekq9aj3FP46dGW6ryFvUVoVKcRBZZg6hso3mpump,200,4000
life,2026-08-03T01:20:01.330Z,HHUMekq9aj3FP46dGW6ryFvUVoVKcRBZZg6hso3mpump,200,4000
life,2026-08-03T01:20:05.330Z,HHUMekq9aj3FP46dGW6ryFvUVoVKcRBZZg6hso3mpump,200,4000
life,2026-08-03T01:20:09.336Z,HHUMekq9aj3FP46dGW6ryFvUVoVKcRBZZg6hso3mpump,200,4000
life,2026-08-03T01:20:13.335Z,HHUMekq9aj3FP46dGW6ryFvUVoVKcRBZZg6hso3mpump,200,4000
life,2026-08-03T01:20:17.338Z,HHUMekq9aj3FP46dGW6ryFvUVoVKcRBZZg6hso3mpump,200,4000
life,2026-08-03T01:20:21.336Z,HHUMekq9aj3FP46dGW6ryFvUVoVKcRBZZg6hso3mpump,200,4000
life,2026-08-03T01:20:25.340Z,HHUMekq9aj3FP46dGW6ryFvUVoVKcRBZZg6hso3mpump,200,4000
life,2026-08-03T01:20:29.352Z,HHUMekq9aj3FP46dGW6ryFvUVoVKcRBZZg6hso3mpump,200,4000
life,2026-08-03T01:20:33.507Z,HHUMekq9aj3FP46dGW6ryFvUVoVKcRBZZg6hso3mpump,200,4000
life,2026-08-03T01:20:37.352Z,HHUMekq9aj3FP46dGW6ryFvUVoVKcRBZZg6hso3mpump,200,4000
life,2026-08-03T01:20:41.345Z,HHUMekq9aj3FP46dGW6ryFvUVoVKcRBZZg6hso3mpump,200,4000
life,2026-08-03T01:20:45.359Z,HHUMekq9aj3FP46dGW6ryFvUVoVKcRBZZg6hso3mpump,200,4000
life,2026-08-03T01:20:49.358Z,HHUMekq9aj3FP46dGW6ryFvUVoVKcRBZZg6hso3mpump,200,4000
life,2026-08-03T01:20:53.494Z,HHUMekq9aj3FP46dGW6ryFvUVoVKcRBZZg6hso3mpump,200,4000
life,2026-08-03T01:20:57.493Z,HHUMekq9aj3FP46dGW6ryFvUVoVKcRBZZg6hso3mpump,200,4000
life,2026-08-03T01:21:01.359Z,HHUMekq9aj3FP46dGW6ryFvUVoVKcRBZZg6hso3mpump,200,4000
life,2026-08-03T01:21:05.370Z,HHUMekq9aj3FP46dGW6ryFvUVoVKcRBZZg6hso3mpump,200,4000
life,2026-08-03T01:21:09.360Z,HHUMekq9aj3FP46dGW6ryFvUVoVKcRBZZg6hso3mpump,200,4000
life,2026-08-03T01:21:13.385Z,HHUMekq9aj3FP46dGW6ryFvUVoVKcRBZZg6hso3mpump,200,4000
life,2026-08-03T01:21:17.359Z,HHUMekq9aj3FP46dGW6ryFvUVoVKcRBZZg6hso3mpump,200,4000
life,2026-08-03T01:21:21.366Z,HHUMekq9aj3FP46dGW6ryFvUVoVKcRBZZg6hso3mpump,200,4000
life,2026-08-03T01:21:25.365Z,HHUMekq9aj3FP46dGW6ryFvUVoVKcRBZZg6hso3mpump,200,4000
life,2026-08-03T01:21:29.415Z,9FBT95R6KUfR3AJ5QwVW7YgL7777BhMHLwS1tgtUpump,200,4000
life,2026-08-03T01:21:33.387Z,9FBT95R6KUfR3AJ5QwVW7YgL7777BhMHLwS1tgtUpump,200,4000
life,2026-08-03T01:21:37.381Z,9FBT95R6KUfR3AJ5QwVW7YgL7777BhMHLwS1tgtUpump,200,4000
life,2026-08-03T01:21:41.379Z,9FBT95R6KUfR3AJ5QwVW7YgL7777BhMHLwS1tgtUpump,200,4000
life,2026-08-03T01:21:45.382Z,9FBT95R6KUfR3AJ5QwVW7YgL7777BhMHLwS1tgtUpump,200,4000
life,2026-08-03T01:21:49.387Z,9FBT95R6KUfR3AJ5QwVW7YgL7777BhMHLwS1tgtUpump,200,4000
life,2026-08-03T01:21:53.386Z,9FBT95R6KUfR3AJ5QwVW7YgL7777BhMHLwS1tgtUpump,200,4000
life,2026-08-03T01:21:57.445Z,9FBT95R6KUfR3AJ5QwVW7YgL7777BhMHLwS1tgtUpump,200,4000
life,2026-08-03T01:22:01.385Z,9FBT95R6KUfR3AJ5QwVW7YgL7777BhMHLwS1tgtUpump,200,4000
life,2026-08-03T01:22:05.387Z,9FBT95R6KUfR3AJ5QwVW7YgL7777BhMHLwS1tgtUpump,200,4000
life,2026-08-03T01:22:09.383Z,9FBT95R6KUfR3AJ5QwVW7YgL7777BhMHLwS1tgtUpump,200,4000
life,2026-08-03T01:22:13.395Z,9FBT95R6KUfR3AJ5QwVW7YgL7777BhMHLwS1tgtUpump,200,4000
life,2026-08-03T01:22:17.403Z,9FBT95R6KUfR3AJ5QwVW7YgL7777BhMHLwS1tgtUpump,200,4000
life,2026-08-03T01:22:21.389Z,9FBT95R6KUfR3AJ5QwVW7YgL7777BhMHLwS1tgtUpump,200,4000
life,2026-08-03T01:22:25.394Z,9FBT95R6KUfR3AJ5QwVW7YgL7777BhMHLwS1tgtUpump,200,4000
life,2026-08-03T01:22:29.395Z,9FBT95R6KUfR3AJ5QwVW7YgL7777BhMHLwS1tgtUpump,200,4000
life,2026-08-03T01:22:33.685Z,9FBT95R6KUfR3AJ5QwVW7YgL7777BhMHLwS1tgtUpump,200,4000
life,2026-08-03T01:22:37.398Z,9FBT95R6KUfR3AJ5QwVW7YgL7777BhMHLwS1tgtUpump,200,4000
life,2026-08-03T01:22:41.395Z,9FBT95R6KUfR3AJ5QwVW7YgL7777BhMHLwS1tgtUpump,200,4000
life,2026-08-03T01:22:45.399Z,9FBT95R6KUfR3AJ5QwVW7YgL7777BhMHLwS1tgtUpump,200,4000
life,2026-08-03T01:22:49.401Z,9FBT95R6KUfR3AJ5QwVW7YgL7777BhMHLwS1tgtUpump,200,4000
life,2026-08-03T01:22:53.417Z,9FBT95R6KUfR3AJ5QwVW7YgL7777BhMHLwS1tgtUpump,200,4000
life,2026-08-03T01:22:57.407Z,9FBT95R6KUfR3AJ5QwVW7YgL7777BhMHLwS1tgtUpump,200,4000
life,2026-08-03T01:23:01.401Z,9FBT95R6KUfR3AJ5QwVW7YgL7777BhMHLwS1tgtUpump,200,4000
life,2026-08-03T01:23:05.405Z,9FBT95R6KUfR3AJ5QwVW7YgL7777BhMHLwS1tgtUpump,200,4000
life,2026-08-03T01:23:09.415Z,9FBT95R6KUfR3AJ5QwVW7YgL7777BhMHLwS1tgtUpump,200,4000
life,2026-08-03T01:23:13.403Z,9FBT95R6KUfR3AJ5QwVW7YgL7777BhMHLwS1tgtUpump,200,4000
life,2026-08-03T01:23:17.418Z,9FBT95R6KUfR3AJ5QwVW7YgL7777BhMHLwS1tgtUpump,200,4000
life,2026-08-03T01:23:21.412Z,9FBT95R6KUfR3AJ5QwVW7YgL7777BhMHLwS1tgtUpump,200,4000
life,2026-08-03T01:23:25.413Z,9FBT95R6KUfR3AJ5QwVW7YgL7777BhMHLwS1tgtUpump,200,4000
life,2026-08-03T01:23:29.403Z,9FBT95R6KUfR3AJ5QwVW7YgL7777BhMHLwS1tgtUpump,200,4000
life,2026-08-03T01:23:33.409Z,9FBT95R6KUfR3AJ5QwVW7YgL7777BhMHLwS1tgtUpump,200,4000
life,2026-08-03T01:23:37.428Z,9FBT95R6KUfR3AJ5QwVW7YgL7777BhMHLwS1tgtUpump,200,4000
life,2026-08-03T01:23:41.412Z,9FBT95R6KUfR3AJ5QwVW7YgL7777BhMHLwS1tgtUpump,200,4000
life,2026-08-03T01:23:45.425Z,9FBT95R6KUfR3AJ5QwVW7YgL7777BhMHLwS1tgtUpump,200,4000
life,2026-08-03T01:23:49.420Z,9FBT95R6KUfR3AJ5QwVW7YgL7777BhMHLwS1tgtUpump,200,4000
life,2026-08-03T01:23:53.423Z,9FBT95R6KUfR3AJ5QwVW7YgL7777BhMHLwS1tgtUpump,200,4000
life,2026-08-03T01:23:57.420Z,9FBT95R6KUfR3AJ5QwVW7YgL7777BhMHLwS1tgtUpump,200,4000
life,2026-08-03T01:24:01.426Z,9FBT95R6KUfR3AJ5QwVW7YgL7777BhMHLwS1tgtUpump,200,4000
life,2026-08-03T01:24:05.424Z,9FBT95R6KUfR3AJ5QwVW7YgL7777BhMHLwS1tgtUpump,200,4000
life,2026-08-03T01:24:09.432Z,9FBT95R6KUfR3AJ5QwVW7YgL7777BhMHLwS1tgtUpump,200,4000
life,2026-08-03T01:24:13.426Z,9FBT95R6KUfR3AJ5QwVW7YgL7777BhMHLwS1tgtUpump,200,4000
life,2026-08-03T01:24:17.424Z,9FBT95R6KUfR3AJ5QwVW7YgL7777BhMHLwS1tgtUpump,200,4000
life,2026-08-03T01:24:21.434Z,9FBT95R6KUfR3AJ5QwVW7YgL7777BhMHLwS1tgtUpump,200,4000
life,2026-08-03T01:24:25.463Z,9FBT95R6KUfR3AJ5QwVW7YgL7777BhMHLwS1tgtUpump,200,4000
life,2026-08-03T01:24:29.429Z,9FBT95R6KUfR3AJ5QwVW7YgL7777BhMHLwS1tgtUpump,200,4000
life,2026-08-03T01:24:33.429Z,9FBT95R6KUfR3AJ5QwVW7YgL7777BhMHLwS1tgtUpump,200,4000
life,2026-08-03T01:24:37.432Z,9FBT95R6KUfR3AJ5QwVW7YgL7777BhMHLwS1tgtUpump,200,4000
life,2026-08-03T01:24:41.423Z,9FBT95R6KUfR3AJ5QwVW7YgL7777BhMHLwS1tgtUpump,200,4000
life,2026-08-03T01:24:45.518Z,3ujG4J8UVbyi5Kke7cZVe3qRirnbQvnAup9TtmBdpump,200,4000
life,2026-08-03T01:24:49.646Z,3ujG4J8UVbyi5Kke7cZVe3qRirnbQvnAup9TtmBdpump,200,4000
life,2026-08-03T01:24:53.445Z,3ujG4J8UVbyi5Kke7cZVe3qRirnbQvnAup9TtmBdpump,200,4000
life,2026-08-03T01:24:57.444Z,3ujG4J8UVbyi5Kke7cZVe3qRirnbQvnAup9TtmBdpump,200,4000
life,2026-08-03T01:25:01.610Z,3ujG4J8UVbyi5Kke7cZVe3qRirnbQvnAup9TtmBdpump,200,4000
life,2026-08-03T01:25:05.443Z,3ujG4J8UVbyi5Kke7cZVe3qRirnbQvnAup9TtmBdpump,200,4000
life,2026-08-03T01:25:09.446Z,3ujG4J8UVbyi5Kke7cZVe3qRirnbQvnAup9TtmBdpump,200,4000
life,2026-08-03T01:25:13.445Z,3ujG4J8UVbyi5Kke7cZVe3qRirnbQvnAup9TtmBdpump,200,4000
life,2026-08-03T01:25:17.459Z,3ujG4J8UVbyi5Kke7cZVe3qRirnbQvnAup9TtmBdpump,200,4000
life,2026-08-03T01:25:21.464Z,3ujG4J8UVbyi5Kke7cZVe3qRirnbQvnAup9TtmBdpump,200,4000
life,2026-08-03T01:25:25.454Z,3ujG4J8UVbyi5Kke7cZVe3qRirnbQvnAup9TtmBdpump,200,4000
life,2026-08-03T01:25:29.469Z,3ujG4J8UVbyi5Kke7cZVe3qRirnbQvnAup9TtmBdpump,200,4000
life,2026-08-03T01:25:33.464Z,3ujG4J8UVbyi5Kke7cZVe3qRirnbQvnAup9TtmBdpump,200,4000
life,2026-08-03T01:25:37.462Z,3ujG4J8UVbyi5Kke7cZVe3qRirnbQvnAup9TtmBdpump,200,4000
life,2026-08-03T01:25:41.454Z,3ujG4J8UVbyi5Kke7cZVe3qRirnbQvnAup9TtmBdpump,200,4000
life,2026-08-03T01:25:45.458Z,3ujG4J8UVbyi5Kke7cZVe3qRirnbQvnAup9TtmBdpump,200,4000
life,2026-08-03T01:25:49.473Z,3ujG4J8UVbyi5Kke7cZVe3qRirnbQvnAup9TtmBdpump,200,4000
life,2026-08-03T01:25:53.479Z,3ujG4J8UVbyi5Kke7cZVe3qRirnbQvnAup9TtmBdpump,200,4000
life,2026-08-03T01:25:57.470Z,3ujG4J8UVbyi5Kke7cZVe3qRirnbQvnAup9TtmBdpump,200,4000
life,2026-08-03T01:26:01.467Z,3ujG4J8UVbyi5Kke7cZVe3qRirnbQvnAup9TtmBdpump,200,4000
life,2026-08-03T01:26:05.545Z,3ujG4J8UVbyi5Kke7cZVe3qRirnbQvnAup9TtmBdpump,200,4000
life,2026-08-03T01:26:09.478Z,3ujG4J8UVbyi5Kke7cZVe3qRirnbQvnAup9TtmBdpump,200,4000
life,2026-08-03T01:26:13.474Z,3ujG4J8UVbyi5Kke7cZVe3qRirnbQvnAup9TtmBdpump,200,4000
life,2026-08-03T01:26:17.474Z,3ujG4J8UVbyi5Kke7cZVe3qRirnbQvnAup9TtmBdpump,200,4000
life,2026-08-03T01:26:21.477Z,3ujG4J8UVbyi5Kke7cZVe3qRirnbQvnAup9TtmBdpump,200,4000
life,2026-08-03T01:26:25.474Z,3ujG4J8UVbyi5Kke7cZVe3qRirnbQvnAup9TtmBdpump,200,4000
life,2026-08-03T01:26:29.476Z,3ujG4J8UVbyi5Kke7cZVe3qRirnbQvnAup9TtmBdpump,200,4000
life,2026-08-03T01:26:33.477Z,3ujG4J8UVbyi5Kke7cZVe3qRirnbQvnAup9TtmBdpump,200,4000
life,2026-08-03T01:26:37.487Z,3ujG4J8UVbyi5Kke7cZVe3qRirnbQvnAup9TtmBdpump,200,4000
life,2026-08-03T01:26:41.500Z,3ujG4J8UVbyi5Kke7cZVe3qRirnbQvnAup9TtmBdpump,200,4000
life,2026-08-03T01:26:45.492Z,3ujG4J8UVbyi5Kke7cZVe3qRirnbQvnAup9TtmBdpump,200,4000
life,2026-08-03T01:26:49.500Z,3ujG4J8UVbyi5Kke7cZVe3qRirnbQvnAup9TtmBdpump,200,4000
life,2026-08-03T01:26:53.631Z,3ujG4J8UVbyi5Kke7cZVe3qRirnbQvnAup9TtmBdpump,200,4000
life,2026-08-03T01:26:57.499Z,3ujG4J8UVbyi5Kke7cZVe3qRirnbQvnAup9TtmBdpump,200,4000
life,2026-08-03T01:27:01.504Z,3ujG4J8UVbyi5Kke7cZVe3qRirnbQvnAup9TtmBdpump,200,4000
life,2026-08-03T01:27:05.511Z,3ujG4J8UVbyi5Kke7cZVe3qRirnbQvnAup9TtmBdpump,200,4000
life,2026-08-03T01:27:09.494Z,3ujG4J8UVbyi5Kke7cZVe3qRirnbQvnAup9TtmBdpump,200,4000
life,2026-08-03T01:27:13.496Z,3ujG4J8UVbyi5Kke7cZVe3qRirnbQvnAup9TtmBdpump,200,4000
life,2026-08-03T01:27:17.507Z,3ujG4J8UVbyi5Kke7cZVe3qRirnbQvnAup9TtmBdpump,200,4000
life,2026-08-03T01:27:21.519Z,3ujG4J8UVbyi5Kke7cZVe3qRirnbQvnAup9TtmBdpump,200,4000
life,2026-08-03T01:27:25.498Z,3ujG4J8UVbyi5Kke7cZVe3qRirnbQvnAup9TtmBdpump,200,4000
life,2026-08-03T01:27:29.502Z,3ujG4J8UVbyi5Kke7cZVe3qRirnbQvnAup9TtmBdpump,200,4000
life,2026-08-03T01:27:33.512Z,3ujG4J8UVbyi5Kke7cZVe3qRirnbQvnAup9TtmBdpump,200,4000
life,2026-08-03T01:27:37.503Z,3ujG4J8UVbyi5Kke7cZVe3qRirnbQvnAup9TtmBdpump,200,4000
life,2026-08-03T01:27:41.506Z,3ujG4J8UVbyi5Kke7cZVe3qRirnbQvnAup9TtmBdpump,200,4000
life,2026-08-03T01:27:45.518Z,3ujG4J8UVbyi5Kke7cZVe3qRirnbQvnAup9TtmBdpump,200,4000
life,2026-08-03T01:27:49.573Z,3ujG4J8UVbyi5Kke7cZVe3qRirnbQvnAup9TtmBdpump,200,4000
life,2026-08-03T01:27:53.567Z,3ujG4J8UVbyi5Kke7cZVe3qRirnbQvnAup9TtmBdpump,200,4000
life,2026-08-03T01:27:57.501Z,3ujG4J8UVbyi5Kke7cZVe3qRirnbQvnAup9TtmBdpump,200,4000
life,2026-08-03T01:28:01.514Z,3ujG4J8UVbyi5Kke7cZVe3qRirnbQvnAup9TtmBdpump,200,4000
life,2026-08-03T01:28:05.517Z,3ujG4J8UVbyi5Kke7cZVe3qRirnbQvnAup9TtmBdpump,200,4000
life,2026-08-03T01:28:09.522Z,3ujG4J8UVbyi5Kke7cZVe3qRirnbQvnAup9TtmBdpump,200,4000
life,2026-08-03T01:28:13.519Z,3ujG4J8UVbyi5Kke7cZVe3qRirnbQvnAup9TtmBdpump,200,4000
life,2026-08-03T01:28:17.531Z,3ujG4J8UVbyi5Kke7cZVe3qRirnbQvnAup9TtmBdpump,200,4000
life,2026-08-03T01:28:21.520Z,3ujG4J8UVbyi5Kke7cZVe3qRirnbQvnAup9TtmBdpump,200,4000
life,2026-08-03T01:28:25.519Z,3ujG4J8UVbyi5Kke7cZVe3qRirnbQvnAup9TtmBdpump,200,4000
life,2026-08-03T01:28:29.532Z,3ujG4J8UVbyi5Kke7cZVe3qRirnbQvnAup9TtmBdpump,200,4000
life,2026-08-03T01:28:33.541Z,3ujG4J8UVbyi5Kke7cZVe3qRirnbQvnAup9TtmBdpump,200,4000
life,2026-08-03T01:28:37.561Z,Bi6FgnTAo3pmPeiAK1eBatwWiaqXoXo5Yj8TsyPSpump,200,4000
life,2026-08-03T01:28:41.536Z,Bi6FgnTAo3pmPeiAK1eBatwWiaqXoXo5Yj8TsyPSpump,200,4000
life,2026-08-03T01:28:45.552Z,Bi6FgnTAo3pmPeiAK1eBatwWiaqXoXo5Yj8TsyPSpump,200,4000
life,2026-08-03T01:28:49.534Z,Bi6FgnTAo3pmPeiAK1eBatwWiaqXoXo5Yj8TsyPSpump,200,4000
life,2026-08-03T01:28:53.536Z,Bi6FgnTAo3pmPeiAK1eBatwWiaqXoXo5Yj8TsyPSpump,200,4000
life,2026-08-03T01:28:57.538Z,Bi6FgnTAo3pmPeiAK1eBatwWiaqXoXo5Yj8TsyPSpump,200,4000
life,2026-08-03T01:29:01.587Z,Bi6FgnTAo3pmPeiAK1eBatwWiaqXoXo5Yj8TsyPSpump,200,4000
life,2026-08-03T01:29:05.540Z,Bi6FgnTAo3pmPeiAK1eBatwWiaqXoXo5Yj8TsyPSpump,200,4000
life,2026-08-03T01:29:09.579Z,Bi6FgnTAo3pmPeiAK1eBatwWiaqXoXo5Yj8TsyPSpump,200,4000
life,2026-08-03T01:29:13.543Z,Bi6FgnTAo3pmPeiAK1eBatwWiaqXoXo5Yj8TsyPSpump,200,4000
life,2026-08-03T01:29:17.542Z,Bi6FgnTAo3pmPeiAK1eBatwWiaqXoXo5Yj8TsyPSpump,200,4000
life,2026-08-03T01:29:21.558Z,Bi6FgnTAo3pmPeiAK1eBatwWiaqXoXo5Yj8TsyPSpump,200,4000
life,2026-08-03T01:29:25.552Z,Bi6FgnTAo3pmPeiAK1eBatwWiaqXoXo5Yj8TsyPSpump,200,4000
life,2026-08-03T01:29:29.551Z,Bi6FgnTAo3pmPeiAK1eBatwWiaqXoXo5Yj8TsyPSpump,200,4000
life,2026-08-03T01:29:33.552Z,Bi6FgnTAo3pmPeiAK1eBatwWiaqXoXo5Yj8TsyPSpump,200,4000
life,2026-08-03T01:29:37.550Z,Bi6FgnTAo3pmPeiAK1eBatwWiaqXoXo5Yj8TsyPSpump,200,4000
life,2026-08-03T01:29:41.553Z,Bi6FgnTAo3pmPeiAK1eBatwWiaqXoXo5Yj8TsyPSpump,200,4000
life,2026-08-03T01:29:45.555Z,Bi6FgnTAo3pmPeiAK1eBatwWiaqXoXo5Yj8TsyPSpump,200,4000
life,2026-08-03T01:29:49.559Z,Bi6FgnTAo3pmPeiAK1eBatwWiaqXoXo5Yj8TsyPSpump,200,4000
life,2026-08-03T01:29:53.559Z,Bi6FgnTAo3pmPeiAK1eBatwWiaqXoXo5Yj8TsyPSpump,200,4000
life,2026-08-03T01:29:57.565Z,Bi6FgnTAo3pmPeiAK1eBatwWiaqXoXo5Yj8TsyPSpump,200,4000
life,2026-08-03T01:30:01.565Z,Bi6FgnTAo3pmPeiAK1eBatwWiaqXoXo5Yj8TsyPSpump,200,4000
life,2026-08-03T01:30:05.583Z,Bi6FgnTAo3pmPeiAK1eBatwWiaqXoXo5Yj8TsyPSpump,200,4000
life,2026-08-03T01:30:09.562Z,Bi6FgnTAo3pmPeiAK1eBatwWiaqXoXo5Yj8TsyPSpump,200,4000
life,2026-08-03T01:30:13.579Z,Bi6FgnTAo3pmPeiAK1eBatwWiaqXoXo5Yj8TsyPSpump,200,4000
life,2026-08-03T01:30:17.575Z,Bi6FgnTAo3pmPeiAK1eBatwWiaqXoXo5Yj8TsyPSpump,200,4000
life,2026-08-03T01:30:21.572Z,Bi6FgnTAo3pmPeiAK1eBatwWiaqXoXo5Yj8TsyPSpump,200,4000
life,2026-08-03T01:30:25.682Z,H23di4NXN6j2pwLwbYjtag1Q3v7ANyXR72kzfWYKpump,200,4000
life,2026-08-03T01:30:29.657Z,H23di4NXN6j2pwLwbYjtag1Q3v7ANyXR72kzfWYKpump,200,4000
life,2026-08-03T01:30:33.752Z,H23di4NXN6j2pwLwbYjtag1Q3v7ANyXR72kzfWYKpump,200,4000
life,2026-08-03T01:30:37.601Z,H23di4NXN6j2pwLwbYjtag1Q3v7ANyXR72kzfWYKpump,200,4000
life,2026-08-03T01:30:41.599Z,H23di4NXN6j2pwLwbYjtag1Q3v7ANyXR72kzfWYKpump,200,4000
life,2026-08-03T01:30:45.600Z,H23di4NXN6j2pwLwbYjtag1Q3v7ANyXR72kzfWYKpump,200,4000
life,2026-08-03T01:30:49.602Z,H23di4NXN6j2pwLwbYjtag1Q3v7ANyXR72kzfWYKpump,200,4000
life,2026-08-03T01:30:53.610Z,H23di4NXN6j2pwLwbYjtag1Q3v7ANyXR72kzfWYKpump,200,4000
life,2026-08-03T01:30:57.604Z,H23di4NXN6j2pwLwbYjtag1Q3v7ANyXR72kzfWYKpump,200,4000
life,2026-08-03T01:31:01.623Z,H23di4NXN6j2pwLwbYjtag1Q3v7ANyXR72kzfWYKpump,200,4000
life,2026-08-03T01:31:05.614Z,H23di4NXN6j2pwLwbYjtag1Q3v7ANyXR72kzfWYKpump,200,4000
life,2026-08-03T01:31:09.614Z,H23di4NXN6j2pwLwbYjtag1Q3v7ANyXR72kzfWYKpump,200,4000
life,2026-08-03T01:31:13.612Z,H23di4NXN6j2pwLwbYjtag1Q3v7ANyXR72kzfWYKpump,200,4000
life,2026-08-03T01:31:17.615Z,H23di4NXN6j2pwLwbYjtag1Q3v7ANyXR72kzfWYKpump,200,4000
life,2026-08-03T01:31:21.618Z,H23di4NXN6j2pwLwbYjtag1Q3v7ANyXR72kzfWYKpump,200,4000
life,2026-08-03T01:31:25.647Z,H23di4NXN6j2pwLwbYjtag1Q3v7ANyXR72kzfWYKpump,200,4000
life,2026-08-03T01:31:29.653Z,H23di4NXN6j2pwLwbYjtag1Q3v7ANyXR72kzfWYKpump,200,4000
life,2026-08-03T01:31:33.619Z,H23di4NXN6j2pwLwbYjtag1Q3v7ANyXR72kzfWYKpump,200,4000
life,2026-08-03T01:31:37.617Z,H23di4NXN6j2pwLwbYjtag1Q3v7ANyXR72kzfWYKpump,200,4000
life,2026-08-03T01:31:41.623Z,H23di4NXN6j2pwLwbYjtag1Q3v7ANyXR72kzfWYKpump,200,4000
life,2026-08-03T01:31:45.630Z,H23di4NXN6j2pwLwbYjtag1Q3v7ANyXR72kzfWYKpump,200,4000
life,2026-08-03T01:31:49.625Z,H23di4NXN6j2pwLwbYjtag1Q3v7ANyXR72kzfWYKpump,200,4000
life,2026-08-03T01:31:53.808Z,H23di4NXN6j2pwLwbYjtag1Q3v7ANyXR72kzfWYKpump,200,4000
life,2026-08-03T01:31:57.636Z,H23di4NXN6j2pwLwbYjtag1Q3v7ANyXR72kzfWYKpump,200,4000
life,2026-08-03T01:32:01.694Z,H23di4NXN6j2pwLwbYjtag1Q3v7ANyXR72kzfWYKpump,200,4000
life,2026-08-03T01:32:05.660Z,H23di4NXN6j2pwLwbYjtag1Q3v7ANyXR72kzfWYKpump,200,4000
life,2026-08-03T01:32:09.731Z,H23di4NXN6j2pwLwbYjtag1Q3v7ANyXR72kzfWYKpump,200,4000
life,2026-08-03T01:32:13.642Z,H23di4NXN6j2pwLwbYjtag1Q3v7ANyXR72kzfWYKpump,200,4000
life,2026-08-03T01:32:17.652Z,H23di4NXN6j2pwLwbYjtag1Q3v7ANyXR72kzfWYKpump,200,4000
life,2026-08-03T01:32:21.647Z,H23di4NXN6j2pwLwbYjtag1Q3v7ANyXR72kzfWYKpump,200,4000
life,2026-08-03T01:32:25.684Z,H23di4NXN6j2pwLwbYjtag1Q3v7ANyXR72kzfWYKpump,200,4000
life,2026-08-03T01:32:29.652Z,H23di4NXN6j2pwLwbYjtag1Q3v7ANyXR72kzfWYKpump,200,4000
life,2026-08-03T01:32:33.646Z,H23di4NXN6j2pwLwbYjtag1Q3v7ANyXR72kzfWYKpump,200,4000
life,2026-08-03T01:32:37.673Z,H23di4NXN6j2pwLwbYjtag1Q3v7ANyXR72kzfWYKpump,200,4000
life,2026-08-03T01:32:41.660Z,H23di4NXN6j2pwLwbYjtag1Q3v7ANyXR72kzfWYKpump,200,4000
life,2026-08-03T01:32:45.663Z,H23di4NXN6j2pwLwbYjtag1Q3v7ANyXR72kzfWYKpump,200,4000
life,2026-08-03T01:32:49.676Z,H23di4NXN6j2pwLwbYjtag1Q3v7ANyXR72kzfWYKpump,200,4000
life,2026-08-03T01:32:53.669Z,H23di4NXN6j2pwLwbYjtag1Q3v7ANyXR72kzfWYKpump,200,4000
life,2026-08-03T01:32:59.976Z,H23di4NXN6j2pwLwbYjtag1Q3v7ANyXR72kzfWYKpump,200,4000
life,2026-08-03T01:33:01.666Z,H23di4NXN6j2pwLwbYjtag1Q3v7ANyXR72kzfWYKpump,200,4000
life,2026-08-03T01:33:05.669Z,H23di4NXN6j2pwLwbYjtag1Q3v7ANyXR72kzfWYKpump,200,4000
life,2026-08-03T01:33:09.672Z,H23di4NXN6j2pwLwbYjtag1Q3v7ANyXR72kzfWYKpump,200,4000
life,2026-08-03T01:33:13.675Z,H23di4NXN6j2pwLwbYjtag1Q3v7ANyXR72kzfWYKpump,200,4000
life,2026-08-03T01:33:17.677Z,H23di4NXN6j2pwLwbYjtag1Q3v7ANyXR72kzfWYKpump,200,4000
life,2026-08-03T01:33:21.681Z,H23di4NXN6j2pwLwbYjtag1Q3v7ANyXR72kzfWYKpump,200,4000
life,2026-08-03T01:33:25.676Z,H23di4NXN6j2pwLwbYjtag1Q3v7ANyXR72kzfWYKpump,200,4000
life,2026-08-03T01:33:29.686Z,H23di4NXN6j2pwLwbYjtag1Q3v7ANyXR72kzfWYKpump,200,4000
life,2026-08-03T01:33:33.681Z,H23di4NXN6j2pwLwbYjtag1Q3v7ANyXR72kzfWYKpump,200,4000
life,2026-08-03T01:33:37.684Z,H23di4NXN6j2pwLwbYjtag1Q3v7ANyXR72kzfWYKpump,200,4000
life,2026-08-03T01:33:41.707Z,H23di4NXN6j2pwLwbYjtag1Q3v7ANyXR72kzfWYKpump,200,4000
life,2026-08-03T01:33:45.688Z,H23di4NXN6j2pwLwbYjtag1Q3v7ANyXR72kzfWYKpump,200,4000
life,2026-08-03T01:33:49.689Z,H23di4NXN6j2pwLwbYjtag1Q3v7ANyXR72kzfWYKpump,200,4000
life,2026-08-03T01:33:53.707Z,H23di4NXN6j2pwLwbYjtag1Q3v7ANyXR72kzfWYKpump,200,4000
life,2026-08-03T01:33:57.700Z,H23di4NXN6j2pwLwbYjtag1Q3v7ANyXR72kzfWYKpump,200,4000
life,2026-08-03T01:34:01.701Z,H23di4NXN6j2pwLwbYjtag1Q3v7ANyXR72kzfWYKpump,200,4000
life,2026-08-03T01:34:05.725Z,H23di4NXN6j2pwLwbYjtag1Q3v7ANyXR72kzfWYKpump,200,4000
life,2026-08-03T01:34:09.704Z,H23di4NXN6j2pwLwbYjtag1Q3v7ANyXR72kzfWYKpump,200,4000
life,2026-08-03T01:34:13.716Z,H23di4NXN6j2pwLwbYjtag1Q3v7ANyXR72kzfWYKpump,200,4000
life,2026-08-03T01:34:17.701Z,H23di4NXN6j2pwLwbYjtag1Q3v7ANyXR72kzfWYKpump,200,4000
life,2026-08-03T01:34:21.700Z,H23di4NXN6j2pwLwbYjtag1Q3v7ANyXR72kzfWYKpump,200,4000
life,2026-08-03T01:34:25.710Z,H23di4NXN6j2pwLwbYjtag1Q3v7ANyXR72kzfWYKpump,200,4000
life,2026-08-03T01:34:29.713Z,H23di4NXN6j2pwLwbYjtag1Q3v7ANyXR72kzfWYKpump,200,4000
life,2026-08-03T01:34:33.710Z,H23di4NXN6j2pwLwbYjtag1Q3v7ANyXR72kzfWYKpump,200,4000
life,2026-08-03T01:34:37.718Z,H23di4NXN6j2pwLwbYjtag1Q3v7ANyXR72kzfWYKpump,200,4000
life,2026-08-03T01:34:41.714Z,H23di4NXN6j2pwLwbYjtag1Q3v7ANyXR72kzfWYKpump,200,4000
life,2026-08-03T01:34:45.711Z,H23di4NXN6j2pwLwbYjtag1Q3v7ANyXR72kzfWYKpump,200,4000
life,2026-08-03T01:34:49.721Z,H23di4NXN6j2pwLwbYjtag1Q3v7ANyXR72kzfWYKpump,200,4000
life,2026-08-03T01:34:53.717Z,H23di4NXN6j2pwLwbYjtag1Q3v7ANyXR72kzfWYKpump,200,4000
life,2026-08-03T01:34:57.722Z,H23di4NXN6j2pwLwbYjtag1Q3v7ANyXR72kzfWYKpump,200,4000
life,2026-08-03T01:35:01.753Z,H23di4NXN6j2pwLwbYjtag1Q3v7ANyXR72kzfWYKpump,200,4000
life,2026-08-03T01:35:05.721Z,H23di4NXN6j2pwLwbYjtag1Q3v7ANyXR72kzfWYKpump,200,4000
life,2026-08-03T01:35:09.739Z,H23di4NXN6j2pwLwbYjtag1Q3v7ANyXR72kzfWYKpump,200,4000
life,2026-08-03T01:35:13.753Z,H23di4NXN6j2pwLwbYjtag1Q3v7ANyXR72kzfWYKpump,200,4000
life,2026-08-03T01:35:17.724Z,H23di4NXN6j2pwLwbYjtag1Q3v7ANyXR72kzfWYKpump,200,4000
life,2026-08-03T01:35:21.721Z,H23di4NXN6j2pwLwbYjtag1Q3v7ANyXR72kzfWYKpump,200,4000
life,2026-08-03T01:35:25.742Z,H23di4NXN6j2pwLwbYjtag1Q3v7ANyXR72kzfWYKpump,200,4000
life,2026-08-03T01:35:29.736Z,H23di4NXN6j2pwLwbYjtag1Q3v7ANyXR72kzfWYKpump,200,4000
life,2026-08-03T01:35:33.745Z,H23di4NXN6j2pwLwbYjtag1Q3v7ANyXR72kzfWYKpump,200,4000
life,2026-08-03T01:35:37.734Z,H23di4NXN6j2pwLwbYjtag1Q3v7ANyXR72kzfWYKpump,200,4000
life,2026-08-03T01:35:41.735Z,H23di4NXN6j2pwLwbYjtag1Q3v7ANyXR72kzfWYKpump,200,4000
life,2026-08-03T01:35:45.734Z,H23di4NXN6j2pwLwbYjtag1Q3v7ANyXR72kzfWYKpump,200,4000
life,2026-08-03T01:35:49.739Z,H23di4NXN6j2pwLwbYjtag1Q3v7ANyXR72kzfWYKpump,200,4000
life,2026-08-03T01:35:53.740Z,H23di4NXN6j2pwLwbYjtag1Q3v7ANyXR72kzfWYKpump,200,4000
life,2026-08-03T01:35:57.745Z,H23di4NXN6j2pwLwbYjtag1Q3v7ANyXR72kzfWYKpump,200,4000
life,2026-08-03T01:36:01.744Z,H23di4NXN6j2pwLwbYjtag1Q3v7ANyXR72kzfWYKpump,200,4000
life,2026-08-03T01:36:05.749Z,H23di4NXN6j2pwLwbYjtag1Q3v7ANyXR72kzfWYKpump,200,4000
life,2026-08-03T01:36:09.751Z,H23di4NXN6j2pwLwbYjtag1Q3v7ANyXR72kzfWYKpump,200,4000
life,2026-08-03T01:36:13.761Z,H23di4NXN6j2pwLwbYjtag1Q3v7ANyXR72kzfWYKpump,200,4000
life,2026-08-03T01:36:17.749Z,H23di4NXN6j2pwLwbYjtag1Q3v7ANyXR72kzfWYKpump,200,4000
life,2026-08-03T01:36:21.763Z,H23di4NXN6j2pwLwbYjtag1Q3v7ANyXR72kzfWYKpump,200,4000
life,2026-08-03T01:36:25.757Z,H23di4NXN6j2pwLwbYjtag1Q3v7ANyXR72kzfWYKpump,200,4000
life,2026-08-03T01:36:29.762Z,H23di4NXN6j2pwLwbYjtag1Q3v7ANyXR72kzfWYKpump,200,4000
life,2026-08-03T01:36:33.763Z,H23di4NXN6j2pwLwbYjtag1Q3v7ANyXR72kzfWYKpump,200,4000
life,2026-08-03T01:36:37.760Z,H23di4NXN6j2pwLwbYjtag1Q3v7ANyXR72kzfWYKpump,200,4000
life,2026-08-03T01:36:41.757Z,H23di4NXN6j2pwLwbYjtag1Q3v7ANyXR72kzfWYKpump,200,4000
life,2026-08-03T01:36:45.759Z,H23di4NXN6j2pwLwbYjtag1Q3v7ANyXR72kzfWYKpump,200,4000
life,2026-08-03T01:36:49.766Z,H23di4NXN6j2pwLwbYjtag1Q3v7ANyXR72kzfWYKpump,200,4000
life,2026-08-03T01:36:53.763Z,H23di4NXN6j2pwLwbYjtag1Q3v7ANyXR72kzfWYKpump,200,4000
life,2026-08-03T01:36:57.778Z,BQDTXj9bvYRY9hksEmnXVMxsPu5VwFDW3bwiXpiDpump,200,4000
life,2026-08-03T01:37:01.942Z,BQDTXj9bvYRY9hksEmnXVMxsPu5VwFDW3bwiXpiDpump,200,4000
life,2026-08-03T01:37:05.789Z,BQDTXj9bvYRY9hksEmnXVMxsPu5VwFDW3bwiXpiDpump,200,4000
life,2026-08-03T01:37:09.790Z,BQDTXj9bvYRY9hksEmnXVMxsPu5VwFDW3bwiXpiDpump,200,4000
life,2026-08-03T01:37:13.907Z,BQDTXj9bvYRY9hksEmnXVMxsPu5VwFDW3bwiXpiDpump,200,4000
life,2026-08-03T01:37:17.786Z,BQDTXj9bvYRY9hksEmnXVMxsPu5VwFDW3bwiXpiDpump,200,4000
life,2026-08-03T01:37:21.797Z,BQDTXj9bvYRY9hksEmnXVMxsPu5VwFDW3bwiXpiDpump,200,4000
life,2026-08-03T01:37:25.828Z,BQDTXj9bvYRY9hksEmnXVMxsPu5VwFDW3bwiXpiDpump,200,4000
life,2026-08-03T01:37:29.792Z,BQDTXj9bvYRY9hksEmnXVMxsPu5VwFDW3bwiXpiDpump,200,4000
life,2026-08-03T01:37:33.792Z,BQDTXj9bvYRY9hksEmnXVMxsPu5VwFDW3bwiXpiDpump,200,4000
life,2026-08-03T01:37:37.796Z,BQDTXj9bvYRY9hksEmnXVMxsPu5VwFDW3bwiXpiDpump,200,4000
life,2026-08-03T01:37:41.797Z,BQDTXj9bvYRY9hksEmnXVMxsPu5VwFDW3bwiXpiDpump,200,4000
life,2026-08-03T01:37:45.798Z,BQDTXj9bvYRY9hksEmnXVMxsPu5VwFDW3bwiXpiDpump,200,4000
life,2026-08-03T01:37:49.800Z,BQDTXj9bvYRY9hksEmnXVMxsPu5VwFDW3bwiXpiDpump,200,4000
life,2026-08-03T01:37:53.801Z,BQDTXj9bvYRY9hksEmnXVMxsPu5VwFDW3bwiXpiDpump,200,4000
life,2026-08-03T01:37:57.809Z,BQDTXj9bvYRY9hksEmnXVMxsPu5VwFDW3bwiXpiDpump,200,4000
life,2026-08-03T01:38:01.799Z,BQDTXj9bvYRY9hksEmnXVMxsPu5VwFDW3bwiXpiDpump,200,4000
life,2026-08-03T01:38:05.813Z,BQDTXj9bvYRY9hksEmnXVMxsPu5VwFDW3bwiXpiDpump,200,4000
life,2026-08-03T01:38:09.812Z,BQDTXj9bvYRY9hksEmnXVMxsPu5VwFDW3bwiXpiDpump,200,4000
life,2026-08-03T01:38:13.815Z,BQDTXj9bvYRY9hksEmnXVMxsPu5VwFDW3bwiXpiDpump,200,4000
life,2026-08-03T01:38:17.810Z,BQDTXj9bvYRY9hksEmnXVMxsPu5VwFDW3bwiXpiDpump,200,4000
life,2026-08-03T01:38:21.814Z,BQDTXj9bvYRY9hksEmnXVMxsPu5VwFDW3bwiXpiDpump,200,4000
life,2026-08-03T01:38:25.821Z,BQDTXj9bvYRY9hksEmnXVMxsPu5VwFDW3bwiXpiDpump,200,4000
life,2026-08-03T01:38:29.822Z,BQDTXj9bvYRY9hksEmnXVMxsPu5VwFDW3bwiXpiDpump,200,4000
life,2026-08-03T01:38:33.816Z,BQDTXj9bvYRY9hksEmnXVMxsPu5VwFDW3bwiXpiDpump,200,4000
life,2026-08-03T01:38:37.836Z,BQDTXj9bvYRY9hksEmnXVMxsPu5VwFDW3bwiXpiDpump,200,4000
life,2026-08-03T01:38:41.859Z,BQDTXj9bvYRY9hksEmnXVMxsPu5VwFDW3bwiXpiDpump,200,4000
life,2026-08-03T01:38:45.830Z,BQDTXj9bvYRY9hksEmnXVMxsPu5VwFDW3bwiXpiDpump,200,4000
life,2026-08-03T01:38:49.822Z,BQDTXj9bvYRY9hksEmnXVMxsPu5VwFDW3bwiXpiDpump,200,4000
life,2026-08-03T01:38:53.827Z,BQDTXj9bvYRY9hksEmnXVMxsPu5VwFDW3bwiXpiDpump,200,4000
life,2026-08-03T01:38:57.824Z,BQDTXj9bvYRY9hksEmnXVMxsPu5VwFDW3bwiXpiDpump,200,4000
life,2026-08-03T01:39:01.829Z,BQDTXj9bvYRY9hksEmnXVMxsPu5VwFDW3bwiXpiDpump,200,4000
life,2026-08-03T01:39:05.832Z,BQDTXj9bvYRY9hksEmnXVMxsPu5VwFDW3bwiXpiDpump,200,4000
life,2026-08-03T01:39:09.840Z,BQDTXj9bvYRY9hksEmnXVMxsPu5VwFDW3bwiXpiDpump,200,4000
life,2026-08-03T01:39:13.840Z,BQDTXj9bvYRY9hksEmnXVMxsPu5VwFDW3bwiXpiDpump,200,4000
life,2026-08-03T01:39:17.839Z,BQDTXj9bvYRY9hksEmnXVMxsPu5VwFDW3bwiXpiDpump,200,4000
life,2026-08-03T01:39:21.837Z,BQDTXj9bvYRY9hksEmnXVMxsPu5VwFDW3bwiXpiDpump,200,4000
life,2026-08-03T01:39:25.841Z,BQDTXj9bvYRY9hksEmnXVMxsPu5VwFDW3bwiXpiDpump,200,4000
life,2026-08-03T01:39:29.839Z,BQDTXj9bvYRY9hksEmnXVMxsPu5VwFDW3bwiXpiDpump,200,4000
life,2026-08-03T01:39:33.846Z,BQDTXj9bvYRY9hksEmnXVMxsPu5VwFDW3bwiXpiDpump,200,4000
life,2026-08-03T01:39:37.844Z,BQDTXj9bvYRY9hksEmnXVMxsPu5VwFDW3bwiXpiDpump,200,4000
life,2026-08-03T01:39:41.857Z,BQDTXj9bvYRY9hksEmnXVMxsPu5VwFDW3bwiXpiDpump,200,4000
life,2026-08-03T01:39:45.841Z,BQDTXj9bvYRY9hksEmnXVMxsPu5VwFDW3bwiXpiDpump,200,4000
life,2026-08-03T01:39:49.854Z,BQDTXj9bvYRY9hksEmnXVMxsPu5VwFDW3bwiXpiDpump,200,4000
life,2026-08-03T01:39:53.855Z,BQDTXj9bvYRY9hksEmnXVMxsPu5VwFDW3bwiXpiDpump,200,4000
life,2026-08-03T01:39:57.853Z,BQDTXj9bvYRY9hksEmnXVMxsPu5VwFDW3bwiXpiDpump,200,4000
life,2026-08-03T01:40:01.863Z,BQDTXj9bvYRY9hksEmnXVMxsPu5VwFDW3bwiXpiDpump,200,4000
life,2026-08-03T01:40:05.861Z,BQDTXj9bvYRY9hksEmnXVMxsPu5VwFDW3bwiXpiDpump,200,4000
life,2026-08-03T01:40:09.859Z,BQDTXj9bvYRY9hksEmnXVMxsPu5VwFDW3bwiXpiDpump,200,4000
life,2026-08-03T01:40:13.860Z,BQDTXj9bvYRY9hksEmnXVMxsPu5VwFDW3bwiXpiDpump,200,4000
life,2026-08-03T01:40:17.865Z,BQDTXj9bvYRY9hksEmnXVMxsPu5VwFDW3bwiXpiDpump,200,4000
life,2026-08-03T01:40:21.867Z,BQDTXj9bvYRY9hksEmnXVMxsPu5VwFDW3bwiXpiDpump,200,4000
life,2026-08-03T01:40:25.896Z,BQDTXj9bvYRY9hksEmnXVMxsPu5VwFDW3bwiXpiDpump,200,4000
life,2026-08-03T01:40:29.884Z,BQDTXj9bvYRY9hksEmnXVMxsPu5VwFDW3bwiXpiDpump,200,4000
life,2026-08-03T01:40:33.937Z,BQDTXj9bvYRY9hksEmnXVMxsPu5VwFDW3bwiXpiDpump,200,4000
life,2026-08-03T01:40:37.876Z,BQDTXj9bvYRY9hksEmnXVMxsPu5VwFDW3bwiXpiDpump,200,4000
life,2026-08-03T01:40:41.881Z,BQDTXj9bvYRY9hksEmnXVMxsPu5VwFDW3bwiXpiDpump,200,4000
life,2026-08-03T01:40:45.889Z,BQDTXj9bvYRY9hksEmnXVMxsPu5VwFDW3bwiXpiDpump,200,4000
life,2026-08-03T01:40:49.892Z,BQDTXj9bvYRY9hksEmnXVMxsPu5VwFDW3bwiXpiDpump,200,4000
life,2026-08-03T01:40:53.883Z,BQDTXj9bvYRY9hksEmnXVMxsPu5VwFDW3bwiXpiDpump,200,4000
life,2026-08-03T01:40:57.890Z,BQDTXj9bvYRY9hksEmnXVMxsPu5VwFDW3bwiXpiDpump,200,4000
life,2026-08-03T01:41:01.892Z,BQDTXj9bvYRY9hksEmnXVMxsPu5VwFDW3bwiXpiDpump,200,4000
life,2026-08-03T01:41:05.894Z,BQDTXj9bvYRY9hksEmnXVMxsPu5VwFDW3bwiXpiDpump,200,4000
life,2026-08-03T01:41:09.897Z,BQDTXj9bvYRY9hksEmnXVMxsPu5VwFDW3bwiXpiDpump,200,4000
life,2026-08-03T01:41:14.045Z,BQDTXj9bvYRY9hksEmnXVMxsPu5VwFDW3bwiXpiDpump,200,4000
life,2026-08-03T01:41:17.900Z,BQDTXj9bvYRY9hksEmnXVMxsPu5VwFDW3bwiXpiDpump,200,4000
life,2026-08-03T01:41:21.898Z,BQDTXj9bvYRY9hksEmnXVMxsPu5VwFDW3bwiXpiDpump,200,4000
life,2026-08-03T01:41:25.900Z,BQDTXj9bvYRY9hksEmnXVMxsPu5VwFDW3bwiXpiDpump,200,4000
life,2026-08-03T01:41:29.902Z,BQDTXj9bvYRY9hksEmnXVMxsPu5VwFDW3bwiXpiDpump,200,4000
life,2026-08-03T01:41:33.905Z,BQDTXj9bvYRY9hksEmnXVMxsPu5VwFDW3bwiXpiDpump,200,4000
life,2026-08-03T01:41:37.904Z,BQDTXj9bvYRY9hksEmnXVMxsPu5VwFDW3bwiXpiDpump,200,4000
life,2026-08-03T01:41:41.915Z,BQDTXj9bvYRY9hksEmnXVMxsPu5VwFDW3bwiXpiDpump,200,4000
life,2026-08-03T01:41:45.911Z,BQDTXj9bvYRY9hksEmnXVMxsPu5VwFDW3bwiXpiDpump,200,4000
life,2026-08-03T01:41:49.911Z,BQDTXj9bvYRY9hksEmnXVMxsPu5VwFDW3bwiXpiDpump,200,4000
life,2026-08-03T01:41:53.918Z,BQDTXj9bvYRY9hksEmnXVMxsPu5VwFDW3bwiXpiDpump,200,4000
life,2026-08-03T01:41:57.919Z,BQDTXj9bvYRY9hksEmnXVMxsPu5VwFDW3bwiXpiDpump,200,4000
life,2026-08-03T01:42:01.926Z,BQDTXj9bvYRY9hksEmnXVMxsPu5VwFDW3bwiXpiDpump,200,4000
life,2026-08-03T01:42:05.947Z,BQDTXj9bvYRY9hksEmnXVMxsPu5VwFDW3bwiXpiDpump,200,4000
life,2026-08-03T01:42:09.926Z,BQDTXj9bvYRY9hksEmnXVMxsPu5VwFDW3bwiXpiDpump,200,4000
life,2026-08-03T01:42:13.938Z,BQDTXj9bvYRY9hksEmnXVMxsPu5VwFDW3bwiXpiDpump,200,4000
life,2026-08-03T01:42:17.936Z,BQDTXj9bvYRY9hksEmnXVMxsPu5VwFDW3bwiXpiDpump,200,4000
life,2026-08-03T01:42:21.948Z,BQDTXj9bvYRY9hksEmnXVMxsPu5VwFDW3bwiXpiDpump,200,4000
life,2026-08-03T01:42:25.942Z,BQDTXj9bvYRY9hksEmnXVMxsPu5VwFDW3bwiXpiDpump,200,4000
life,2026-08-03T01:42:29.943Z,BQDTXj9bvYRY9hksEmnXVMxsPu5VwFDW3bwiXpiDpump,200,4000
life,2026-08-03T01:42:33.939Z,BQDTXj9bvYRY9hksEmnXVMxsPu5VwFDW3bwiXpiDpump,200,4000
life,2026-08-03T01:42:37.947Z,BQDTXj9bvYRY9hksEmnXVMxsPu5VwFDW3bwiXpiDpump,200,4000
life,2026-08-03T01:42:41.946Z,BQDTXj9bvYRY9hksEmnXVMxsPu5VwFDW3bwiXpiDpump,200,4000
life,2026-08-03T01:42:45.960Z,BQDTXj9bvYRY9hksEmnXVMxsPu5VwFDW3bwiXpiDpump,200,4000
life,2026-08-03T01:42:50.089Z,BQDTXj9bvYRY9hksEmnXVMxsPu5VwFDW3bwiXpiDpump,200,4000
life,2026-08-03T01:42:53.955Z,BQDTXj9bvYRY9hksEmnXVMxsPu5VwFDW3bwiXpiDpump,200,4000
life,2026-08-03T01:42:58.039Z,BQDTXj9bvYRY9hksEmnXVMxsPu5VwFDW3bwiXpiDpump,200,4000
life,2026-08-03T01:43:01.954Z,BQDTXj9bvYRY9hksEmnXVMxsPu5VwFDW3bwiXpiDpump,200,4000
life,2026-08-03T01:43:05.957Z,BQDTXj9bvYRY9hksEmnXVMxsPu5VwFDW3bwiXpiDpump,200,4000
life,2026-08-03T01:43:09.973Z,BQDTXj9bvYRY9hksEmnXVMxsPu5VwFDW3bwiXpiDpump,200,4000
life,2026-08-03T01:43:13.970Z,BQDTXj9bvYRY9hksEmnXVMxsPu5VwFDW3bwiXpiDpump,200,4000
life,2026-08-03T01:43:17.962Z,BQDTXj9bvYRY9hksEmnXVMxsPu5VwFDW3bwiXpiDpump,200,4000
life,2026-08-03T01:43:21.976Z,BQDTXj9bvYRY9hksEmnXVMxsPu5VwFDW3bwiXpiDpump,200,4000
life,2026-08-03T01:43:25.968Z,BQDTXj9bvYRY9hksEmnXVMxsPu5VwFDW3bwiXpiDpump,200,4000
life,2026-08-03T01:43:30.164Z,BQDTXj9bvYRY9hksEmnXVMxsPu5VwFDW3bwiXpiDpump,200,4000
life,2026-08-03T01:43:33.971Z,BQDTXj9bvYRY9hksEmnXVMxsPu5VwFDW3bwiXpiDpump,200,4000
life,2026-08-03T01:43:38.029Z,AxshJi4UveAFeB7gz1XJmPbqQz86mLSSGTLJKyrNpump,200,4000
life,2026-08-03T01:43:41.964Z,AxshJi4UveAFeB7gz1XJmPbqQz86mLSSGTLJKyrNpump,200,4000
life,2026-08-03T01:43:46.017Z,AxshJi4UveAFeB7gz1XJmPbqQz86mLSSGTLJKyrNpump,200,4000
life,2026-08-03T01:43:50.032Z,AxshJi4UveAFeB7gz1XJmPbqQz86mLSSGTLJKyrNpump,200,4000
life,2026-08-03T01:43:53.982Z,AxshJi4UveAFeB7gz1XJmPbqQz86mLSSGTLJKyrNpump,200,4000
life,2026-08-03T01:43:57.978Z,AxshJi4UveAFeB7gz1XJmPbqQz86mLSSGTLJKyrNpump,200,4000
life,2026-08-03T01:44:01.972Z,AxshJi4UveAFeB7gz1XJmPbqQz86mLSSGTLJKyrNpump,200,4000
life,2026-08-03T01:44:05.975Z,AxshJi4UveAFeB7gz1XJmPbqQz86mLSSGTLJKyrNpump,200,4000
life,2026-08-03T01:44:09.980Z,AxshJi4UveAFeB7gz1XJmPbqQz86mLSSGTLJKyrNpump,200,4000
life,2026-08-03T01:44:13.975Z,AxshJi4UveAFeB7gz1XJmPbqQz86mLSSGTLJKyrNpump,200,4000
life,2026-08-03T01:44:17.980Z,AxshJi4UveAFeB7gz1XJmPbqQz86mLSSGTLJKyrNpump,200,4000
life,2026-08-03T01:44:21.987Z,AxshJi4UveAFeB7gz1XJmPbqQz86mLSSGTLJKyrNpump,200,4000
life,2026-08-03T01:44:25.995Z,AxshJi4UveAFeB7gz1XJmPbqQz86mLSSGTLJKyrNpump,200,4000
life,2026-08-03T01:44:29.999Z,AxshJi4UveAFeB7gz1XJmPbqQz86mLSSGTLJKyrNpump,200,4000
life,2026-08-03T01:44:33.985Z,AxshJi4UveAFeB7gz1XJmPbqQz86mLSSGTLJKyrNpump,200,4000
life,2026-08-03T01:44:37.990Z,AxshJi4UveAFeB7gz1XJmPbqQz86mLSSGTLJKyrNpump,200,4000
life,2026-08-03T01:44:41.991Z,AxshJi4UveAFeB7gz1XJmPbqQz86mLSSGTLJKyrNpump,200,4000
life,2026-08-03T01:44:45.994Z,AxshJi4UveAFeB7gz1XJmPbqQz86mLSSGTLJKyrNpump,200,4000
life,2026-08-03T01:44:49.997Z,AxshJi4UveAFeB7gz1XJmPbqQz86mLSSGTLJKyrNpump,200,4000
life,2026-08-03T01:44:53.996Z,AxshJi4UveAFeB7gz1XJmPbqQz86mLSSGTLJKyrNpump,200,4000
life,2026-08-03T01:44:58.002Z,AxshJi4UveAFeB7gz1XJmPbqQz86mLSSGTLJKyrNpump,200,4000
life,2026-08-03T01:45:01.996Z,AxshJi4UveAFeB7gz1XJmPbqQz86mLSSGTLJKyrNpump,200,4000
life,2026-08-03T01:45:06.011Z,AxshJi4UveAFeB7gz1XJmPbqQz86mLSSGTLJKyrNpump,200,4000
life,2026-08-03T01:45:10.005Z,AxshJi4UveAFeB7gz1XJmPbqQz86mLSSGTLJKyrNpump,200,4000
life,2026-08-03T01:45:14.012Z,AxshJi4UveAFeB7gz1XJmPbqQz86mLSSGTLJKyrNpump,200,4000
life,2026-08-03T01:45:18.018Z,AxshJi4UveAFeB7gz1XJmPbqQz86mLSSGTLJKyrNpump,200,4000
life,2026-08-03T01:45:22.013Z,AxshJi4UveAFeB7gz1XJmPbqQz86mLSSGTLJKyrNpump,200,4000
life,2026-08-03T01:45:26.014Z,AxshJi4UveAFeB7gz1XJmPbqQz86mLSSGTLJKyrNpump,200,4000
life,2026-08-03T01:45:30.020Z,AxshJi4UveAFeB7gz1XJmPbqQz86mLSSGTLJKyrNpump,200,4000
life,2026-08-03T01:45:34.018Z,AxshJi4UveAFeB7gz1XJmPbqQz86mLSSGTLJKyrNpump,200,4000
life,2026-08-03T01:45:38.022Z,AxshJi4UveAFeB7gz1XJmPbqQz86mLSSGTLJKyrNpump,200,4000
life,2026-08-03T01:45:42.022Z,AxshJi4UveAFeB7gz1XJmPbqQz86mLSSGTLJKyrNpump,200,4000
life,2026-08-03T01:45:46.027Z,AxshJi4UveAFeB7gz1XJmPbqQz86mLSSGTLJKyrNpump,200,4000
life,2026-08-03T01:45:50.025Z,AxshJi4UveAFeB7gz1XJmPbqQz86mLSSGTLJKyrNpump,200,4000
life,2026-08-03T01:45:54.039Z,AxshJi4UveAFeB7gz1XJmPbqQz86mLSSGTLJKyrNpump,200,4000
life,2026-08-03T01:45:58.028Z,AxshJi4UveAFeB7gz1XJmPbqQz86mLSSGTLJKyrNpump,200,4000
life,2026-08-03T01:46:02.032Z,AxshJi4UveAFeB7gz1XJmPbqQz86mLSSGTLJKyrNpump,200,4000
life,2026-08-03T01:46:06.037Z,AxshJi4UveAFeB7gz1XJmPbqQz86mLSSGTLJKyrNpump,200,4000
life,2026-08-03T01:46:10.025Z,AxshJi4UveAFeB7gz1XJmPbqQz86mLSSGTLJKyrNpump,200,4000
life,2026-08-03T01:46:14.055Z,2HXK4CBcYeJQezA1MxNgSCHgXDx3kYgpe4ivk1hZpump,200,4000
life,2026-08-03T01:46:18.051Z,2HXK4CBcYeJQezA1MxNgSCHgXDx3kYgpe4ivk1hZpump,200,4000
life,2026-08-03T01:46:22.090Z,2HXK4CBcYeJQezA1MxNgSCHgXDx3kYgpe4ivk1hZpump,200,4000
life,2026-08-03T01:46:26.057Z,2HXK4CBcYeJQezA1MxNgSCHgXDx3kYgpe4ivk1hZpump,200,4000
life,2026-08-03T01:46:30.041Z,2HXK4CBcYeJQezA1MxNgSCHgXDx3kYgpe4ivk1hZpump,200,4000
life,2026-08-03T01:46:34.043Z,2HXK4CBcYeJQezA1MxNgSCHgXDx3kYgpe4ivk1hZpump,200,4000
life,2026-08-03T01:46:38.041Z,2HXK4CBcYeJQezA1MxNgSCHgXDx3kYgpe4ivk1hZpump,200,4000
life,2026-08-03T01:46:42.227Z,2HXK4CBcYeJQezA1MxNgSCHgXDx3kYgpe4ivk1hZpump,200,4000
life,2026-08-03T01:46:46.048Z,2HXK4CBcYeJQezA1MxNgSCHgXDx3kYgpe4ivk1hZpump,200,4000
life,2026-08-03T01:46:50.055Z,2HXK4CBcYeJQezA1MxNgSCHgXDx3kYgpe4ivk1hZpump,200,4000
life,2026-08-03T01:46:54.173Z,2HXK4CBcYeJQezA1MxNgSCHgXDx3kYgpe4ivk1hZpump,200,4000
life,2026-08-03T01:46:58.049Z,2HXK4CBcYeJQezA1MxNgSCHgXDx3kYgpe4ivk1hZpump,200,4000
life,2026-08-03T01:47:02.059Z,2HXK4CBcYeJQezA1MxNgSCHgXDx3kYgpe4ivk1hZpump,200,4000
life,2026-08-03T01:47:06.056Z,2HXK4CBcYeJQezA1MxNgSCHgXDx3kYgpe4ivk1hZpump,200,4000
life,2026-08-03T01:47:10.082Z,2HXK4CBcYeJQezA1MxNgSCHgXDx3kYgpe4ivk1hZpump,200,4000
life,2026-08-03T01:47:14.087Z,2HXK4CBcYeJQezA1MxNgSCHgXDx3kYgpe4ivk1hZpump,200,4000
life,2026-08-03T01:47:18.057Z,2HXK4CBcYeJQezA1MxNgSCHgXDx3kYgpe4ivk1hZpump,200,4000
life,2026-08-03T01:47:22.071Z,2HXK4CBcYeJQezA1MxNgSCHgXDx3kYgpe4ivk1hZpump,200,4000
life,2026-08-03T01:47:26.059Z,2HXK4CBcYeJQezA1MxNgSCHgXDx3kYgpe4ivk1hZpump,200,4000
life,2026-08-03T01:47:30.057Z,2HXK4CBcYeJQezA1MxNgSCHgXDx3kYgpe4ivk1hZpump,200,4000
life,2026-08-03T01:47:34.058Z,2HXK4CBcYeJQezA1MxNgSCHgXDx3kYgpe4ivk1hZpump,200,4000
life,2026-08-03T01:47:38.062Z,2HXK4CBcYeJQezA1MxNgSCHgXDx3kYgpe4ivk1hZpump,200,4000
life,2026-08-03T01:47:42.062Z,2HXK4CBcYeJQezA1MxNgSCHgXDx3kYgpe4ivk1hZpump,200,4000
life,2026-08-03T01:47:46.058Z,2HXK4CBcYeJQezA1MxNgSCHgXDx3kYgpe4ivk1hZpump,200,4000
life,2026-08-03T01:47:50.072Z,2HXK4CBcYeJQezA1MxNgSCHgXDx3kYgpe4ivk1hZpump,200,4000
life,2026-08-03T01:47:54.065Z,2HXK4CBcYeJQezA1MxNgSCHgXDx3kYgpe4ivk1hZpump,200,4000
life,2026-08-03T01:47:58.072Z,2HXK4CBcYeJQezA1MxNgSCHgXDx3kYgpe4ivk1hZpump,200,4000
life,2026-08-03T01:48:02.104Z,2HXK4CBcYeJQezA1MxNgSCHgXDx3kYgpe4ivk1hZpump,200,4000
life,2026-08-03T01:48:06.064Z,2HXK4CBcYeJQezA1MxNgSCHgXDx3kYgpe4ivk1hZpump,200,4000
life,2026-08-03T01:48:10.076Z,2HXK4CBcYeJQezA1MxNgSCHgXDx3kYgpe4ivk1hZpump,200,4000
life,2026-08-03T01:48:14.077Z,2HXK4CBcYeJQezA1MxNgSCHgXDx3kYgpe4ivk1hZpump,200,4000
life,2026-08-03T01:48:18.078Z,2HXK4CBcYeJQezA1MxNgSCHgXDx3kYgpe4ivk1hZpump,200,4000
life,2026-08-03T01:48:22.080Z,2HXK4CBcYeJQezA1MxNgSCHgXDx3kYgpe4ivk1hZpump,200,4000
life,2026-08-03T01:48:26.112Z,2HXK4CBcYeJQezA1MxNgSCHgXDx3kYgpe4ivk1hZpump,200,4000
life,2026-08-03T01:48:30.244Z,2HXK4CBcYeJQezA1MxNgSCHgXDx3kYgpe4ivk1hZpump,200,4000
life,2026-08-03T01:48:34.087Z,2HXK4CBcYeJQezA1MxNgSCHgXDx3kYgpe4ivk1hZpump,200,4000
life,2026-08-03T01:48:38.096Z,2HXK4CBcYeJQezA1MxNgSCHgXDx3kYgpe4ivk1hZpump,200,4000
life,2026-08-03T01:48:42.093Z,2HXK4CBcYeJQezA1MxNgSCHgXDx3kYgpe4ivk1hZpump,200,4000
life,2026-08-03T01:48:46.094Z,2HXK4CBcYeJQezA1MxNgSCHgXDx3kYgpe4ivk1hZpump,200,4000
life,2026-08-03T01:48:50.091Z,2HXK4CBcYeJQezA1MxNgSCHgXDx3kYgpe4ivk1hZpump,200,4000
life,2026-08-03T01:48:54.092Z,2HXK4CBcYeJQezA1MxNgSCHgXDx3kYgpe4ivk1hZpump,200,4000
life,2026-08-03T01:48:58.109Z,2HXK4CBcYeJQezA1MxNgSCHgXDx3kYgpe4ivk1hZpump,200,4000
life,2026-08-03T01:49:02.096Z,2HXK4CBcYeJQezA1MxNgSCHgXDx3kYgpe4ivk1hZpump,200,4000
life,2026-08-03T01:49:06.093Z,2HXK4CBcYeJQezA1MxNgSCHgXDx3kYgpe4ivk1hZpump,200,4000
life,2026-08-03T01:49:10.094Z,2HXK4CBcYeJQezA1MxNgSCHgXDx3kYgpe4ivk1hZpump,200,4000
life,2026-08-03T01:49:14.099Z,2HXK4CBcYeJQezA1MxNgSCHgXDx3kYgpe4ivk1hZpump,200,4000
life,2026-08-03T01:49:18.107Z,2HXK4CBcYeJQezA1MxNgSCHgXDx3kYgpe4ivk1hZpump,200,4000
life,2026-08-03T01:49:22.093Z,2HXK4CBcYeJQezA1MxNgSCHgXDx3kYgpe4ivk1hZpump,200,4000
life,2026-08-03T01:49:26.130Z,6DoLTBDEsvDswhUo6HwXPH5kDhY85k9x3pC7g6KVpump,200,4000
life,2026-08-03T01:49:30.132Z,6DoLTBDEsvDswhUo6HwXPH5kDhY85k9x3pC7g6KVpump,200,4000
life,2026-08-03T01:49:34.113Z,6DoLTBDEsvDswhUo6HwXPH5kDhY85k9x3pC7g6KVpump,200,4000
life,2026-08-03T01:49:38.154Z,6DoLTBDEsvDswhUo6HwXPH5kDhY85k9x3pC7g6KVpump,200,4000
life,2026-08-03T01:49:42.111Z,6DoLTBDEsvDswhUo6HwXPH5kDhY85k9x3pC7g6KVpump,200,4000
life,2026-08-03T01:49:46.115Z,6DoLTBDEsvDswhUo6HwXPH5kDhY85k9x3pC7g6KVpump,200,4000
life,2026-08-03T01:49:50.113Z,6DoLTBDEsvDswhUo6HwXPH5kDhY85k9x3pC7g6KVpump,200,4000
life,2026-08-03T01:49:54.112Z,6DoLTBDEsvDswhUo6HwXPH5kDhY85k9x3pC7g6KVpump,200,4000
life,2026-08-03T01:49:58.113Z,6DoLTBDEsvDswhUo6HwXPH5kDhY85k9x3pC7g6KVpump,200,4000
life,2026-08-03T01:50:02.144Z,6DoLTBDEsvDswhUo6HwXPH5kDhY85k9x3pC7g6KVpump,200,4000
life,2026-08-03T01:50:06.134Z,6DoLTBDEsvDswhUo6HwXPH5kDhY85k9x3pC7g6KVpump,200,4000
life,2026-08-03T01:50:10.124Z,6DoLTBDEsvDswhUo6HwXPH5kDhY85k9x3pC7g6KVpump,200,4000
life,2026-08-03T01:50:14.119Z,6DoLTBDEsvDswhUo6HwXPH5kDhY85k9x3pC7g6KVpump,200,4000
life,2026-08-03T01:50:18.134Z,6DoLTBDEsvDswhUo6HwXPH5kDhY85k9x3pC7g6KVpump,200,4000
life,2026-08-03T01:50:22.133Z,6DoLTBDEsvDswhUo6HwXPH5kDhY85k9x3pC7g6KVpump,200,4000
life,2026-08-03T01:50:26.192Z,6DoLTBDEsvDswhUo6HwXPH5kDhY85k9x3pC7g6KVpump,200,4000
life,2026-08-03T01:50:30.131Z,6DoLTBDEsvDswhUo6HwXPH5kDhY85k9x3pC7g6KVpump,200,4000
life,2026-08-03T01:50:34.130Z,6DoLTBDEsvDswhUo6HwXPH5kDhY85k9x3pC7g6KVpump,200,4000
life,2026-08-03T01:50:38.133Z,6DoLTBDEsvDswhUo6HwXPH5kDhY85k9x3pC7g6KVpump,200,4000
life,2026-08-03T01:50:42.144Z,6DoLTBDEsvDswhUo6HwXPH5kDhY85k9x3pC7g6KVpump,200,4000
life,2026-08-03T01:50:46.132Z,6DoLTBDEsvDswhUo6HwXPH5kDhY85k9x3pC7g6KVpump,200,4000
life,2026-08-03T01:50:50.127Z,6DoLTBDEsvDswhUo6HwXPH5kDhY85k9x3pC7g6KVpump,200,4000
life,2026-08-03T01:50:54.137Z,9uyrFtA4gM4X7UZN9wS892anAKoAP9tjpdruBT85pump,200,4000
life,2026-08-03T01:50:58.135Z,9uyrFtA4gM4X7UZN9wS892anAKoAP9tjpdruBT85pump,200,4000
life,2026-08-03T01:51:02.144Z,9uyrFtA4gM4X7UZN9wS892anAKoAP9tjpdruBT85pump,200,4000
life,2026-08-03T01:51:06.151Z,9uyrFtA4gM4X7UZN9wS892anAKoAP9tjpdruBT85pump,200,4000
life,2026-08-03T01:51:10.155Z,9uyrFtA4gM4X7UZN9wS892anAKoAP9tjpdruBT85pump,200,4000
life,2026-08-03T01:51:14.159Z,9uyrFtA4gM4X7UZN9wS892anAKoAP9tjpdruBT85pump,200,4000
life,2026-08-03T01:51:18.153Z,9uyrFtA4gM4X7UZN9wS892anAKoAP9tjpdruBT85pump,200,4000
life,2026-08-03T01:51:22.149Z,9uyrFtA4gM4X7UZN9wS892anAKoAP9tjpdruBT85pump,200,4000
life,2026-08-03T01:51:26.167Z,9uyrFtA4gM4X7UZN9wS892anAKoAP9tjpdruBT85pump,200,4000
life,2026-08-03T01:51:30.162Z,9uyrFtA4gM4X7UZN9wS892anAKoAP9tjpdruBT85pump,200,4000
life,2026-08-03T01:51:34.163Z,9uyrFtA4gM4X7UZN9wS892anAKoAP9tjpdruBT85pump,200,4000
life,2026-08-03T01:51:38.156Z,9uyrFtA4gM4X7UZN9wS892anAKoAP9tjpdruBT85pump,200,4000
life,2026-08-03T01:51:42.162Z,9uyrFtA4gM4X7UZN9wS892anAKoAP9tjpdruBT85pump,200,4000
life,2026-08-03T01:51:46.332Z,9uyrFtA4gM4X7UZN9wS892anAKoAP9tjpdruBT85pump,200,4000
life,2026-08-03T01:51:50.161Z,9uyrFtA4gM4X7UZN9wS892anAKoAP9tjpdruBT85pump,200,4000
life,2026-08-03T01:51:54.166Z,9uyrFtA4gM4X7UZN9wS892anAKoAP9tjpdruBT85pump,200,4000
life,2026-08-03T01:51:58.167Z,9uyrFtA4gM4X7UZN9wS892anAKoAP9tjpdruBT85pump,200,4000
life,2026-08-03T01:52:02.387Z,9uyrFtA4gM4X7UZN9wS892anAKoAP9tjpdruBT85pump,200,4000
life,2026-08-03T01:52:06.182Z,9uyrFtA4gM4X7UZN9wS892anAKoAP9tjpdruBT85pump,200,4000
life,2026-08-03T01:52:10.189Z,9uyrFtA4gM4X7UZN9wS892anAKoAP9tjpdruBT85pump,200,4000
life,2026-08-03T01:52:14.185Z,9uyrFtA4gM4X7UZN9wS892anAKoAP9tjpdruBT85pump,200,4000
life,2026-08-03T01:52:18.189Z,9uyrFtA4gM4X7UZN9wS892anAKoAP9tjpdruBT85pump,200,4000
life,2026-08-03T01:52:22.179Z,9uyrFtA4gM4X7UZN9wS892anAKoAP9tjpdruBT85pump,200,4000
life,2026-08-03T01:52:26.192Z,9uyrFtA4gM4X7UZN9wS892anAKoAP9tjpdruBT85pump,200,4000
life,2026-08-03T01:52:30.198Z,9uyrFtA4gM4X7UZN9wS892anAKoAP9tjpdruBT85pump,200,4000
life,2026-08-03T01:52:34.193Z,9uyrFtA4gM4X7UZN9wS892anAKoAP9tjpdruBT85pump,200,4000
life,2026-08-03T01:52:38.200Z,9uyrFtA4gM4X7UZN9wS892anAKoAP9tjpdruBT85pump,200,4000
life,2026-08-03T01:52:42.191Z,9uyrFtA4gM4X7UZN9wS892anAKoAP9tjpdruBT85pump,200,4000
life,2026-08-03T01:52:46.201Z,9uyrFtA4gM4X7UZN9wS892anAKoAP9tjpdruBT85pump,200,4000
life,2026-08-03T01:52:50.196Z,9uyrFtA4gM4X7UZN9wS892anAKoAP9tjpdruBT85pump,200,4000
life,2026-08-03T01:52:54.206Z,9uyrFtA4gM4X7UZN9wS892anAKoAP9tjpdruBT85pump,200,4000
life,2026-08-03T01:52:58.200Z,9uyrFtA4gM4X7UZN9wS892anAKoAP9tjpdruBT85pump,200,4000
life,2026-08-03T01:53:02.207Z,9uyrFtA4gM4X7UZN9wS892anAKoAP9tjpdruBT85pump,200,4000
life,2026-08-03T01:53:06.214Z,9uyrFtA4gM4X7UZN9wS892anAKoAP9tjpdruBT85pump,200,4000
life,2026-08-03T01:53:10.219Z,9uyrFtA4gM4X7UZN9wS892anAKoAP9tjpdruBT85pump,200,4000
life,2026-08-03T01:53:14.213Z,9uyrFtA4gM4X7UZN9wS892anAKoAP9tjpdruBT85pump,200,4000
life,2026-08-03T01:53:18.216Z,9uyrFtA4gM4X7UZN9wS892anAKoAP9tjpdruBT85pump,200,4000
life,2026-08-03T01:53:22.237Z,9uyrFtA4gM4X7UZN9wS892anAKoAP9tjpdruBT85pump,200,4000
life,2026-08-03T01:53:26.221Z,9uyrFtA4gM4X7UZN9wS892anAKoAP9tjpdruBT85pump,200,4000
life,2026-08-03T01:53:30.231Z,9uyrFtA4gM4X7UZN9wS892anAKoAP9tjpdruBT85pump,200,4000
life,2026-08-03T01:53:34.235Z,9uyrFtA4gM4X7UZN9wS892anAKoAP9tjpdruBT85pump,200,4000
life,2026-08-03T01:53:38.228Z,9uyrFtA4gM4X7UZN9wS892anAKoAP9tjpdruBT85pump,200,4000
life,2026-08-03T01:53:42.228Z,9uyrFtA4gM4X7UZN9wS892anAKoAP9tjpdruBT85pump,200,4000
life,2026-08-03T01:53:46.227Z,9uyrFtA4gM4X7UZN9wS892anAKoAP9tjpdruBT85pump,200,4000
life,2026-08-03T01:53:50.234Z,9uyrFtA4gM4X7UZN9wS892anAKoAP9tjpdruBT85pump,200,4000
life,2026-08-03T01:53:54.235Z,9uyrFtA4gM4X7UZN9wS892anAKoAP9tjpdruBT85pump,200,4000
life,2026-08-03T01:53:58.235Z,9uyrFtA4gM4X7UZN9wS892anAKoAP9tjpdruBT85pump,200,4000
life,2026-08-03T01:54:02.247Z,9uyrFtA4gM4X7UZN9wS892anAKoAP9tjpdruBT85pump,200,4000
life,2026-08-03T01:54:06.372Z,9uyrFtA4gM4X7UZN9wS892anAKoAP9tjpdruBT85pump,200,4000
life,2026-08-03T01:54:10.241Z,9uyrFtA4gM4X7UZN9wS892anAKoAP9tjpdruBT85pump,200,4000
life,2026-08-03T01:54:14.243Z,9uyrFtA4gM4X7UZN9wS892anAKoAP9tjpdruBT85pump,200,4000
life,2026-08-03T01:54:18.329Z,9uyrFtA4gM4X7UZN9wS892anAKoAP9tjpdruBT85pump,200,4000
life,2026-08-03T01:54:22.251Z,9uyrFtA4gM4X7UZN9wS892anAKoAP9tjpdruBT85pump,200,4000
life,2026-08-03T01:54:26.250Z,9uyrFtA4gM4X7UZN9wS892anAKoAP9tjpdruBT85pump,200,4000
life,2026-08-03T01:54:30.253Z,9uyrFtA4gM4X7UZN9wS892anAKoAP9tjpdruBT85pump,200,4000
life,2026-08-03T01:54:34.262Z,9uyrFtA4gM4X7UZN9wS892anAKoAP9tjpdruBT85pump,200,4000
life,2026-08-03T01:54:38.260Z,9uyrFtA4gM4X7UZN9wS892anAKoAP9tjpdruBT85pump,200,4000
life,2026-08-03T01:54:42.262Z,9uyrFtA4gM4X7UZN9wS892anAKoAP9tjpdruBT85pump,200,4000
life,2026-08-03T01:54:46.268Z,9uyrFtA4gM4X7UZN9wS892anAKoAP9tjpdruBT85pump,200,4000
life,2026-08-03T01:54:50.270Z,9uyrFtA4gM4X7UZN9wS892anAKoAP9tjpdruBT85pump,200,4000
life,2026-08-03T01:54:54.268Z,9uyrFtA4gM4X7UZN9wS892anAKoAP9tjpdruBT85pump,200,4000
life,2026-08-03T01:54:58.275Z,9uyrFtA4gM4X7UZN9wS892anAKoAP9tjpdruBT85pump,200,4000
life,2026-08-03T01:55:02.275Z,9uyrFtA4gM4X7UZN9wS892anAKoAP9tjpdruBT85pump,200,4000
life,2026-08-03T01:55:06.273Z,9uyrFtA4gM4X7UZN9wS892anAKoAP9tjpdruBT85pump,200,4000
life,2026-08-03T01:55:10.306Z,9uyrFtA4gM4X7UZN9wS892anAKoAP9tjpdruBT85pump,200,4000
life,2026-08-03T01:55:14.268Z,9uyrFtA4gM4X7UZN9wS892anAKoAP9tjpdruBT85pump,200,4000
life,2026-08-03T01:55:18.277Z,9uyrFtA4gM4X7UZN9wS892anAKoAP9tjpdruBT85pump,200,4000
life,2026-08-03T01:55:22.496Z,9uyrFtA4gM4X7UZN9wS892anAKoAP9tjpdruBT85pump,200,4000
life,2026-08-03T01:55:26.332Z,9uyrFtA4gM4X7UZN9wS892anAKoAP9tjpdruBT85pump,200,4000
life,2026-08-03T01:55:30.277Z,9uyrFtA4gM4X7UZN9wS892anAKoAP9tjpdruBT85pump,200,4000
life,2026-08-03T01:55:34.283Z,9uyrFtA4gM4X7UZN9wS892anAKoAP9tjpdruBT85pump,200,4000
life,2026-08-03T01:55:38.278Z,9uyrFtA4gM4X7UZN9wS892anAKoAP9tjpdruBT85pump,200,4000
life,2026-08-03T01:55:42.282Z,9uyrFtA4gM4X7UZN9wS892anAKoAP9tjpdruBT85pump,200,4000
life,2026-08-03T01:55:46.284Z,9uyrFtA4gM4X7UZN9wS892anAKoAP9tjpdruBT85pump,200,4000
life,2026-08-03T01:55:50.316Z,9uyrFtA4gM4X7UZN9wS892anAKoAP9tjpdruBT85pump,200,4000
life,2026-08-03T01:55:54.295Z,9uyrFtA4gM4X7UZN9wS892anAKoAP9tjpdruBT85pump,200,4000
life,2026-08-03T01:55:58.287Z,9uyrFtA4gM4X7UZN9wS892anAKoAP9tjpdruBT85pump,200,4000
life,2026-08-03T01:56:02.300Z,9uyrFtA4gM4X7UZN9wS892anAKoAP9tjpdruBT85pump,200,4000
life,2026-08-03T01:56:06.295Z,9uyrFtA4gM4X7UZN9wS892anAKoAP9tjpdruBT85pump,200,4000
life,2026-08-03T01:56:10.309Z,9uyrFtA4gM4X7UZN9wS892anAKoAP9tjpdruBT85pump,200,4000
life,2026-08-03T01:56:14.331Z,9uyrFtA4gM4X7UZN9wS892anAKoAP9tjpdruBT85pump,200,4000
life,2026-08-03T01:56:18.298Z,9uyrFtA4gM4X7UZN9wS892anAKoAP9tjpdruBT85pump,200,4000
life,2026-08-03T01:56:22.302Z,9uyrFtA4gM4X7UZN9wS892anAKoAP9tjpdruBT85pump,200,4000
life,2026-08-03T01:56:26.322Z,AXWqvGRy7q4e4xpZY1F3N7fjfZ1QgiY3weZCLxefpump,200,4000
life,2026-08-03T01:56:30.309Z,AXWqvGRy7q4e4xpZY1F3N7fjfZ1QgiY3weZCLxefpump,200,4000
life,2026-08-03T01:56:34.314Z,AXWqvGRy7q4e4xpZY1F3N7fjfZ1QgiY3weZCLxefpump,200,4000
life,2026-08-03T01:56:38.318Z,AXWqvGRy7q4e4xpZY1F3N7fjfZ1QgiY3weZCLxefpump,200,4000
life,2026-08-03T01:56:42.312Z,AXWqvGRy7q4e4xpZY1F3N7fjfZ1QgiY3weZCLxefpump,200,4000
life,2026-08-03T01:56:46.312Z,AXWqvGRy7q4e4xpZY1F3N7fjfZ1QgiY3weZCLxefpump,200,4000
life,2026-08-03T01:56:50.337Z,AXWqvGRy7q4e4xpZY1F3N7fjfZ1QgiY3weZCLxefpump,200,4000
life,2026-08-03T01:56:54.316Z,AXWqvGRy7q4e4xpZY1F3N7fjfZ1QgiY3weZCLxefpump,200,4000
life,2026-08-03T01:56:58.359Z,AXWqvGRy7q4e4xpZY1F3N7fjfZ1QgiY3weZCLxefpump,200,4000
life,2026-08-03T01:57:02.335Z,AXWqvGRy7q4e4xpZY1F3N7fjfZ1QgiY3weZCLxefpump,200,4000
life,2026-08-03T01:57:06.316Z,AXWqvGRy7q4e4xpZY1F3N7fjfZ1QgiY3weZCLxefpump,200,4000
life,2026-08-03T01:57:10.351Z,3ySgaPqYE2XWsepKi6drYFnKhzsa4MUFPNk1uomepump,200,4000
life,2026-08-03T01:57:14.364Z,3ySgaPqYE2XWsepKi6drYFnKhzsa4MUFPNk1uomepump,200,4000
life,2026-08-03T01:57:18.365Z,3ySgaPqYE2XWsepKi6drYFnKhzsa4MUFPNk1uomepump,200,4000
life,2026-08-03T01:57:22.346Z,3ySgaPqYE2XWsepKi6drYFnKhzsa4MUFPNk1uomepump,200,4000
life,2026-08-03T01:57:26.336Z,3ySgaPqYE2XWsepKi6drYFnKhzsa4MUFPNk1uomepump,200,4000
life,2026-08-03T01:57:30.351Z,3ySgaPqYE2XWsepKi6drYFnKhzsa4MUFPNk1uomepump,200,4000
life,2026-08-03T01:57:34.353Z,3ySgaPqYE2XWsepKi6drYFnKhzsa4MUFPNk1uomepump,200,4000
life,2026-08-03T01:57:38.342Z,3ySgaPqYE2XWsepKi6drYFnKhzsa4MUFPNk1uomepump,200,4000
life,2026-08-03T01:57:42.342Z,3ySgaPqYE2XWsepKi6drYFnKhzsa4MUFPNk1uomepump,200,4000
life,2026-08-03T01:57:46.349Z,3ySgaPqYE2XWsepKi6drYFnKhzsa4MUFPNk1uomepump,200,4000
life,2026-08-03T01:57:50.350Z,3ySgaPqYE2XWsepKi6drYFnKhzsa4MUFPNk1uomepump,200,4000
life,2026-08-03T01:57:54.351Z,3ySgaPqYE2XWsepKi6drYFnKhzsa4MUFPNk1uomepump,200,4000
life,2026-08-03T01:57:58.353Z,3ySgaPqYE2XWsepKi6drYFnKhzsa4MUFPNk1uomepump,200,4000
life,2026-08-03T01:58:02.359Z,3ySgaPqYE2XWsepKi6drYFnKhzsa4MUFPNk1uomepump,200,4000
life,2026-08-03T01:58:06.357Z,3ySgaPqYE2XWsepKi6drYFnKhzsa4MUFPNk1uomepump,200,4000
life,2026-08-03T01:58:10.372Z,3ySgaPqYE2XWsepKi6drYFnKhzsa4MUFPNk1uomepump,200,4000
life,2026-08-03T01:58:14.376Z,3ySgaPqYE2XWsepKi6drYFnKhzsa4MUFPNk1uomepump,200,4000
life,2026-08-03T01:58:18.376Z,3ySgaPqYE2XWsepKi6drYFnKhzsa4MUFPNk1uomepump,200,4000
life,2026-08-03T01:58:22.366Z,3ySgaPqYE2XWsepKi6drYFnKhzsa4MUFPNk1uomepump,200,4000
life,2026-08-03T01:58:26.365Z,3ySgaPqYE2XWsepKi6drYFnKhzsa4MUFPNk1uomepump,200,4000
life,2026-08-03T01:58:30.367Z,3ySgaPqYE2XWsepKi6drYFnKhzsa4MUFPNk1uomepump,200,4000
life,2026-08-03T01:58:34.372Z,3ySgaPqYE2XWsepKi6drYFnKhzsa4MUFPNk1uomepump,200,4000
life,2026-08-03T01:58:38.373Z,3ySgaPqYE2XWsepKi6drYFnKhzsa4MUFPNk1uomepump,200,4000
life,2026-08-03T01:58:42.372Z,3ySgaPqYE2XWsepKi6drYFnKhzsa4MUFPNk1uomepump,200,4000
life,2026-08-03T01:58:46.391Z,3ySgaPqYE2XWsepKi6drYFnKhzsa4MUFPNk1uomepump,200,4000
life,2026-08-03T01:58:50.378Z,3ySgaPqYE2XWsepKi6drYFnKhzsa4MUFPNk1uomepump,200,4000
life,2026-08-03T01:58:54.378Z,3ySgaPqYE2XWsepKi6drYFnKhzsa4MUFPNk1uomepump,200,4000
life,2026-08-03T01:58:58.379Z,3ySgaPqYE2XWsepKi6drYFnKhzsa4MUFPNk1uomepump,200,4000
life,2026-08-03T01:59:02.378Z,3ySgaPqYE2XWsepKi6drYFnKhzsa4MUFPNk1uomepump,200,4000
life,2026-08-03T01:59:06.377Z,3ySgaPqYE2XWsepKi6drYFnKhzsa4MUFPNk1uomepump,200,4000
life,2026-08-03T01:59:10.385Z,3ySgaPqYE2XWsepKi6drYFnKhzsa4MUFPNk1uomepump,200,4000
life,2026-08-03T01:59:14.544Z,3ySgaPqYE2XWsepKi6drYFnKhzsa4MUFPNk1uomepump,200,4000
life,2026-08-03T01:59:18.425Z,3ySgaPqYE2XWsepKi6drYFnKhzsa4MUFPNk1uomepump,200,4000
life,2026-08-03T01:59:22.385Z,3ySgaPqYE2XWsepKi6drYFnKhzsa4MUFPNk1uomepump,200,4000
life,2026-08-03T01:59:26.386Z,3ySgaPqYE2XWsepKi6drYFnKhzsa4MUFPNk1uomepump,200,4000
life,2026-08-03T01:59:30.393Z,3ySgaPqYE2XWsepKi6drYFnKhzsa4MUFPNk1uomepump,200,4000
life,2026-08-03T01:59:34.385Z,3ySgaPqYE2XWsepKi6drYFnKhzsa4MUFPNk1uomepump,200,4000
life,2026-08-03T01:59:38.446Z,Cw8pzbFogvkryGDS8fZkjFrVueaur1taynqRu1rtpump,200,4000
life,2026-08-03T01:59:42.442Z,Cw8pzbFogvkryGDS8fZkjFrVueaur1taynqRu1rtpump,200,4000
life,2026-08-03T01:59:46.398Z,Cw8pzbFogvkryGDS8fZkjFrVueaur1taynqRu1rtpump,200,4000
life,2026-08-03T01:59:50.402Z,Cw8pzbFogvkryGDS8fZkjFrVueaur1taynqRu1rtpump,200,4000
life,2026-08-03T01:59:54.398Z,Cw8pzbFogvkryGDS8fZkjFrVueaur1taynqRu1rtpump,200,4000
life,2026-08-03T01:59:58.402Z,Cw8pzbFogvkryGDS8fZkjFrVueaur1taynqRu1rtpump,200,4000
life,2026-08-03T02:00:02.412Z,Cw8pzbFogvkryGDS8fZkjFrVueaur1taynqRu1rtpump,200,4000
life,2026-08-03T02:00:06.407Z,Cw8pzbFogvkryGDS8fZkjFrVueaur1taynqRu1rtpump,200,4000
life,2026-08-03T02:00:10.414Z,Cw8pzbFogvkryGDS8fZkjFrVueaur1taynqRu1rtpump,200,4000
life,2026-08-03T02:00:14.402Z,Cw8pzbFogvkryGDS8fZkjFrVueaur1taynqRu1rtpump,200,4000
life,2026-08-03T02:00:18.589Z,Cw8pzbFogvkryGDS8fZkjFrVueaur1taynqRu1rtpump,200,4000
life,2026-08-03T02:00:22.428Z,Cw8pzbFogvkryGDS8fZkjFrVueaur1taynqRu1rtpump,200,4000
life,2026-08-03T02:00:26.410Z,Cw8pzbFogvkryGDS8fZkjFrVueaur1taynqRu1rtpump,200,4000
life,2026-08-03T02:00:30.406Z,Cw8pzbFogvkryGDS8fZkjFrVueaur1taynqRu1rtpump,200,4000
life,2026-08-03T02:00:34.414Z,Cw8pzbFogvkryGDS8fZkjFrVueaur1taynqRu1rtpump,200,4000
life,2026-08-03T02:00:38.410Z,Cw8pzbFogvkryGDS8fZkjFrVueaur1taynqRu1rtpump,200,4000
life,2026-08-03T02:00:42.422Z,Cw8pzbFogvkryGDS8fZkjFrVueaur1taynqRu1rtpump,200,4000
life,2026-08-03T02:00:46.406Z,Cw8pzbFogvkryGDS8fZkjFrVueaur1taynqRu1rtpump,200,4000
life,2026-08-03T02:00:50.417Z,Cw8pzbFogvkryGDS8fZkjFrVueaur1taynqRu1rtpump,200,4000
life,2026-08-03T02:00:54.415Z,Cw8pzbFogvkryGDS8fZkjFrVueaur1taynqRu1rtpump,200,4000
life,2026-08-03T02:00:58.418Z,Cw8pzbFogvkryGDS8fZkjFrVueaur1taynqRu1rtpump,200,4000
life,2026-08-03T02:01:02.419Z,Cw8pzbFogvkryGDS8fZkjFrVueaur1taynqRu1rtpump,200,4000
life,2026-08-03T02:01:06.424Z,Cw8pzbFogvkryGDS8fZkjFrVueaur1taynqRu1rtpump,200,4000
life,2026-08-03T02:01:10.428Z,Cw8pzbFogvkryGDS8fZkjFrVueaur1taynqRu1rtpump,200,4000
life,2026-08-03T02:01:14.428Z,Cw8pzbFogvkryGDS8fZkjFrVueaur1taynqRu1rtpump,200,4000
life,2026-08-03T02:01:18.427Z,Cw8pzbFogvkryGDS8fZkjFrVueaur1taynqRu1rtpump,200,4000
life,2026-08-03T02:01:22.431Z,Cw8pzbFogvkryGDS8fZkjFrVueaur1taynqRu1rtpump,200,4000
life,2026-08-03T02:01:26.436Z,Cw8pzbFogvkryGDS8fZkjFrVueaur1taynqRu1rtpump,200,4000
life,2026-08-03T02:01:30.443Z,Cw8pzbFogvkryGDS8fZkjFrVueaur1taynqRu1rtpump,200,4000
life,2026-08-03T02:01:34.436Z,Cw8pzbFogvkryGDS8fZkjFrVueaur1taynqRu1rtpump,200,4000
life,2026-08-03T02:01:38.432Z,Cw8pzbFogvkryGDS8fZkjFrVueaur1taynqRu1rtpump,200,4000
life,2026-08-03T02:01:42.540Z,Cw8pzbFogvkryGDS8fZkjFrVueaur1taynqRu1rtpump,200,4000
life,2026-08-03T02:01:46.438Z,Cw8pzbFogvkryGDS8fZkjFrVueaur1taynqRu1rtpump,200,4000
life,2026-08-03T02:01:50.442Z,Cw8pzbFogvkryGDS8fZkjFrVueaur1taynqRu1rtpump,200,4000
life,2026-08-03T02:01:54.659Z,Cw8pzbFogvkryGDS8fZkjFrVueaur1taynqRu1rtpump,200,4000
life,2026-08-03T02:01:58.447Z,Cw8pzbFogvkryGDS8fZkjFrVueaur1taynqRu1rtpump,200,4000
life,2026-08-03T02:02:02.450Z,Cw8pzbFogvkryGDS8fZkjFrVueaur1taynqRu1rtpump,200,4000
life,2026-08-03T02:02:06.450Z,Cw8pzbFogvkryGDS8fZkjFrVueaur1taynqRu1rtpump,200,4000
life,2026-08-03T02:02:10.449Z,Cw8pzbFogvkryGDS8fZkjFrVueaur1taynqRu1rtpump,200,4000
life,2026-08-03T02:02:14.487Z,QaL6zWWUqsaXYXgUofeUjXy1Swmwx7tA9JQZZZDpump,200,4000
life,2026-08-03T02:02:18.454Z,QaL6zWWUqsaXYXgUofeUjXy1Swmwx7tA9JQZZZDpump,200,4000
life,2026-08-03T02:02:22.458Z,QaL6zWWUqsaXYXgUofeUjXy1Swmwx7tA9JQZZZDpump,200,4000
life,2026-08-03T02:02:26.457Z,QaL6zWWUqsaXYXgUofeUjXy1Swmwx7tA9JQZZZDpump,200,4000
life,2026-08-03T02:02:30.460Z,QaL6zWWUqsaXYXgUofeUjXy1Swmwx7tA9JQZZZDpump,200,4000
life,2026-08-03T02:02:34.463Z,QaL6zWWUqsaXYXgUofeUjXy1Swmwx7tA9JQZZZDpump,200,4000
life,2026-08-03T02:02:38.467Z,QaL6zWWUqsaXYXgUofeUjXy1Swmwx7tA9JQZZZDpump,200,4000
life,2026-08-03T02:02:42.465Z,QaL6zWWUqsaXYXgUofeUjXy1Swmwx7tA9JQZZZDpump,200,4000
life,2026-08-03T02:02:46.471Z,QaL6zWWUqsaXYXgUofeUjXy1Swmwx7tA9JQZZZDpump,200,4000
life,2026-08-03T02:02:50.479Z,QaL6zWWUqsaXYXgUofeUjXy1Swmwx7tA9JQZZZDpump,200,4000
life,2026-08-03T02:02:54.479Z,QaL6zWWUqsaXYXgUofeUjXy1Swmwx7tA9JQZZZDpump,200,4000
life,2026-08-03T02:02:58.477Z,QaL6zWWUqsaXYXgUofeUjXy1Swmwx7tA9JQZZZDpump,200,4000
life,2026-08-03T02:03:02.476Z,QaL6zWWUqsaXYXgUofeUjXy1Swmwx7tA9JQZZZDpump,200,4000
life,2026-08-03T02:03:06.483Z,QaL6zWWUqsaXYXgUofeUjXy1Swmwx7tA9JQZZZDpump,200,4000
life,2026-08-03T02:03:10.493Z,QaL6zWWUqsaXYXgUofeUjXy1Swmwx7tA9JQZZZDpump,200,4000
life,2026-08-03T02:03:14.478Z,QaL6zWWUqsaXYXgUofeUjXy1Swmwx7tA9JQZZZDpump,200,4000
life,2026-08-03T02:03:18.484Z,QaL6zWWUqsaXYXgUofeUjXy1Swmwx7tA9JQZZZDpump,200,4000
life,2026-08-03T02:03:22.491Z,QaL6zWWUqsaXYXgUofeUjXy1Swmwx7tA9JQZZZDpump,200,4000
life,2026-08-03T02:03:26.489Z,QaL6zWWUqsaXYXgUofeUjXy1Swmwx7tA9JQZZZDpump,200,4000
life,2026-08-03T02:03:30.491Z,QaL6zWWUqsaXYXgUofeUjXy1Swmwx7tA9JQZZZDpump,200,4000
life,2026-08-03T02:03:34.495Z,QaL6zWWUqsaXYXgUofeUjXy1Swmwx7tA9JQZZZDpump,200,4000
life,2026-08-03T02:03:38.506Z,QaL6zWWUqsaXYXgUofeUjXy1Swmwx7tA9JQZZZDpump,200,4000
life,2026-08-03T02:03:42.511Z,QaL6zWWUqsaXYXgUofeUjXy1Swmwx7tA9JQZZZDpump,200,4000
life,2026-08-03T02:03:46.511Z,QaL6zWWUqsaXYXgUofeUjXy1Swmwx7tA9JQZZZDpump,200,4000
life,2026-08-03T02:03:50.499Z,QaL6zWWUqsaXYXgUofeUjXy1Swmwx7tA9JQZZZDpump,200,4000
life,2026-08-03T02:03:54.494Z,QaL6zWWUqsaXYXgUofeUjXy1Swmwx7tA9JQZZZDpump,200,4000
life,2026-08-03T02:03:58.525Z,8RxXax9Npp8bb6RV9pTeC8QWdjf8fkwGWwboigempump,200,4000
life,2026-08-03T02:04:02.518Z,8RxXax9Npp8bb6RV9pTeC8QWdjf8fkwGWwboigempump,200,4000
life,2026-08-03T02:04:06.511Z,8RxXax9Npp8bb6RV9pTeC8QWdjf8fkwGWwboigempump,200,4000
life,2026-08-03T02:04:10.514Z,8RxXax9Npp8bb6RV9pTeC8QWdjf8fkwGWwboigempump,200,4000
life,2026-08-03T02:04:14.520Z,8RxXax9Npp8bb6RV9pTeC8QWdjf8fkwGWwboigempump,200,4000
life,2026-08-03T02:04:18.514Z,8RxXax9Npp8bb6RV9pTeC8QWdjf8fkwGWwboigempump,200,4000
life,2026-08-03T02:04:22.519Z,8RxXax9Npp8bb6RV9pTeC8QWdjf8fkwGWwboigempump,200,4000
life,2026-08-03T02:04:26.844Z,8RxXax9Npp8bb6RV9pTeC8QWdjf8fkwGWwboigempump,200,4000
life,2026-08-03T02:04:30.533Z,8RxXax9Npp8bb6RV9pTeC8QWdjf8fkwGWwboigempump,200,4000
life,2026-08-03T02:04:34.524Z,8RxXax9Npp8bb6RV9pTeC8QWdjf8fkwGWwboigempump,200,4000
life,2026-08-03T02:04:38.527Z,8RxXax9Npp8bb6RV9pTeC8QWdjf8fkwGWwboigempump,200,4000
life,2026-08-03T02:04:42.536Z,8RxXax9Npp8bb6RV9pTeC8QWdjf8fkwGWwboigempump,200,4000
life,2026-08-03T02:04:46.547Z,8RxXax9Npp8bb6RV9pTeC8QWdjf8fkwGWwboigempump,200,4000
life,2026-08-03T02:04:50.535Z,8RxXax9Npp8bb6RV9pTeC8QWdjf8fkwGWwboigempump,200,4000
life,2026-08-03T02:04:54.527Z,8RxXax9Npp8bb6RV9pTeC8QWdjf8fkwGWwboigempump,200,4000
life,2026-08-03T02:04:58.525Z,8RxXax9Npp8bb6RV9pTeC8QWdjf8fkwGWwboigempump,200,4000
life,2026-08-03T02:05:02.535Z,8RxXax9Npp8bb6RV9pTeC8QWdjf8fkwGWwboigempump,200,4000
life,2026-08-03T02:05:06.531Z,8RxXax9Npp8bb6RV9pTeC8QWdjf8fkwGWwboigempump,200,4000
life,2026-08-03T02:05:10.533Z,8RxXax9Npp8bb6RV9pTeC8QWdjf8fkwGWwboigempump,200,4000
life,2026-08-03T02:05:14.545Z,8RxXax9Npp8bb6RV9pTeC8QWdjf8fkwGWwboigempump,200,4000
life,2026-08-03T02:05:18.542Z,8RxXax9Npp8bb6RV9pTeC8QWdjf8fkwGWwboigempump,200,4000
life,2026-08-03T02:05:22.541Z,8RxXax9Npp8bb6RV9pTeC8QWdjf8fkwGWwboigempump,200,4000
life,2026-08-03T02:05:26.543Z,8RxXax9Npp8bb6RV9pTeC8QWdjf8fkwGWwboigempump,200,4000
life,2026-08-03T02:05:30.550Z,8RxXax9Npp8bb6RV9pTeC8QWdjf8fkwGWwboigempump,200,4000
life,2026-08-03T02:05:34.572Z,8RxXax9Npp8bb6RV9pTeC8QWdjf8fkwGWwboigempump,200,4000
life,2026-08-03T02:05:38.547Z,8RxXax9Npp8bb6RV9pTeC8QWdjf8fkwGWwboigempump,200,4000
life,2026-08-03T02:05:42.553Z,8RxXax9Npp8bb6RV9pTeC8QWdjf8fkwGWwboigempump,200,4000
life,2026-08-03T02:05:46.552Z,8RxXax9Npp8bb6RV9pTeC8QWdjf8fkwGWwboigempump,200,4000
life,2026-08-03T02:05:50.555Z,8RxXax9Npp8bb6RV9pTeC8QWdjf8fkwGWwboigempump,200,4000
life,2026-08-03T02:05:54.554Z,8RxXax9Npp8bb6RV9pTeC8QWdjf8fkwGWwboigempump,200,4000
life,2026-08-03T02:05:58.559Z,8RxXax9Npp8bb6RV9pTeC8QWdjf8fkwGWwboigempump,200,4000
life,2026-08-03T02:06:02.571Z,8RxXax9Npp8bb6RV9pTeC8QWdjf8fkwGWwboigempump,200,4000
life,2026-08-03T02:06:07.499Z,8RxXax9Npp8bb6RV9pTeC8QWdjf8fkwGWwboigempump,200,4000
life,2026-08-03T02:06:10.560Z,8RxXax9Npp8bb6RV9pTeC8QWdjf8fkwGWwboigempump,200,4000
life,2026-08-03T02:06:14.563Z,8RxXax9Npp8bb6RV9pTeC8QWdjf8fkwGWwboigempump,200,4000
life,2026-08-03T02:06:18.567Z,8RxXax9Npp8bb6RV9pTeC8QWdjf8fkwGWwboigempump,200,4000
life,2026-08-03T02:06:22.564Z,8RxXax9Npp8bb6RV9pTeC8QWdjf8fkwGWwboigempump,200,4000
life,2026-08-03T02:06:26.563Z,8RxXax9Npp8bb6RV9pTeC8QWdjf8fkwGWwboigempump,200,4000
life,2026-08-03T02:06:30.635Z,AKvo9h7sKSW8je7psL4nZLCGpTK2ZSKQD2AFNDR9pump,200,4000
life,2026-08-03T02:06:35.013Z,AKvo9h7sKSW8je7psL4nZLCGpTK2ZSKQD2AFNDR9pump,200,4000
life,2026-08-03T02:06:38.590Z,AKvo9h7sKSW8je7psL4nZLCGpTK2ZSKQD2AFNDR9pump,200,4000
life,2026-08-03T02:06:42.588Z,AKvo9h7sKSW8je7psL4nZLCGpTK2ZSKQD2AFNDR9pump,200,4000
life,2026-08-03T02:06:46.592Z,AKvo9h7sKSW8je7psL4nZLCGpTK2ZSKQD2AFNDR9pump,200,4000
life,2026-08-03T02:06:50.595Z,AKvo9h7sKSW8je7psL4nZLCGpTK2ZSKQD2AFNDR9pump,200,4000
life,2026-08-03T02:06:54.594Z,AKvo9h7sKSW8je7psL4nZLCGpTK2ZSKQD2AFNDR9pump,200,4000
life,2026-08-03T02:06:58.592Z,AKvo9h7sKSW8je7psL4nZLCGpTK2ZSKQD2AFNDR9pump,200,4000
life,2026-08-03T02:07:02.601Z,AKvo9h7sKSW8je7psL4nZLCGpTK2ZSKQD2AFNDR9pump,200,4000
life,2026-08-03T02:07:06.624Z,AKvo9h7sKSW8je7psL4nZLCGpTK2ZSKQD2AFNDR9pump,200,4000
life,2026-08-03T02:07:10.599Z,AKvo9h7sKSW8je7psL4nZLCGpTK2ZSKQD2AFNDR9pump,200,4000
life,2026-08-03T02:07:14.603Z,AKvo9h7sKSW8je7psL4nZLCGpTK2ZSKQD2AFNDR9pump,200,4000
life,2026-08-03T02:07:18.775Z,AKvo9h7sKSW8je7psL4nZLCGpTK2ZSKQD2AFNDR9pump,200,4000
life,2026-08-03T02:07:22.604Z,AKvo9h7sKSW8je7psL4nZLCGpTK2ZSKQD2AFNDR9pump,200,4000
life,2026-08-03T02:07:26.612Z,AKvo9h7sKSW8je7psL4nZLCGpTK2ZSKQD2AFNDR9pump,200,4000
life,2026-08-03T02:07:30.622Z,AKvo9h7sKSW8je7psL4nZLCGpTK2ZSKQD2AFNDR9pump,200,4000
life,2026-08-03T02:07:34.618Z,AKvo9h7sKSW8je7psL4nZLCGpTK2ZSKQD2AFNDR9pump,200,4000
life,2026-08-03T02:07:38.607Z,AKvo9h7sKSW8je7psL4nZLCGpTK2ZSKQD2AFNDR9pump,200,4000
life,2026-08-03T02:07:42.614Z,AKvo9h7sKSW8je7psL4nZLCGpTK2ZSKQD2AFNDR9pump,200,4000
life,2026-08-03T02:07:46.623Z,AKvo9h7sKSW8je7psL4nZLCGpTK2ZSKQD2AFNDR9pump,200,4000
life,2026-08-03T02:07:50.614Z,AKvo9h7sKSW8je7psL4nZLCGpTK2ZSKQD2AFNDR9pump,200,4000
life,2026-08-03T02:07:54.616Z,AKvo9h7sKSW8je7psL4nZLCGpTK2ZSKQD2AFNDR9pump,200,4000
life,2026-08-03T02:07:59.107Z,AKvo9h7sKSW8je7psL4nZLCGpTK2ZSKQD2AFNDR9pump,200,4000
life,2026-08-03T02:08:02.618Z,AKvo9h7sKSW8je7psL4nZLCGpTK2ZSKQD2AFNDR9pump,200,4000
life,2026-08-03T02:08:06.622Z,AKvo9h7sKSW8je7psL4nZLCGpTK2ZSKQD2AFNDR9pump,200,4000
life,2026-08-03T02:08:10.618Z,AKvo9h7sKSW8je7psL4nZLCGpTK2ZSKQD2AFNDR9pump,200,4000
life,2026-08-03T02:08:14.623Z,AKvo9h7sKSW8je7psL4nZLCGpTK2ZSKQD2AFNDR9pump,200,4000
life,2026-08-03T02:08:18.634Z,AKvo9h7sKSW8je7psL4nZLCGpTK2ZSKQD2AFNDR9pump,200,4000
life,2026-08-03T02:08:22.637Z,AKvo9h7sKSW8je7psL4nZLCGpTK2ZSKQD2AFNDR9pump,200,4000
life,2026-08-03T02:08:26.630Z,AKvo9h7sKSW8je7psL4nZLCGpTK2ZSKQD2AFNDR9pump,200,4000
life,2026-08-03T02:08:30.642Z,AKvo9h7sKSW8je7psL4nZLCGpTK2ZSKQD2AFNDR9pump,200,4000
life,2026-08-03T02:08:34.632Z,AKvo9h7sKSW8je7psL4nZLCGpTK2ZSKQD2AFNDR9pump,200,4000
life,2026-08-03T02:08:38.633Z,AKvo9h7sKSW8je7psL4nZLCGpTK2ZSKQD2AFNDR9pump,200,4000
life,2026-08-03T02:08:42.631Z,AKvo9h7sKSW8je7psL4nZLCGpTK2ZSKQD2AFNDR9pump,200,4000
life,2026-08-03T02:08:46.636Z,AKvo9h7sKSW8je7psL4nZLCGpTK2ZSKQD2AFNDR9pump,200,4000
life,2026-08-03T02:08:50.859Z,AKvo9h7sKSW8je7psL4nZLCGpTK2ZSKQD2AFNDR9pump,200,4000
life,2026-08-03T02:08:54.648Z,AKvo9h7sKSW8je7psL4nZLCGpTK2ZSKQD2AFNDR9pump,200,4000
life,2026-08-03T02:08:58.636Z,AKvo9h7sKSW8je7psL4nZLCGpTK2ZSKQD2AFNDR9pump,200,4000
life,2026-08-03T02:09:02.651Z,AKvo9h7sKSW8je7psL4nZLCGpTK2ZSKQD2AFNDR9pump,200,4000
life,2026-08-03T02:09:06.650Z,AKvo9h7sKSW8je7psL4nZLCGpTK2ZSKQD2AFNDR9pump,200,4000
life,2026-08-03T02:09:10.664Z,AKvo9h7sKSW8je7psL4nZLCGpTK2ZSKQD2AFNDR9pump,200,4000
life,2026-08-03T02:09:14.646Z,AKvo9h7sKSW8je7psL4nZLCGpTK2ZSKQD2AFNDR9pump,200,4000
life,2026-08-03T02:09:18.647Z,AKvo9h7sKSW8je7psL4nZLCGpTK2ZSKQD2AFNDR9pump,200,4000
life,2026-08-03T02:09:22.657Z,AKvo9h7sKSW8je7psL4nZLCGpTK2ZSKQD2AFNDR9pump,200,4000
life,2026-08-03T02:09:26.655Z,AKvo9h7sKSW8je7psL4nZLCGpTK2ZSKQD2AFNDR9pump,200,4000
life,2026-08-03T02:09:30.660Z,AKvo9h7sKSW8je7psL4nZLCGpTK2ZSKQD2AFNDR9pump,200,4000
life,2026-08-03T02:09:34.659Z,AKvo9h7sKSW8je7psL4nZLCGpTK2ZSKQD2AFNDR9pump,200,4000
life,2026-08-03T02:09:38.667Z,AKvo9h7sKSW8je7psL4nZLCGpTK2ZSKQD2AFNDR9pump,200,4000
life,2026-08-03T02:09:42.667Z,AKvo9h7sKSW8je7psL4nZLCGpTK2ZSKQD2AFNDR9pump,200,4000
life,2026-08-03T02:09:46.669Z,AKvo9h7sKSW8je7psL4nZLCGpTK2ZSKQD2AFNDR9pump,200,4000
life,2026-08-03T02:09:50.664Z,AKvo9h7sKSW8je7psL4nZLCGpTK2ZSKQD2AFNDR9pump,200,4000
life,2026-08-03T02:09:54.664Z,AKvo9h7sKSW8je7psL4nZLCGpTK2ZSKQD2AFNDR9pump,200,4000
life,2026-08-03T02:09:58.666Z,AKvo9h7sKSW8je7psL4nZLCGpTK2ZSKQD2AFNDR9pump,200,4000
life,2026-08-03T02:10:02.679Z,AKvo9h7sKSW8je7psL4nZLCGpTK2ZSKQD2AFNDR9pump,200,4000
life,2026-08-03T02:10:06.680Z,AKvo9h7sKSW8je7psL4nZLCGpTK2ZSKQD2AFNDR9pump,200,4000
life,2026-08-03T02:10:10.674Z,AKvo9h7sKSW8je7psL4nZLCGpTK2ZSKQD2AFNDR9pump,200,4000
life,2026-08-03T02:10:14.669Z,AKvo9h7sKSW8je7psL4nZLCGpTK2ZSKQD2AFNDR9pump,200,4000
life,2026-08-03T02:10:18.680Z,AKvo9h7sKSW8je7psL4nZLCGpTK2ZSKQD2AFNDR9pump,200,4000
life,2026-08-03T02:10:22.690Z,AKvo9h7sKSW8je7psL4nZLCGpTK2ZSKQD2AFNDR9pump,200,4000
life,2026-08-03T02:10:26.683Z,AKvo9h7sKSW8je7psL4nZLCGpTK2ZSKQD2AFNDR9pump,200,4000
life,2026-08-03T02:10:30.680Z,AKvo9h7sKSW8je7psL4nZLCGpTK2ZSKQD2AFNDR9pump,200,4000
life,2026-08-03T02:10:34.688Z,AKvo9h7sKSW8je7psL4nZLCGpTK2ZSKQD2AFNDR9pump,200,4000
life,2026-08-03T02:10:38.687Z,AKvo9h7sKSW8je7psL4nZLCGpTK2ZSKQD2AFNDR9pump,200,4000
life,2026-08-03T02:10:42.794Z,AKvo9h7sKSW8je7psL4nZLCGpTK2ZSKQD2AFNDR9pump,200,4000
life,2026-08-03T02:10:46.700Z,AKvo9h7sKSW8je7psL4nZLCGpTK2ZSKQD2AFNDR9pump,200,4000
life,2026-08-03T02:10:50.692Z,AKvo9h7sKSW8je7psL4nZLCGpTK2ZSKQD2AFNDR9pump,200,4000
life,2026-08-03T02:10:54.688Z,AKvo9h7sKSW8je7psL4nZLCGpTK2ZSKQD2AFNDR9pump,200,4000
life,2026-08-03T02:10:58.691Z,AKvo9h7sKSW8je7psL4nZLCGpTK2ZSKQD2AFNDR9pump,200,4000
life,2026-08-03T02:11:02.691Z,AKvo9h7sKSW8je7psL4nZLCGpTK2ZSKQD2AFNDR9pump,200,4000
life,2026-08-03T02:11:06.699Z,AKvo9h7sKSW8je7psL4nZLCGpTK2ZSKQD2AFNDR9pump,200,4000
life,2026-08-03T02:11:10.692Z,AKvo9h7sKSW8je7psL4nZLCGpTK2ZSKQD2AFNDR9pump,200,4000
life,2026-08-03T02:11:14.861Z,AKvo9h7sKSW8je7psL4nZLCGpTK2ZSKQD2AFNDR9pump,200,4000
life,2026-08-03T02:11:18.693Z,AKvo9h7sKSW8je7psL4nZLCGpTK2ZSKQD2AFNDR9pump,200,4000
life,2026-08-03T02:11:22.748Z,AKvo9h7sKSW8je7psL4nZLCGpTK2ZSKQD2AFNDR9pump,200,4000
life,2026-08-03T02:11:26.703Z,AKvo9h7sKSW8je7psL4nZLCGpTK2ZSKQD2AFNDR9pump,200,4000
life,2026-08-03T02:11:30.701Z,AKvo9h7sKSW8je7psL4nZLCGpTK2ZSKQD2AFNDR9pump,200,4000
life,2026-08-03T02:11:34.710Z,AKvo9h7sKSW8je7psL4nZLCGpTK2ZSKQD2AFNDR9pump,200,4000
life,2026-08-03T02:11:38.707Z,AKvo9h7sKSW8je7psL4nZLCGpTK2ZSKQD2AFNDR9pump,200,4000
life,2026-08-03T02:11:42.713Z,AKvo9h7sKSW8je7psL4nZLCGpTK2ZSKQD2AFNDR9pump,200,4000
life,2026-08-03T02:11:46.725Z,AKvo9h7sKSW8je7psL4nZLCGpTK2ZSKQD2AFNDR9pump,200,4000
life,2026-08-03T02:11:50.722Z,AKvo9h7sKSW8je7psL4nZLCGpTK2ZSKQD2AFNDR9pump,200,4000
life,2026-08-03T02:11:54.719Z,AKvo9h7sKSW8je7psL4nZLCGpTK2ZSKQD2AFNDR9pump,200,4000
life,2026-08-03T02:11:58.709Z,AKvo9h7sKSW8je7psL4nZLCGpTK2ZSKQD2AFNDR9pump,200,4000
life,2026-08-03T02:12:02.728Z,AKvo9h7sKSW8je7psL4nZLCGpTK2ZSKQD2AFNDR9pump,200,4000
life,2026-08-03T02:12:06.712Z,AKvo9h7sKSW8je7psL4nZLCGpTK2ZSKQD2AFNDR9pump,200,4000
life,2026-08-03T02:12:10.721Z,AKvo9h7sKSW8je7psL4nZLCGpTK2ZSKQD2AFNDR9pump,200,4000
life,2026-08-03T02:12:14.727Z,AKvo9h7sKSW8je7psL4nZLCGpTK2ZSKQD2AFNDR9pump,200,4000
life,2026-08-03T02:12:18.722Z,AKvo9h7sKSW8je7psL4nZLCGpTK2ZSKQD2AFNDR9pump,200,4000
life,2026-08-03T02:12:22.716Z,AKvo9h7sKSW8je7psL4nZLCGpTK2ZSKQD2AFNDR9pump,200,4000
life,2026-08-03T02:12:26.756Z,BB55VR9sdrXLZjEx94gToBMnMNF2qoT7PmkHqbuWpump,200,4000
life,2026-08-03T02:12:30.744Z,BB55VR9sdrXLZjEx94gToBMnMNF2qoT7PmkHqbuWpump,200,4000
life,2026-08-03T02:12:34.767Z,BB55VR9sdrXLZjEx94gToBMnMNF2qoT7PmkHqbuWpump,200,4000
life,2026-08-03T02:12:38.738Z,BB55VR9sdrXLZjEx94gToBMnMNF2qoT7PmkHqbuWpump,200,4000
life,2026-08-03T02:12:42.738Z,BB55VR9sdrXLZjEx94gToBMnMNF2qoT7PmkHqbuWpump,200,4000
life,2026-08-03T02:12:46.754Z,BB55VR9sdrXLZjEx94gToBMnMNF2qoT7PmkHqbuWpump,200,4000
life,2026-08-03T02:12:50.842Z,BB55VR9sdrXLZjEx94gToBMnMNF2qoT7PmkHqbuWpump,200,4000
life,2026-08-03T02:12:54.766Z,BB55VR9sdrXLZjEx94gToBMnMNF2qoT7PmkHqbuWpump,200,4000
life,2026-08-03T02:12:58.746Z,BB55VR9sdrXLZjEx94gToBMnMNF2qoT7PmkHqbuWpump,200,4000
life,2026-08-03T02:13:02.745Z,BB55VR9sdrXLZjEx94gToBMnMNF2qoT7PmkHqbuWpump,200,4000
life,2026-08-03T02:13:06.746Z,BB55VR9sdrXLZjEx94gToBMnMNF2qoT7PmkHqbuWpump,200,4000
life,2026-08-03T02:13:10.744Z,BB55VR9sdrXLZjEx94gToBMnMNF2qoT7PmkHqbuWpump,200,4000
life,2026-08-03T02:13:14.746Z,BB55VR9sdrXLZjEx94gToBMnMNF2qoT7PmkHqbuWpump,200,4000
life,2026-08-03T02:13:18.756Z,BB55VR9sdrXLZjEx94gToBMnMNF2qoT7PmkHqbuWpump,200,4000
life,2026-08-03T02:13:22.758Z,BB55VR9sdrXLZjEx94gToBMnMNF2qoT7PmkHqbuWpump,200,4000
life,2026-08-03T02:13:26.750Z,BB55VR9sdrXLZjEx94gToBMnMNF2qoT7PmkHqbuWpump,200,4000
life,2026-08-03T02:13:30.749Z,BB55VR9sdrXLZjEx94gToBMnMNF2qoT7PmkHqbuWpump,200,4000
life,2026-08-03T02:13:34.756Z,BB55VR9sdrXLZjEx94gToBMnMNF2qoT7PmkHqbuWpump,200,4000
life,2026-08-03T02:13:38.757Z,BB55VR9sdrXLZjEx94gToBMnMNF2qoT7PmkHqbuWpump,200,4000
life,2026-08-03T02:13:42.752Z,BB55VR9sdrXLZjEx94gToBMnMNF2qoT7PmkHqbuWpump,200,4000
life,2026-08-03T02:13:47.015Z,BB55VR9sdrXLZjEx94gToBMnMNF2qoT7PmkHqbuWpump,200,4000
life,2026-08-03T02:13:50.765Z,BB55VR9sdrXLZjEx94gToBMnMNF2qoT7PmkHqbuWpump,200,4000
life,2026-08-03T02:13:54.754Z,BB55VR9sdrXLZjEx94gToBMnMNF2qoT7PmkHqbuWpump,200,4000
life,2026-08-03T02:13:58.771Z,BB55VR9sdrXLZjEx94gToBMnMNF2qoT7PmkHqbuWpump,200,4000
life,2026-08-03T02:14:02.768Z,BB55VR9sdrXLZjEx94gToBMnMNF2qoT7PmkHqbuWpump,200,4000
life,2026-08-03T02:14:06.774Z,BB55VR9sdrXLZjEx94gToBMnMNF2qoT7PmkHqbuWpump,200,4000
life,2026-08-03T02:14:10.773Z,BB55VR9sdrXLZjEx94gToBMnMNF2qoT7PmkHqbuWpump,200,4000
life,2026-08-03T02:14:14.780Z,BB55VR9sdrXLZjEx94gToBMnMNF2qoT7PmkHqbuWpump,200,4000
life,2026-08-03T02:14:18.776Z,BB55VR9sdrXLZjEx94gToBMnMNF2qoT7PmkHqbuWpump,200,4000
life,2026-08-03T02:14:22.773Z,BB55VR9sdrXLZjEx94gToBMnMNF2qoT7PmkHqbuWpump,200,4000
life,2026-08-03T02:14:26.778Z,BB55VR9sdrXLZjEx94gToBMnMNF2qoT7PmkHqbuWpump,200,4000
life,2026-08-03T02:14:30.776Z,BB55VR9sdrXLZjEx94gToBMnMNF2qoT7PmkHqbuWpump,200,4000
life,2026-08-03T02:14:34.797Z,V2ZjLZT5cCfLZXUukcG72Xz1BxSPMyD6FPtgg58pump,200,4000
life,2026-08-03T02:14:38.805Z,V2ZjLZT5cCfLZXUukcG72Xz1BxSPMyD6FPtgg58pump,200,4000
life,2026-08-03T02:14:42.788Z,V2ZjLZT5cCfLZXUukcG72Xz1BxSPMyD6FPtgg58pump,200,4000
life,2026-08-03T02:14:46.805Z,V2ZjLZT5cCfLZXUukcG72Xz1BxSPMyD6FPtgg58pump,200,4000
life,2026-08-03T02:14:50.806Z,V2ZjLZT5cCfLZXUukcG72Xz1BxSPMyD6FPtgg58pump,200,4000
life,2026-08-03T02:14:54.798Z,V2ZjLZT5cCfLZXUukcG72Xz1BxSPMyD6FPtgg58pump,200,4000
life,2026-08-03T02:14:58.809Z,V2ZjLZT5cCfLZXUukcG72Xz1BxSPMyD6FPtgg58pump,200,4000
life,2026-08-03T02:15:02.792Z,V2ZjLZT5cCfLZXUukcG72Xz1BxSPMyD6FPtgg58pump,200,4000
life,2026-08-03T02:15:06.870Z,7Gs7gFKec9xPQgoX4LnkaHMcUwHatdiRcwfUQ97Hpump,200,4000
life,2026-08-03T02:15:10.812Z,7Gs7gFKec9xPQgoX4LnkaHMcUwHatdiRcwfUQ97Hpump,200,4000
life,2026-08-03T02:15:14.836Z,7Gs7gFKec9xPQgoX4LnkaHMcUwHatdiRcwfUQ97Hpump,200,4000
life,2026-08-03T02:15:18.824Z,7Gs7gFKec9xPQgoX4LnkaHMcUwHatdiRcwfUQ97Hpump,200,4000
life,2026-08-03T02:15:22.810Z,7Gs7gFKec9xPQgoX4LnkaHMcUwHatdiRcwfUQ97Hpump,200,4000
life,2026-08-03T02:15:26.827Z,7Gs7gFKec9xPQgoX4LnkaHMcUwHatdiRcwfUQ97Hpump,200,4000
life,2026-08-03T02:15:30.815Z,7Gs7gFKec9xPQgoX4LnkaHMcUwHatdiRcwfUQ97Hpump,200,4000
life,2026-08-03T02:15:34.813Z,7Gs7gFKec9xPQgoX4LnkaHMcUwHatdiRcwfUQ97Hpump,200,4000
life,2026-08-03T02:15:38.824Z,7Gs7gFKec9xPQgoX4LnkaHMcUwHatdiRcwfUQ97Hpump,200,4000
life,2026-08-03T02:15:42.825Z,7Gs7gFKec9xPQgoX4LnkaHMcUwHatdiRcwfUQ97Hpump,200,4000
life,2026-08-03T02:15:46.877Z,7Gs7gFKec9xPQgoX4LnkaHMcUwHatdiRcwfUQ97Hpump,200,4000
life,2026-08-03T02:15:50.843Z,FKeaJZ1nKME7uhkC1bUFGHUg33C52uLVH5bVMTetpump,200,4000
life,2026-08-03T02:15:54.884Z,FKeaJZ1nKME7uhkC1bUFGHUg33C52uLVH5bVMTetpump,200,4000
life,2026-08-03T02:15:58.827Z,FKeaJZ1nKME7uhkC1bUFGHUg33C52uLVH5bVMTetpump,200,4000
life,2026-08-03T02:16:02.831Z,FKeaJZ1nKME7uhkC1bUFGHUg33C52uLVH5bVMTetpump,200,4000
life,2026-08-03T02:16:06.861Z,FKeaJZ1nKME7uhkC1bUFGHUg33C52uLVH5bVMTetpump,200,4000
life,2026-08-03T02:16:10.834Z,FKeaJZ1nKME7uhkC1bUFGHUg33C52uLVH5bVMTetpump,200,4000
life,2026-08-03T02:16:14.832Z,FKeaJZ1nKME7uhkC1bUFGHUg33C52uLVH5bVMTetpump,200,4000
life,2026-08-03T02:16:18.831Z,FKeaJZ1nKME7uhkC1bUFGHUg33C52uLVH5bVMTetpump,200,4000
life,2026-08-03T02:16:22.827Z,FKeaJZ1nKME7uhkC1bUFGHUg33C52uLVH5bVMTetpump,200,4000
life,2026-08-03T02:16:26.840Z,FKeaJZ1nKME7uhkC1bUFGHUg33C52uLVH5bVMTetpump,200,4000
life,2026-08-03T02:16:30.844Z,FKeaJZ1nKME7uhkC1bUFGHUg33C52uLVH5bVMTetpump,200,4000
life,2026-08-03T02:16:34.844Z,FKeaJZ1nKME7uhkC1bUFGHUg33C52uLVH5bVMTetpump,200,4000
life,2026-08-03T02:16:38.844Z,FKeaJZ1nKME7uhkC1bUFGHUg33C52uLVH5bVMTetpump,200,4000
life,2026-08-03T02:16:42.864Z,FKeaJZ1nKME7uhkC1bUFGHUg33C52uLVH5bVMTetpump,200,4000
life,2026-08-03T02:16:46.846Z,FKeaJZ1nKME7uhkC1bUFGHUg33C52uLVH5bVMTetpump,200,4000
life,2026-08-03T02:16:50.842Z,FKeaJZ1nKME7uhkC1bUFGHUg33C52uLVH5bVMTetpump,200,4000
life,2026-08-03T02:16:54.839Z,FKeaJZ1nKME7uhkC1bUFGHUg33C52uLVH5bVMTetpump,200,4000
life,2026-08-03T02:16:58.852Z,7wVuSgQV3TPJMQqyWQn31jj846V98GfEWHkVkGFDpump,200,4000
life,2026-08-03T02:17:02.853Z,7wVuSgQV3TPJMQqyWQn31jj846V98GfEWHkVkGFDpump,200,4000
life,2026-08-03T02:17:06.923Z,7wVuSgQV3TPJMQqyWQn31jj846V98GfEWHkVkGFDpump,200,4000
life,2026-08-03T02:17:10.890Z,7wVuSgQV3TPJMQqyWQn31jj846V98GfEWHkVkGFDpump,200,4000
life,2026-08-03T02:17:14.864Z,7wVuSgQV3TPJMQqyWQn31jj846V98GfEWHkVkGFDpump,200,4000
life,2026-08-03T02:17:18.866Z,7wVuSgQV3TPJMQqyWQn31jj846V98GfEWHkVkGFDpump,200,4000
life,2026-08-03T02:17:22.879Z,7wVuSgQV3TPJMQqyWQn31jj846V98GfEWHkVkGFDpump,200,4000
life,2026-08-03T02:17:26.875Z,7wVuSgQV3TPJMQqyWQn31jj846V98GfEWHkVkGFDpump,200,4000
life,2026-08-03T02:17:30.874Z,7wVuSgQV3TPJMQqyWQn31jj846V98GfEWHkVkGFDpump,200,4000
life,2026-08-03T02:17:34.888Z,7wVuSgQV3TPJMQqyWQn31jj846V98GfEWHkVkGFDpump,200,4000
life,2026-08-03T02:17:38.883Z,7wVuSgQV3TPJMQqyWQn31jj846V98GfEWHkVkGFDpump,200,4000
life,2026-08-03T02:17:42.977Z,7wVuSgQV3TPJMQqyWQn31jj846V98GfEWHkVkGFDpump,200,4000
life,2026-08-03T02:17:46.948Z,7wVuSgQV3TPJMQqyWQn31jj846V98GfEWHkVkGFDpump,200,4000
life,2026-08-03T02:17:50.885Z,7wVuSgQV3TPJMQqyWQn31jj846V98GfEWHkVkGFDpump,200,4000
life,2026-08-03T02:17:54.883Z,7wVuSgQV3TPJMQqyWQn31jj846V98GfEWHkVkGFDpump,200,4000
life,2026-08-03T02:17:58.905Z,7wVuSgQV3TPJMQqyWQn31jj846V98GfEWHkVkGFDpump,200,4000
life,2026-08-03T02:18:02.882Z,7wVuSgQV3TPJMQqyWQn31jj846V98GfEWHkVkGFDpump,200,4000
life,2026-08-03T02:18:06.896Z,7wVuSgQV3TPJMQqyWQn31jj846V98GfEWHkVkGFDpump,200,4000
life,2026-08-03T02:18:10.885Z,7wVuSgQV3TPJMQqyWQn31jj846V98GfEWHkVkGFDpump,200,4000
life,2026-08-03T02:18:14.885Z,7wVuSgQV3TPJMQqyWQn31jj846V98GfEWHkVkGFDpump,200,4000
life,2026-08-03T02:18:18.884Z,7wVuSgQV3TPJMQqyWQn31jj846V98GfEWHkVkGFDpump,200,4000
life,2026-08-03T02:18:22.904Z,7wVuSgQV3TPJMQqyWQn31jj846V98GfEWHkVkGFDpump,200,4000
life,2026-08-03T02:18:26.886Z,7wVuSgQV3TPJMQqyWQn31jj846V98GfEWHkVkGFDpump,200,4000
life,2026-08-03T02:18:30.894Z,7wVuSgQV3TPJMQqyWQn31jj846V98GfEWHkVkGFDpump,200,4000
life,2026-08-03T02:18:34.897Z,7wVuSgQV3TPJMQqyWQn31jj846V98GfEWHkVkGFDpump,200,4000
life,2026-08-03T02:18:38.902Z,7wVuSgQV3TPJMQqyWQn31jj846V98GfEWHkVkGFDpump,200,4000
life,2026-08-03T02:18:42.898Z,7wVuSgQV3TPJMQqyWQn31jj846V98GfEWHkVkGFDpump,200,4000
life,2026-08-03T02:18:46.902Z,7wVuSgQV3TPJMQqyWQn31jj846V98GfEWHkVkGFDpump,200,4000
life,2026-08-03T02:18:50.900Z,7wVuSgQV3TPJMQqyWQn31jj846V98GfEWHkVkGFDpump,200,4000
life,2026-08-03T02:18:54.900Z,7wVuSgQV3TPJMQqyWQn31jj846V98GfEWHkVkGFDpump,200,4000
life,2026-08-03T02:18:58.908Z,7wVuSgQV3TPJMQqyWQn31jj846V98GfEWHkVkGFDpump,200,4000
life,2026-08-03T02:19:02.922Z,7wVuSgQV3TPJMQqyWQn31jj846V98GfEWHkVkGFDpump,200,4000
life,2026-08-03T02:19:06.912Z,GW3wyPJYHGSaZbEb3hcXNvLhdEqr1YLoULXDcduApump,200,4000
life,2026-08-03T02:19:10.909Z,GW3wyPJYHGSaZbEb3hcXNvLhdEqr1YLoULXDcduApump,200,4000
life,2026-08-03T02:19:15.002Z,GW3wyPJYHGSaZbEb3hcXNvLhdEqr1YLoULXDcduApump,200,4000
life,2026-08-03T02:19:18.912Z,GW3wyPJYHGSaZbEb3hcXNvLhdEqr1YLoULXDcduApump,200,4000
life,2026-08-03T02:19:22.919Z,GW3wyPJYHGSaZbEb3hcXNvLhdEqr1YLoULXDcduApump,200,4000
life,2026-08-03T02:19:26.920Z,GW3wyPJYHGSaZbEb3hcXNvLhdEqr1YLoULXDcduApump,200,4000
life,2026-08-03T02:19:30.925Z,GW3wyPJYHGSaZbEb3hcXNvLhdEqr1YLoULXDcduApump,200,4000
life,2026-08-03T02:19:34.924Z,GW3wyPJYHGSaZbEb3hcXNvLhdEqr1YLoULXDcduApump,200,4000
life,2026-08-03T02:19:38.928Z,GW3wyPJYHGSaZbEb3hcXNvLhdEqr1YLoULXDcduApump,200,4000
life,2026-08-03T02:19:42.938Z,GW3wyPJYHGSaZbEb3hcXNvLhdEqr1YLoULXDcduApump,200,4000
life,2026-08-03T02:19:46.929Z,GW3wyPJYHGSaZbEb3hcXNvLhdEqr1YLoULXDcduApump,200,4000
life,2026-08-03T02:19:50.937Z,GW3wyPJYHGSaZbEb3hcXNvLhdEqr1YLoULXDcduApump,200,4000
life,2026-08-03T02:19:54.938Z,GW3wyPJYHGSaZbEb3hcXNvLhdEqr1YLoULXDcduApump,200,4000
life,2026-08-03T02:19:58.939Z,GW3wyPJYHGSaZbEb3hcXNvLhdEqr1YLoULXDcduApump,200,4000
life,2026-08-03T02:20:02.941Z,3C8Hz8sqdwn4gUJaWek23PsRfvyDsVZhaqoKooNMpump,200,4000
life,2026-08-03T02:20:06.947Z,3C8Hz8sqdwn4gUJaWek23PsRfvyDsVZhaqoKooNMpump,200,4000
life,2026-08-03T02:20:10.954Z,3C8Hz8sqdwn4gUJaWek23PsRfvyDsVZhaqoKooNMpump,200,4000
life,2026-08-03T02:20:14.963Z,3C8Hz8sqdwn4gUJaWek23PsRfvyDsVZhaqoKooNMpump,200,4000
life,2026-08-03T02:20:18.949Z,3C8Hz8sqdwn4gUJaWek23PsRfvyDsVZhaqoKooNMpump,200,4000
life,2026-08-03T02:20:22.998Z,3C8Hz8sqdwn4gUJaWek23PsRfvyDsVZhaqoKooNMpump,200,4000
life,2026-08-03T02:20:26.990Z,3C8Hz8sqdwn4gUJaWek23PsRfvyDsVZhaqoKooNMpump,200,4000
life,2026-08-03T02:20:30.958Z,3C8Hz8sqdwn4gUJaWek23PsRfvyDsVZhaqoKooNMpump,200,4000
life,2026-08-03T02:20:34.957Z,3C8Hz8sqdwn4gUJaWek23PsRfvyDsVZhaqoKooNMpump,200,4000
life,2026-08-03T02:20:39.021Z,3C8Hz8sqdwn4gUJaWek23PsRfvyDsVZhaqoKooNMpump,200,4000
life,2026-08-03T02:20:42.968Z,3C8Hz8sqdwn4gUJaWek23PsRfvyDsVZhaqoKooNMpump,200,4000
life,2026-08-03T02:20:46.967Z,3C8Hz8sqdwn4gUJaWek23PsRfvyDsVZhaqoKooNMpump,200,4000
life,2026-08-03T02:20:51.244Z,3C8Hz8sqdwn4gUJaWek23PsRfvyDsVZhaqoKooNMpump,200,4000
life,2026-08-03T02:20:54.972Z,3C8Hz8sqdwn4gUJaWek23PsRfvyDsVZhaqoKooNMpump,200,4000
life,2026-08-03T02:20:58.972Z,3C8Hz8sqdwn4gUJaWek23PsRfvyDsVZhaqoKooNMpump,200,4000
life,2026-08-03T02:21:02.973Z,3C8Hz8sqdwn4gUJaWek23PsRfvyDsVZhaqoKooNMpump,200,4000
life,2026-08-03T02:21:06.970Z,3C8Hz8sqdwn4gUJaWek23PsRfvyDsVZhaqoKooNMpump,200,4000
life,2026-08-03T02:21:10.979Z,3C8Hz8sqdwn4gUJaWek23PsRfvyDsVZhaqoKooNMpump,200,4000
life,2026-08-03T02:21:15.146Z,EzrXiBWKcr3WSGLdJWeXvfBSkWRHkaymU7gW5fXpump,200,4000
life,2026-08-03T02:21:19.008Z,EzrXiBWKcr3WSGLdJWeXvfBSkWRHkaymU7gW5fXpump,200,4000
life,2026-08-03T02:21:22.988Z,EzrXiBWKcr3WSGLdJWeXvfBSkWRHkaymU7gW5fXpump,200,4000
life,2026-08-03T02:21:27.000Z,EzrXiBWKcr3WSGLdJWeXvfBSkWRHkaymU7gW5fXpump,200,4000
life,2026-08-03T02:21:30.997Z,EzrXiBWKcr3WSGLdJWeXvfBSkWRHkaymU7gW5fXpump,200,4000
life,2026-08-03T02:21:35.007Z,EzrXiBWKcr3WSGLdJWeXvfBSkWRHkaymU7gW5fXpump,200,4000
life,2026-08-03T02:21:38.991Z,EzrXiBWKcr3WSGLdJWeXvfBSkWRHkaymU7gW5fXpump,200,4000
life,2026-08-03T02:21:43.007Z,EzrXiBWKcr3WSGLdJWeXvfBSkWRHkaymU7gW5fXpump,200,4000
life,2026-08-03T02:21:47.013Z,EzrXiBWKcr3WSGLdJWeXvfBSkWRHkaymU7gW5fXpump,200,4000
life,2026-08-03T02:21:51.002Z,EzrXiBWKcr3WSGLdJWeXvfBSkWRHkaymU7gW5fXpump,200,4000
life,2026-08-03T02:21:55.006Z,EzrXiBWKcr3WSGLdJWeXvfBSkWRHkaymU7gW5fXpump,200,4000
life,2026-08-03T02:21:59.015Z,EzrXiBWKcr3WSGLdJWeXvfBSkWRHkaymU7gW5fXpump,200,4000
life,2026-08-03T02:22:03.003Z,EzrXiBWKcr3WSGLdJWeXvfBSkWRHkaymU7gW5fXpump,200,4000
life,2026-08-03T02:22:07.026Z,EzrXiBWKcr3WSGLdJWeXvfBSkWRHkaymU7gW5fXpump,200,4000
life,2026-08-03T02:22:11.011Z,EzrXiBWKcr3WSGLdJWeXvfBSkWRHkaymU7gW5fXpump,200,4000
life,2026-08-03T02:22:15.011Z,EzrXiBWKcr3WSGLdJWeXvfBSkWRHkaymU7gW5fXpump,200,4000
life,2026-08-03T02:22:19.017Z,EzrXiBWKcr3WSGLdJWeXvfBSkWRHkaymU7gW5fXpump,200,4000
life,2026-08-03T02:22:23.018Z,EzrXiBWKcr3WSGLdJWeXvfBSkWRHkaymU7gW5fXpump,200,4000
life,2026-08-03T02:22:27.027Z,EzrXiBWKcr3WSGLdJWeXvfBSkWRHkaymU7gW5fXpump,200,4000
life,2026-08-03T02:22:31.026Z,EzrXiBWKcr3WSGLdJWeXvfBSkWRHkaymU7gW5fXpump,200,4000
life,2026-08-03T02:22:35.017Z,EzrXiBWKcr3WSGLdJWeXvfBSkWRHkaymU7gW5fXpump,200,4000
life,2026-08-03T02:22:39.017Z,EzrXiBWKcr3WSGLdJWeXvfBSkWRHkaymU7gW5fXpump,200,4000
life,2026-08-03T02:22:43.020Z,EzrXiBWKcr3WSGLdJWeXvfBSkWRHkaymU7gW5fXpump,200,4000
life,2026-08-03T02:22:47.035Z,EzrXiBWKcr3WSGLdJWeXvfBSkWRHkaymU7gW5fXpump,200,4000
life,2026-08-03T02:22:51.024Z,EzrXiBWKcr3WSGLdJWeXvfBSkWRHkaymU7gW5fXpump,200,4000
life,2026-08-03T02:22:55.033Z,EzrXiBWKcr3WSGLdJWeXvfBSkWRHkaymU7gW5fXpump,200,4000
life,2026-08-03T02:22:59.058Z,EzrXiBWKcr3WSGLdJWeXvfBSkWRHkaymU7gW5fXpump,200,4000
life,2026-08-03T02:23:03.124Z,EzrXiBWKcr3WSGLdJWeXvfBSkWRHkaymU7gW5fXpump,200,4000
life,2026-08-03T02:23:07.030Z,EzrXiBWKcr3WSGLdJWeXvfBSkWRHkaymU7gW5fXpump,200,4000
life,2026-08-03T02:23:11.039Z,EzrXiBWKcr3WSGLdJWeXvfBSkWRHkaymU7gW5fXpump,200,4000
life,2026-08-03T02:23:15.037Z,EzrXiBWKcr3WSGLdJWeXvfBSkWRHkaymU7gW5fXpump,200,4000
life,2026-08-03T02:23:19.040Z,EzrXiBWKcr3WSGLdJWeXvfBSkWRHkaymU7gW5fXpump,200,4000
life,2026-08-03T02:23:23.039Z,EzrXiBWKcr3WSGLdJWeXvfBSkWRHkaymU7gW5fXpump,200,4000
life,2026-08-03T02:23:27.043Z,EzrXiBWKcr3WSGLdJWeXvfBSkWRHkaymU7gW5fXpump,200,4000
life,2026-08-03T02:23:31.054Z,EzrXiBWKcr3WSGLdJWeXvfBSkWRHkaymU7gW5fXpump,200,4000
life,2026-08-03T02:23:35.046Z,EzrXiBWKcr3WSGLdJWeXvfBSkWRHkaymU7gW5fXpump,200,4000
life,2026-08-03T02:23:39.053Z,EzrXiBWKcr3WSGLdJWeXvfBSkWRHkaymU7gW5fXpump,200,4000
life,2026-08-03T02:23:43.062Z,EzrXiBWKcr3WSGLdJWeXvfBSkWRHkaymU7gW5fXpump,200,4000
life,2026-08-03T02:23:47.191Z,EzrXiBWKcr3WSGLdJWeXvfBSkWRHkaymU7gW5fXpump,200,4000
life,2026-08-03T02:23:51.057Z,EzrXiBWKcr3WSGLdJWeXvfBSkWRHkaymU7gW5fXpump,200,4000
life,2026-08-03T02:23:55.055Z,EzrXiBWKcr3WSGLdJWeXvfBSkWRHkaymU7gW5fXpump,200,4000
life,2026-08-03T02:23:59.417Z,EzrXiBWKcr3WSGLdJWeXvfBSkWRHkaymU7gW5fXpump,200,4000
life,2026-08-03T02:24:03.058Z,EzrXiBWKcr3WSGLdJWeXvfBSkWRHkaymU7gW5fXpump,200,4000
life,2026-08-03T02:24:07.070Z,EzrXiBWKcr3WSGLdJWeXvfBSkWRHkaymU7gW5fXpump,200,4000
life,2026-08-03T02:24:11.065Z,EzrXiBWKcr3WSGLdJWeXvfBSkWRHkaymU7gW5fXpump,200,4000
life,2026-08-03T02:24:15.083Z,EzrXiBWKcr3WSGLdJWeXvfBSkWRHkaymU7gW5fXpump,200,4000
life,2026-08-03T02:24:19.067Z,EzrXiBWKcr3WSGLdJWeXvfBSkWRHkaymU7gW5fXpump,200,4000
life,2026-08-03T02:24:23.063Z,EzrXiBWKcr3WSGLdJWeXvfBSkWRHkaymU7gW5fXpump,200,4000
life,2026-08-03T02:24:27.070Z,EzrXiBWKcr3WSGLdJWeXvfBSkWRHkaymU7gW5fXpump,200,4000
life,2026-08-03T02:24:31.080Z,EzrXiBWKcr3WSGLdJWeXvfBSkWRHkaymU7gW5fXpump,200,4000
life,2026-08-03T02:24:35.084Z,7LS4TVEVp5wadBoAzXw7Xsh59V87gQGxnEAKtc9jpump,200,4000
life,2026-08-03T02:24:39.079Z,7LS4TVEVp5wadBoAzXw7Xsh59V87gQGxnEAKtc9jpump,200,4000
life,2026-08-03T02:24:43.077Z,7LS4TVEVp5wadBoAzXw7Xsh59V87gQGxnEAKtc9jpump,200,4000
life,2026-08-03T02:24:47.083Z,7LS4TVEVp5wadBoAzXw7Xsh59V87gQGxnEAKtc9jpump,200,4000
life,2026-08-03T02:24:51.096Z,7LS4TVEVp5wadBoAzXw7Xsh59V87gQGxnEAKtc9jpump,200,4000
life,2026-08-03T02:24:55.085Z,7LS4TVEVp5wadBoAzXw7Xsh59V87gQGxnEAKtc9jpump,200,4000
life,2026-08-03T02:24:59.093Z,7LS4TVEVp5wadBoAzXw7Xsh59V87gQGxnEAKtc9jpump,200,4000
life,2026-08-03T02:25:03.091Z,7LS4TVEVp5wadBoAzXw7Xsh59V87gQGxnEAKtc9jpump,200,4000
life,2026-08-03T02:25:07.086Z,7LS4TVEVp5wadBoAzXw7Xsh59V87gQGxnEAKtc9jpump,200,4000
life,2026-08-03T02:25:11.086Z,7LS4TVEVp5wadBoAzXw7Xsh59V87gQGxnEAKtc9jpump,200,4000
life,2026-08-03T02:25:15.096Z,7LS4TVEVp5wadBoAzXw7Xsh59V87gQGxnEAKtc9jpump,200,4000
life,2026-08-03T02:25:19.103Z,7LS4TVEVp5wadBoAzXw7Xsh59V87gQGxnEAKtc9jpump,200,4000
life,2026-08-03T02:25:23.102Z,7LS4TVEVp5wadBoAzXw7Xsh59V87gQGxnEAKtc9jpump,200,4000
life,2026-08-03T02:25:27.093Z,7LS4TVEVp5wadBoAzXw7Xsh59V87gQGxnEAKtc9jpump,200,4000
life,2026-08-03T02:25:31.110Z,7LS4TVEVp5wadBoAzXw7Xsh59V87gQGxnEAKtc9jpump,200,4000
life,2026-08-03T02:25:35.106Z,7LS4TVEVp5wadBoAzXw7Xsh59V87gQGxnEAKtc9jpump,200,4000
life,2026-08-03T02:25:39.098Z,7LS4TVEVp5wadBoAzXw7Xsh59V87gQGxnEAKtc9jpump,200,4000
life,2026-08-03T02:25:43.118Z,7LS4TVEVp5wadBoAzXw7Xsh59V87gQGxnEAKtc9jpump,200,4000
life,2026-08-03T02:25:47.116Z,7LS4TVEVp5wadBoAzXw7Xsh59V87gQGxnEAKtc9jpump,200,4000
life,2026-08-03T02:25:51.145Z,7LS4TVEVp5wadBoAzXw7Xsh59V87gQGxnEAKtc9jpump,200,4000
life,2026-08-03T02:25:55.232Z,7LS4TVEVp5wadBoAzXw7Xsh59V87gQGxnEAKtc9jpump,200,4000
life,2026-08-03T02:25:59.326Z,7LS4TVEVp5wadBoAzXw7Xsh59V87gQGxnEAKtc9jpump,200,4000
life,2026-08-03T02:26:03.130Z,7LS4TVEVp5wadBoAzXw7Xsh59V87gQGxnEAKtc9jpump,200,4000
life,2026-08-03T02:26:07.166Z,7LS4TVEVp5wadBoAzXw7Xsh59V87gQGxnEAKtc9jpump,200,4000
life,2026-08-03T02:26:11.170Z,7LS4TVEVp5wadBoAzXw7Xsh59V87gQGxnEAKtc9jpump,200,4000
life,2026-08-03T02:26:15.127Z,7LS4TVEVp5wadBoAzXw7Xsh59V87gQGxnEAKtc9jpump,200,4000
life,2026-08-03T02:26:19.126Z,7LS4TVEVp5wadBoAzXw7Xsh59V87gQGxnEAKtc9jpump,200,4000
life,2026-08-03T02:26:23.207Z,E1S2RV6aNSU4inxH7k1wVWFczegAZGj54nyFDhDnpump,200,4000
life,2026-08-03T02:26:27.144Z,E1S2RV6aNSU4inxH7k1wVWFczegAZGj54nyFDhDnpump,200,4000
life,2026-08-03T02:26:31.292Z,E1S2RV6aNSU4inxH7k1wVWFczegAZGj54nyFDhDnpump,200,4000
life,2026-08-03T02:26:35.312Z,E1S2RV6aNSU4inxH7k1wVWFczegAZGj54nyFDhDnpump,200,4000
life,2026-08-03T02:26:39.147Z,E1S2RV6aNSU4inxH7k1wVWFczegAZGj54nyFDhDnpump,200,4000
life,2026-08-03T02:26:43.137Z,E1S2RV6aNSU4inxH7k1wVWFczegAZGj54nyFDhDnpump,200,4000
life,2026-08-03T02:26:47.174Z,E1S2RV6aNSU4inxH7k1wVWFczegAZGj54nyFDhDnpump,200,4000
life,2026-08-03T02:26:51.147Z,E1S2RV6aNSU4inxH7k1wVWFczegAZGj54nyFDhDnpump,200,4000
life,2026-08-03T02:26:55.148Z,E1S2RV6aNSU4inxH7k1wVWFczegAZGj54nyFDhDnpump,200,4000
life,2026-08-03T02:26:59.230Z,E1S2RV6aNSU4inxH7k1wVWFczegAZGj54nyFDhDnpump,200,4000
life,2026-08-03T02:27:03.160Z,E1S2RV6aNSU4inxH7k1wVWFczegAZGj54nyFDhDnpump,200,4000
life,2026-08-03T02:27:07.183Z,E1S2RV6aNSU4inxH7k1wVWFczegAZGj54nyFDhDnpump,200,4000
life,2026-08-03T02:27:11.161Z,E1S2RV6aNSU4inxH7k1wVWFczegAZGj54nyFDhDnpump,200,4000
life,2026-08-03T02:27:15.160Z,E1S2RV6aNSU4inxH7k1wVWFczegAZGj54nyFDhDnpump,200,4000
life,2026-08-03T02:27:19.165Z,E1S2RV6aNSU4inxH7k1wVWFczegAZGj54nyFDhDnpump,200,4000
life,2026-08-03T02:27:23.168Z,E1S2RV6aNSU4inxH7k1wVWFczegAZGj54nyFDhDnpump,200,4000
life,2026-08-03T02:27:27.220Z,E1S2RV6aNSU4inxH7k1wVWFczegAZGj54nyFDhDnpump,200,4000
life,2026-08-03T02:27:31.162Z,E1S2RV6aNSU4inxH7k1wVWFczegAZGj54nyFDhDnpump,200,4000
life,2026-08-03T02:27:35.164Z,E1S2RV6aNSU4inxH7k1wVWFczegAZGj54nyFDhDnpump,200,4000
life,2026-08-03T02:27:39.179Z,E1S2RV6aNSU4inxH7k1wVWFczegAZGj54nyFDhDnpump,200,4000
life,2026-08-03T02:27:43.171Z,E1S2RV6aNSU4inxH7k1wVWFczegAZGj54nyFDhDnpump,200,4000
life,2026-08-03T02:27:47.179Z,E1S2RV6aNSU4inxH7k1wVWFczegAZGj54nyFDhDnpump,200,4000
life,2026-08-03T02:27:51.175Z,E1S2RV6aNSU4inxH7k1wVWFczegAZGj54nyFDhDnpump,200,4000
life,2026-08-03T02:27:55.170Z,E1S2RV6aNSU4inxH7k1wVWFczegAZGj54nyFDhDnpump,200,4000
life,2026-08-03T02:27:59.180Z,E1S2RV6aNSU4inxH7k1wVWFczegAZGj54nyFDhDnpump,200,4000
life,2026-08-03T02:28:03.176Z,E1S2RV6aNSU4inxH7k1wVWFczegAZGj54nyFDhDnpump,200,4000
life,2026-08-03T02:28:07.186Z,E1S2RV6aNSU4inxH7k1wVWFczegAZGj54nyFDhDnpump,200,4000
life,2026-08-03T02:28:11.287Z,E1S2RV6aNSU4inxH7k1wVWFczegAZGj54nyFDhDnpump,200,4000
life,2026-08-03T02:28:15.183Z,E1S2RV6aNSU4inxH7k1wVWFczegAZGj54nyFDhDnpump,200,4000
life,2026-08-03T02:28:19.195Z,E1S2RV6aNSU4inxH7k1wVWFczegAZGj54nyFDhDnpump,200,4000
life,2026-08-03T02:28:23.193Z,E1S2RV6aNSU4inxH7k1wVWFczegAZGj54nyFDhDnpump,200,4000
life,2026-08-03T02:28:27.188Z,E1S2RV6aNSU4inxH7k1wVWFczegAZGj54nyFDhDnpump,200,4000
life,2026-08-03T02:28:31.187Z,E1S2RV6aNSU4inxH7k1wVWFczegAZGj54nyFDhDnpump,200,4000
life,2026-08-03T02:28:35.190Z,E1S2RV6aNSU4inxH7k1wVWFczegAZGj54nyFDhDnpump,200,4000
life,2026-08-03T02:28:39.196Z,E1S2RV6aNSU4inxH7k1wVWFczegAZGj54nyFDhDnpump,200,4000
life,2026-08-03T02:28:43.198Z,E1S2RV6aNSU4inxH7k1wVWFczegAZGj54nyFDhDnpump,200,4000
life,2026-08-03T02:28:47.197Z,E1S2RV6aNSU4inxH7k1wVWFczegAZGj54nyFDhDnpump,200,4000
life,2026-08-03T02:28:51.209Z,E1S2RV6aNSU4inxH7k1wVWFczegAZGj54nyFDhDnpump,200,4000
life,2026-08-03T02:28:55.203Z,E1S2RV6aNSU4inxH7k1wVWFczegAZGj54nyFDhDnpump,200,4000
life,2026-08-03T02:28:59.202Z,E1S2RV6aNSU4inxH7k1wVWFczegAZGj54nyFDhDnpump,200,4000
life,2026-08-03T02:29:03.208Z,E1S2RV6aNSU4inxH7k1wVWFczegAZGj54nyFDhDnpump,200,4000
life,2026-08-03T02:29:07.208Z,E1S2RV6aNSU4inxH7k1wVWFczegAZGj54nyFDhDnpump,200,4000
life,2026-08-03T02:29:11.211Z,E1S2RV6aNSU4inxH7k1wVWFczegAZGj54nyFDhDnpump,200,4000
life,2026-08-03T02:29:15.236Z,E1S2RV6aNSU4inxH7k1wVWFczegAZGj54nyFDhDnpump,200,4000
life,2026-08-03T02:29:19.230Z,E1S2RV6aNSU4inxH7k1wVWFczegAZGj54nyFDhDnpump,200,4000
life,2026-08-03T02:29:23.219Z,E1S2RV6aNSU4inxH7k1wVWFczegAZGj54nyFDhDnpump,200,4000
life,2026-08-03T02:29:27.213Z,E1S2RV6aNSU4inxH7k1wVWFczegAZGj54nyFDhDnpump,200,4000
life,2026-08-03T02:29:31.213Z,E1S2RV6aNSU4inxH7k1wVWFczegAZGj54nyFDhDnpump,200,4000
life,2026-08-03T02:29:35.213Z,E1S2RV6aNSU4inxH7k1wVWFczegAZGj54nyFDhDnpump,200,4000
life,2026-08-03T02:29:39.215Z,E1S2RV6aNSU4inxH7k1wVWFczegAZGj54nyFDhDnpump,200,4000
life,2026-08-03T02:29:43.224Z,E1S2RV6aNSU4inxH7k1wVWFczegAZGj54nyFDhDnpump,200,4000
life,2026-08-03T02:29:47.212Z,E1S2RV6aNSU4inxH7k1wVWFczegAZGj54nyFDhDnpump,200,4000
life,2026-08-03T02:29:51.265Z,E1S2RV6aNSU4inxH7k1wVWFczegAZGj54nyFDhDnpump,200,4000
life,2026-08-03T02:29:55.310Z,E1S2RV6aNSU4inxH7k1wVWFczegAZGj54nyFDhDnpump,200,4000
life,2026-08-03T02:29:59.328Z,EL8SwnwpPf3BCBY9jZoHvdtYV7kLtWiTmm6rw3E9pump,200,4000
life,2026-08-03T02:30:03.232Z,EL8SwnwpPf3BCBY9jZoHvdtYV7kLtWiTmm6rw3E9pump,200,4000
life,2026-08-03T02:30:07.226Z,EL8SwnwpPf3BCBY9jZoHvdtYV7kLtWiTmm6rw3E9pump,200,4000
life,2026-08-03T02:30:11.234Z,EL8SwnwpPf3BCBY9jZoHvdtYV7kLtWiTmm6rw3E9pump,200,4000
life,2026-08-03T02:30:15.545Z,EL8SwnwpPf3BCBY9jZoHvdtYV7kLtWiTmm6rw3E9pump,200,4000
life,2026-08-03T02:30:19.235Z,EL8SwnwpPf3BCBY9jZoHvdtYV7kLtWiTmm6rw3E9pump,200,4000
life,2026-08-03T02:30:23.224Z,EL8SwnwpPf3BCBY9jZoHvdtYV7kLtWiTmm6rw3E9pump,200,4000
life,2026-08-03T02:30:27.247Z,EL8SwnwpPf3BCBY9jZoHvdtYV7kLtWiTmm6rw3E9pump,200,4000
life,2026-08-03T02:30:31.239Z,EL8SwnwpPf3BCBY9jZoHvdtYV7kLtWiTmm6rw3E9pump,200,4000
life,2026-08-03T02:30:35.237Z,EL8SwnwpPf3BCBY9jZoHvdtYV7kLtWiTmm6rw3E9pump,200,4000
life,2026-08-03T02:30:39.237Z,EL8SwnwpPf3BCBY9jZoHvdtYV7kLtWiTmm6rw3E9pump,200,4000
life,2026-08-03T02:30:43.242Z,EL8SwnwpPf3BCBY9jZoHvdtYV7kLtWiTmm6rw3E9pump,200,4000
life,2026-08-03T02:30:47.258Z,EL8SwnwpPf3BCBY9jZoHvdtYV7kLtWiTmm6rw3E9pump,200,4000
life,2026-08-03T02:30:51.247Z,EL8SwnwpPf3BCBY9jZoHvdtYV7kLtWiTmm6rw3E9pump,200,4000
life,2026-08-03T02:30:55.259Z,EL8SwnwpPf3BCBY9jZoHvdtYV7kLtWiTmm6rw3E9pump,200,4000
life,2026-08-03T02:30:59.254Z,EL8SwnwpPf3BCBY9jZoHvdtYV7kLtWiTmm6rw3E9pump,200,4000
life,2026-08-03T02:31:03.247Z,EL8SwnwpPf3BCBY9jZoHvdtYV7kLtWiTmm6rw3E9pump,200,4000
life,2026-08-03T02:31:07.248Z,EL8SwnwpPf3BCBY9jZoHvdtYV7kLtWiTmm6rw3E9pump,200,4000
life,2026-08-03T02:31:11.270Z,EL8SwnwpPf3BCBY9jZoHvdtYV7kLtWiTmm6rw3E9pump,200,4000
life,2026-08-03T02:31:15.263Z,EL8SwnwpPf3BCBY9jZoHvdtYV7kLtWiTmm6rw3E9pump,200,4000
life,2026-08-03T02:31:19.292Z,EL8SwnwpPf3BCBY9jZoHvdtYV7kLtWiTmm6rw3E9pump,200,4000
life,2026-08-03T02:31:23.271Z,EL8SwnwpPf3BCBY9jZoHvdtYV7kLtWiTmm6rw3E9pump,200,4000
life,2026-08-03T02:31:27.270Z,EL8SwnwpPf3BCBY9jZoHvdtYV7kLtWiTmm6rw3E9pump,200,4000
life,2026-08-03T02:31:31.264Z,EL8SwnwpPf3BCBY9jZoHvdtYV7kLtWiTmm6rw3E9pump,200,4000
life,2026-08-03T02:31:35.274Z,EL8SwnwpPf3BCBY9jZoHvdtYV7kLtWiTmm6rw3E9pump,200,4000
life,2026-08-03T02:31:39.269Z,EL8SwnwpPf3BCBY9jZoHvdtYV7kLtWiTmm6rw3E9pump,200,4000
life,2026-08-03T02:31:43.284Z,EL8SwnwpPf3BCBY9jZoHvdtYV7kLtWiTmm6rw3E9pump,200,4000
life,2026-08-03T02:31:47.275Z,EL8SwnwpPf3BCBY9jZoHvdtYV7kLtWiTmm6rw3E9pump,200,4000
life,2026-08-03T02:31:51.273Z,EL8SwnwpPf3BCBY9jZoHvdtYV7kLtWiTmm6rw3E9pump,200,4000
life,2026-08-03T02:31:55.280Z,EL8SwnwpPf3BCBY9jZoHvdtYV7kLtWiTmm6rw3E9pump,200,4000
life,2026-08-03T02:31:59.286Z,EL8SwnwpPf3BCBY9jZoHvdtYV7kLtWiTmm6rw3E9pump,200,4000
life,2026-08-03T02:32:03.280Z,EL8SwnwpPf3BCBY9jZoHvdtYV7kLtWiTmm6rw3E9pump,200,4000
life,2026-08-03T02:32:07.284Z,EL8SwnwpPf3BCBY9jZoHvdtYV7kLtWiTmm6rw3E9pump,200,4000
life,2026-08-03T02:32:11.367Z,5TQo5BPJf2PtKadyHmGARQZSHvza7wmjJ49kzsBipump,200,4000
life,2026-08-03T02:32:15.305Z,5TQo5BPJf2PtKadyHmGARQZSHvza7wmjJ49kzsBipump,200,4000
life,2026-08-03T02:32:19.298Z,5TQo5BPJf2PtKadyHmGARQZSHvza7wmjJ49kzsBipump,200,4000
life,2026-08-03T02:32:23.346Z,5TQo5BPJf2PtKadyHmGARQZSHvza7wmjJ49kzsBipump,200,4000
life,2026-08-03T02:32:27.293Z,5TQo5BPJf2PtKadyHmGARQZSHvza7wmjJ49kzsBipump,200,4000
life,2026-08-03T02:32:31.296Z,5TQo5BPJf2PtKadyHmGARQZSHvza7wmjJ49kzsBipump,200,4000
life,2026-08-03T02:32:35.291Z,5TQo5BPJf2PtKadyHmGARQZSHvza7wmjJ49kzsBipump,200,4000
life,2026-08-03T02:32:39.302Z,5TQo5BPJf2PtKadyHmGARQZSHvza7wmjJ49kzsBipump,200,4000
life,2026-08-03T02:32:43.303Z,5TQo5BPJf2PtKadyHmGARQZSHvza7wmjJ49kzsBipump,200,4000
life,2026-08-03T02:32:47.307Z,5TQo5BPJf2PtKadyHmGARQZSHvza7wmjJ49kzsBipump,200,4000
life,2026-08-03T02:32:51.305Z,5TQo5BPJf2PtKadyHmGARQZSHvza7wmjJ49kzsBipump,200,4000
life,2026-08-03T02:32:55.304Z,5TQo5BPJf2PtKadyHmGARQZSHvza7wmjJ49kzsBipump,200,4000
life,2026-08-03T02:32:59.317Z,5TQo5BPJf2PtKadyHmGARQZSHvza7wmjJ49kzsBipump,200,4000
life,2026-08-03T02:33:03.310Z,5TQo5BPJf2PtKadyHmGARQZSHvza7wmjJ49kzsBipump,200,4000
life,2026-08-03T02:33:07.313Z,5TQo5BPJf2PtKadyHmGARQZSHvza7wmjJ49kzsBipump,200,4000
life,2026-08-03T02:33:11.319Z,5TQo5BPJf2PtKadyHmGARQZSHvza7wmjJ49kzsBipump,200,4000
life,2026-08-03T02:33:15.316Z,5TQo5BPJf2PtKadyHmGARQZSHvza7wmjJ49kzsBipump,200,4000
life,2026-08-03T02:33:19.316Z,5TQo5BPJf2PtKadyHmGARQZSHvza7wmjJ49kzsBipump,200,4000
life,2026-08-03T02:33:23.318Z,5TQo5BPJf2PtKadyHmGARQZSHvza7wmjJ49kzsBipump,200,4000
life,2026-08-03T02:33:27.312Z,5TQo5BPJf2PtKadyHmGARQZSHvza7wmjJ49kzsBipump,200,4000
life,2026-08-03T02:33:31.319Z,5TQo5BPJf2PtKadyHmGARQZSHvza7wmjJ49kzsBipump,200,4000
life,2026-08-03T02:33:35.319Z,5TQo5BPJf2PtKadyHmGARQZSHvza7wmjJ49kzsBipump,200,4000
life,2026-08-03T02:33:39.343Z,5TQo5BPJf2PtKadyHmGARQZSHvza7wmjJ49kzsBipump,200,4000
life,2026-08-03T02:33:43.327Z,5TQo5BPJf2PtKadyHmGARQZSHvza7wmjJ49kzsBipump,200,4000
life,2026-08-03T02:33:47.409Z,5TQo5BPJf2PtKadyHmGARQZSHvza7wmjJ49kzsBipump,200,4000
life,2026-08-03T02:33:51.342Z,5TQo5BPJf2PtKadyHmGARQZSHvza7wmjJ49kzsBipump,200,4000
life,2026-08-03T02:33:55.344Z,5TQo5BPJf2PtKadyHmGARQZSHvza7wmjJ49kzsBipump,200,4000
life,2026-08-03T02:33:59.325Z,5TQo5BPJf2PtKadyHmGARQZSHvza7wmjJ49kzsBipump,200,4000
life,2026-08-03T02:34:03.327Z,5TQo5BPJf2PtKadyHmGARQZSHvza7wmjJ49kzsBipump,200,4000
life,2026-08-03T02:34:07.329Z,5TQo5BPJf2PtKadyHmGARQZSHvza7wmjJ49kzsBipump,200,4000
life,2026-08-03T02:34:11.336Z,5TQo5BPJf2PtKadyHmGARQZSHvza7wmjJ49kzsBipump,200,4000
life,2026-08-03T02:34:15.342Z,5TQo5BPJf2PtKadyHmGARQZSHvza7wmjJ49kzsBipump,200,4000
life,2026-08-03T02:34:19.335Z,5TQo5BPJf2PtKadyHmGARQZSHvza7wmjJ49kzsBipump,200,4000
life,2026-08-03T02:34:23.338Z,5TQo5BPJf2PtKadyHmGARQZSHvza7wmjJ49kzsBipump,200,4000
life,2026-08-03T02:34:27.395Z,5TQo5BPJf2PtKadyHmGARQZSHvza7wmjJ49kzsBipump,200,4000
life,2026-08-03T02:34:31.342Z,5TQo5BPJf2PtKadyHmGARQZSHvza7wmjJ49kzsBipump,200,4000
life,2026-08-03T02:34:35.343Z,5TQo5BPJf2PtKadyHmGARQZSHvza7wmjJ49kzsBipump,200,4000
life,2026-08-03T02:34:39.337Z,5TQo5BPJf2PtKadyHmGARQZSHvza7wmjJ49kzsBipump,200,4000
life,2026-08-03T02:34:43.352Z,5TQo5BPJf2PtKadyHmGARQZSHvza7wmjJ49kzsBipump,200,4000
life,2026-08-03T02:34:47.353Z,5TQo5BPJf2PtKadyHmGARQZSHvza7wmjJ49kzsBipump,200,4000
life,2026-08-03T02:34:51.346Z,5TQo5BPJf2PtKadyHmGARQZSHvza7wmjJ49kzsBipump,200,4000
life,2026-08-03T02:34:55.346Z,5TQo5BPJf2PtKadyHmGARQZSHvza7wmjJ49kzsBipump,200,4000
life,2026-08-03T02:34:59.349Z,5TQo5BPJf2PtKadyHmGARQZSHvza7wmjJ49kzsBipump,200,4000
life,2026-08-03T02:35:03.345Z,5TQo5BPJf2PtKadyHmGARQZSHvza7wmjJ49kzsBipump,200,4000
life,2026-08-03T02:35:07.367Z,5TQo5BPJf2PtKadyHmGARQZSHvza7wmjJ49kzsBipump,200,4000
life,2026-08-03T02:35:11.355Z,5TQo5BPJf2PtKadyHmGARQZSHvza7wmjJ49kzsBipump,200,4000
life,2026-08-03T02:35:15.358Z,5TQo5BPJf2PtKadyHmGARQZSHvza7wmjJ49kzsBipump,200,4000
life,2026-08-03T02:35:19.359Z,5TQo5BPJf2PtKadyHmGARQZSHvza7wmjJ49kzsBipump,200,4000
life,2026-08-03T02:35:23.359Z,5TQo5BPJf2PtKadyHmGARQZSHvza7wmjJ49kzsBipump,200,4000
life,2026-08-03T02:35:27.370Z,5TQo5BPJf2PtKadyHmGARQZSHvza7wmjJ49kzsBipump,200,4000
life,2026-08-03T02:35:31.355Z,5TQo5BPJf2PtKadyHmGARQZSHvza7wmjJ49kzsBipump,200,4000
life,2026-08-03T02:35:35.355Z,5TQo5BPJf2PtKadyHmGARQZSHvza7wmjJ49kzsBipump,200,4000
life,2026-08-03T02:35:39.387Z,5TQo5BPJf2PtKadyHmGARQZSHvza7wmjJ49kzsBipump,200,4000
life,2026-08-03T02:35:43.446Z,5TQo5BPJf2PtKadyHmGARQZSHvza7wmjJ49kzsBipump,200,4000
life,2026-08-03T02:35:47.558Z,5TQo5BPJf2PtKadyHmGARQZSHvza7wmjJ49kzsBipump,200,4000
life,2026-08-03T02:35:51.367Z,5TQo5BPJf2PtKadyHmGARQZSHvza7wmjJ49kzsBipump,200,4000
life,2026-08-03T02:35:55.569Z,5TQo5BPJf2PtKadyHmGARQZSHvza7wmjJ49kzsBipump,200,4000
life,2026-08-03T02:35:59.370Z,5TQo5BPJf2PtKadyHmGARQZSHvza7wmjJ49kzsBipump,200,4000
life,2026-08-03T02:36:03.378Z,5TQo5BPJf2PtKadyHmGARQZSHvza7wmjJ49kzsBipump,200,4000
life,2026-08-03T02:36:07.378Z,5TQo5BPJf2PtKadyHmGARQZSHvza7wmjJ49kzsBipump,200,4000
life,2026-08-03T02:36:11.386Z,5TQo5BPJf2PtKadyHmGARQZSHvza7wmjJ49kzsBipump,200,4000
life,2026-08-03T02:36:15.381Z,5TQo5BPJf2PtKadyHmGARQZSHvza7wmjJ49kzsBipump,200,4000
life,2026-08-03T02:36:19.391Z,5TQo5BPJf2PtKadyHmGARQZSHvza7wmjJ49kzsBipump,200,4000
life,2026-08-03T02:36:23.389Z,5TQo5BPJf2PtKadyHmGARQZSHvza7wmjJ49kzsBipump,200,4000
life,2026-08-03T02:36:27.467Z,5TQo5BPJf2PtKadyHmGARQZSHvza7wmjJ49kzsBipump,200,4000
life,2026-08-03T02:36:31.396Z,5TQo5BPJf2PtKadyHmGARQZSHvza7wmjJ49kzsBipump,200,4000
life,2026-08-03T02:36:35.389Z,5TQo5BPJf2PtKadyHmGARQZSHvza7wmjJ49kzsBipump,200,4000
life,2026-08-03T02:36:39.396Z,5TQo5BPJf2PtKadyHmGARQZSHvza7wmjJ49kzsBipump,200,4000
life,2026-08-03T02:36:43.380Z,5TQo5BPJf2PtKadyHmGARQZSHvza7wmjJ49kzsBipump,200,4000
life,2026-08-03T02:36:47.504Z,9M9FKSWdCVFN8GVTqhZ89hBxwoAKd8xxBezP6P1Ypump,200,4000
life,2026-08-03T02:36:51.521Z,9M9FKSWdCVFN8GVTqhZ89hBxwoAKd8xxBezP6P1Ypump,200,4000
life,2026-08-03T02:36:55.399Z,9M9FKSWdCVFN8GVTqhZ89hBxwoAKd8xxBezP6P1Ypump,200,4000
life,2026-08-03T02:36:59.401Z,9M9FKSWdCVFN8GVTqhZ89hBxwoAKd8xxBezP6P1Ypump,200,4000
life,2026-08-03T02:37:03.413Z,9M9FKSWdCVFN8GVTqhZ89hBxwoAKd8xxBezP6P1Ypump,200,4000
life,2026-08-03T02:37:07.405Z,9M9FKSWdCVFN8GVTqhZ89hBxwoAKd8xxBezP6P1Ypump,200,4000
life,2026-08-03T02:37:11.418Z,9M9FKSWdCVFN8GVTqhZ89hBxwoAKd8xxBezP6P1Ypump,200,4000
life,2026-08-03T02:37:15.414Z,9M9FKSWdCVFN8GVTqhZ89hBxwoAKd8xxBezP6P1Ypump,200,4000
life,2026-08-03T02:37:19.420Z,9M9FKSWdCVFN8GVTqhZ89hBxwoAKd8xxBezP6P1Ypump,200,4000
life,2026-08-03T02:37:23.413Z,9M9FKSWdCVFN8GVTqhZ89hBxwoAKd8xxBezP6P1Ypump,200,4000
life,2026-08-03T02:37:27.415Z,9M9FKSWdCVFN8GVTqhZ89hBxwoAKd8xxBezP6P1Ypump,200,4000
life,2026-08-03T02:37:31.418Z,9M9FKSWdCVFN8GVTqhZ89hBxwoAKd8xxBezP6P1Ypump,200,4000
life,2026-08-03T02:37:35.419Z,9M9FKSWdCVFN8GVTqhZ89hBxwoAKd8xxBezP6P1Ypump,200,4000
life,2026-08-03T02:37:39.429Z,9M9FKSWdCVFN8GVTqhZ89hBxwoAKd8xxBezP6P1Ypump,200,4000
life,2026-08-03T02:37:43.427Z,9M9FKSWdCVFN8GVTqhZ89hBxwoAKd8xxBezP6P1Ypump,200,4000
life,2026-08-03T02:37:47.424Z,9M9FKSWdCVFN8GVTqhZ89hBxwoAKd8xxBezP6P1Ypump,200,4000
life,2026-08-03T02:37:51.444Z,9M9FKSWdCVFN8GVTqhZ89hBxwoAKd8xxBezP6P1Ypump,200,4000
life,2026-08-03T02:37:55.433Z,9M9FKSWdCVFN8GVTqhZ89hBxwoAKd8xxBezP6P1Ypump,200,4000
life,2026-08-03T02:37:59.431Z,9M9FKSWdCVFN8GVTqhZ89hBxwoAKd8xxBezP6P1Ypump,200,4000
life,2026-08-03T02:38:03.435Z,9M9FKSWdCVFN8GVTqhZ89hBxwoAKd8xxBezP6P1Ypump,200,4000
life,2026-08-03T02:38:07.431Z,9M9FKSWdCVFN8GVTqhZ89hBxwoAKd8xxBezP6P1Ypump,200,4000
life,2026-08-03T02:38:11.437Z,9M9FKSWdCVFN8GVTqhZ89hBxwoAKd8xxBezP6P1Ypump,200,4000
life,2026-08-03T02:38:15.437Z,9M9FKSWdCVFN8GVTqhZ89hBxwoAKd8xxBezP6P1Ypump,200,4000
life,2026-08-03T02:38:19.439Z,9M9FKSWdCVFN8GVTqhZ89hBxwoAKd8xxBezP6P1Ypump,200,4000
life,2026-08-03T02:38:23.598Z,9M9FKSWdCVFN8GVTqhZ89hBxwoAKd8xxBezP6P1Ypump,200,4000
life,2026-08-03T02:38:27.452Z,9M9FKSWdCVFN8GVTqhZ89hBxwoAKd8xxBezP6P1Ypump,200,4000
life,2026-08-03T02:38:31.445Z,9M9FKSWdCVFN8GVTqhZ89hBxwoAKd8xxBezP6P1Ypump,200,4000
life,2026-08-03T02:38:35.445Z,9M9FKSWdCVFN8GVTqhZ89hBxwoAKd8xxBezP6P1Ypump,200,4000
life,2026-08-03T02:38:39.453Z,9M9FKSWdCVFN8GVTqhZ89hBxwoAKd8xxBezP6P1Ypump,200,4000
life,2026-08-03T02:38:43.451Z,9M9FKSWdCVFN8GVTqhZ89hBxwoAKd8xxBezP6P1Ypump,200,4000
life,2026-08-03T02:38:47.459Z,9M9FKSWdCVFN8GVTqhZ89hBxwoAKd8xxBezP6P1Ypump,200,4000
life,2026-08-03T02:38:51.459Z,9M9FKSWdCVFN8GVTqhZ89hBxwoAKd8xxBezP6P1Ypump,200,4000
life,2026-08-03T02:38:55.454Z,9M9FKSWdCVFN8GVTqhZ89hBxwoAKd8xxBezP6P1Ypump,200,4000
life,2026-08-03T02:38:59.467Z,9M9FKSWdCVFN8GVTqhZ89hBxwoAKd8xxBezP6P1Ypump,200,4000
life,2026-08-03T02:39:03.467Z,9M9FKSWdCVFN8GVTqhZ89hBxwoAKd8xxBezP6P1Ypump,200,4000
life,2026-08-03T02:39:07.459Z,9M9FKSWdCVFN8GVTqhZ89hBxwoAKd8xxBezP6P1Ypump,200,4000
life,2026-08-03T02:39:11.457Z,9M9FKSWdCVFN8GVTqhZ89hBxwoAKd8xxBezP6P1Ypump,200,4000
life,2026-08-03T02:39:15.455Z,9M9FKSWdCVFN8GVTqhZ89hBxwoAKd8xxBezP6P1Ypump,200,4000
life,2026-08-03T02:39:19.471Z,9M9FKSWdCVFN8GVTqhZ89hBxwoAKd8xxBezP6P1Ypump,200,4000
life,2026-08-03T02:39:23.462Z,9M9FKSWdCVFN8GVTqhZ89hBxwoAKd8xxBezP6P1Ypump,200,4000
life,2026-08-03T02:39:27.462Z,9M9FKSWdCVFN8GVTqhZ89hBxwoAKd8xxBezP6P1Ypump,200,4000
life,2026-08-03T02:39:31.468Z,9M9FKSWdCVFN8GVTqhZ89hBxwoAKd8xxBezP6P1Ypump,200,4000
life,2026-08-03T02:39:35.499Z,9M9FKSWdCVFN8GVTqhZ89hBxwoAKd8xxBezP6P1Ypump,200,4000
life,2026-08-03T02:39:39.470Z,9M9FKSWdCVFN8GVTqhZ89hBxwoAKd8xxBezP6P1Ypump,200,4000
life,2026-08-03T02:39:43.474Z,9M9FKSWdCVFN8GVTqhZ89hBxwoAKd8xxBezP6P1Ypump,200,4000
life,2026-08-03T02:39:47.469Z,9M9FKSWdCVFN8GVTqhZ89hBxwoAKd8xxBezP6P1Ypump,200,4000
life,2026-08-03T02:39:51.468Z,9M9FKSWdCVFN8GVTqhZ89hBxwoAKd8xxBezP6P1Ypump,200,4000
life,2026-08-03T02:39:55.469Z,9M9FKSWdCVFN8GVTqhZ89hBxwoAKd8xxBezP6P1Ypump,200,4000
life,2026-08-03T02:39:59.498Z,CEHMrrvU6CEJofgXUq9gwRACRwSCG2SwVzRoi5BPpump,200,4000
life,2026-08-03T02:40:03.476Z,CEHMrrvU6CEJofgXUq9gwRACRwSCG2SwVzRoi5BPpump,200,4000
life,2026-08-03T02:40:07.475Z,CEHMrrvU6CEJofgXUq9gwRACRwSCG2SwVzRoi5BPpump,200,4000
life,2026-08-03T02:40:11.490Z,CEHMrrvU6CEJofgXUq9gwRACRwSCG2SwVzRoi5BPpump,200,4000
life,2026-08-03T02:40:15.494Z,CEHMrrvU6CEJofgXUq9gwRACRwSCG2SwVzRoi5BPpump,200,4000
life,2026-08-03T02:40:19.611Z,CEHMrrvU6CEJofgXUq9gwRACRwSCG2SwVzRoi5BPpump,200,4000
life,2026-08-03T02:40:23.484Z,CEHMrrvU6CEJofgXUq9gwRACRwSCG2SwVzRoi5BPpump,200,4000
life,2026-08-03T02:40:27.491Z,CEHMrrvU6CEJofgXUq9gwRACRwSCG2SwVzRoi5BPpump,200,4000
life,2026-08-03T02:40:31.490Z,CEHMrrvU6CEJofgXUq9gwRACRwSCG2SwVzRoi5BPpump,200,4000
life,2026-08-03T02:40:35.503Z,CEHMrrvU6CEJofgXUq9gwRACRwSCG2SwVzRoi5BPpump,200,4000
life,2026-08-03T02:40:39.573Z,CEHMrrvU6CEJofgXUq9gwRACRwSCG2SwVzRoi5BPpump,200,4000
life,2026-08-03T02:40:43.574Z,CEHMrrvU6CEJofgXUq9gwRACRwSCG2SwVzRoi5BPpump,200,4000
life,2026-08-03T02:40:47.541Z,CEHMrrvU6CEJofgXUq9gwRACRwSCG2SwVzRoi5BPpump,200,4000
life,2026-08-03T02:40:51.502Z,CEHMrrvU6CEJofgXUq9gwRACRwSCG2SwVzRoi5BPpump,200,4000
life,2026-08-03T02:40:55.514Z,CEHMrrvU6CEJofgXUq9gwRACRwSCG2SwVzRoi5BPpump,200,4000
life,2026-08-03T02:40:59.499Z,CEHMrrvU6CEJofgXUq9gwRACRwSCG2SwVzRoi5BPpump,200,4000
life,2026-08-03T02:41:03.725Z,CEHMrrvU6CEJofgXUq9gwRACRwSCG2SwVzRoi5BPpump,200,4000
life,2026-08-03T02:41:07.522Z,CEHMrrvU6CEJofgXUq9gwRACRwSCG2SwVzRoi5BPpump,200,4000
life,2026-08-03T02:41:11.603Z,CEHMrrvU6CEJofgXUq9gwRACRwSCG2SwVzRoi5BPpump,200,4000
life,2026-08-03T02:41:15.507Z,CEHMrrvU6CEJofgXUq9gwRACRwSCG2SwVzRoi5BPpump,200,4000
life,2026-08-03T02:41:19.519Z,CEHMrrvU6CEJofgXUq9gwRACRwSCG2SwVzRoi5BPpump,200,4000
life,2026-08-03T02:41:23.511Z,CEHMrrvU6CEJofgXUq9gwRACRwSCG2SwVzRoi5BPpump,200,4000
life,2026-08-03T02:41:27.527Z,CEHMrrvU6CEJofgXUq9gwRACRwSCG2SwVzRoi5BPpump,200,4000
life,2026-08-03T02:41:31.553Z,CEHMrrvU6CEJofgXUq9gwRACRwSCG2SwVzRoi5BPpump,200,4000
life,2026-08-03T02:41:35.532Z,CEHMrrvU6CEJofgXUq9gwRACRwSCG2SwVzRoi5BPpump,200,4000
life,2026-08-03T02:41:39.778Z,CEHMrrvU6CEJofgXUq9gwRACRwSCG2SwVzRoi5BPpump,200,4000
life,2026-08-03T02:41:43.567Z,CEHMrrvU6CEJofgXUq9gwRACRwSCG2SwVzRoi5BPpump,200,4000
life,2026-08-03T02:41:47.568Z,CEHMrrvU6CEJofgXUq9gwRACRwSCG2SwVzRoi5BPpump,200,4000
life,2026-08-03T02:41:51.684Z,CEHMrrvU6CEJofgXUq9gwRACRwSCG2SwVzRoi5BPpump,200,4000
life,2026-08-03T02:41:55.592Z,CEHMrrvU6CEJofgXUq9gwRACRwSCG2SwVzRoi5BPpump,200,4000
life,2026-08-03T02:41:59.586Z,CEHMrrvU6CEJofgXUq9gwRACRwSCG2SwVzRoi5BPpump,200,4000
life,2026-08-03T02:42:03.584Z,CEHMrrvU6CEJofgXUq9gwRACRwSCG2SwVzRoi5BPpump,200,4000
life,2026-08-03T02:42:07.544Z,CEHMrrvU6CEJofgXUq9gwRACRwSCG2SwVzRoi5BPpump,200,4000
life,2026-08-03T02:42:11.567Z,CEHMrrvU6CEJofgXUq9gwRACRwSCG2SwVzRoi5BPpump,200,4000
life,2026-08-03T02:42:15.660Z,CEHMrrvU6CEJofgXUq9gwRACRwSCG2SwVzRoi5BPpump,200,4000
life,2026-08-03T02:42:19.572Z,CEHMrrvU6CEJofgXUq9gwRACRwSCG2SwVzRoi5BPpump,200,4000
life,2026-08-03T02:42:23.590Z,CEHMrrvU6CEJofgXUq9gwRACRwSCG2SwVzRoi5BPpump,200,4000
life,2026-08-03T02:42:27.600Z,CEHMrrvU6CEJofgXUq9gwRACRwSCG2SwVzRoi5BPpump,200,4000
life,2026-08-03T02:42:31.592Z,CEHMrrvU6CEJofgXUq9gwRACRwSCG2SwVzRoi5BPpump,200,4000
life,2026-08-03T02:42:35.554Z,CEHMrrvU6CEJofgXUq9gwRACRwSCG2SwVzRoi5BPpump,200,4000
life,2026-08-03T02:42:39.543Z,CEHMrrvU6CEJofgXUq9gwRACRwSCG2SwVzRoi5BPpump,200,4000
life,2026-08-03T02:42:43.549Z,CEHMrrvU6CEJofgXUq9gwRACRwSCG2SwVzRoi5BPpump,200,4000
life,2026-08-03T02:42:47.549Z,CEHMrrvU6CEJofgXUq9gwRACRwSCG2SwVzRoi5BPpump,200,4000
life,2026-08-03T02:42:51.555Z,CEHMrrvU6CEJofgXUq9gwRACRwSCG2SwVzRoi5BPpump,200,4000
life,2026-08-03T02:42:55.548Z,CEHMrrvU6CEJofgXUq9gwRACRwSCG2SwVzRoi5BPpump,200,4000
life,2026-08-03T02:42:59.550Z,CEHMrrvU6CEJofgXUq9gwRACRwSCG2SwVzRoi5BPpump,200,4000
life,2026-08-03T02:43:03.549Z,CEHMrrvU6CEJofgXUq9gwRACRwSCG2SwVzRoi5BPpump,200,4000
life,2026-08-03T02:43:07.565Z,CEHMrrvU6CEJofgXUq9gwRACRwSCG2SwVzRoi5BPpump,200,4000
life,2026-08-03T02:43:11.552Z,CEHMrrvU6CEJofgXUq9gwRACRwSCG2SwVzRoi5BPpump,200,4000
life,2026-08-03T02:43:15.561Z,CEHMrrvU6CEJofgXUq9gwRACRwSCG2SwVzRoi5BPpump,200,4000
life,2026-08-03T02:43:19.554Z,CEHMrrvU6CEJofgXUq9gwRACRwSCG2SwVzRoi5BPpump,200,4000
life,2026-08-03T02:43:23.592Z,CEHMrrvU6CEJofgXUq9gwRACRwSCG2SwVzRoi5BPpump,200,4000
life,2026-08-03T02:43:27.593Z,CEHMrrvU6CEJofgXUq9gwRACRwSCG2SwVzRoi5BPpump,200,4000
life,2026-08-03T02:43:31.564Z,CEHMrrvU6CEJofgXUq9gwRACRwSCG2SwVzRoi5BPpump,200,4000
life,2026-08-03T02:43:35.590Z,CEHMrrvU6CEJofgXUq9gwRACRwSCG2SwVzRoi5BPpump,200,4000
life,2026-08-03T02:43:39.571Z,CEHMrrvU6CEJofgXUq9gwRACRwSCG2SwVzRoi5BPpump,200,4000
life,2026-08-03T02:43:43.564Z,CEHMrrvU6CEJofgXUq9gwRACRwSCG2SwVzRoi5BPpump,200,4000
life,2026-08-03T02:43:47.683Z,CEHMrrvU6CEJofgXUq9gwRACRwSCG2SwVzRoi5BPpump,200,4000
life,2026-08-03T02:43:51.574Z,CEHMrrvU6CEJofgXUq9gwRACRwSCG2SwVzRoi5BPpump,200,4000
life,2026-08-03T02:43:55.575Z,CEHMrrvU6CEJofgXUq9gwRACRwSCG2SwVzRoi5BPpump,200,4000
life,2026-08-03T02:43:59.566Z,CEHMrrvU6CEJofgXUq9gwRACRwSCG2SwVzRoi5BPpump,200,4000
life,2026-08-03T02:44:03.568Z,CEHMrrvU6CEJofgXUq9gwRACRwSCG2SwVzRoi5BPpump,200,4000
life,2026-08-03T02:44:07.572Z,4u1LwQQWgR6vyhjrp3sJvv4d6wXCNrVdS78HxWAypump,200,4000
life,2026-08-03T02:44:11.574Z,4u1LwQQWgR6vyhjrp3sJvv4d6wXCNrVdS78HxWAypump,200,4000
life,2026-08-03T02:44:15.592Z,4u1LwQQWgR6vyhjrp3sJvv4d6wXCNrVdS78HxWAypump,200,4000
life,2026-08-03T02:44:19.582Z,4u1LwQQWgR6vyhjrp3sJvv4d6wXCNrVdS78HxWAypump,200,4000
life,2026-08-03T02:44:23.747Z,4u1LwQQWgR6vyhjrp3sJvv4d6wXCNrVdS78HxWAypump,200,4000
life,2026-08-03T02:44:27.606Z,4u1LwQQWgR6vyhjrp3sJvv4d6wXCNrVdS78HxWAypump,200,4000
life,2026-08-03T02:44:31.582Z,4u1LwQQWgR6vyhjrp3sJvv4d6wXCNrVdS78HxWAypump,200,4000
life,2026-08-03T02:44:35.589Z,4u1LwQQWgR6vyhjrp3sJvv4d6wXCNrVdS78HxWAypump,200,4000
life,2026-08-03T02:44:39.584Z,4u1LwQQWgR6vyhjrp3sJvv4d6wXCNrVdS78HxWAypump,200,4000
life,2026-08-03T02:44:43.602Z,4u1LwQQWgR6vyhjrp3sJvv4d6wXCNrVdS78HxWAypump,200,4000
life,2026-08-03T02:44:47.668Z,4u1LwQQWgR6vyhjrp3sJvv4d6wXCNrVdS78HxWAypump,200,4000
life,2026-08-03T02:44:51.621Z,4u1LwQQWgR6vyhjrp3sJvv4d6wXCNrVdS78HxWAypump,200,4000
life,2026-08-03T02:44:55.588Z,4u1LwQQWgR6vyhjrp3sJvv4d6wXCNrVdS78HxWAypump,200,4000
life,2026-08-03T02:44:59.598Z,4u1LwQQWgR6vyhjrp3sJvv4d6wXCNrVdS78HxWAypump,200,4000
life,2026-08-03T02:45:03.611Z,4u1LwQQWgR6vyhjrp3sJvv4d6wXCNrVdS78HxWAypump,200,4000
life,2026-08-03T02:45:07.609Z,4u1LwQQWgR6vyhjrp3sJvv4d6wXCNrVdS78HxWAypump,200,4000
life,2026-08-03T02:45:11.601Z,4u1LwQQWgR6vyhjrp3sJvv4d6wXCNrVdS78HxWAypump,200,4000
life,2026-08-03T02:45:15.636Z,4u1LwQQWgR6vyhjrp3sJvv4d6wXCNrVdS78HxWAypump,200,4000
life,2026-08-03T02:45:19.685Z,4u1LwQQWgR6vyhjrp3sJvv4d6wXCNrVdS78HxWAypump,200,4000
life,2026-08-03T02:45:23.617Z,4u1LwQQWgR6vyhjrp3sJvv4d6wXCNrVdS78HxWAypump,200,4000
life,2026-08-03T02:45:27.618Z,4u1LwQQWgR6vyhjrp3sJvv4d6wXCNrVdS78HxWAypump,200,4000
life,2026-08-03T02:45:31.618Z,4u1LwQQWgR6vyhjrp3sJvv4d6wXCNrVdS78HxWAypump,200,4000
life,2026-08-03T02:45:35.614Z,4u1LwQQWgR6vyhjrp3sJvv4d6wXCNrVdS78HxWAypump,200,4000
life,2026-08-03T02:45:39.613Z,4u1LwQQWgR6vyhjrp3sJvv4d6wXCNrVdS78HxWAypump,200,4000
life,2026-08-03T02:45:43.609Z,4u1LwQQWgR6vyhjrp3sJvv4d6wXCNrVdS78HxWAypump,200,4000
life,2026-08-03T02:45:47.623Z,4u1LwQQWgR6vyhjrp3sJvv4d6wXCNrVdS78HxWAypump,200,4000
life,2026-08-03T02:45:51.618Z,4u1LwQQWgR6vyhjrp3sJvv4d6wXCNrVdS78HxWAypump,200,4000
life,2026-08-03T02:45:55.629Z,4u1LwQQWgR6vyhjrp3sJvv4d6wXCNrVdS78HxWAypump,200,4000
life,2026-08-03T02:45:59.615Z,4u1LwQQWgR6vyhjrp3sJvv4d6wXCNrVdS78HxWAypump,200,4000
life,2026-08-03T02:46:03.837Z,4u1LwQQWgR6vyhjrp3sJvv4d6wXCNrVdS78HxWAypump,200,4000
life,2026-08-03T02:46:07.632Z,4u1LwQQWgR6vyhjrp3sJvv4d6wXCNrVdS78HxWAypump,200,4000
life,2026-08-03T02:46:11.622Z,4u1LwQQWgR6vyhjrp3sJvv4d6wXCNrVdS78HxWAypump,200,4000
life,2026-08-03T02:46:15.620Z,4u1LwQQWgR6vyhjrp3sJvv4d6wXCNrVdS78HxWAypump,200,4000
life,2026-08-03T02:46:19.899Z,4u1LwQQWgR6vyhjrp3sJvv4d6wXCNrVdS78HxWAypump,200,4000
life,2026-08-03T02:46:23.629Z,4u1LwQQWgR6vyhjrp3sJvv4d6wXCNrVdS78HxWAypump,200,4000
life,2026-08-03T02:46:27.632Z,4u1LwQQWgR6vyhjrp3sJvv4d6wXCNrVdS78HxWAypump,200,4000
life,2026-08-03T02:46:31.656Z,4fqNB5X22yq9uMkWX42UuVJaNaN18YSV4aUySRCvpump,200,4000
life,2026-08-03T02:46:35.667Z,4fqNB5X22yq9uMkWX42UuVJaNaN18YSV4aUySRCvpump,200,4000
life,2026-08-03T02:46:39.659Z,4fqNB5X22yq9uMkWX42UuVJaNaN18YSV4aUySRCvpump,200,4000
life,2026-08-03T02:46:43.634Z,4fqNB5X22yq9uMkWX42UuVJaNaN18YSV4aUySRCvpump,200,4000
life,2026-08-03T02:46:47.653Z,4fqNB5X22yq9uMkWX42UuVJaNaN18YSV4aUySRCvpump,200,4000
life,2026-08-03T02:46:51.639Z,4fqNB5X22yq9uMkWX42UuVJaNaN18YSV4aUySRCvpump,200,4000
life,2026-08-03T02:46:55.708Z,4fqNB5X22yq9uMkWX42UuVJaNaN18YSV4aUySRCvpump,200,4000
life,2026-08-03T02:46:59.648Z,4fqNB5X22yq9uMkWX42UuVJaNaN18YSV4aUySRCvpump,200,4000
life,2026-08-03T02:47:03.648Z,4fqNB5X22yq9uMkWX42UuVJaNaN18YSV4aUySRCvpump,200,4000
life,2026-08-03T02:47:07.647Z,4fqNB5X22yq9uMkWX42UuVJaNaN18YSV4aUySRCvpump,200,4000
life,2026-08-03T02:47:11.666Z,4fqNB5X22yq9uMkWX42UuVJaNaN18YSV4aUySRCvpump,200,4000
life,2026-08-03T02:47:15.662Z,4fqNB5X22yq9uMkWX42UuVJaNaN18YSV4aUySRCvpump,200,4000
life,2026-08-03T02:47:19.663Z,4fqNB5X22yq9uMkWX42UuVJaNaN18YSV4aUySRCvpump,200,4000
life,2026-08-03T02:47:23.664Z,4fqNB5X22yq9uMkWX42UuVJaNaN18YSV4aUySRCvpump,200,4000
life,2026-08-03T02:47:27.668Z,4fqNB5X22yq9uMkWX42UuVJaNaN18YSV4aUySRCvpump,200,4000
life,2026-08-03T02:47:31.671Z,4fqNB5X22yq9uMkWX42UuVJaNaN18YSV4aUySRCvpump,200,4000
life,2026-08-03T02:47:35.662Z,4fqNB5X22yq9uMkWX42UuVJaNaN18YSV4aUySRCvpump,200,4000
life,2026-08-03T02:47:39.664Z,4fqNB5X22yq9uMkWX42UuVJaNaN18YSV4aUySRCvpump,200,4000
life,2026-08-03T02:47:43.666Z,4fqNB5X22yq9uMkWX42UuVJaNaN18YSV4aUySRCvpump,200,4000
life,2026-08-03T02:47:47.673Z,4fqNB5X22yq9uMkWX42UuVJaNaN18YSV4aUySRCvpump,200,4000
life,2026-08-03T02:47:52.149Z,4fqNB5X22yq9uMkWX42UuVJaNaN18YSV4aUySRCvpump,200,4000
life,2026-08-03T02:47:55.680Z,4fqNB5X22yq9uMkWX42UuVJaNaN18YSV4aUySRCvpump,200,4000
life,2026-08-03T02:47:59.687Z,4fqNB5X22yq9uMkWX42UuVJaNaN18YSV4aUySRCvpump,200,4000
life,2026-08-03T02:48:03.758Z,4fqNB5X22yq9uMkWX42UuVJaNaN18YSV4aUySRCvpump,200,4000
life,2026-08-03T02:48:07.677Z,4fqNB5X22yq9uMkWX42UuVJaNaN18YSV4aUySRCvpump,200,4000
life,2026-08-03T02:48:11.674Z,4fqNB5X22yq9uMkWX42UuVJaNaN18YSV4aUySRCvpump,200,4000
life,2026-08-03T02:48:15.668Z,4fqNB5X22yq9uMkWX42UuVJaNaN18YSV4aUySRCvpump,200,4000
life,2026-08-03T02:48:19.689Z,6P33UYzYbjLYNMqn5EMUdi8v6QieQpz4pBr6pm7Vpump,200,4000
life,2026-08-03T02:48:23.688Z,6P33UYzYbjLYNMqn5EMUdi8v6QieQpz4pBr6pm7Vpump,200,4000
life,2026-08-03T02:48:27.687Z,6P33UYzYbjLYNMqn5EMUdi8v6QieQpz4pBr6pm7Vpump,200,4000
life,2026-08-03T02:48:31.709Z,6P33UYzYbjLYNMqn5EMUdi8v6QieQpz4pBr6pm7Vpump,200,4000
life,2026-08-03T02:48:35.688Z,6P33UYzYbjLYNMqn5EMUdi8v6QieQpz4pBr6pm7Vpump,200,4000
life,2026-08-03T02:48:39.683Z,6P33UYzYbjLYNMqn5EMUdi8v6QieQpz4pBr6pm7Vpump,200,4000
life,2026-08-03T02:48:43.751Z,6P33UYzYbjLYNMqn5EMUdi8v6QieQpz4pBr6pm7Vpump,200,4000
life,2026-08-03T02:48:47.704Z,6P33UYzYbjLYNMqn5EMUdi8v6QieQpz4pBr6pm7Vpump,200,4000
life,2026-08-03T02:48:51.694Z,6P33UYzYbjLYNMqn5EMUdi8v6QieQpz4pBr6pm7Vpump,200,4000
life,2026-08-03T02:48:55.693Z,6P33UYzYbjLYNMqn5EMUdi8v6QieQpz4pBr6pm7Vpump,200,4000
life,2026-08-03T02:48:59.687Z,6P33UYzYbjLYNMqn5EMUdi8v6QieQpz4pBr6pm7Vpump,200,4000
life,2026-08-03T02:49:03.690Z,6P33UYzYbjLYNMqn5EMUdi8v6QieQpz4pBr6pm7Vpump,200,4000
life,2026-08-03T02:49:07.699Z,6P33UYzYbjLYNMqn5EMUdi8v6QieQpz4pBr6pm7Vpump,200,4000
life,2026-08-03T02:49:11.693Z,6P33UYzYbjLYNMqn5EMUdi8v6QieQpz4pBr6pm7Vpump,200,4000
life,2026-08-03T02:49:15.912Z,6P33UYzYbjLYNMqn5EMUdi8v6QieQpz4pBr6pm7Vpump,200,4000
life,2026-08-03T02:49:19.703Z,6P33UYzYbjLYNMqn5EMUdi8v6QieQpz4pBr6pm7Vpump,200,4000
life,2026-08-03T02:49:23.707Z,6P33UYzYbjLYNMqn5EMUdi8v6QieQpz4pBr6pm7Vpump,200,4000
life,2026-08-03T02:49:27.708Z,6P33UYzYbjLYNMqn5EMUdi8v6QieQpz4pBr6pm7Vpump,200,4000
life,2026-08-03T02:49:31.711Z,6P33UYzYbjLYNMqn5EMUdi8v6QieQpz4pBr6pm7Vpump,200,4000
life,2026-08-03T02:49:35.699Z,6P33UYzYbjLYNMqn5EMUdi8v6QieQpz4pBr6pm7Vpump,200,4000
life,2026-08-03T02:49:39.714Z,6P33UYzYbjLYNMqn5EMUdi8v6QieQpz4pBr6pm7Vpump,200,4000
life,2026-08-03T02:49:43.711Z,6P33UYzYbjLYNMqn5EMUdi8v6QieQpz4pBr6pm7Vpump,200,4000
life,2026-08-03T02:49:47.706Z,6P33UYzYbjLYNMqn5EMUdi8v6QieQpz4pBr6pm7Vpump,200,4000
life,2026-08-03T02:49:51.719Z,6P33UYzYbjLYNMqn5EMUdi8v6QieQpz4pBr6pm7Vpump,200,4000
life,2026-08-03T02:49:55.706Z,6P33UYzYbjLYNMqn5EMUdi8v6QieQpz4pBr6pm7Vpump,200,4000
life,2026-08-03T02:49:59.706Z,9yMgJHG75fhHhEKAGeMSWAMrTWnCnfwTGzELZ34spump,200,4000
life,2026-08-03T02:50:03.713Z,9yMgJHG75fhHhEKAGeMSWAMrTWnCnfwTGzELZ34spump,200,4000
life,2026-08-03T02:50:07.716Z,9yMgJHG75fhHhEKAGeMSWAMrTWnCnfwTGzELZ34spump,200,4000
life,2026-08-03T02:50:11.820Z,9yMgJHG75fhHhEKAGeMSWAMrTWnCnfwTGzELZ34spump,200,4000
life,2026-08-03T02:50:15.714Z,9yMgJHG75fhHhEKAGeMSWAMrTWnCnfwTGzELZ34spump,200,4000
life,2026-08-03T02:50:19.714Z,9yMgJHG75fhHhEKAGeMSWAMrTWnCnfwTGzELZ34spump,200,4000
life,2026-08-03T02:50:23.723Z,9yMgJHG75fhHhEKAGeMSWAMrTWnCnfwTGzELZ34spump,200,4000
life,2026-08-03T02:50:27.722Z,9yMgJHG75fhHhEKAGeMSWAMrTWnCnfwTGzELZ34spump,200,4000
life,2026-08-03T02:50:31.728Z,9yMgJHG75fhHhEKAGeMSWAMrTWnCnfwTGzELZ34spump,200,4000
life,2026-08-03T02:50:35.719Z,9yMgJHG75fhHhEKAGeMSWAMrTWnCnfwTGzELZ34spump,200,4000
life,2026-08-03T02:50:39.729Z,9yMgJHG75fhHhEKAGeMSWAMrTWnCnfwTGzELZ34spump,200,4000
life,2026-08-03T02:50:43.725Z,9yMgJHG75fhHhEKAGeMSWAMrTWnCnfwTGzELZ34spump,200,4000
life,2026-08-03T02:50:47.730Z,9yMgJHG75fhHhEKAGeMSWAMrTWnCnfwTGzELZ34spump,200,4000
life,2026-08-03T02:50:51.738Z,9yMgJHG75fhHhEKAGeMSWAMrTWnCnfwTGzELZ34spump,200,4000
life,2026-08-03T02:50:55.745Z,9yMgJHG75fhHhEKAGeMSWAMrTWnCnfwTGzELZ34spump,200,4000
life,2026-08-03T02:50:59.761Z,9yMgJHG75fhHhEKAGeMSWAMrTWnCnfwTGzELZ34spump,200,4000
life,2026-08-03T02:51:03.744Z,9yMgJHG75fhHhEKAGeMSWAMrTWnCnfwTGzELZ34spump,200,4000
life,2026-08-03T02:51:07.753Z,9yMgJHG75fhHhEKAGeMSWAMrTWnCnfwTGzELZ34spump,200,4000
life,2026-08-03T02:51:11.744Z,9yMgJHG75fhHhEKAGeMSWAMrTWnCnfwTGzELZ34spump,200,4000
life,2026-08-03T02:51:15.743Z,9yMgJHG75fhHhEKAGeMSWAMrTWnCnfwTGzELZ34spump,200,4000
life,2026-08-03T02:51:19.746Z,9yMgJHG75fhHhEKAGeMSWAMrTWnCnfwTGzELZ34spump,200,4000
life,2026-08-03T02:51:23.805Z,9yMgJHG75fhHhEKAGeMSWAMrTWnCnfwTGzELZ34spump,200,4000
life,2026-08-03T02:51:27.753Z,9yMgJHG75fhHhEKAGeMSWAMrTWnCnfwTGzELZ34spump,200,4000
life,2026-08-03T02:51:31.751Z,9yMgJHG75fhHhEKAGeMSWAMrTWnCnfwTGzELZ34spump,200,4000
life,2026-08-03T02:51:35.760Z,9yMgJHG75fhHhEKAGeMSWAMrTWnCnfwTGzELZ34spump,200,4000
life,2026-08-03T02:51:39.769Z,9yMgJHG75fhHhEKAGeMSWAMrTWnCnfwTGzELZ34spump,200,4000
life,2026-08-03T02:51:43.775Z,9yMgJHG75fhHhEKAGeMSWAMrTWnCnfwTGzELZ34spump,200,4000
life,2026-08-03T02:51:47.764Z,9yMgJHG75fhHhEKAGeMSWAMrTWnCnfwTGzELZ34spump,200,4000
life,2026-08-03T02:51:51.766Z,9yMgJHG75fhHhEKAGeMSWAMrTWnCnfwTGzELZ34spump,200,4000
life,2026-08-03T02:51:55.767Z,9yMgJHG75fhHhEKAGeMSWAMrTWnCnfwTGzELZ34spump,200,4000
life,2026-08-03T02:51:59.787Z,9yMgJHG75fhHhEKAGeMSWAMrTWnCnfwTGzELZ34spump,200,4000
life,2026-08-03T02:52:03.780Z,9yMgJHG75fhHhEKAGeMSWAMrTWnCnfwTGzELZ34spump,200,4000
life,2026-08-03T02:52:07.774Z,9yMgJHG75fhHhEKAGeMSWAMrTWnCnfwTGzELZ34spump,200,4000
life,2026-08-03T02:52:11.774Z,9yMgJHG75fhHhEKAGeMSWAMrTWnCnfwTGzELZ34spump,200,4000
life,2026-08-03T02:52:15.788Z,9yMgJHG75fhHhEKAGeMSWAMrTWnCnfwTGzELZ34spump,200,4000
life,2026-08-03T02:52:19.773Z,9yMgJHG75fhHhEKAGeMSWAMrTWnCnfwTGzELZ34spump,200,4000
life,2026-08-03T02:52:23.784Z,9yMgJHG75fhHhEKAGeMSWAMrTWnCnfwTGzELZ34spump,200,4000
life,2026-08-03T02:52:27.781Z,9yMgJHG75fhHhEKAGeMSWAMrTWnCnfwTGzELZ34spump,200,4000
life,2026-08-03T02:52:31.780Z,9yMgJHG75fhHhEKAGeMSWAMrTWnCnfwTGzELZ34spump,200,4000
life,2026-08-03T02:52:35.781Z,9yMgJHG75fhHhEKAGeMSWAMrTWnCnfwTGzELZ34spump,200,4000
life,2026-08-03T02:52:39.783Z,9yMgJHG75fhHhEKAGeMSWAMrTWnCnfwTGzELZ34spump,200,4000
life,2026-08-03T02:52:43.794Z,9yMgJHG75fhHhEKAGeMSWAMrTWnCnfwTGzELZ34spump,200,4000
life,2026-08-03T02:52:47.796Z,9yMgJHG75fhHhEKAGeMSWAMrTWnCnfwTGzELZ34spump,200,4000
life,2026-08-03T02:52:51.778Z,9yMgJHG75fhHhEKAGeMSWAMrTWnCnfwTGzELZ34spump,200,4000
life,2026-08-03T02:52:55.818Z,9yMgJHG75fhHhEKAGeMSWAMrTWnCnfwTGzELZ34spump,200,4000
life,2026-08-03T02:52:59.787Z,9yMgJHG75fhHhEKAGeMSWAMrTWnCnfwTGzELZ34spump,200,4000
life,2026-08-03T02:53:03.803Z,9yMgJHG75fhHhEKAGeMSWAMrTWnCnfwTGzELZ34spump,200,4000
life,2026-08-03T02:53:07.805Z,9yMgJHG75fhHhEKAGeMSWAMrTWnCnfwTGzELZ34spump,200,4000
life,2026-08-03T02:53:11.801Z,9yMgJHG75fhHhEKAGeMSWAMrTWnCnfwTGzELZ34spump,200,4000
life,2026-08-03T02:53:15.803Z,9yMgJHG75fhHhEKAGeMSWAMrTWnCnfwTGzELZ34spump,200,4000
life,2026-08-03T02:53:19.800Z,9yMgJHG75fhHhEKAGeMSWAMrTWnCnfwTGzELZ34spump,200,4000
life,2026-08-03T02:53:23.793Z,9yMgJHG75fhHhEKAGeMSWAMrTWnCnfwTGzELZ34spump,200,4000
life,2026-08-03T02:53:27.800Z,FcmXm8f5sk31fuLeRNjaSudFakvak4yNScnkosWgpump,200,4000
life,2026-08-03T02:53:31.854Z,FcmXm8f5sk31fuLeRNjaSudFakvak4yNScnkosWgpump,200,4000
life,2026-08-03T02:53:35.819Z,FcmXm8f5sk31fuLeRNjaSudFakvak4yNScnkosWgpump,200,4000
life,2026-08-03T02:53:39.821Z,FcmXm8f5sk31fuLeRNjaSudFakvak4yNScnkosWgpump,200,4000
life,2026-08-03T02:53:43.816Z,FcmXm8f5sk31fuLeRNjaSudFakvak4yNScnkosWgpump,200,4000
life,2026-08-03T02:53:48.048Z,FcmXm8f5sk31fuLeRNjaSudFakvak4yNScnkosWgpump,200,4000
life,2026-08-03T02:53:51.812Z,FcmXm8f5sk31fuLeRNjaSudFakvak4yNScnkosWgpump,200,4000
life,2026-08-03T02:53:55.848Z,FcmXm8f5sk31fuLeRNjaSudFakvak4yNScnkosWgpump,200,4000
life,2026-08-03T02:53:59.818Z,FcmXm8f5sk31fuLeRNjaSudFakvak4yNScnkosWgpump,200,4000
life,2026-08-03T02:54:03.818Z,FcmXm8f5sk31fuLeRNjaSudFakvak4yNScnkosWgpump,200,4000
life,2026-08-03T02:54:07.841Z,FcmXm8f5sk31fuLeRNjaSudFakvak4yNScnkosWgpump,200,4000
life,2026-08-03T02:54:11.824Z,FcmXm8f5sk31fuLeRNjaSudFakvak4yNScnkosWgpump,200,4000
life,2026-08-03T02:54:15.878Z,FcmXm8f5sk31fuLeRNjaSudFakvak4yNScnkosWgpump,200,4000
life,2026-08-03T02:54:19.855Z,FcmXm8f5sk31fuLeRNjaSudFakvak4yNScnkosWgpump,200,4000
life,2026-08-03T02:54:23.859Z,FcmXm8f5sk31fuLeRNjaSudFakvak4yNScnkosWgpump,200,4000
life,2026-08-03T02:54:27.843Z,FcmXm8f5sk31fuLeRNjaSudFakvak4yNScnkosWgpump,200,4000
life,2026-08-03T02:54:31.840Z,FcmXm8f5sk31fuLeRNjaSudFakvak4yNScnkosWgpump,200,4000
life,2026-08-03T02:54:35.863Z,FcmXm8f5sk31fuLeRNjaSudFakvak4yNScnkosWgpump,200,4000
life,2026-08-03T02:54:39.851Z,FcmXm8f5sk31fuLeRNjaSudFakvak4yNScnkosWgpump,200,4000
life,2026-08-03T02:54:43.835Z,FcmXm8f5sk31fuLeRNjaSudFakvak4yNScnkosWgpump,200,4000
life,2026-08-03T02:54:47.869Z,FcmXm8f5sk31fuLeRNjaSudFakvak4yNScnkosWgpump,200,4000
life,2026-08-03T02:54:51.845Z,FcmXm8f5sk31fuLeRNjaSudFakvak4yNScnkosWgpump,200,4000
life,2026-08-03T02:54:55.877Z,FcmXm8f5sk31fuLeRNjaSudFakvak4yNScnkosWgpump,200,4000
life,2026-08-03T02:54:59.851Z,FcmXm8f5sk31fuLeRNjaSudFakvak4yNScnkosWgpump,200,4000
life,2026-08-03T02:55:03.875Z,FcmXm8f5sk31fuLeRNjaSudFakvak4yNScnkosWgpump,200,4000
life,2026-08-03T02:55:07.885Z,FcmXm8f5sk31fuLeRNjaSudFakvak4yNScnkosWgpump,200,4000
life,2026-08-03T02:55:11.864Z,FcmXm8f5sk31fuLeRNjaSudFakvak4yNScnkosWgpump,200,4000
life,2026-08-03T02:55:15.859Z,FcmXm8f5sk31fuLeRNjaSudFakvak4yNScnkosWgpump,200,4000
life,2026-08-03T02:55:19.872Z,FcmXm8f5sk31fuLeRNjaSudFakvak4yNScnkosWgpump,200,4000
life,2026-08-03T02:55:23.874Z,FcmXm8f5sk31fuLeRNjaSudFakvak4yNScnkosWgpump,200,4000
life,2026-08-03T02:55:27.857Z,FcmXm8f5sk31fuLeRNjaSudFakvak4yNScnkosWgpump,200,4000
life,2026-08-03T02:55:31.859Z,FcmXm8f5sk31fuLeRNjaSudFakvak4yNScnkosWgpump,200,4000
life,2026-08-03T02:55:35.860Z,FcmXm8f5sk31fuLeRNjaSudFakvak4yNScnkosWgpump,200,4000
life,2026-08-03T02:55:39.872Z,FcmXm8f5sk31fuLeRNjaSudFakvak4yNScnkosWgpump,200,4000
life,2026-08-03T02:55:43.906Z,FcmXm8f5sk31fuLeRNjaSudFakvak4yNScnkosWgpump,200,4000
life,2026-08-03T02:55:47.881Z,FcmXm8f5sk31fuLeRNjaSudFakvak4yNScnkosWgpump,200,4000
life,2026-08-03T02:55:51.873Z,FcmXm8f5sk31fuLeRNjaSudFakvak4yNScnkosWgpump,200,4000
life,2026-08-03T02:55:55.874Z,87ECoUcsioYVxcV71JAwWMhiAEof3gKBV6XLb4szpump,200,4000
life,2026-08-03T02:55:59.876Z,87ECoUcsioYVxcV71JAwWMhiAEof3gKBV6XLb4szpump,200,4000
life,2026-08-03T02:56:03.883Z,87ECoUcsioYVxcV71JAwWMhiAEof3gKBV6XLb4szpump,200,4000
life,2026-08-03T02:56:07.880Z,87ECoUcsioYVxcV71JAwWMhiAEof3gKBV6XLb4szpump,200,4000
life,2026-08-03T02:56:11.888Z,87ECoUcsioYVxcV71JAwWMhiAEof3gKBV6XLb4szpump,200,4000
life,2026-08-03T02:56:15.885Z,87ECoUcsioYVxcV71JAwWMhiAEof3gKBV6XLb4szpump,200,4000
life,2026-08-03T02:56:19.889Z,87ECoUcsioYVxcV71JAwWMhiAEof3gKBV6XLb4szpump,200,4000
life,2026-08-03T02:56:23.893Z,87ECoUcsioYVxcV71JAwWMhiAEof3gKBV6XLb4szpump,200,4000
life,2026-08-03T02:56:27.890Z,87ECoUcsioYVxcV71JAwWMhiAEof3gKBV6XLb4szpump,200,4000
life,2026-08-03T02:56:31.927Z,87ECoUcsioYVxcV71JAwWMhiAEof3gKBV6XLb4szpump,200,4000
life,2026-08-03T02:56:35.900Z,87ECoUcsioYVxcV71JAwWMhiAEof3gKBV6XLb4szpump,200,4000
life,2026-08-03T02:56:39.895Z,87ECoUcsioYVxcV71JAwWMhiAEof3gKBV6XLb4szpump,200,4000
life,2026-08-03T02:56:43.910Z,87ECoUcsioYVxcV71JAwWMhiAEof3gKBV6XLb4szpump,200,4000
life,2026-08-03T02:56:47.897Z,87ECoUcsioYVxcV71JAwWMhiAEof3gKBV6XLb4szpump,200,4000
life,2026-08-03T02:56:51.913Z,87ECoUcsioYVxcV71JAwWMhiAEof3gKBV6XLb4szpump,200,4000
life,2026-08-03T02:56:56.029Z,87ECoUcsioYVxcV71JAwWMhiAEof3gKBV6XLb4szpump,200,4000
life,2026-08-03T02:56:59.902Z,87ECoUcsioYVxcV71JAwWMhiAEof3gKBV6XLb4szpump,200,4000
life,2026-08-03T02:57:03.907Z,87ECoUcsioYVxcV71JAwWMhiAEof3gKBV6XLb4szpump,200,4000
life,2026-08-03T02:57:07.917Z,87ECoUcsioYVxcV71JAwWMhiAEof3gKBV6XLb4szpump,200,4000
life,2026-08-03T02:57:11.935Z,87ECoUcsioYVxcV71JAwWMhiAEof3gKBV6XLb4szpump,200,4000
life,2026-08-03T02:57:15.926Z,87ECoUcsioYVxcV71JAwWMhiAEof3gKBV6XLb4szpump,200,4000
life,2026-08-03T02:57:19.915Z,87ECoUcsioYVxcV71JAwWMhiAEof3gKBV6XLb4szpump,200,4000
life,2026-08-03T02:57:23.928Z,87ECoUcsioYVxcV71JAwWMhiAEof3gKBV6XLb4szpump,200,4000
life,2026-08-03T02:57:27.911Z,87ECoUcsioYVxcV71JAwWMhiAEof3gKBV6XLb4szpump,200,4000
life,2026-08-03T02:57:31.918Z,87ECoUcsioYVxcV71JAwWMhiAEof3gKBV6XLb4szpump,200,4000
life,2026-08-03T02:57:35.915Z,87ECoUcsioYVxcV71JAwWMhiAEof3gKBV6XLb4szpump,200,4000
life,2026-08-03T02:57:39.921Z,87ECoUcsioYVxcV71JAwWMhiAEof3gKBV6XLb4szpump,200,4000
life,2026-08-03T02:57:43.928Z,87ECoUcsioYVxcV71JAwWMhiAEof3gKBV6XLb4szpump,200,4000
life,2026-08-03T02:57:47.921Z,9n89XRJz2hFQWTYjHpkuCSUwDze75KHUDVf9JojZpump,200,4000
life,2026-08-03T02:57:51.930Z,9n89XRJz2hFQWTYjHpkuCSUwDze75KHUDVf9JojZpump,200,4000
life,2026-08-03T02:57:55.932Z,9n89XRJz2hFQWTYjHpkuCSUwDze75KHUDVf9JojZpump,200,4000
life,2026-08-03T02:57:59.941Z,9n89XRJz2hFQWTYjHpkuCSUwDze75KHUDVf9JojZpump,200,4000
life,2026-08-03T02:58:03.939Z,9n89XRJz2hFQWTYjHpkuCSUwDze75KHUDVf9JojZpump,200,4000
life,2026-08-03T02:58:07.940Z,9n89XRJz2hFQWTYjHpkuCSUwDze75KHUDVf9JojZpump,200,4000
life,2026-08-03T02:58:11.947Z,9n89XRJz2hFQWTYjHpkuCSUwDze75KHUDVf9JojZpump,200,4000
life,2026-08-03T02:58:15.944Z,9n89XRJz2hFQWTYjHpkuCSUwDze75KHUDVf9JojZpump,200,4000
life,2026-08-03T02:58:19.967Z,9n89XRJz2hFQWTYjHpkuCSUwDze75KHUDVf9JojZpump,200,4000
life,2026-08-03T02:58:23.945Z,9n89XRJz2hFQWTYjHpkuCSUwDze75KHUDVf9JojZpump,200,4000
life,2026-08-03T02:58:27.958Z,9n89XRJz2hFQWTYjHpkuCSUwDze75KHUDVf9JojZpump,200,4000
life,2026-08-03T02:58:31.963Z,9n89XRJz2hFQWTYjHpkuCSUwDze75KHUDVf9JojZpump,200,4000
life,2026-08-03T02:58:35.978Z,9n89XRJz2hFQWTYjHpkuCSUwDze75KHUDVf9JojZpump,200,4000
life,2026-08-03T02:58:39.951Z,9n89XRJz2hFQWTYjHpkuCSUwDze75KHUDVf9JojZpump,200,4000
life,2026-08-03T02:58:43.950Z,9n89XRJz2hFQWTYjHpkuCSUwDze75KHUDVf9JojZpump,200,4000
life,2026-08-03T02:58:47.965Z,9n89XRJz2hFQWTYjHpkuCSUwDze75KHUDVf9JojZpump,200,4000
life,2026-08-03T02:58:51.969Z,9n89XRJz2hFQWTYjHpkuCSUwDze75KHUDVf9JojZpump,200,4000
life,2026-08-03T02:58:55.957Z,9n89XRJz2hFQWTYjHpkuCSUwDze75KHUDVf9JojZpump,200,4000
life,2026-08-03T02:58:59.960Z,9n89XRJz2hFQWTYjHpkuCSUwDze75KHUDVf9JojZpump,200,4000
life,2026-08-03T02:59:03.960Z,9n89XRJz2hFQWTYjHpkuCSUwDze75KHUDVf9JojZpump,200,4000
life,2026-08-03T02:59:07.977Z,9n89XRJz2hFQWTYjHpkuCSUwDze75KHUDVf9JojZpump,200,4000
life,2026-08-03T02:59:11.971Z,9n89XRJz2hFQWTYjHpkuCSUwDze75KHUDVf9JojZpump,200,4000
life,2026-08-03T02:59:15.974Z,9n89XRJz2hFQWTYjHpkuCSUwDze75KHUDVf9JojZpump,200,4000
life,2026-08-03T02:59:19.970Z,9n89XRJz2hFQWTYjHpkuCSUwDze75KHUDVf9JojZpump,200,4000
life,2026-08-03T02:59:23.973Z,9n89XRJz2hFQWTYjHpkuCSUwDze75KHUDVf9JojZpump,200,4000
life,2026-08-03T02:59:27.981Z,9n89XRJz2hFQWTYjHpkuCSUwDze75KHUDVf9JojZpump,200,4000
life,2026-08-03T02:59:31.982Z,9n89XRJz2hFQWTYjHpkuCSUwDze75KHUDVf9JojZpump,200,4000
life,2026-08-03T02:59:35.978Z,9n89XRJz2hFQWTYjHpkuCSUwDze75KHUDVf9JojZpump,200,4000
life,2026-08-03T02:59:40.002Z,9n89XRJz2hFQWTYjHpkuCSUwDze75KHUDVf9JojZpump,200,4000
life,2026-08-03T02:59:43.990Z,9n89XRJz2hFQWTYjHpkuCSUwDze75KHUDVf9JojZpump,200,4000
life,2026-08-03T02:59:47.984Z,9n89XRJz2hFQWTYjHpkuCSUwDze75KHUDVf9JojZpump,200,4000
life,2026-08-03T02:59:51.986Z,9n89XRJz2hFQWTYjHpkuCSUwDze75KHUDVf9JojZpump,200,4000
life,2026-08-03T02:59:55.996Z,9n89XRJz2hFQWTYjHpkuCSUwDze75KHUDVf9JojZpump,200,4000
life,2026-08-03T03:00:00.024Z,9n89XRJz2hFQWTYjHpkuCSUwDze75KHUDVf9JojZpump,200,4000
life,2026-08-03T03:00:04.022Z,9n89XRJz2hFQWTYjHpkuCSUwDze75KHUDVf9JojZpump,200,4000
life,2026-08-03T03:00:07.987Z,9n89XRJz2hFQWTYjHpkuCSUwDze75KHUDVf9JojZpump,200,4000
life,2026-08-03T03:00:12.013Z,FgJtjhHGSzRecAEErPzwmbq7SxieqDRzwrziUrtzpump,200,4000
life,2026-08-03T03:00:16.042Z,FgJtjhHGSzRecAEErPzwmbq7SxieqDRzwrziUrtzpump,200,4000
life,2026-08-03T03:00:20.001Z,FgJtjhHGSzRecAEErPzwmbq7SxieqDRzwrziUrtzpump,200,4000
life,2026-08-03T03:00:24.004Z,FgJtjhHGSzRecAEErPzwmbq7SxieqDRzwrziUrtzpump,200,4000
life,2026-08-03T03:00:28.005Z,FgJtjhHGSzRecAEErPzwmbq7SxieqDRzwrziUrtzpump,200,4000
life,2026-08-03T03:00:32.023Z,FgJtjhHGSzRecAEErPzwmbq7SxieqDRzwrziUrtzpump,200,4000
life,2026-08-03T03:00:36.008Z,FgJtjhHGSzRecAEErPzwmbq7SxieqDRzwrziUrtzpump,200,4000
life,2026-08-03T03:00:40.012Z,FgJtjhHGSzRecAEErPzwmbq7SxieqDRzwrziUrtzpump,200,4000
life,2026-08-03T03:00:44.047Z,FgJtjhHGSzRecAEErPzwmbq7SxieqDRzwrziUrtzpump,200,4000
life,2026-08-03T03:00:48.021Z,FgJtjhHGSzRecAEErPzwmbq7SxieqDRzwrziUrtzpump,200,4000
life,2026-08-03T03:00:52.020Z,FgJtjhHGSzRecAEErPzwmbq7SxieqDRzwrziUrtzpump,200,4000
life,2026-08-03T03:00:56.017Z,FgJtjhHGSzRecAEErPzwmbq7SxieqDRzwrziUrtzpump,200,4000
life,2026-08-03T03:01:00.014Z,FgJtjhHGSzRecAEErPzwmbq7SxieqDRzwrziUrtzpump,200,4000
life,2026-08-03T03:01:04.018Z,FgJtjhHGSzRecAEErPzwmbq7SxieqDRzwrziUrtzpump,200,4000
life,2026-08-03T03:01:08.041Z,FgJtjhHGSzRecAEErPzwmbq7SxieqDRzwrziUrtzpump,200,4000
life,2026-08-03T03:01:12.033Z,FgJtjhHGSzRecAEErPzwmbq7SxieqDRzwrziUrtzpump,200,4000
life,2026-08-03T03:01:16.028Z,FgJtjhHGSzRecAEErPzwmbq7SxieqDRzwrziUrtzpump,200,4000
life,2026-08-03T03:01:20.027Z,FgJtjhHGSzRecAEErPzwmbq7SxieqDRzwrziUrtzpump,200,4000
life,2026-08-03T03:01:24.035Z,FgJtjhHGSzRecAEErPzwmbq7SxieqDRzwrziUrtzpump,200,4000
life,2026-08-03T03:01:28.034Z,FgJtjhHGSzRecAEErPzwmbq7SxieqDRzwrziUrtzpump,200,4000
life,2026-08-03T03:01:32.043Z,FgJtjhHGSzRecAEErPzwmbq7SxieqDRzwrziUrtzpump,200,4000
life,2026-08-03T03:01:36.032Z,FgJtjhHGSzRecAEErPzwmbq7SxieqDRzwrziUrtzpump,200,4000
life,2026-08-03T03:01:40.047Z,FgJtjhHGSzRecAEErPzwmbq7SxieqDRzwrziUrtzpump,200,4000
life,2026-08-03T03:01:44.048Z,FgJtjhHGSzRecAEErPzwmbq7SxieqDRzwrziUrtzpump,200,4000
life,2026-08-03T03:01:48.046Z,FgJtjhHGSzRecAEErPzwmbq7SxieqDRzwrziUrtzpump,200,4000
life,2026-08-03T03:01:52.041Z,FgJtjhHGSzRecAEErPzwmbq7SxieqDRzwrziUrtzpump,200,4000
life,2026-08-03T03:01:56.049Z,FgJtjhHGSzRecAEErPzwmbq7SxieqDRzwrziUrtzpump,200,4000
life,2026-08-03T03:02:00.063Z,FgJtjhHGSzRecAEErPzwmbq7SxieqDRzwrziUrtzpump,200,4000
life,2026-08-03T03:02:04.073Z,FgJtjhHGSzRecAEErPzwmbq7SxieqDRzwrziUrtzpump,200,4000
life,2026-08-03T03:02:08.057Z,FgJtjhHGSzRecAEErPzwmbq7SxieqDRzwrziUrtzpump,200,4000
life,2026-08-03T03:02:12.052Z,FgJtjhHGSzRecAEErPzwmbq7SxieqDRzwrziUrtzpump,200,4000
life,2026-08-03T03:02:16.061Z,FgJtjhHGSzRecAEErPzwmbq7SxieqDRzwrziUrtzpump,200,4000
life,2026-08-03T03:02:20.055Z,FgJtjhHGSzRecAEErPzwmbq7SxieqDRzwrziUrtzpump,200,4000
life,2026-08-03T03:02:24.067Z,FgJtjhHGSzRecAEErPzwmbq7SxieqDRzwrziUrtzpump,200,4000
life,2026-08-03T03:02:28.068Z,FgJtjhHGSzRecAEErPzwmbq7SxieqDRzwrziUrtzpump,200,4000
life,2026-08-03T03:02:32.062Z,FgJtjhHGSzRecAEErPzwmbq7SxieqDRzwrziUrtzpump,200,4000
life,2026-08-03T03:02:36.131Z,FgJtjhHGSzRecAEErPzwmbq7SxieqDRzwrziUrtzpump,200,4000
life,2026-08-03T03:02:40.077Z,FgJtjhHGSzRecAEErPzwmbq7SxieqDRzwrziUrtzpump,200,4000
life,2026-08-03T03:02:44.081Z,FgJtjhHGSzRecAEErPzwmbq7SxieqDRzwrziUrtzpump,200,4000
life,2026-08-03T03:02:48.083Z,FgJtjhHGSzRecAEErPzwmbq7SxieqDRzwrziUrtzpump,200,4000
life,2026-08-03T03:02:52.077Z,FgJtjhHGSzRecAEErPzwmbq7SxieqDRzwrziUrtzpump,200,4000
life,2026-08-03T03:02:56.097Z,FgJtjhHGSzRecAEErPzwmbq7SxieqDRzwrziUrtzpump,200,4000
life,2026-08-03T03:03:00.081Z,FgJtjhHGSzRecAEErPzwmbq7SxieqDRzwrziUrtzpump,200,4000
life,2026-08-03T03:03:04.114Z,CympZjkuNLSzXmTd9P375dH5rVnnja4rACvgNCsEpump,200,4000
life,2026-08-03T03:03:08.423Z,CympZjkuNLSzXmTd9P375dH5rVnnja4rACvgNCsEpump,200,4000
life,2026-08-03T03:03:12.196Z,CympZjkuNLSzXmTd9P375dH5rVnnja4rACvgNCsEpump,200,4000
life,2026-08-03T03:03:16.096Z,CympZjkuNLSzXmTd9P375dH5rVnnja4rACvgNCsEpump,200,4000
life,2026-08-03T03:03:20.125Z,CympZjkuNLSzXmTd9P375dH5rVnnja4rACvgNCsEpump,200,4000
life,2026-08-03T03:03:24.103Z,CympZjkuNLSzXmTd9P375dH5rVnnja4rACvgNCsEpump,200,4000
life,2026-08-03T03:03:28.098Z,CympZjkuNLSzXmTd9P375dH5rVnnja4rACvgNCsEpump,200,4000
life,2026-08-03T03:03:32.113Z,CympZjkuNLSzXmTd9P375dH5rVnnja4rACvgNCsEpump,200,4000
life,2026-08-03T03:03:36.103Z,CympZjkuNLSzXmTd9P375dH5rVnnja4rACvgNCsEpump,200,4000
life,2026-08-03T03:03:40.139Z,CympZjkuNLSzXmTd9P375dH5rVnnja4rACvgNCsEpump,200,4000
life,2026-08-03T03:03:44.118Z,CympZjkuNLSzXmTd9P375dH5rVnnja4rACvgNCsEpump,200,4000
life,2026-08-03T03:03:48.140Z,CympZjkuNLSzXmTd9P375dH5rVnnja4rACvgNCsEpump,200,4000
life,2026-08-03T03:03:52.195Z,CympZjkuNLSzXmTd9P375dH5rVnnja4rACvgNCsEpump,200,4000
life,2026-08-03T03:03:56.114Z,CympZjkuNLSzXmTd9P375dH5rVnnja4rACvgNCsEpump,200,4000
life,2026-08-03T03:04:00.119Z,CympZjkuNLSzXmTd9P375dH5rVnnja4rACvgNCsEpump,200,4000
life,2026-08-03T03:04:04.120Z,CympZjkuNLSzXmTd9P375dH5rVnnja4rACvgNCsEpump,200,4000
life,2026-08-03T03:04:08.168Z,CympZjkuNLSzXmTd9P375dH5rVnnja4rACvgNCsEpump,200,4000
life,2026-08-03T03:04:12.126Z,CympZjkuNLSzXmTd9P375dH5rVnnja4rACvgNCsEpump,200,4000
life,2026-08-03T03:04:16.121Z,CympZjkuNLSzXmTd9P375dH5rVnnja4rACvgNCsEpump,200,4000
life,2026-08-03T03:04:20.141Z,CympZjkuNLSzXmTd9P375dH5rVnnja4rACvgNCsEpump,200,4000
life,2026-08-03T03:04:24.125Z,CympZjkuNLSzXmTd9P375dH5rVnnja4rACvgNCsEpump,200,4000
life,2026-08-03T03:04:28.137Z,CympZjkuNLSzXmTd9P375dH5rVnnja4rACvgNCsEpump,200,4000
life,2026-08-03T03:04:32.137Z,CympZjkuNLSzXmTd9P375dH5rVnnja4rACvgNCsEpump,200,4000
life,2026-08-03T03:04:36.136Z,CympZjkuNLSzXmTd9P375dH5rVnnja4rACvgNCsEpump,200,4000
life,2026-08-03T03:04:40.156Z,CympZjkuNLSzXmTd9P375dH5rVnnja4rACvgNCsEpump,200,4000
life,2026-08-03T03:04:44.134Z,CympZjkuNLSzXmTd9P375dH5rVnnja4rACvgNCsEpump,200,4000
life,2026-08-03T03:04:48.151Z,CympZjkuNLSzXmTd9P375dH5rVnnja4rACvgNCsEpump,200,4000
life,2026-08-03T03:04:52.136Z,CympZjkuNLSzXmTd9P375dH5rVnnja4rACvgNCsEpump,200,4000
life,2026-08-03T03:04:56.143Z,CympZjkuNLSzXmTd9P375dH5rVnnja4rACvgNCsEpump,200,4000
life,2026-08-03T03:05:00.163Z,CympZjkuNLSzXmTd9P375dH5rVnnja4rACvgNCsEpump,200,4000
life,2026-08-03T03:05:04.149Z,CympZjkuNLSzXmTd9P375dH5rVnnja4rACvgNCsEpump,200,4000
life,2026-08-03T03:05:08.161Z,CympZjkuNLSzXmTd9P375dH5rVnnja4rACvgNCsEpump,200,4000
life,2026-08-03T03:05:12.172Z,CympZjkuNLSzXmTd9P375dH5rVnnja4rACvgNCsEpump,200,4000
life,2026-08-03T03:05:16.155Z,CympZjkuNLSzXmTd9P375dH5rVnnja4rACvgNCsEpump,200,4000
life,2026-08-03T03:05:20.165Z,CympZjkuNLSzXmTd9P375dH5rVnnja4rACvgNCsEpump,200,4000
life,2026-08-03T03:05:24.161Z,CympZjkuNLSzXmTd9P375dH5rVnnja4rACvgNCsEpump,200,4000
life,2026-08-03T03:05:28.163Z,CympZjkuNLSzXmTd9P375dH5rVnnja4rACvgNCsEpump,200,4000
life,2026-08-03T03:05:32.166Z,CympZjkuNLSzXmTd9P375dH5rVnnja4rACvgNCsEpump,200,4000
life,2026-08-03T03:05:36.172Z,CympZjkuNLSzXmTd9P375dH5rVnnja4rACvgNCsEpump,200,4000
life,2026-08-03T03:05:40.163Z,CympZjkuNLSzXmTd9P375dH5rVnnja4rACvgNCsEpump,200,4000
life,2026-08-03T03:05:44.172Z,CympZjkuNLSzXmTd9P375dH5rVnnja4rACvgNCsEpump,200,4000
life,2026-08-03T03:05:48.186Z,CympZjkuNLSzXmTd9P375dH5rVnnja4rACvgNCsEpump,200,4000
life,2026-08-03T03:05:52.185Z,CympZjkuNLSzXmTd9P375dH5rVnnja4rACvgNCsEpump,200,4000
life,2026-08-03T03:05:56.184Z,CympZjkuNLSzXmTd9P375dH5rVnnja4rACvgNCsEpump,200,4000
life,2026-08-03T03:06:00.175Z,CympZjkuNLSzXmTd9P375dH5rVnnja4rACvgNCsEpump,200,4000
life,2026-08-03T03:06:04.172Z,CympZjkuNLSzXmTd9P375dH5rVnnja4rACvgNCsEpump,200,4000
life,2026-08-03T03:06:08.178Z,CympZjkuNLSzXmTd9P375dH5rVnnja4rACvgNCsEpump,200,4000
life,2026-08-03T03:06:12.179Z,CympZjkuNLSzXmTd9P375dH5rVnnja4rACvgNCsEpump,200,4000
life,2026-08-03T03:06:16.183Z,CympZjkuNLSzXmTd9P375dH5rVnnja4rACvgNCsEpump,200,4000
life,2026-08-03T03:06:20.196Z,CympZjkuNLSzXmTd9P375dH5rVnnja4rACvgNCsEpump,200,4000
life,2026-08-03T03:06:24.181Z,CympZjkuNLSzXmTd9P375dH5rVnnja4rACvgNCsEpump,200,4000
life,2026-08-03T03:06:28.189Z,CympZjkuNLSzXmTd9P375dH5rVnnja4rACvgNCsEpump,200,4000
life,2026-08-03T03:06:32.186Z,CympZjkuNLSzXmTd9P375dH5rVnnja4rACvgNCsEpump,200,4000
life,2026-08-03T03:06:36.196Z,CympZjkuNLSzXmTd9P375dH5rVnnja4rACvgNCsEpump,200,4000
life,2026-08-03T03:06:40.193Z,CympZjkuNLSzXmTd9P375dH5rVnnja4rACvgNCsEpump,200,4000
life,2026-08-03T03:06:44.209Z,CympZjkuNLSzXmTd9P375dH5rVnnja4rACvgNCsEpump,200,4000
life,2026-08-03T03:06:48.208Z,CympZjkuNLSzXmTd9P375dH5rVnnja4rACvgNCsEpump,200,4000
life,2026-08-03T03:06:52.213Z,CympZjkuNLSzXmTd9P375dH5rVnnja4rACvgNCsEpump,200,4000
life,2026-08-03T03:06:56.199Z,CympZjkuNLSzXmTd9P375dH5rVnnja4rACvgNCsEpump,200,4000
life,2026-08-03T03:07:00.196Z,CympZjkuNLSzXmTd9P375dH5rVnnja4rACvgNCsEpump,200,4000
life,2026-08-03T03:07:04.213Z,CympZjkuNLSzXmTd9P375dH5rVnnja4rACvgNCsEpump,200,4000
life,2026-08-03T03:07:08.199Z,CympZjkuNLSzXmTd9P375dH5rVnnja4rACvgNCsEpump,200,4000
life,2026-08-03T03:07:12.216Z,CympZjkuNLSzXmTd9P375dH5rVnnja4rACvgNCsEpump,200,4000
life,2026-08-03T03:07:16.208Z,CympZjkuNLSzXmTd9P375dH5rVnnja4rACvgNCsEpump,200,4000
life,2026-08-03T03:07:20.211Z,CympZjkuNLSzXmTd9P375dH5rVnnja4rACvgNCsEpump,200,4000
life,2026-08-03T03:07:24.206Z,CympZjkuNLSzXmTd9P375dH5rVnnja4rACvgNCsEpump,200,4000
life,2026-08-03T03:07:28.235Z,CympZjkuNLSzXmTd9P375dH5rVnnja4rACvgNCsEpump,200,4000
life,2026-08-03T03:07:32.214Z,CympZjkuNLSzXmTd9P375dH5rVnnja4rACvgNCsEpump,200,4000
life,2026-08-03T03:07:36.212Z,CympZjkuNLSzXmTd9P375dH5rVnnja4rACvgNCsEpump,200,4000
life,2026-08-03T03:07:40.226Z,CympZjkuNLSzXmTd9P375dH5rVnnja4rACvgNCsEpump,200,4000
life,2026-08-03T03:07:44.222Z,CympZjkuNLSzXmTd9P375dH5rVnnja4rACvgNCsEpump,200,4000
life,2026-08-03T03:07:48.225Z,CympZjkuNLSzXmTd9P375dH5rVnnja4rACvgNCsEpump,200,4000
life,2026-08-03T03:07:52.255Z,CympZjkuNLSzXmTd9P375dH5rVnnja4rACvgNCsEpump,200,4000
life,2026-08-03T03:07:56.235Z,CympZjkuNLSzXmTd9P375dH5rVnnja4rACvgNCsEpump,200,4000
life,2026-08-03T03:08:00.232Z,CympZjkuNLSzXmTd9P375dH5rVnnja4rACvgNCsEpump,200,4000
life,2026-08-03T03:08:04.232Z,CympZjkuNLSzXmTd9P375dH5rVnnja4rACvgNCsEpump,200,4000
life,2026-08-03T03:08:08.237Z,CympZjkuNLSzXmTd9P375dH5rVnnja4rACvgNCsEpump,200,4000
life,2026-08-03T03:08:12.252Z,CympZjkuNLSzXmTd9P375dH5rVnnja4rACvgNCsEpump,200,4000
life,2026-08-03T03:08:16.240Z,CympZjkuNLSzXmTd9P375dH5rVnnja4rACvgNCsEpump,200,4000
life,2026-08-03T03:08:20.244Z,CympZjkuNLSzXmTd9P375dH5rVnnja4rACvgNCsEpump,200,4000
life,2026-08-03T03:08:24.809Z,CympZjkuNLSzXmTd9P375dH5rVnnja4rACvgNCsEpump,200,4000
life,2026-08-03T03:08:28.252Z,CympZjkuNLSzXmTd9P375dH5rVnnja4rACvgNCsEpump,200,4000
life,2026-08-03T03:08:32.244Z,CympZjkuNLSzXmTd9P375dH5rVnnja4rACvgNCsEpump,200,4000
life,2026-08-03T03:08:36.248Z,CympZjkuNLSzXmTd9P375dH5rVnnja4rACvgNCsEpump,200,4000
life,2026-08-03T03:08:40.257Z,CympZjkuNLSzXmTd9P375dH5rVnnja4rACvgNCsEpump,200,4000
life,2026-08-03T03:08:44.249Z,CympZjkuNLSzXmTd9P375dH5rVnnja4rACvgNCsEpump,200,4000
life,2026-08-03T03:08:48.254Z,CympZjkuNLSzXmTd9P375dH5rVnnja4rACvgNCsEpump,200,4000
life,2026-08-03T03:08:52.251Z,CympZjkuNLSzXmTd9P375dH5rVnnja4rACvgNCsEpump,200,4000
life,2026-08-03T03:08:56.258Z,CympZjkuNLSzXmTd9P375dH5rVnnja4rACvgNCsEpump,200,4000
life,2026-08-03T03:09:00.259Z,CympZjkuNLSzXmTd9P375dH5rVnnja4rACvgNCsEpump,200,4000
life,2026-08-03T03:09:04.385Z,6kNFL3SmeqBJpiFtfUUZXxTacm48gCPx3aaqPhskpump,200,4000
life,2026-08-03T03:09:08.304Z,6kNFL3SmeqBJpiFtfUUZXxTacm48gCPx3aaqPhskpump,200,4000
life,2026-08-03T03:09:12.271Z,6kNFL3SmeqBJpiFtfUUZXxTacm48gCPx3aaqPhskpump,200,4000
life,2026-08-03T03:09:16.278Z,6kNFL3SmeqBJpiFtfUUZXxTacm48gCPx3aaqPhskpump,200,4000
life,2026-08-03T03:09:20.275Z,6kNFL3SmeqBJpiFtfUUZXxTacm48gCPx3aaqPhskpump,200,4000
life,2026-08-03T03:09:24.280Z,6kNFL3SmeqBJpiFtfUUZXxTacm48gCPx3aaqPhskpump,200,4000
life,2026-08-03T03:09:28.274Z,6kNFL3SmeqBJpiFtfUUZXxTacm48gCPx3aaqPhskpump,200,4000
life,2026-08-03T03:09:32.287Z,6kNFL3SmeqBJpiFtfUUZXxTacm48gCPx3aaqPhskpump,200,4000
life,2026-08-03T03:09:36.278Z,6kNFL3SmeqBJpiFtfUUZXxTacm48gCPx3aaqPhskpump,200,4000
life,2026-08-03T03:09:40.297Z,6kNFL3SmeqBJpiFtfUUZXxTacm48gCPx3aaqPhskpump,200,4000
life,2026-08-03T03:09:44.286Z,6kNFL3SmeqBJpiFtfUUZXxTacm48gCPx3aaqPhskpump,200,4000
life,2026-08-03T03:09:48.297Z,6kNFL3SmeqBJpiFtfUUZXxTacm48gCPx3aaqPhskpump,200,4000
life,2026-08-03T03:09:52.294Z,6kNFL3SmeqBJpiFtfUUZXxTacm48gCPx3aaqPhskpump,200,4000
life,2026-08-03T03:09:56.295Z,6kNFL3SmeqBJpiFtfUUZXxTacm48gCPx3aaqPhskpump,200,4000
life,2026-08-03T03:10:00.297Z,6kNFL3SmeqBJpiFtfUUZXxTacm48gCPx3aaqPhskpump,200,4000
life,2026-08-03T03:10:04.305Z,6kNFL3SmeqBJpiFtfUUZXxTacm48gCPx3aaqPhskpump,200,4000
life,2026-08-03T03:10:08.299Z,6kNFL3SmeqBJpiFtfUUZXxTacm48gCPx3aaqPhskpump,200,4000
life,2026-08-03T03:10:12.300Z,6kNFL3SmeqBJpiFtfUUZXxTacm48gCPx3aaqPhskpump,200,4000
life,2026-08-03T03:10:16.301Z,6kNFL3SmeqBJpiFtfUUZXxTacm48gCPx3aaqPhskpump,200,4000
life,2026-08-03T03:10:20.297Z,6kNFL3SmeqBJpiFtfUUZXxTacm48gCPx3aaqPhskpump,200,4000
life,2026-08-03T03:10:24.311Z,6kNFL3SmeqBJpiFtfUUZXxTacm48gCPx3aaqPhskpump,200,4000
life,2026-08-03T03:10:28.317Z,6kNFL3SmeqBJpiFtfUUZXxTacm48gCPx3aaqPhskpump,200,4000
life,2026-08-03T03:10:32.314Z,6kNFL3SmeqBJpiFtfUUZXxTacm48gCPx3aaqPhskpump,200,4000
life,2026-08-03T03:10:36.311Z,6kNFL3SmeqBJpiFtfUUZXxTacm48gCPx3aaqPhskpump,200,4000
life,2026-08-03T03:10:40.310Z,6kNFL3SmeqBJpiFtfUUZXxTacm48gCPx3aaqPhskpump,200,4000
life,2026-08-03T03:10:44.310Z,6kNFL3SmeqBJpiFtfUUZXxTacm48gCPx3aaqPhskpump,200,4000
life,2026-08-03T03:10:48.317Z,6kNFL3SmeqBJpiFtfUUZXxTacm48gCPx3aaqPhskpump,200,4000
life,2026-08-03T03:10:52.318Z,6kNFL3SmeqBJpiFtfUUZXxTacm48gCPx3aaqPhskpump,200,4000
life,2026-08-03T03:10:56.318Z,6kNFL3SmeqBJpiFtfUUZXxTacm48gCPx3aaqPhskpump,200,4000
life,2026-08-03T03:11:00.674Z,6kNFL3SmeqBJpiFtfUUZXxTacm48gCPx3aaqPhskpump,200,4000
life,2026-08-03T03:11:04.328Z,6kNFL3SmeqBJpiFtfUUZXxTacm48gCPx3aaqPhskpump,200,4000
life,2026-08-03T03:11:08.326Z,6kNFL3SmeqBJpiFtfUUZXxTacm48gCPx3aaqPhskpump,200,4000
life,2026-08-03T03:11:12.322Z,6kNFL3SmeqBJpiFtfUUZXxTacm48gCPx3aaqPhskpump,200,4000
life,2026-08-03T03:11:16.336Z,6kNFL3SmeqBJpiFtfUUZXxTacm48gCPx3aaqPhskpump,200,4000
life,2026-08-03T03:11:20.327Z,6kNFL3SmeqBJpiFtfUUZXxTacm48gCPx3aaqPhskpump,200,4000
life,2026-08-03T03:11:24.330Z,6kNFL3SmeqBJpiFtfUUZXxTacm48gCPx3aaqPhskpump,200,4000
life,2026-08-03T03:11:28.333Z,6kNFL3SmeqBJpiFtfUUZXxTacm48gCPx3aaqPhskpump,200,4000
life,2026-08-03T03:11:32.334Z,6kNFL3SmeqBJpiFtfUUZXxTacm48gCPx3aaqPhskpump,200,4000
life,2026-08-03T03:11:36.335Z,6kNFL3SmeqBJpiFtfUUZXxTacm48gCPx3aaqPhskpump,200,4000
life,2026-08-03T03:11:40.339Z,6kNFL3SmeqBJpiFtfUUZXxTacm48gCPx3aaqPhskpump,200,4000
life,2026-08-03T03:11:44.350Z,6kNFL3SmeqBJpiFtfUUZXxTacm48gCPx3aaqPhskpump,200,4000
life,2026-08-03T03:11:48.338Z,6kNFL3SmeqBJpiFtfUUZXxTacm48gCPx3aaqPhskpump,200,4000
life,2026-08-03T03:11:52.345Z,6kNFL3SmeqBJpiFtfUUZXxTacm48gCPx3aaqPhskpump,200,4000
life,2026-08-03T03:11:56.499Z,6kNFL3SmeqBJpiFtfUUZXxTacm48gCPx3aaqPhskpump,200,4000
life,2026-08-03T03:12:00.357Z,6kNFL3SmeqBJpiFtfUUZXxTacm48gCPx3aaqPhskpump,200,4000
life,2026-08-03T03:12:04.357Z,6kNFL3SmeqBJpiFtfUUZXxTacm48gCPx3aaqPhskpump,200,4000
life,2026-08-03T03:12:08.356Z,6kNFL3SmeqBJpiFtfUUZXxTacm48gCPx3aaqPhskpump,200,4000
life,2026-08-03T03:12:12.352Z,A9YTBnsbweCwcAg6s4exHDa6PK1eHePRahGF9giNpump,200,4000
life,2026-08-03T03:12:16.369Z,A9YTBnsbweCwcAg6s4exHDa6PK1eHePRahGF9giNpump,200,4000
life,2026-08-03T03:12:20.381Z,A9YTBnsbweCwcAg6s4exHDa6PK1eHePRahGF9giNpump,200,4000
life,2026-08-03T03:12:24.359Z,A9YTBnsbweCwcAg6s4exHDa6PK1eHePRahGF9giNpump,200,4000
life,2026-08-03T03:12:28.369Z,A9YTBnsbweCwcAg6s4exHDa6PK1eHePRahGF9giNpump,200,4000
life,2026-08-03T03:12:32.365Z,A9YTBnsbweCwcAg6s4exHDa6PK1eHePRahGF9giNpump,200,4000
life,2026-08-03T03:12:36.372Z,A9YTBnsbweCwcAg6s4exHDa6PK1eHePRahGF9giNpump,200,4000
life,2026-08-03T03:12:40.372Z,A9YTBnsbweCwcAg6s4exHDa6PK1eHePRahGF9giNpump,200,4000
life,2026-08-03T03:12:44.381Z,A9YTBnsbweCwcAg6s4exHDa6PK1eHePRahGF9giNpump,200,4000
life,2026-08-03T03:12:48.377Z,A9YTBnsbweCwcAg6s4exHDa6PK1eHePRahGF9giNpump,200,4000
life,2026-08-03T03:12:52.371Z,A9YTBnsbweCwcAg6s4exHDa6PK1eHePRahGF9giNpump,200,4000
life,2026-08-03T03:12:56.377Z,A9YTBnsbweCwcAg6s4exHDa6PK1eHePRahGF9giNpump,200,4000
life,2026-08-03T03:13:00.376Z,A9YTBnsbweCwcAg6s4exHDa6PK1eHePRahGF9giNpump,200,4000
life,2026-08-03T03:13:04.381Z,A9YTBnsbweCwcAg6s4exHDa6PK1eHePRahGF9giNpump,200,4000
life,2026-08-03T03:13:08.378Z,A9YTBnsbweCwcAg6s4exHDa6PK1eHePRahGF9giNpump,200,4000
life,2026-08-03T03:13:12.382Z,A9YTBnsbweCwcAg6s4exHDa6PK1eHePRahGF9giNpump,200,4000
life,2026-08-03T03:13:16.474Z,A9YTBnsbweCwcAg6s4exHDa6PK1eHePRahGF9giNpump,200,4000
life,2026-08-03T03:13:20.385Z,A9YTBnsbweCwcAg6s4exHDa6PK1eHePRahGF9giNpump,200,4000
life,2026-08-03T03:13:24.389Z,A9YTBnsbweCwcAg6s4exHDa6PK1eHePRahGF9giNpump,200,4000
life,2026-08-03T03:13:28.396Z,A9YTBnsbweCwcAg6s4exHDa6PK1eHePRahGF9giNpump,200,4000
life,2026-08-03T03:13:32.394Z,A9YTBnsbweCwcAg6s4exHDa6PK1eHePRahGF9giNpump,200,4000
life,2026-08-03T03:13:36.410Z,A9YTBnsbweCwcAg6s4exHDa6PK1eHePRahGF9giNpump,200,4000
life,2026-08-03T03:13:40.403Z,A9YTBnsbweCwcAg6s4exHDa6PK1eHePRahGF9giNpump,200,4000
life,2026-08-03T03:13:44.401Z,A9YTBnsbweCwcAg6s4exHDa6PK1eHePRahGF9giNpump,200,4000
life,2026-08-03T03:13:48.474Z,B8oVNMRvRBuD1p78T5PdifECFstbiRfGfNVwZokepump,200,4000
life,2026-08-03T03:13:52.418Z,B8oVNMRvRBuD1p78T5PdifECFstbiRfGfNVwZokepump,200,4000
life,2026-08-03T03:13:56.425Z,B8oVNMRvRBuD1p78T5PdifECFstbiRfGfNVwZokepump,200,4000
life,2026-08-03T03:14:00.531Z,B8oVNMRvRBuD1p78T5PdifECFstbiRfGfNVwZokepump,200,4000
life,2026-08-03T03:14:04.419Z,B8oVNMRvRBuD1p78T5PdifECFstbiRfGfNVwZokepump,200,4000
life,2026-08-03T03:14:08.430Z,B8oVNMRvRBuD1p78T5PdifECFstbiRfGfNVwZokepump,200,4000
life,2026-08-03T03:14:12.425Z,B8oVNMRvRBuD1p78T5PdifECFstbiRfGfNVwZokepump,200,4000
life,2026-08-03T03:14:16.429Z,B8oVNMRvRBuD1p78T5PdifECFstbiRfGfNVwZokepump,200,4000
life,2026-08-03T03:14:20.436Z,B8oVNMRvRBuD1p78T5PdifECFstbiRfGfNVwZokepump,200,4000
life,2026-08-03T03:14:24.436Z,B8oVNMRvRBuD1p78T5PdifECFstbiRfGfNVwZokepump,200,4000
life,2026-08-03T03:14:28.424Z,B8oVNMRvRBuD1p78T5PdifECFstbiRfGfNVwZokepump,200,4000
life,2026-08-03T03:14:32.442Z,B8oVNMRvRBuD1p78T5PdifECFstbiRfGfNVwZokepump,200,4000
life,2026-08-03T03:14:36.433Z,B8oVNMRvRBuD1p78T5PdifECFstbiRfGfNVwZokepump,200,4000
life,2026-08-03T03:14:40.441Z,B8oVNMRvRBuD1p78T5PdifECFstbiRfGfNVwZokepump,200,4000
life,2026-08-03T03:14:44.439Z,B8oVNMRvRBuD1p78T5PdifECFstbiRfGfNVwZokepump,200,4000
life,2026-08-03T03:14:48.440Z,B8oVNMRvRBuD1p78T5PdifECFstbiRfGfNVwZokepump,200,4000
life,2026-08-03T03:14:52.439Z,B8oVNMRvRBuD1p78T5PdifECFstbiRfGfNVwZokepump,200,4000
life,2026-08-03T03:14:56.463Z,B8oVNMRvRBuD1p78T5PdifECFstbiRfGfNVwZokepump,200,4000
life,2026-08-03T03:15:00.443Z,B8oVNMRvRBuD1p78T5PdifECFstbiRfGfNVwZokepump,200,4000
life,2026-08-03T03:15:04.453Z,B8oVNMRvRBuD1p78T5PdifECFstbiRfGfNVwZokepump,200,4000
life,2026-08-03T03:15:08.450Z,B8oVNMRvRBuD1p78T5PdifECFstbiRfGfNVwZokepump,200,4000
life,2026-08-03T03:15:12.456Z,B8oVNMRvRBuD1p78T5PdifECFstbiRfGfNVwZokepump,200,4000
life,2026-08-03T03:15:16.471Z,B8oVNMRvRBuD1p78T5PdifECFstbiRfGfNVwZokepump,200,4000
life,2026-08-03T03:15:20.463Z,B8oVNMRvRBuD1p78T5PdifECFstbiRfGfNVwZokepump,200,4000
life,2026-08-03T03:15:24.454Z,B8oVNMRvRBuD1p78T5PdifECFstbiRfGfNVwZokepump,200,4000
life,2026-08-03T03:15:28.461Z,B8oVNMRvRBuD1p78T5PdifECFstbiRfGfNVwZokepump,200,4000
life,2026-08-03T03:15:32.678Z,B8oVNMRvRBuD1p78T5PdifECFstbiRfGfNVwZokepump,200,4000
life,2026-08-03T03:15:36.637Z,B8oVNMRvRBuD1p78T5PdifECFstbiRfGfNVwZokepump,200,4000
life,2026-08-03T03:15:40.468Z,B8oVNMRvRBuD1p78T5PdifECFstbiRfGfNVwZokepump,200,4000
life,2026-08-03T03:15:44.460Z,B8oVNMRvRBuD1p78T5PdifECFstbiRfGfNVwZokepump,200,4000
life,2026-08-03T03:15:48.462Z,B8oVNMRvRBuD1p78T5PdifECFstbiRfGfNVwZokepump,200,4000
life,2026-08-03T03:15:52.467Z,B8oVNMRvRBuD1p78T5PdifECFstbiRfGfNVwZokepump,200,4000
life,2026-08-03T03:15:56.480Z,B8oVNMRvRBuD1p78T5PdifECFstbiRfGfNVwZokepump,200,4000
life,2026-08-03T03:16:00.482Z,B8oVNMRvRBuD1p78T5PdifECFstbiRfGfNVwZokepump,200,4000
life,2026-08-03T03:16:04.477Z,B8oVNMRvRBuD1p78T5PdifECFstbiRfGfNVwZokepump,200,4000
life,2026-08-03T03:16:08.483Z,B8oVNMRvRBuD1p78T5PdifECFstbiRfGfNVwZokepump,200,4000
life,2026-08-03T03:16:12.472Z,B8oVNMRvRBuD1p78T5PdifECFstbiRfGfNVwZokepump,200,4000
life,2026-08-03T03:16:16.576Z,B8oVNMRvRBuD1p78T5PdifECFstbiRfGfNVwZokepump,200,4000
life,2026-08-03T03:16:20.494Z,B8oVNMRvRBuD1p78T5PdifECFstbiRfGfNVwZokepump,200,4000
life,2026-08-03T03:16:24.482Z,B8oVNMRvRBuD1p78T5PdifECFstbiRfGfNVwZokepump,200,4000
life,2026-08-03T03:16:28.493Z,B8oVNMRvRBuD1p78T5PdifECFstbiRfGfNVwZokepump,200,4000
life,2026-08-03T03:16:32.495Z,B8oVNMRvRBuD1p78T5PdifECFstbiRfGfNVwZokepump,200,4000
life,2026-08-03T03:16:36.477Z,B8oVNMRvRBuD1p78T5PdifECFstbiRfGfNVwZokepump,200,4000
life,2026-08-03T03:16:40.489Z,B8oVNMRvRBuD1p78T5PdifECFstbiRfGfNVwZokepump,200,4000
life,2026-08-03T03:16:44.498Z,B8oVNMRvRBuD1p78T5PdifECFstbiRfGfNVwZokepump,200,4000
life,2026-08-03T03:16:48.491Z,B8oVNMRvRBuD1p78T5PdifECFstbiRfGfNVwZokepump,200,4000
life,2026-08-03T03:16:52.482Z,B8oVNMRvRBuD1p78T5PdifECFstbiRfGfNVwZokepump,200,4000
life,2026-08-03T03:16:56.500Z,B8oVNMRvRBuD1p78T5PdifECFstbiRfGfNVwZokepump,200,4000
life,2026-08-03T03:17:00.493Z,B8oVNMRvRBuD1p78T5PdifECFstbiRfGfNVwZokepump,200,4000
life,2026-08-03T03:17:04.498Z,B8oVNMRvRBuD1p78T5PdifECFstbiRfGfNVwZokepump,200,4000
life,2026-08-03T03:17:08.506Z,B8oVNMRvRBuD1p78T5PdifECFstbiRfGfNVwZokepump,200,4000
life,2026-08-03T03:17:12.508Z,B8oVNMRvRBuD1p78T5PdifECFstbiRfGfNVwZokepump,200,4000
life,2026-08-03T03:17:16.494Z,B8oVNMRvRBuD1p78T5PdifECFstbiRfGfNVwZokepump,200,4000
life,2026-08-03T03:17:20.491Z,B8oVNMRvRBuD1p78T5PdifECFstbiRfGfNVwZokepump,200,4000
life,2026-08-03T03:17:24.512Z,B8oVNMRvRBuD1p78T5PdifECFstbiRfGfNVwZokepump,200,4000
life,2026-08-03T03:17:28.495Z,B8oVNMRvRBuD1p78T5PdifECFstbiRfGfNVwZokepump,200,4000
life,2026-08-03T03:17:32.498Z,B8oVNMRvRBuD1p78T5PdifECFstbiRfGfNVwZokepump,200,4000
life,2026-08-03T03:17:36.499Z,B8oVNMRvRBuD1p78T5PdifECFstbiRfGfNVwZokepump,200,4000
life,2026-08-03T03:17:40.506Z,B8oVNMRvRBuD1p78T5PdifECFstbiRfGfNVwZokepump,200,4000
life,2026-08-03T03:17:44.502Z,B8oVNMRvRBuD1p78T5PdifECFstbiRfGfNVwZokepump,200,4000
life,2026-08-03T03:17:48.511Z,BweRjKus784r75xj8YrUHBKc8vtgfifxhUrtsu6Epump,200,4000
life,2026-08-03T03:17:52.508Z,BweRjKus784r75xj8YrUHBKc8vtgfifxhUrtsu6Epump,200,4000
life,2026-08-03T03:17:56.519Z,BweRjKus784r75xj8YrUHBKc8vtgfifxhUrtsu6Epump,200,4000
life,2026-08-03T03:18:00.518Z,BweRjKus784r75xj8YrUHBKc8vtgfifxhUrtsu6Epump,200,4000
life,2026-08-03T03:18:04.541Z,BweRjKus784r75xj8YrUHBKc8vtgfifxhUrtsu6Epump,200,4000
life,2026-08-03T03:18:08.523Z,BweRjKus784r75xj8YrUHBKc8vtgfifxhUrtsu6Epump,200,4000
life,2026-08-03T03:18:12.710Z,BweRjKus784r75xj8YrUHBKc8vtgfifxhUrtsu6Epump,200,4000
life,2026-08-03T03:18:16.523Z,BweRjKus784r75xj8YrUHBKc8vtgfifxhUrtsu6Epump,200,4000
life,2026-08-03T03:18:20.536Z,BweRjKus784r75xj8YrUHBKc8vtgfifxhUrtsu6Epump,200,4000
life,2026-08-03T03:18:24.541Z,BweRjKus784r75xj8YrUHBKc8vtgfifxhUrtsu6Epump,200,4000
life,2026-08-03T03:18:28.538Z,BweRjKus784r75xj8YrUHBKc8vtgfifxhUrtsu6Epump,200,4000
life,2026-08-03T03:18:32.529Z,BweRjKus784r75xj8YrUHBKc8vtgfifxhUrtsu6Epump,200,4000
life,2026-08-03T03:18:36.531Z,BweRjKus784r75xj8YrUHBKc8vtgfifxhUrtsu6Epump,200,4000
life,2026-08-03T03:18:40.547Z,BweRjKus784r75xj8YrUHBKc8vtgfifxhUrtsu6Epump,200,4000
life,2026-08-03T03:18:44.529Z,BweRjKus784r75xj8YrUHBKc8vtgfifxhUrtsu6Epump,200,4000
life,2026-08-03T03:18:48.541Z,BweRjKus784r75xj8YrUHBKc8vtgfifxhUrtsu6Epump,200,4000
life,2026-08-03T03:18:52.552Z,BweRjKus784r75xj8YrUHBKc8vtgfifxhUrtsu6Epump,200,4000
life,2026-08-03T03:18:56.556Z,BweRjKus784r75xj8YrUHBKc8vtgfifxhUrtsu6Epump,200,4000
life,2026-08-03T03:19:00.543Z,BweRjKus784r75xj8YrUHBKc8vtgfifxhUrtsu6Epump,200,4000
life,2026-08-03T03:19:04.555Z,BweRjKus784r75xj8YrUHBKc8vtgfifxhUrtsu6Epump,200,4000
life,2026-08-03T03:19:08.539Z,BweRjKus784r75xj8YrUHBKc8vtgfifxhUrtsu6Epump,200,4000
life,2026-08-03T03:19:12.549Z,BweRjKus784r75xj8YrUHBKc8vtgfifxhUrtsu6Epump,200,4000
life,2026-08-03T03:19:16.558Z,BweRjKus784r75xj8YrUHBKc8vtgfifxhUrtsu6Epump,200,4000
life,2026-08-03T03:19:20.547Z,BweRjKus784r75xj8YrUHBKc8vtgfifxhUrtsu6Epump,200,4000
life,2026-08-03T03:19:24.544Z,BweRjKus784r75xj8YrUHBKc8vtgfifxhUrtsu6Epump,200,4000
life,2026-08-03T03:19:28.562Z,BweRjKus784r75xj8YrUHBKc8vtgfifxhUrtsu6Epump,200,4000
life,2026-08-03T03:19:32.556Z,BweRjKus784r75xj8YrUHBKc8vtgfifxhUrtsu6Epump,200,4000
life,2026-08-03T03:19:36.566Z,BweRjKus784r75xj8YrUHBKc8vtgfifxhUrtsu6Epump,200,4000
life,2026-08-03T03:19:40.639Z,BweRjKus784r75xj8YrUHBKc8vtgfifxhUrtsu6Epump,200,4000
life,2026-08-03T03:19:44.565Z,BweRjKus784r75xj8YrUHBKc8vtgfifxhUrtsu6Epump,200,4000
life,2026-08-03T03:19:48.559Z,BweRjKus784r75xj8YrUHBKc8vtgfifxhUrtsu6Epump,200,4000
life,2026-08-03T03:19:52.942Z,BweRjKus784r75xj8YrUHBKc8vtgfifxhUrtsu6Epump,200,4000
life,2026-08-03T03:19:56.639Z,BweRjKus784r75xj8YrUHBKc8vtgfifxhUrtsu6Epump,200,4000
life,2026-08-03T03:20:01.321Z,BweRjKus784r75xj8YrUHBKc8vtgfifxhUrtsu6Epump,200,4000
life,2026-08-03T03:20:04.574Z,BweRjKus784r75xj8YrUHBKc8vtgfifxhUrtsu6Epump,200,4000
life,2026-08-03T03:20:08.582Z,AR9QXRPfM8KJyUV6EUVqxTn1j9hqcLjuqaQjBBkzpump,200,4000
life,2026-08-03T03:20:12.588Z,AR9QXRPfM8KJyUV6EUVqxTn1j9hqcLjuqaQjBBkzpump,200,4000
life,2026-08-03T03:20:16.595Z,AR9QXRPfM8KJyUV6EUVqxTn1j9hqcLjuqaQjBBkzpump,200,4000
life,2026-08-03T03:20:20.570Z,AR9QXRPfM8KJyUV6EUVqxTn1j9hqcLjuqaQjBBkzpump,200,4000
life,2026-08-03T03:20:24.582Z,AR9QXRPfM8KJyUV6EUVqxTn1j9hqcLjuqaQjBBkzpump,200,4000
life,2026-08-03T03:20:28.575Z,AR9QXRPfM8KJyUV6EUVqxTn1j9hqcLjuqaQjBBkzpump,200,4000
life,2026-08-03T03:20:32.581Z,AR9QXRPfM8KJyUV6EUVqxTn1j9hqcLjuqaQjBBkzpump,200,4000
life,2026-08-03T03:20:36.581Z,AR9QXRPfM8KJyUV6EUVqxTn1j9hqcLjuqaQjBBkzpump,200,4000
life,2026-08-03T03:20:40.734Z,AR9QXRPfM8KJyUV6EUVqxTn1j9hqcLjuqaQjBBkzpump,200,4000
life,2026-08-03T03:20:44.586Z,AR9QXRPfM8KJyUV6EUVqxTn1j9hqcLjuqaQjBBkzpump,200,4000
life,2026-08-03T03:20:48.587Z,AR9QXRPfM8KJyUV6EUVqxTn1j9hqcLjuqaQjBBkzpump,200,4000
life,2026-08-03T03:20:52.601Z,AR9QXRPfM8KJyUV6EUVqxTn1j9hqcLjuqaQjBBkzpump,200,4000
life,2026-08-03T03:20:56.612Z,AR9QXRPfM8KJyUV6EUVqxTn1j9hqcLjuqaQjBBkzpump,200,4000
life,2026-08-03T03:21:00.620Z,AR9QXRPfM8KJyUV6EUVqxTn1j9hqcLjuqaQjBBkzpump,200,4000
life,2026-08-03T03:21:04.636Z,AR9QXRPfM8KJyUV6EUVqxTn1j9hqcLjuqaQjBBkzpump,200,4000
life,2026-08-03T03:21:08.602Z,AR9QXRPfM8KJyUV6EUVqxTn1j9hqcLjuqaQjBBkzpump,200,4000
life,2026-08-03T03:21:12.606Z,AR9QXRPfM8KJyUV6EUVqxTn1j9hqcLjuqaQjBBkzpump,200,4000
life,2026-08-03T03:21:16.613Z,AR9QXRPfM8KJyUV6EUVqxTn1j9hqcLjuqaQjBBkzpump,200,4000
life,2026-08-03T03:21:20.606Z,AR9QXRPfM8KJyUV6EUVqxTn1j9hqcLjuqaQjBBkzpump,200,4000
life,2026-08-03T03:21:24.686Z,AR9QXRPfM8KJyUV6EUVqxTn1j9hqcLjuqaQjBBkzpump,200,4000
life,2026-08-03T03:21:28.611Z,AR9QXRPfM8KJyUV6EUVqxTn1j9hqcLjuqaQjBBkzpump,200,4000
life,2026-08-03T03:21:32.609Z,AR9QXRPfM8KJyUV6EUVqxTn1j9hqcLjuqaQjBBkzpump,200,4000
life,2026-08-03T03:21:36.611Z,AR9QXRPfM8KJyUV6EUVqxTn1j9hqcLjuqaQjBBkzpump,200,4000
life,2026-08-03T03:21:40.686Z,AR9QXRPfM8KJyUV6EUVqxTn1j9hqcLjuqaQjBBkzpump,200,4000
life,2026-08-03T03:21:44.612Z,AR9QXRPfM8KJyUV6EUVqxTn1j9hqcLjuqaQjBBkzpump,200,4000
life,2026-08-03T03:21:48.626Z,AR9QXRPfM8KJyUV6EUVqxTn1j9hqcLjuqaQjBBkzpump,200,4000
life,2026-08-03T03:21:52.641Z,AR9QXRPfM8KJyUV6EUVqxTn1j9hqcLjuqaQjBBkzpump,200,4000
life,2026-08-03T03:21:56.716Z,AR9QXRPfM8KJyUV6EUVqxTn1j9hqcLjuqaQjBBkzpump,200,4000
life,2026-08-03T03:22:00.625Z,AR9QXRPfM8KJyUV6EUVqxTn1j9hqcLjuqaQjBBkzpump,200,4000
life,2026-08-03T03:22:04.648Z,AR9QXRPfM8KJyUV6EUVqxTn1j9hqcLjuqaQjBBkzpump,200,4000
life,2026-08-03T03:22:08.644Z,AR9QXRPfM8KJyUV6EUVqxTn1j9hqcLjuqaQjBBkzpump,200,4000
life,2026-08-03T03:22:12.647Z,AR9QXRPfM8KJyUV6EUVqxTn1j9hqcLjuqaQjBBkzpump,200,4000
life,2026-08-03T03:22:16.635Z,AR9QXRPfM8KJyUV6EUVqxTn1j9hqcLjuqaQjBBkzpump,200,4000
life,2026-08-03T03:22:20.636Z,AR9QXRPfM8KJyUV6EUVqxTn1j9hqcLjuqaQjBBkzpump,200,4000
life,2026-08-03T03:22:24.676Z,AR9QXRPfM8KJyUV6EUVqxTn1j9hqcLjuqaQjBBkzpump,200,4000
life,2026-08-03T03:22:28.656Z,AR9QXRPfM8KJyUV6EUVqxTn1j9hqcLjuqaQjBBkzpump,200,4000
life,2026-08-03T03:22:32.648Z,AR9QXRPfM8KJyUV6EUVqxTn1j9hqcLjuqaQjBBkzpump,200,4000
life,2026-08-03T03:22:36.902Z,AR9QXRPfM8KJyUV6EUVqxTn1j9hqcLjuqaQjBBkzpump,200,4000
life,2026-08-03T03:22:40.642Z,AR9QXRPfM8KJyUV6EUVqxTn1j9hqcLjuqaQjBBkzpump,200,4000
life,2026-08-03T03:22:44.792Z,Cz2M3oyo28kZiKn3MRq75hRmsygErdg6C5i9Hhwkpump,200,4000
life,2026-08-03T03:22:48.660Z,Cz2M3oyo28kZiKn3MRq75hRmsygErdg6C5i9Hhwkpump,200,4000
life,2026-08-03T03:22:52.754Z,Cz2M3oyo28kZiKn3MRq75hRmsygErdg6C5i9Hhwkpump,200,4000
life,2026-08-03T03:22:56.663Z,Cz2M3oyo28kZiKn3MRq75hRmsygErdg6C5i9Hhwkpump,200,4000
life,2026-08-03T03:23:00.695Z,Cz2M3oyo28kZiKn3MRq75hRmsygErdg6C5i9Hhwkpump,200,4000
life,2026-08-03T03:23:04.673Z,Cz2M3oyo28kZiKn3MRq75hRmsygErdg6C5i9Hhwkpump,200,4000
life,2026-08-03T03:23:08.668Z,Cz2M3oyo28kZiKn3MRq75hRmsygErdg6C5i9Hhwkpump,200,4000
life,2026-08-03T03:23:12.685Z,Cz2M3oyo28kZiKn3MRq75hRmsygErdg6C5i9Hhwkpump,200,4000
life,2026-08-03T03:23:16.690Z,Cz2M3oyo28kZiKn3MRq75hRmsygErdg6C5i9Hhwkpump,200,4000
life,2026-08-03T03:23:20.684Z,Cz2M3oyo28kZiKn3MRq75hRmsygErdg6C5i9Hhwkpump,200,4000
life,2026-08-03T03:23:24.681Z,Cz2M3oyo28kZiKn3MRq75hRmsygErdg6C5i9Hhwkpump,200,4000
life,2026-08-03T03:23:28.677Z,Cz2M3oyo28kZiKn3MRq75hRmsygErdg6C5i9Hhwkpump,200,4000
life,2026-08-03T03:23:32.718Z,Cz2M3oyo28kZiKn3MRq75hRmsygErdg6C5i9Hhwkpump,200,4000
life,2026-08-03T03:23:36.693Z,Cz2M3oyo28kZiKn3MRq75hRmsygErdg6C5i9Hhwkpump,200,4000
life,2026-08-03T03:23:40.685Z,Cz2M3oyo28kZiKn3MRq75hRmsygErdg6C5i9Hhwkpump,200,4000
life,2026-08-03T03:23:44.685Z,Cz2M3oyo28kZiKn3MRq75hRmsygErdg6C5i9Hhwkpump,200,4000
life,2026-08-03T03:23:48.694Z,Cz2M3oyo28kZiKn3MRq75hRmsygErdg6C5i9Hhwkpump,200,4000
life,2026-08-03T03:23:52.683Z,Cz2M3oyo28kZiKn3MRq75hRmsygErdg6C5i9Hhwkpump,200,4000
life,2026-08-03T03:23:56.703Z,Cz2M3oyo28kZiKn3MRq75hRmsygErdg6C5i9Hhwkpump,200,4000
life,2026-08-03T03:24:00.691Z,Cz2M3oyo28kZiKn3MRq75hRmsygErdg6C5i9Hhwkpump,200,4000
life,2026-08-03T03:24:04.690Z,Cz2M3oyo28kZiKn3MRq75hRmsygErdg6C5i9Hhwkpump,200,4000
life,2026-08-03T03:24:08.700Z,Cz2M3oyo28kZiKn3MRq75hRmsygErdg6C5i9Hhwkpump,200,4000
life,2026-08-03T03:24:12.703Z,Cz2M3oyo28kZiKn3MRq75hRmsygErdg6C5i9Hhwkpump,200,4000
life,2026-08-03T03:24:16.708Z,Cz2M3oyo28kZiKn3MRq75hRmsygErdg6C5i9Hhwkpump,200,4000
life,2026-08-03T03:24:20.935Z,Cz2M3oyo28kZiKn3MRq75hRmsygErdg6C5i9Hhwkpump,200,4000
life,2026-08-03T03:24:24.701Z,Cz2M3oyo28kZiKn3MRq75hRmsygErdg6C5i9Hhwkpump,200,4000
life,2026-08-03T03:24:28.705Z,Cz2M3oyo28kZiKn3MRq75hRmsygErdg6C5i9Hhwkpump,200,4000
life,2026-08-03T03:24:32.701Z,Cz2M3oyo28kZiKn3MRq75hRmsygErdg6C5i9Hhwkpump,200,4000
life,2026-08-03T03:24:36.713Z,Cz2M3oyo28kZiKn3MRq75hRmsygErdg6C5i9Hhwkpump,200,4000
life,2026-08-03T03:24:40.718Z,Cz2M3oyo28kZiKn3MRq75hRmsygErdg6C5i9Hhwkpump,200,4000
life,2026-08-03T03:24:44.721Z,Cz2M3oyo28kZiKn3MRq75hRmsygErdg6C5i9Hhwkpump,200,4000
life,2026-08-03T03:24:48.916Z,Cz2M3oyo28kZiKn3MRq75hRmsygErdg6C5i9Hhwkpump,200,4000
life,2026-08-03T03:24:52.710Z,Cz2M3oyo28kZiKn3MRq75hRmsygErdg6C5i9Hhwkpump,200,4000
life,2026-08-03T03:24:56.715Z,Cz2M3oyo28kZiKn3MRq75hRmsygErdg6C5i9Hhwkpump,200,4000
life,2026-08-03T03:25:00.718Z,Cz2M3oyo28kZiKn3MRq75hRmsygErdg6C5i9Hhwkpump,200,4000
life,2026-08-03T03:25:04.735Z,Cz2M3oyo28kZiKn3MRq75hRmsygErdg6C5i9Hhwkpump,200,4000
life,2026-08-03T03:25:08.724Z,Cz2M3oyo28kZiKn3MRq75hRmsygErdg6C5i9Hhwkpump,200,4000
life,2026-08-03T03:25:12.722Z,Cz2M3oyo28kZiKn3MRq75hRmsygErdg6C5i9Hhwkpump,200,4000
life,2026-08-03T03:25:16.743Z,Cz2M3oyo28kZiKn3MRq75hRmsygErdg6C5i9Hhwkpump,200,4000
life,2026-08-03T03:25:20.958Z,Cz2M3oyo28kZiKn3MRq75hRmsygErdg6C5i9Hhwkpump,200,4000
life,2026-08-03T03:25:24.742Z,Cz2M3oyo28kZiKn3MRq75hRmsygErdg6C5i9Hhwkpump,200,4000
life,2026-08-03T03:25:28.738Z,Cz2M3oyo28kZiKn3MRq75hRmsygErdg6C5i9Hhwkpump,200,4000
life,2026-08-03T03:25:32.729Z,Cz2M3oyo28kZiKn3MRq75hRmsygErdg6C5i9Hhwkpump,200,4000
life,2026-08-03T03:25:36.745Z,Cz2M3oyo28kZiKn3MRq75hRmsygErdg6C5i9Hhwkpump,200,4000
life,2026-08-03T03:25:40.738Z,Cz2M3oyo28kZiKn3MRq75hRmsygErdg6C5i9Hhwkpump,200,4000
life,2026-08-03T03:25:44.751Z,Cz2M3oyo28kZiKn3MRq75hRmsygErdg6C5i9Hhwkpump,200,4000
life,2026-08-03T03:25:48.732Z,Cz2M3oyo28kZiKn3MRq75hRmsygErdg6C5i9Hhwkpump,200,4000
life,2026-08-03T03:25:52.741Z,Cz2M3oyo28kZiKn3MRq75hRmsygErdg6C5i9Hhwkpump,200,4000
life,2026-08-03T03:25:56.744Z,Cz2M3oyo28kZiKn3MRq75hRmsygErdg6C5i9Hhwkpump,200,4000
life,2026-08-03T03:26:00.740Z,Cz2M3oyo28kZiKn3MRq75hRmsygErdg6C5i9Hhwkpump,200,4000
life,2026-08-03T03:26:04.737Z,Cz2M3oyo28kZiKn3MRq75hRmsygErdg6C5i9Hhwkpump,200,4000
life,2026-08-03T03:26:08.739Z,Cz2M3oyo28kZiKn3MRq75hRmsygErdg6C5i9Hhwkpump,200,4000
life,2026-08-03T03:26:12.741Z,Cz2M3oyo28kZiKn3MRq75hRmsygErdg6C5i9Hhwkpump,200,4000
life,2026-08-03T03:26:16.747Z,Cz2M3oyo28kZiKn3MRq75hRmsygErdg6C5i9Hhwkpump,200,4000
life,2026-08-03T03:26:20.761Z,Cz2M3oyo28kZiKn3MRq75hRmsygErdg6C5i9Hhwkpump,200,4000
life,2026-08-03T03:26:24.755Z,Cz2M3oyo28kZiKn3MRq75hRmsygErdg6C5i9Hhwkpump,200,4000
life,2026-08-03T03:26:28.753Z,Cz2M3oyo28kZiKn3MRq75hRmsygErdg6C5i9Hhwkpump,200,4000
life,2026-08-03T03:26:32.754Z,Cz2M3oyo28kZiKn3MRq75hRmsygErdg6C5i9Hhwkpump,200,4000
life,2026-08-03T03:26:36.768Z,9y2VWxWB8JPYbQoPRt7DXpEeqiDubeVZD25adVHBpump,200,4000
life,2026-08-03T03:26:40.759Z,9y2VWxWB8JPYbQoPRt7DXpEeqiDubeVZD25adVHBpump,200,4000
life,2026-08-03T03:26:44.780Z,9y2VWxWB8JPYbQoPRt7DXpEeqiDubeVZD25adVHBpump,200,4000
life,2026-08-03T03:26:48.782Z,9y2VWxWB8JPYbQoPRt7DXpEeqiDubeVZD25adVHBpump,200,4000
life,2026-08-03T03:26:52.788Z,9y2VWxWB8JPYbQoPRt7DXpEeqiDubeVZD25adVHBpump,200,4000
life,2026-08-03T03:26:56.769Z,9y2VWxWB8JPYbQoPRt7DXpEeqiDubeVZD25adVHBpump,200,4000
life,2026-08-03T03:27:00.774Z,9y2VWxWB8JPYbQoPRt7DXpEeqiDubeVZD25adVHBpump,200,4000
life,2026-08-03T03:27:04.782Z,9y2VWxWB8JPYbQoPRt7DXpEeqiDubeVZD25adVHBpump,200,4000
life,2026-08-03T03:27:08.772Z,9y2VWxWB8JPYbQoPRt7DXpEeqiDubeVZD25adVHBpump,200,4000
life,2026-08-03T03:27:12.890Z,9y2VWxWB8JPYbQoPRt7DXpEeqiDubeVZD25adVHBpump,200,4000
life,2026-08-03T03:27:16.789Z,9y2VWxWB8JPYbQoPRt7DXpEeqiDubeVZD25adVHBpump,200,4000
life,2026-08-03T03:27:20.789Z,9y2VWxWB8JPYbQoPRt7DXpEeqiDubeVZD25adVHBpump,200,4000
life,2026-08-03T03:27:24.894Z,9y2VWxWB8JPYbQoPRt7DXpEeqiDubeVZD25adVHBpump,200,4000
life,2026-08-03T03:27:28.859Z,9y2VWxWB8JPYbQoPRt7DXpEeqiDubeVZD25adVHBpump,200,4000
life,2026-08-03T03:27:32.778Z,9y2VWxWB8JPYbQoPRt7DXpEeqiDubeVZD25adVHBpump,200,4000
life,2026-08-03T03:27:36.786Z,9y2VWxWB8JPYbQoPRt7DXpEeqiDubeVZD25adVHBpump,200,4000
life,2026-08-03T03:27:40.779Z,9y2VWxWB8JPYbQoPRt7DXpEeqiDubeVZD25adVHBpump,200,4000
life,2026-08-03T03:27:44.804Z,9y2VWxWB8JPYbQoPRt7DXpEeqiDubeVZD25adVHBpump,200,4000
life,2026-08-03T03:27:48.796Z,9y2VWxWB8JPYbQoPRt7DXpEeqiDubeVZD25adVHBpump,200,4000
life,2026-08-03T03:27:52.811Z,9y2VWxWB8JPYbQoPRt7DXpEeqiDubeVZD25adVHBpump,200,4000
life,2026-08-03T03:27:56.788Z,9y2VWxWB8JPYbQoPRt7DXpEeqiDubeVZD25adVHBpump,200,4000
life,2026-08-03T03:28:00.800Z,9y2VWxWB8JPYbQoPRt7DXpEeqiDubeVZD25adVHBpump,200,4000
life,2026-08-03T03:28:04.801Z,9y2VWxWB8JPYbQoPRt7DXpEeqiDubeVZD25adVHBpump,200,4000
life,2026-08-03T03:28:08.800Z,9y2VWxWB8JPYbQoPRt7DXpEeqiDubeVZD25adVHBpump,200,4000
life,2026-08-03T03:28:12.817Z,9y2VWxWB8JPYbQoPRt7DXpEeqiDubeVZD25adVHBpump,200,4000
life,2026-08-03T03:28:16.805Z,9y2VWxWB8JPYbQoPRt7DXpEeqiDubeVZD25adVHBpump,200,4000
life,2026-08-03T03:28:20.803Z,9y2VWxWB8JPYbQoPRt7DXpEeqiDubeVZD25adVHBpump,200,4000
life,2026-08-03T03:28:24.806Z,9y2VWxWB8JPYbQoPRt7DXpEeqiDubeVZD25adVHBpump,200,4000
life,2026-08-03T03:28:28.806Z,9y2VWxWB8JPYbQoPRt7DXpEeqiDubeVZD25adVHBpump,200,4000
life,2026-08-03T03:28:32.804Z,9y2VWxWB8JPYbQoPRt7DXpEeqiDubeVZD25adVHBpump,200,4000
life,2026-08-03T03:28:36.804Z,9y2VWxWB8JPYbQoPRt7DXpEeqiDubeVZD25adVHBpump,200,4000
life,2026-08-03T03:28:40.807Z,9y2VWxWB8JPYbQoPRt7DXpEeqiDubeVZD25adVHBpump,200,4000
life,2026-08-03T03:28:44.821Z,9y2VWxWB8JPYbQoPRt7DXpEeqiDubeVZD25adVHBpump,200,4000
life,2026-08-03T03:28:48.809Z,9y2VWxWB8JPYbQoPRt7DXpEeqiDubeVZD25adVHBpump,200,4000
life,2026-08-03T03:28:52.812Z,9y2VWxWB8JPYbQoPRt7DXpEeqiDubeVZD25adVHBpump,200,4000
life,2026-08-03T03:28:56.958Z,9y2VWxWB8JPYbQoPRt7DXpEeqiDubeVZD25adVHBpump,200,4000
life,2026-08-03T03:29:00.830Z,9y2VWxWB8JPYbQoPRt7DXpEeqiDubeVZD25adVHBpump,200,4000
life,2026-08-03T03:29:04.825Z,9y2VWxWB8JPYbQoPRt7DXpEeqiDubeVZD25adVHBpump,200,4000
life,2026-08-03T03:29:08.819Z,9y2VWxWB8JPYbQoPRt7DXpEeqiDubeVZD25adVHBpump,200,4000
life,2026-08-03T03:29:12.833Z,9y2VWxWB8JPYbQoPRt7DXpEeqiDubeVZD25adVHBpump,200,4000
life,2026-08-03T03:29:16.837Z,9y2VWxWB8JPYbQoPRt7DXpEeqiDubeVZD25adVHBpump,200,4000
life,2026-08-03T03:29:20.838Z,9y2VWxWB8JPYbQoPRt7DXpEeqiDubeVZD25adVHBpump,200,4000
life,2026-08-03T03:29:24.825Z,9y2VWxWB8JPYbQoPRt7DXpEeqiDubeVZD25adVHBpump,200,4000
life,2026-08-03T03:29:28.836Z,9y2VWxWB8JPYbQoPRt7DXpEeqiDubeVZD25adVHBpump,200,4000
life,2026-08-03T03:29:32.823Z,9y2VWxWB8JPYbQoPRt7DXpEeqiDubeVZD25adVHBpump,200,4000
life,2026-08-03T03:29:36.830Z,9y2VWxWB8JPYbQoPRt7DXpEeqiDubeVZD25adVHBpump,200,4000
life,2026-08-03T03:29:40.853Z,9y2VWxWB8JPYbQoPRt7DXpEeqiDubeVZD25adVHBpump,200,4000
life,2026-08-03T03:29:44.843Z,9y2VWxWB8JPYbQoPRt7DXpEeqiDubeVZD25adVHBpump,200,4000
life,2026-08-03T03:29:48.848Z,9y2VWxWB8JPYbQoPRt7DXpEeqiDubeVZD25adVHBpump,200,4000
life,2026-08-03T03:29:52.863Z,Br89EN3uVz9Zwv4jyMMKHzkXaXRo1fAadctYQNVUpump,200,4000
life,2026-08-03T03:29:56.851Z,Br89EN3uVz9Zwv4jyMMKHzkXaXRo1fAadctYQNVUpump,200,4000
life,2026-08-03T03:30:00.872Z,Br89EN3uVz9Zwv4jyMMKHzkXaXRo1fAadctYQNVUpump,200,4000
life,2026-08-03T03:30:04.851Z,Br89EN3uVz9Zwv4jyMMKHzkXaXRo1fAadctYQNVUpump,200,4000
life,2026-08-03T03:30:08.885Z,Br89EN3uVz9Zwv4jyMMKHzkXaXRo1fAadctYQNVUpump,200,4000
life,2026-08-03T03:30:12.858Z,Br89EN3uVz9Zwv4jyMMKHzkXaXRo1fAadctYQNVUpump,200,4000
life,2026-08-03T03:30:16.862Z,Br89EN3uVz9Zwv4jyMMKHzkXaXRo1fAadctYQNVUpump,200,4000
life,2026-08-03T03:30:20.857Z,Br89EN3uVz9Zwv4jyMMKHzkXaXRo1fAadctYQNVUpump,200,4000
life,2026-08-03T03:30:24.881Z,Br89EN3uVz9Zwv4jyMMKHzkXaXRo1fAadctYQNVUpump,200,4000
life,2026-08-03T03:30:28.854Z,Br89EN3uVz9Zwv4jyMMKHzkXaXRo1fAadctYQNVUpump,200,4000
life,2026-08-03T03:30:32.858Z,Br89EN3uVz9Zwv4jyMMKHzkXaXRo1fAadctYQNVUpump,200,4000
life,2026-08-03T03:30:36.866Z,Br89EN3uVz9Zwv4jyMMKHzkXaXRo1fAadctYQNVUpump,200,4000
life,2026-08-03T03:30:40.859Z,Br89EN3uVz9Zwv4jyMMKHzkXaXRo1fAadctYQNVUpump,200,4000
life,2026-08-03T03:30:44.870Z,Br89EN3uVz9Zwv4jyMMKHzkXaXRo1fAadctYQNVUpump,200,4000
life,2026-08-03T03:30:48.862Z,Br89EN3uVz9Zwv4jyMMKHzkXaXRo1fAadctYQNVUpump,200,4000
life,2026-08-03T03:30:52.861Z,Br89EN3uVz9Zwv4jyMMKHzkXaXRo1fAadctYQNVUpump,200,4000
life,2026-08-03T03:30:56.864Z,Br89EN3uVz9Zwv4jyMMKHzkXaXRo1fAadctYQNVUpump,200,4000
life,2026-08-03T03:31:00.872Z,Br89EN3uVz9Zwv4jyMMKHzkXaXRo1fAadctYQNVUpump,200,4000
life,2026-08-03T03:31:04.880Z,Br89EN3uVz9Zwv4jyMMKHzkXaXRo1fAadctYQNVUpump,200,4000
life,2026-08-03T03:31:09.206Z,zes5tE3CShN8srHEuyxVcZ1reMKrXFW5gbRNaLypump,200,4000
life,2026-08-03T03:31:12.926Z,zes5tE3CShN8srHEuyxVcZ1reMKrXFW5gbRNaLypump,200,4000
life,2026-08-03T03:31:16.895Z,zes5tE3CShN8srHEuyxVcZ1reMKrXFW5gbRNaLypump,200,4000
life,2026-08-03T03:31:20.949Z,zes5tE3CShN8srHEuyxVcZ1reMKrXFW5gbRNaLypump,200,4000
life,2026-08-03T03:31:24.888Z,zes5tE3CShN8srHEuyxVcZ1reMKrXFW5gbRNaLypump,200,4000
life,2026-08-03T03:31:28.896Z,zes5tE3CShN8srHEuyxVcZ1reMKrXFW5gbRNaLypump,200,4000
life,2026-08-03T03:31:32.898Z,zes5tE3CShN8srHEuyxVcZ1reMKrXFW5gbRNaLypump,200,4000
life,2026-08-03T03:31:36.887Z,zes5tE3CShN8srHEuyxVcZ1reMKrXFW5gbRNaLypump,200,4000
life,2026-08-03T03:31:40.895Z,zes5tE3CShN8srHEuyxVcZ1reMKrXFW5gbRNaLypump,200,4000
life,2026-08-03T03:31:45.027Z,zes5tE3CShN8srHEuyxVcZ1reMKrXFW5gbRNaLypump,200,4000
life,2026-08-03T03:31:48.904Z,zes5tE3CShN8srHEuyxVcZ1reMKrXFW5gbRNaLypump,200,4000
life,2026-08-03T03:31:52.898Z,zes5tE3CShN8srHEuyxVcZ1reMKrXFW5gbRNaLypump,200,4000
life,2026-08-03T03:31:56.897Z,zes5tE3CShN8srHEuyxVcZ1reMKrXFW5gbRNaLypump,200,4000
life,2026-08-03T03:32:00.898Z,zes5tE3CShN8srHEuyxVcZ1reMKrXFW5gbRNaLypump,200,4000
life,2026-08-03T03:32:04.906Z,zes5tE3CShN8srHEuyxVcZ1reMKrXFW5gbRNaLypump,200,4000
life,2026-08-03T03:32:08.904Z,zes5tE3CShN8srHEuyxVcZ1reMKrXFW5gbRNaLypump,200,4000
life,2026-08-03T03:32:12.903Z,zes5tE3CShN8srHEuyxVcZ1reMKrXFW5gbRNaLypump,200,4000
life,2026-08-03T03:32:16.908Z,zes5tE3CShN8srHEuyxVcZ1reMKrXFW5gbRNaLypump,200,4000
life,2026-08-03T03:32:20.921Z,zes5tE3CShN8srHEuyxVcZ1reMKrXFW5gbRNaLypump,200,4000
life,2026-08-03T03:32:24.918Z,zes5tE3CShN8srHEuyxVcZ1reMKrXFW5gbRNaLypump,200,4000
life,2026-08-03T03:32:28.917Z,zes5tE3CShN8srHEuyxVcZ1reMKrXFW5gbRNaLypump,200,4000
life,2026-08-03T03:32:32.910Z,zes5tE3CShN8srHEuyxVcZ1reMKrXFW5gbRNaLypump,200,4000
life,2026-08-03T03:32:37.011Z,zes5tE3CShN8srHEuyxVcZ1reMKrXFW5gbRNaLypump,200,4000
life,2026-08-03T03:32:40.916Z,zes5tE3CShN8srHEuyxVcZ1reMKrXFW5gbRNaLypump,200,4000
life,2026-08-03T03:32:44.918Z,zes5tE3CShN8srHEuyxVcZ1reMKrXFW5gbRNaLypump,200,4000
life,2026-08-03T03:32:48.940Z,zes5tE3CShN8srHEuyxVcZ1reMKrXFW5gbRNaLypump,200,4000
life,2026-08-03T03:32:52.925Z,zes5tE3CShN8srHEuyxVcZ1reMKrXFW5gbRNaLypump,200,4000
life,2026-08-03T03:32:56.929Z,zes5tE3CShN8srHEuyxVcZ1reMKrXFW5gbRNaLypump,200,4000
life,2026-08-03T03:33:00.925Z,zes5tE3CShN8srHEuyxVcZ1reMKrXFW5gbRNaLypump,200,4000
life,2026-08-03T03:33:04.931Z,zes5tE3CShN8srHEuyxVcZ1reMKrXFW5gbRNaLypump,200,4000
life,2026-08-03T03:33:08.938Z,zes5tE3CShN8srHEuyxVcZ1reMKrXFW5gbRNaLypump,200,4000
life,2026-08-03T03:33:12.929Z,zes5tE3CShN8srHEuyxVcZ1reMKrXFW5gbRNaLypump,200,4000
life,2026-08-03T03:33:16.930Z,zes5tE3CShN8srHEuyxVcZ1reMKrXFW5gbRNaLypump,200,4000
life,2026-08-03T03:33:21.106Z,zes5tE3CShN8srHEuyxVcZ1reMKrXFW5gbRNaLypump,200,4000
life,2026-08-03T03:33:24.931Z,zes5tE3CShN8srHEuyxVcZ1reMKrXFW5gbRNaLypump,200,4000
life,2026-08-03T03:33:28.946Z,zes5tE3CShN8srHEuyxVcZ1reMKrXFW5gbRNaLypump,200,4000
life,2026-08-03T03:33:32.933Z,zes5tE3CShN8srHEuyxVcZ1reMKrXFW5gbRNaLypump,200,4000
life,2026-08-03T03:33:36.937Z,zes5tE3CShN8srHEuyxVcZ1reMKrXFW5gbRNaLypump,200,4000
life,2026-08-03T03:33:40.947Z,zes5tE3CShN8srHEuyxVcZ1reMKrXFW5gbRNaLypump,200,4000
life,2026-08-03T03:33:44.953Z,zes5tE3CShN8srHEuyxVcZ1reMKrXFW5gbRNaLypump,200,4000
life,2026-08-03T03:33:48.962Z,zes5tE3CShN8srHEuyxVcZ1reMKrXFW5gbRNaLypump,200,4000
life,2026-08-03T03:33:52.944Z,zes5tE3CShN8srHEuyxVcZ1reMKrXFW5gbRNaLypump,200,4000
life,2026-08-03T03:33:56.949Z,zes5tE3CShN8srHEuyxVcZ1reMKrXFW5gbRNaLypump,200,4000
life,2026-08-03T03:34:00.953Z,zes5tE3CShN8srHEuyxVcZ1reMKrXFW5gbRNaLypump,200,4000
life,2026-08-03T03:34:04.961Z,zes5tE3CShN8srHEuyxVcZ1reMKrXFW5gbRNaLypump,200,4000
life,2026-08-03T03:34:08.949Z,zes5tE3CShN8srHEuyxVcZ1reMKrXFW5gbRNaLypump,200,4000
life,2026-08-03T03:34:12.959Z,zes5tE3CShN8srHEuyxVcZ1reMKrXFW5gbRNaLypump,200,4000
life,2026-08-03T03:34:16.955Z,zes5tE3CShN8srHEuyxVcZ1reMKrXFW5gbRNaLypump,200,4000
life,2026-08-03T03:34:20.958Z,zes5tE3CShN8srHEuyxVcZ1reMKrXFW5gbRNaLypump,200,4000
life,2026-08-03T03:34:24.983Z,7PfBNTnLC7tmCSW4cvibSsDbDzrx3mcRfFrRmuExpump,200,4000
life,2026-08-03T03:34:28.980Z,7PfBNTnLC7tmCSW4cvibSsDbDzrx3mcRfFrRmuExpump,200,4000
life,2026-08-03T03:34:32.966Z,7PfBNTnLC7tmCSW4cvibSsDbDzrx3mcRfFrRmuExpump,200,4000
life,2026-08-03T03:34:37.008Z,7PfBNTnLC7tmCSW4cvibSsDbDzrx3mcRfFrRmuExpump,200,4000
life,2026-08-03T03:34:40.965Z,7PfBNTnLC7tmCSW4cvibSsDbDzrx3mcRfFrRmuExpump,200,4000
life,2026-08-03T03:34:44.977Z,7PfBNTnLC7tmCSW4cvibSsDbDzrx3mcRfFrRmuExpump,200,4000
life,2026-08-03T03:34:48.973Z,7PfBNTnLC7tmCSW4cvibSsDbDzrx3mcRfFrRmuExpump,200,4000
life,2026-08-03T03:34:52.974Z,7PfBNTnLC7tmCSW4cvibSsDbDzrx3mcRfFrRmuExpump,200,4000
life,2026-08-03T03:34:57.006Z,7PfBNTnLC7tmCSW4cvibSsDbDzrx3mcRfFrRmuExpump,200,4000
life,2026-08-03T03:35:00.992Z,7PfBNTnLC7tmCSW4cvibSsDbDzrx3mcRfFrRmuExpump,200,4000
life,2026-08-03T03:35:05.039Z,7PfBNTnLC7tmCSW4cvibSsDbDzrx3mcRfFrRmuExpump,200,4000
life,2026-08-03T03:35:09.011Z,7PfBNTnLC7tmCSW4cvibSsDbDzrx3mcRfFrRmuExpump,200,4000
life,2026-08-03T03:35:13.004Z,7PfBNTnLC7tmCSW4cvibSsDbDzrx3mcRfFrRmuExpump,200,4000
life,2026-08-03T03:35:17.011Z,7PfBNTnLC7tmCSW4cvibSsDbDzrx3mcRfFrRmuExpump,200,4000
life,2026-08-03T03:35:21.005Z,7PfBNTnLC7tmCSW4cvibSsDbDzrx3mcRfFrRmuExpump,200,4000
life,2026-08-03T03:35:25.001Z,7PfBNTnLC7tmCSW4cvibSsDbDzrx3mcRfFrRmuExpump,200,4000
life,2026-08-03T03:35:29.005Z,7PfBNTnLC7tmCSW4cvibSsDbDzrx3mcRfFrRmuExpump,200,4000
life,2026-08-03T03:35:32.999Z,7PfBNTnLC7tmCSW4cvibSsDbDzrx3mcRfFrRmuExpump,200,4000
life,2026-08-03T03:35:37.002Z,7PfBNTnLC7tmCSW4cvibSsDbDzrx3mcRfFrRmuExpump,200,4000
life,2026-08-03T03:35:41.012Z,7PfBNTnLC7tmCSW4cvibSsDbDzrx3mcRfFrRmuExpump,200,4000
life,2026-08-03T03:35:45.014Z,7PfBNTnLC7tmCSW4cvibSsDbDzrx3mcRfFrRmuExpump,200,4000
life,2026-08-03T03:35:49.004Z,7PfBNTnLC7tmCSW4cvibSsDbDzrx3mcRfFrRmuExpump,200,4000
life,2026-08-03T03:35:53.009Z,7PfBNTnLC7tmCSW4cvibSsDbDzrx3mcRfFrRmuExpump,200,4000
life,2026-08-03T03:35:57.002Z,7PfBNTnLC7tmCSW4cvibSsDbDzrx3mcRfFrRmuExpump,200,4000
life,2026-08-03T03:36:01.103Z,7PfBNTnLC7tmCSW4cvibSsDbDzrx3mcRfFrRmuExpump,200,4000
life,2026-08-03T03:36:05.012Z,7PfBNTnLC7tmCSW4cvibSsDbDzrx3mcRfFrRmuExpump,200,4000
life,2026-08-03T03:36:09.014Z,7PfBNTnLC7tmCSW4cvibSsDbDzrx3mcRfFrRmuExpump,200,4000
life,2026-08-03T03:36:13.026Z,7PfBNTnLC7tmCSW4cvibSsDbDzrx3mcRfFrRmuExpump,200,4000
life,2026-08-03T03:36:17.021Z,7PfBNTnLC7tmCSW4cvibSsDbDzrx3mcRfFrRmuExpump,200,4000
life,2026-08-03T03:36:21.020Z,7PfBNTnLC7tmCSW4cvibSsDbDzrx3mcRfFrRmuExpump,200,4000
life,2026-08-03T03:36:25.011Z,7PfBNTnLC7tmCSW4cvibSsDbDzrx3mcRfFrRmuExpump,200,4000
life,2026-08-03T03:36:29.020Z,7PfBNTnLC7tmCSW4cvibSsDbDzrx3mcRfFrRmuExpump,200,4000
life,2026-08-03T03:36:33.031Z,7PfBNTnLC7tmCSW4cvibSsDbDzrx3mcRfFrRmuExpump,200,4000
life,2026-08-03T03:36:37.015Z,7PfBNTnLC7tmCSW4cvibSsDbDzrx3mcRfFrRmuExpump,200,4000
life,2026-08-03T03:36:41.022Z,7PfBNTnLC7tmCSW4cvibSsDbDzrx3mcRfFrRmuExpump,200,4000
life,2026-08-03T03:36:45.024Z,7PfBNTnLC7tmCSW4cvibSsDbDzrx3mcRfFrRmuExpump,200,4000
life,2026-08-03T03:36:49.105Z,7PfBNTnLC7tmCSW4cvibSsDbDzrx3mcRfFrRmuExpump,200,4000
life,2026-08-03T03:36:53.031Z,7PfBNTnLC7tmCSW4cvibSsDbDzrx3mcRfFrRmuExpump,200,4000
life,2026-08-03T03:36:57.029Z,7PfBNTnLC7tmCSW4cvibSsDbDzrx3mcRfFrRmuExpump,200,4000
life,2026-08-03T03:37:01.030Z,7PfBNTnLC7tmCSW4cvibSsDbDzrx3mcRfFrRmuExpump,200,4000
life,2026-08-03T03:37:05.043Z,7PfBNTnLC7tmCSW4cvibSsDbDzrx3mcRfFrRmuExpump,200,4000
life,2026-08-03T03:37:09.037Z,7PfBNTnLC7tmCSW4cvibSsDbDzrx3mcRfFrRmuExpump,200,4000
life,2026-08-03T03:37:13.060Z,7PfBNTnLC7tmCSW4cvibSsDbDzrx3mcRfFrRmuExpump,200,4000
life,2026-08-03T03:37:17.040Z,7PfBNTnLC7tmCSW4cvibSsDbDzrx3mcRfFrRmuExpump,200,4000
life,2026-08-03T03:37:21.051Z,7PfBNTnLC7tmCSW4cvibSsDbDzrx3mcRfFrRmuExpump,200,4000
life,2026-08-03T03:37:25.058Z,7PfBNTnLC7tmCSW4cvibSsDbDzrx3mcRfFrRmuExpump,200,4000
life,2026-08-03T03:37:29.060Z,7PfBNTnLC7tmCSW4cvibSsDbDzrx3mcRfFrRmuExpump,200,4000
life,2026-08-03T03:37:33.080Z,7PfBNTnLC7tmCSW4cvibSsDbDzrx3mcRfFrRmuExpump,200,4000
life,2026-08-03T03:37:37.051Z,7PfBNTnLC7tmCSW4cvibSsDbDzrx3mcRfFrRmuExpump,200,4000
life,2026-08-03T03:37:41.064Z,7PfBNTnLC7tmCSW4cvibSsDbDzrx3mcRfFrRmuExpump,200,4000
life,2026-08-03T03:37:45.060Z,7PfBNTnLC7tmCSW4cvibSsDbDzrx3mcRfFrRmuExpump,200,4000
life,2026-08-03T03:37:49.061Z,7PfBNTnLC7tmCSW4cvibSsDbDzrx3mcRfFrRmuExpump,200,4000
life,2026-08-03T03:37:53.057Z,7PfBNTnLC7tmCSW4cvibSsDbDzrx3mcRfFrRmuExpump,200,4000
life,2026-08-03T03:37:57.082Z,2rXsK5JneEyCX8BGuYa3GvjncvNVroqoVtgP8pmnpump,200,4000
life,2026-08-03T03:38:01.081Z,2rXsK5JneEyCX8BGuYa3GvjncvNVroqoVtgP8pmnpump,200,4000
life,2026-08-03T03:38:05.072Z,2rXsK5JneEyCX8BGuYa3GvjncvNVroqoVtgP8pmnpump,200,4000
life,2026-08-03T03:38:09.069Z,2rXsK5JneEyCX8BGuYa3GvjncvNVroqoVtgP8pmnpump,200,4000
life,2026-08-03T03:38:13.084Z,2rXsK5JneEyCX8BGuYa3GvjncvNVroqoVtgP8pmnpump,200,4000
life,2026-08-03T03:38:17.073Z,2rXsK5JneEyCX8BGuYa3GvjncvNVroqoVtgP8pmnpump,200,4000
life,2026-08-03T03:38:21.075Z,2rXsK5JneEyCX8BGuYa3GvjncvNVroqoVtgP8pmnpump,200,4000
life,2026-08-03T03:38:25.075Z,2rXsK5JneEyCX8BGuYa3GvjncvNVroqoVtgP8pmnpump,200,4000
life,2026-08-03T03:38:29.075Z,2rXsK5JneEyCX8BGuYa3GvjncvNVroqoVtgP8pmnpump,200,4000
life,2026-08-03T03:38:33.076Z,2rXsK5JneEyCX8BGuYa3GvjncvNVroqoVtgP8pmnpump,200,4000
life,2026-08-03T03:38:37.091Z,2rXsK5JneEyCX8BGuYa3GvjncvNVroqoVtgP8pmnpump,200,4000
life,2026-08-03T03:38:41.079Z,2rXsK5JneEyCX8BGuYa3GvjncvNVroqoVtgP8pmnpump,200,4000
life,2026-08-03T03:38:45.082Z,2rXsK5JneEyCX8BGuYa3GvjncvNVroqoVtgP8pmnpump,200,4000
life,2026-08-03T03:38:49.085Z,2rXsK5JneEyCX8BGuYa3GvjncvNVroqoVtgP8pmnpump,200,4000
life,2026-08-03T03:38:53.090Z,2rXsK5JneEyCX8BGuYa3GvjncvNVroqoVtgP8pmnpump,200,4000
life,2026-08-03T03:38:57.094Z,2rXsK5JneEyCX8BGuYa3GvjncvNVroqoVtgP8pmnpump,200,4000
life,2026-08-03T03:39:01.098Z,2rXsK5JneEyCX8BGuYa3GvjncvNVroqoVtgP8pmnpump,200,4000
life,2026-08-03T03:39:05.096Z,2rXsK5JneEyCX8BGuYa3GvjncvNVroqoVtgP8pmnpump,200,4000
life,2026-08-03T03:39:09.115Z,2rXsK5JneEyCX8BGuYa3GvjncvNVroqoVtgP8pmnpump,200,4000
life,2026-08-03T03:39:13.113Z,2rXsK5JneEyCX8BGuYa3GvjncvNVroqoVtgP8pmnpump,200,4000
life,2026-08-03T03:39:17.105Z,2rXsK5JneEyCX8BGuYa3GvjncvNVroqoVtgP8pmnpump,200,4000
life,2026-08-03T03:39:21.121Z,2rXsK5JneEyCX8BGuYa3GvjncvNVroqoVtgP8pmnpump,200,4000
life,2026-08-03T03:39:25.108Z,2rXsK5JneEyCX8BGuYa3GvjncvNVroqoVtgP8pmnpump,200,4000
life,2026-08-03T03:39:29.111Z,2rXsK5JneEyCX8BGuYa3GvjncvNVroqoVtgP8pmnpump,200,4000
life,2026-08-03T03:39:33.110Z,2rXsK5JneEyCX8BGuYa3GvjncvNVroqoVtgP8pmnpump,200,4000
life,2026-08-03T03:39:37.121Z,2rXsK5JneEyCX8BGuYa3GvjncvNVroqoVtgP8pmnpump,200,4000
life,2026-08-03T03:39:41.121Z,2rXsK5JneEyCX8BGuYa3GvjncvNVroqoVtgP8pmnpump,200,4000
life,2026-08-03T03:39:45.134Z,4sVahM4U8js62mQV58ABSkNRhf6Ztc7Xs2LXUznNpump,200,4000
life,2026-08-03T03:39:49.120Z,4sVahM4U8js62mQV58ABSkNRhf6Ztc7Xs2LXUznNpump,200,4000
life,2026-08-03T03:39:53.161Z,4sVahM4U8js62mQV58ABSkNRhf6Ztc7Xs2LXUznNpump,200,4000
life,2026-08-03T03:39:57.118Z,4sVahM4U8js62mQV58ABSkNRhf6Ztc7Xs2LXUznNpump,200,4000
life,2026-08-03T03:40:01.130Z,4sVahM4U8js62mQV58ABSkNRhf6Ztc7Xs2LXUznNpump,200,4000
life,2026-08-03T03:40:05.131Z,4sVahM4U8js62mQV58ABSkNRhf6Ztc7Xs2LXUznNpump,200,4000
life,2026-08-03T03:40:09.147Z,4sVahM4U8js62mQV58ABSkNRhf6Ztc7Xs2LXUznNpump,200,4000
life,2026-08-03T03:40:13.131Z,4sVahM4U8js62mQV58ABSkNRhf6Ztc7Xs2LXUznNpump,200,4000
life,2026-08-03T03:40:17.157Z,4sVahM4U8js62mQV58ABSkNRhf6Ztc7Xs2LXUznNpump,200,4000
life,2026-08-03T03:40:21.129Z,4sVahM4U8js62mQV58ABSkNRhf6Ztc7Xs2LXUznNpump,200,4000
life,2026-08-03T03:40:25.137Z,4sVahM4U8js62mQV58ABSkNRhf6Ztc7Xs2LXUznNpump,200,4000
life,2026-08-03T03:40:29.139Z,4sVahM4U8js62mQV58ABSkNRhf6Ztc7Xs2LXUznNpump,200,4000
life,2026-08-03T03:40:33.147Z,4sVahM4U8js62mQV58ABSkNRhf6Ztc7Xs2LXUznNpump,200,4000
life,2026-08-03T03:40:37.138Z,4sVahM4U8js62mQV58ABSkNRhf6Ztc7Xs2LXUznNpump,200,4000
life,2026-08-03T03:40:41.149Z,4sVahM4U8js62mQV58ABSkNRhf6Ztc7Xs2LXUznNpump,200,4000
life,2026-08-03T03:40:45.174Z,4sVahM4U8js62mQV58ABSkNRhf6Ztc7Xs2LXUznNpump,200,4000
life,2026-08-03T03:40:49.151Z,4sVahM4U8js62mQV58ABSkNRhf6Ztc7Xs2LXUznNpump,200,4000
life,2026-08-03T03:40:53.164Z,4sVahM4U8js62mQV58ABSkNRhf6Ztc7Xs2LXUznNpump,200,4000
life,2026-08-03T03:40:57.156Z,4sVahM4U8js62mQV58ABSkNRhf6Ztc7Xs2LXUznNpump,200,4000
life,2026-08-03T03:41:01.941Z,4sVahM4U8js62mQV58ABSkNRhf6Ztc7Xs2LXUznNpump,200,4000
life,2026-08-03T03:41:05.166Z,4sVahM4U8js62mQV58ABSkNRhf6Ztc7Xs2LXUznNpump,200,4000
life,2026-08-03T03:41:09.242Z,4sVahM4U8js62mQV58ABSkNRhf6Ztc7Xs2LXUznNpump,200,4000
life,2026-08-03T03:41:13.171Z,4sVahM4U8js62mQV58ABSkNRhf6Ztc7Xs2LXUznNpump,200,4000
life,2026-08-03T03:41:17.167Z,4sVahM4U8js62mQV58ABSkNRhf6Ztc7Xs2LXUznNpump,200,4000
life,2026-08-03T03:41:21.172Z,4sVahM4U8js62mQV58ABSkNRhf6Ztc7Xs2LXUznNpump,200,4000
life,2026-08-03T03:41:25.189Z,4sVahM4U8js62mQV58ABSkNRhf6Ztc7Xs2LXUznNpump,200,4000
life,2026-08-03T03:41:29.171Z,4sVahM4U8js62mQV58ABSkNRhf6Ztc7Xs2LXUznNpump,200,4000
life,2026-08-03T03:41:33.181Z,4sVahM4U8js62mQV58ABSkNRhf6Ztc7Xs2LXUznNpump,200,4000
life,2026-08-03T03:41:37.194Z,4sVahM4U8js62mQV58ABSkNRhf6Ztc7Xs2LXUznNpump,200,4000
life,2026-08-03T03:41:41.191Z,4sVahM4U8js62mQV58ABSkNRhf6Ztc7Xs2LXUznNpump,200,4000
life,2026-08-03T03:41:45.215Z,C34Zcw52YyAsVcBfFhmaVpsGnHKEPZQHg2pqujdspump,200,4000
life,2026-08-03T03:41:49.205Z,C34Zcw52YyAsVcBfFhmaVpsGnHKEPZQHg2pqujdspump,200,4000
life,2026-08-03T03:41:53.185Z,C34Zcw52YyAsVcBfFhmaVpsGnHKEPZQHg2pqujdspump,200,4000
life,2026-08-03T03:41:57.205Z,C34Zcw52YyAsVcBfFhmaVpsGnHKEPZQHg2pqujdspump,200,4000
life,2026-08-03T03:42:01.187Z,C34Zcw52YyAsVcBfFhmaVpsGnHKEPZQHg2pqujdspump,200,4000
life,2026-08-03T03:42:05.189Z,C34Zcw52YyAsVcBfFhmaVpsGnHKEPZQHg2pqujdspump,200,4000
life,2026-08-03T03:42:09.197Z,C34Zcw52YyAsVcBfFhmaVpsGnHKEPZQHg2pqujdspump,200,4000
life,2026-08-03T03:42:13.204Z,C34Zcw52YyAsVcBfFhmaVpsGnHKEPZQHg2pqujdspump,200,4000
life,2026-08-03T03:42:17.227Z,C34Zcw52YyAsVcBfFhmaVpsGnHKEPZQHg2pqujdspump,200,4000
life,2026-08-03T03:42:21.206Z,C34Zcw52YyAsVcBfFhmaVpsGnHKEPZQHg2pqujdspump,200,4000
life,2026-08-03T03:42:25.196Z,C34Zcw52YyAsVcBfFhmaVpsGnHKEPZQHg2pqujdspump,200,4000
life,2026-08-03T03:42:29.217Z,FjTjSzPtikyr7woRmtinZjejJhBKsdoJZhQZdeFRpump,200,4000
life,2026-08-03T03:42:33.252Z,FjTjSzPtikyr7woRmtinZjejJhBKsdoJZhQZdeFRpump,200,4000
life,2026-08-03T03:42:37.208Z,FjTjSzPtikyr7woRmtinZjejJhBKsdoJZhQZdeFRpump,200,4000
life,2026-08-03T03:42:41.241Z,FjTjSzPtikyr7woRmtinZjejJhBKsdoJZhQZdeFRpump,200,4000
life,2026-08-03T03:42:45.212Z,FjTjSzPtikyr7woRmtinZjejJhBKsdoJZhQZdeFRpump,200,4000
life,2026-08-03T03:42:49.229Z,FjTjSzPtikyr7woRmtinZjejJhBKsdoJZhQZdeFRpump,200,4000
life,2026-08-03T03:42:53.216Z,FjTjSzPtikyr7woRmtinZjejJhBKsdoJZhQZdeFRpump,200,4000
life,2026-08-03T03:42:57.223Z,FjTjSzPtikyr7woRmtinZjejJhBKsdoJZhQZdeFRpump,200,4000
life,2026-08-03T03:43:01.237Z,FjTjSzPtikyr7woRmtinZjejJhBKsdoJZhQZdeFRpump,200,4000
life,2026-08-03T03:43:05.266Z,FjTjSzPtikyr7woRmtinZjejJhBKsdoJZhQZdeFRpump,200,4000
life,2026-08-03T03:43:09.240Z,FjTjSzPtikyr7woRmtinZjejJhBKsdoJZhQZdeFRpump,200,4000
life,2026-08-03T03:43:13.234Z,FjTjSzPtikyr7woRmtinZjejJhBKsdoJZhQZdeFRpump,200,4000
life,2026-08-03T03:43:17.226Z,FjTjSzPtikyr7woRmtinZjejJhBKsdoJZhQZdeFRpump,200,4000
life,2026-08-03T03:43:21.235Z,FjTjSzPtikyr7woRmtinZjejJhBKsdoJZhQZdeFRpump,200,4000
life,2026-08-03T03:43:25.248Z,FjTjSzPtikyr7woRmtinZjejJhBKsdoJZhQZdeFRpump,200,4000
life,2026-08-03T03:43:29.245Z,FjTjSzPtikyr7woRmtinZjejJhBKsdoJZhQZdeFRpump,200,4000
life,2026-08-03T03:43:33.255Z,FjTjSzPtikyr7woRmtinZjejJhBKsdoJZhQZdeFRpump,200,4000
life,2026-08-03T03:43:37.233Z,FjTjSzPtikyr7woRmtinZjejJhBKsdoJZhQZdeFRpump,200,4000
life,2026-08-03T03:43:41.236Z,FjTjSzPtikyr7woRmtinZjejJhBKsdoJZhQZdeFRpump,200,4000
life,2026-08-03T03:43:45.249Z,FjTjSzPtikyr7woRmtinZjejJhBKsdoJZhQZdeFRpump,200,4000
life,2026-08-03T03:43:49.237Z,FjTjSzPtikyr7woRmtinZjejJhBKsdoJZhQZdeFRpump,200,4000
life,2026-08-03T03:43:53.249Z,FjTjSzPtikyr7woRmtinZjejJhBKsdoJZhQZdeFRpump,200,4000
life,2026-08-03T03:43:57.250Z,FjTjSzPtikyr7woRmtinZjejJhBKsdoJZhQZdeFRpump,200,4000
life,2026-08-03T03:44:01.246Z,FjTjSzPtikyr7woRmtinZjejJhBKsdoJZhQZdeFRpump,200,4000
life,2026-08-03T03:44:05.242Z,FjTjSzPtikyr7woRmtinZjejJhBKsdoJZhQZdeFRpump,200,4000
life,2026-08-03T03:44:09.248Z,FjTjSzPtikyr7woRmtinZjejJhBKsdoJZhQZdeFRpump,200,4000
life,2026-08-03T03:44:13.266Z,FjTjSzPtikyr7woRmtinZjejJhBKsdoJZhQZdeFRpump,200,4000
life,2026-08-03T03:44:17.259Z,FjTjSzPtikyr7woRmtinZjejJhBKsdoJZhQZdeFRpump,200,4000
life,2026-08-03T03:44:21.254Z,FjTjSzPtikyr7woRmtinZjejJhBKsdoJZhQZdeFRpump,200,4000
life,2026-08-03T03:44:25.257Z,FjTjSzPtikyr7woRmtinZjejJhBKsdoJZhQZdeFRpump,200,4000
life,2026-08-03T03:44:29.258Z,FjTjSzPtikyr7woRmtinZjejJhBKsdoJZhQZdeFRpump,200,4000
life,2026-08-03T03:44:33.254Z,FjTjSzPtikyr7woRmtinZjejJhBKsdoJZhQZdeFRpump,200,4000
life,2026-08-03T03:44:37.260Z,FjTjSzPtikyr7woRmtinZjejJhBKsdoJZhQZdeFRpump,200,4000
life,2026-08-03T03:44:41.255Z,FjTjSzPtikyr7woRmtinZjejJhBKsdoJZhQZdeFRpump,200,4000
life,2026-08-03T03:44:45.260Z,FjTjSzPtikyr7woRmtinZjejJhBKsdoJZhQZdeFRpump,200,4000
life,2026-08-03T03:44:49.262Z,FjTjSzPtikyr7woRmtinZjejJhBKsdoJZhQZdeFRpump,200,4000
life,2026-08-03T03:44:53.275Z,FjTjSzPtikyr7woRmtinZjejJhBKsdoJZhQZdeFRpump,200,4000
life,2026-08-03T03:44:57.270Z,FjTjSzPtikyr7woRmtinZjejJhBKsdoJZhQZdeFRpump,200,4000
life,2026-08-03T03:45:01.270Z,FjTjSzPtikyr7woRmtinZjejJhBKsdoJZhQZdeFRpump,200,4000
life,2026-08-03T03:45:05.275Z,FjTjSzPtikyr7woRmtinZjejJhBKsdoJZhQZdeFRpump,200,4000
life,2026-08-03T03:45:09.355Z,FjTjSzPtikyr7woRmtinZjejJhBKsdoJZhQZdeFRpump,200,4000
life,2026-08-03T03:45:13.281Z,FjTjSzPtikyr7woRmtinZjejJhBKsdoJZhQZdeFRpump,200,4000
life,2026-08-03T03:45:17.280Z,FjTjSzPtikyr7woRmtinZjejJhBKsdoJZhQZdeFRpump,200,4000
life,2026-08-03T03:45:21.294Z,FjTjSzPtikyr7woRmtinZjejJhBKsdoJZhQZdeFRpump,200,4000
life,2026-08-03T03:45:25.282Z,FjTjSzPtikyr7woRmtinZjejJhBKsdoJZhQZdeFRpump,200,4000
life,2026-08-03T03:45:29.281Z,FjTjSzPtikyr7woRmtinZjejJhBKsdoJZhQZdeFRpump,200,4000
life,2026-08-03T03:45:33.286Z,FjTjSzPtikyr7woRmtinZjejJhBKsdoJZhQZdeFRpump,200,4000
life,2026-08-03T03:45:37.279Z,FjTjSzPtikyr7woRmtinZjejJhBKsdoJZhQZdeFRpump,200,4000
life,2026-08-03T03:45:41.296Z,CCdYjtrXzLStqTNeBgBSkDuZ5iVjqPtsq7n2buLKpump,200,4000
life,2026-08-03T03:45:45.333Z,CCdYjtrXzLStqTNeBgBSkDuZ5iVjqPtsq7n2buLKpump,200,4000
life,2026-08-03T03:45:49.314Z,CCdYjtrXzLStqTNeBgBSkDuZ5iVjqPtsq7n2buLKpump,200,4000
life,2026-08-03T03:45:53.313Z,CCdYjtrXzLStqTNeBgBSkDuZ5iVjqPtsq7n2buLKpump,200,4000
life,2026-08-03T03:45:57.319Z,CCdYjtrXzLStqTNeBgBSkDuZ5iVjqPtsq7n2buLKpump,200,4000
life,2026-08-03T03:46:01.307Z,CCdYjtrXzLStqTNeBgBSkDuZ5iVjqPtsq7n2buLKpump,200,4000
life,2026-08-03T03:46:05.402Z,CCdYjtrXzLStqTNeBgBSkDuZ5iVjqPtsq7n2buLKpump,200,4000
life,2026-08-03T03:46:09.311Z,CCdYjtrXzLStqTNeBgBSkDuZ5iVjqPtsq7n2buLKpump,200,4000
life,2026-08-03T03:46:13.329Z,CCdYjtrXzLStqTNeBgBSkDuZ5iVjqPtsq7n2buLKpump,200,4000
life,2026-08-03T03:46:17.314Z,CCdYjtrXzLStqTNeBgBSkDuZ5iVjqPtsq7n2buLKpump,200,4000
life,2026-08-03T03:46:21.320Z,CCdYjtrXzLStqTNeBgBSkDuZ5iVjqPtsq7n2buLKpump,200,4000
life,2026-08-03T03:46:25.319Z,CCdYjtrXzLStqTNeBgBSkDuZ5iVjqPtsq7n2buLKpump,200,4000
life,2026-08-03T03:46:29.320Z,CCdYjtrXzLStqTNeBgBSkDuZ5iVjqPtsq7n2buLKpump,200,4000
life,2026-08-03T03:46:33.321Z,CCdYjtrXzLStqTNeBgBSkDuZ5iVjqPtsq7n2buLKpump,200,4000
life,2026-08-03T03:46:37.339Z,CCdYjtrXzLStqTNeBgBSkDuZ5iVjqPtsq7n2buLKpump,200,4000
life,2026-08-03T03:46:41.323Z,CCdYjtrXzLStqTNeBgBSkDuZ5iVjqPtsq7n2buLKpump,200,4000
life,2026-08-03T03:46:45.328Z,CCdYjtrXzLStqTNeBgBSkDuZ5iVjqPtsq7n2buLKpump,200,4000
life,2026-08-03T03:46:49.351Z,CCdYjtrXzLStqTNeBgBSkDuZ5iVjqPtsq7n2buLKpump,200,4000
life,2026-08-03T03:46:53.331Z,CCdYjtrXzLStqTNeBgBSkDuZ5iVjqPtsq7n2buLKpump,200,4000
life,2026-08-03T03:46:57.339Z,CCdYjtrXzLStqTNeBgBSkDuZ5iVjqPtsq7n2buLKpump,200,4000
life,2026-08-03T03:47:01.356Z,CCdYjtrXzLStqTNeBgBSkDuZ5iVjqPtsq7n2buLKpump,200,4000
life,2026-08-03T03:47:05.340Z,CCdYjtrXzLStqTNeBgBSkDuZ5iVjqPtsq7n2buLKpump,200,4000
life,2026-08-03T03:47:09.349Z,CCdYjtrXzLStqTNeBgBSkDuZ5iVjqPtsq7n2buLKpump,200,4000
life,2026-08-03T03:47:13.361Z,CCdYjtrXzLStqTNeBgBSkDuZ5iVjqPtsq7n2buLKpump,200,4000
life,2026-08-03T03:47:17.371Z,CCdYjtrXzLStqTNeBgBSkDuZ5iVjqPtsq7n2buLKpump,200,4000
life,2026-08-03T03:47:21.350Z,CCdYjtrXzLStqTNeBgBSkDuZ5iVjqPtsq7n2buLKpump,200,4000
life,2026-08-03T03:47:25.357Z,CCdYjtrXzLStqTNeBgBSkDuZ5iVjqPtsq7n2buLKpump,200,4000
life,2026-08-03T03:47:29.357Z,CCdYjtrXzLStqTNeBgBSkDuZ5iVjqPtsq7n2buLKpump,200,4000
life,2026-08-03T03:47:33.351Z,CCdYjtrXzLStqTNeBgBSkDuZ5iVjqPtsq7n2buLKpump,200,4000
life,2026-08-03T03:47:37.357Z,CCdYjtrXzLStqTNeBgBSkDuZ5iVjqPtsq7n2buLKpump,200,4000
life,2026-08-03T03:47:41.380Z,CCdYjtrXzLStqTNeBgBSkDuZ5iVjqPtsq7n2buLKpump,200,4000
life,2026-08-03T03:47:45.371Z,CCdYjtrXzLStqTNeBgBSkDuZ5iVjqPtsq7n2buLKpump,200,4000
life,2026-08-03T03:47:49.360Z,CCdYjtrXzLStqTNeBgBSkDuZ5iVjqPtsq7n2buLKpump,200,4000
life,2026-08-03T03:47:53.362Z,CCdYjtrXzLStqTNeBgBSkDuZ5iVjqPtsq7n2buLKpump,200,4000
life,2026-08-03T03:47:57.362Z,CCdYjtrXzLStqTNeBgBSkDuZ5iVjqPtsq7n2buLKpump,200,4000
life,2026-08-03T03:48:01.369Z,CCdYjtrXzLStqTNeBgBSkDuZ5iVjqPtsq7n2buLKpump,200,4000
life,2026-08-03T03:48:05.377Z,CCdYjtrXzLStqTNeBgBSkDuZ5iVjqPtsq7n2buLKpump,200,4000
life,2026-08-03T03:48:09.379Z,CCdYjtrXzLStqTNeBgBSkDuZ5iVjqPtsq7n2buLKpump,200,4000
life,2026-08-03T03:48:13.375Z,CCdYjtrXzLStqTNeBgBSkDuZ5iVjqPtsq7n2buLKpump,200,4000
life,2026-08-03T03:48:17.372Z,CCdYjtrXzLStqTNeBgBSkDuZ5iVjqPtsq7n2buLKpump,200,4000
life,2026-08-03T03:48:21.382Z,CCdYjtrXzLStqTNeBgBSkDuZ5iVjqPtsq7n2buLKpump,200,4000
life,2026-08-03T03:48:25.396Z,CCdYjtrXzLStqTNeBgBSkDuZ5iVjqPtsq7n2buLKpump,200,4000
life,2026-08-03T03:48:29.377Z,CCdYjtrXzLStqTNeBgBSkDuZ5iVjqPtsq7n2buLKpump,200,4000
life,2026-08-03T03:48:33.381Z,CCdYjtrXzLStqTNeBgBSkDuZ5iVjqPtsq7n2buLKpump,200,4000
life,2026-08-03T03:48:37.384Z,CCdYjtrXzLStqTNeBgBSkDuZ5iVjqPtsq7n2buLKpump,200,4000
life,2026-08-03T03:48:41.388Z,CCdYjtrXzLStqTNeBgBSkDuZ5iVjqPtsq7n2buLKpump,200,4000
life,2026-08-03T03:48:45.563Z,F9kE4sAvv2dx6faqb6qHoMYocPzWv9QRmuEASeHSpump,200,4000
life,2026-08-03T03:48:49.538Z,F9kE4sAvv2dx6faqb6qHoMYocPzWv9QRmuEASeHSpump,200,4000
life,2026-08-03T03:48:53.424Z,F9kE4sAvv2dx6faqb6qHoMYocPzWv9QRmuEASeHSpump,200,4000
life,2026-08-03T03:48:57.416Z,F9kE4sAvv2dx6faqb6qHoMYocPzWv9QRmuEASeHSpump,200,4000
life,2026-08-03T03:49:01.840Z,F9kE4sAvv2dx6faqb6qHoMYocPzWv9QRmuEASeHSpump,200,4000
life,2026-08-03T03:49:05.427Z,F9kE4sAvv2dx6faqb6qHoMYocPzWv9QRmuEASeHSpump,200,4000
life,2026-08-03T03:49:09.426Z,F9kE4sAvv2dx6faqb6qHoMYocPzWv9QRmuEASeHSpump,200,4000
life,2026-08-03T03:49:13.430Z,F9kE4sAvv2dx6faqb6qHoMYocPzWv9QRmuEASeHSpump,200,4000
life,2026-08-03T03:49:17.426Z,F9kE4sAvv2dx6faqb6qHoMYocPzWv9QRmuEASeHSpump,200,4000
life,2026-08-03T03:49:21.425Z,F9kE4sAvv2dx6faqb6qHoMYocPzWv9QRmuEASeHSpump,200,4000
life,2026-08-03T03:49:25.425Z,F9kE4sAvv2dx6faqb6qHoMYocPzWv9QRmuEASeHSpump,200,4000
life,2026-08-03T03:49:29.434Z,F9kE4sAvv2dx6faqb6qHoMYocPzWv9QRmuEASeHSpump,200,4000
life,2026-08-03T03:49:33.435Z,F9kE4sAvv2dx6faqb6qHoMYocPzWv9QRmuEASeHSpump,200,4000
life,2026-08-03T03:49:37.519Z,F9kE4sAvv2dx6faqb6qHoMYocPzWv9QRmuEASeHSpump,200,4000
life,2026-08-03T03:49:41.576Z,F9kE4sAvv2dx6faqb6qHoMYocPzWv9QRmuEASeHSpump,200,4000
life,2026-08-03T03:49:45.446Z,F9kE4sAvv2dx6faqb6qHoMYocPzWv9QRmuEASeHSpump,200,4000
life,2026-08-03T03:49:49.432Z,F9kE4sAvv2dx6faqb6qHoMYocPzWv9QRmuEASeHSpump,200,4000
life,2026-08-03T03:49:53.452Z,F9kE4sAvv2dx6faqb6qHoMYocPzWv9QRmuEASeHSpump,200,4000
life,2026-08-03T03:49:57.441Z,F9kE4sAvv2dx6faqb6qHoMYocPzWv9QRmuEASeHSpump,200,4000
life,2026-08-03T03:50:01.453Z,F9kE4sAvv2dx6faqb6qHoMYocPzWv9QRmuEASeHSpump,200,4000
life,2026-08-03T03:50:05.441Z,F9kE4sAvv2dx6faqb6qHoMYocPzWv9QRmuEASeHSpump,200,4000
life,2026-08-03T03:50:09.447Z,F9kE4sAvv2dx6faqb6qHoMYocPzWv9QRmuEASeHSpump,200,4000
life,2026-08-03T03:50:13.445Z,F9kE4sAvv2dx6faqb6qHoMYocPzWv9QRmuEASeHSpump,200,4000
life,2026-08-03T03:50:17.453Z,F9kE4sAvv2dx6faqb6qHoMYocPzWv9QRmuEASeHSpump,200,4000
life,2026-08-03T03:50:21.451Z,F9kE4sAvv2dx6faqb6qHoMYocPzWv9QRmuEASeHSpump,200,4000
life,2026-08-03T03:50:25.472Z,F9kE4sAvv2dx6faqb6qHoMYocPzWv9QRmuEASeHSpump,200,4000
life,2026-08-03T03:50:29.454Z,F9kE4sAvv2dx6faqb6qHoMYocPzWv9QRmuEASeHSpump,200,4000
life,2026-08-03T03:50:33.465Z,F9kE4sAvv2dx6faqb6qHoMYocPzWv9QRmuEASeHSpump,200,4000
life,2026-08-03T03:50:37.460Z,F9kE4sAvv2dx6faqb6qHoMYocPzWv9QRmuEASeHSpump,200,4000
life,2026-08-03T03:50:41.499Z,F9kE4sAvv2dx6faqb6qHoMYocPzWv9QRmuEASeHSpump,200,4000
life,2026-08-03T03:50:45.453Z,F9kE4sAvv2dx6faqb6qHoMYocPzWv9QRmuEASeHSpump,200,4000
life,2026-08-03T03:50:49.478Z,F9kE4sAvv2dx6faqb6qHoMYocPzWv9QRmuEASeHSpump,200,4000
life,2026-08-03T03:50:53.469Z,F9kE4sAvv2dx6faqb6qHoMYocPzWv9QRmuEASeHSpump,200,4000
life,2026-08-03T03:50:57.478Z,F9kE4sAvv2dx6faqb6qHoMYocPzWv9QRmuEASeHSpump,200,4000
life,2026-08-03T03:51:01.468Z,F9kE4sAvv2dx6faqb6qHoMYocPzWv9QRmuEASeHSpump,200,4000
life,2026-08-03T03:51:05.480Z,F9kE4sAvv2dx6faqb6qHoMYocPzWv9QRmuEASeHSpump,200,4000
life,2026-08-03T03:51:09.478Z,F9kE4sAvv2dx6faqb6qHoMYocPzWv9QRmuEASeHSpump,200,4000
life,2026-08-03T03:51:13.476Z,F9kE4sAvv2dx6faqb6qHoMYocPzWv9QRmuEASeHSpump,200,4000
life,2026-08-03T03:51:17.479Z,F9kE4sAvv2dx6faqb6qHoMYocPzWv9QRmuEASeHSpump,200,4000
life,2026-08-03T03:51:21.484Z,F9kE4sAvv2dx6faqb6qHoMYocPzWv9QRmuEASeHSpump,200,4000
life,2026-08-03T03:51:25.484Z,F9kE4sAvv2dx6faqb6qHoMYocPzWv9QRmuEASeHSpump,200,4000
life,2026-08-03T03:51:29.485Z,F9kE4sAvv2dx6faqb6qHoMYocPzWv9QRmuEASeHSpump,200,4000
life,2026-08-03T03:51:33.484Z,F9kE4sAvv2dx6faqb6qHoMYocPzWv9QRmuEASeHSpump,200,4000
life,2026-08-03T03:51:37.487Z,F9kE4sAvv2dx6faqb6qHoMYocPzWv9QRmuEASeHSpump,200,4000
life,2026-08-03T03:51:41.485Z,F9kE4sAvv2dx6faqb6qHoMYocPzWv9QRmuEASeHSpump,200,4000
life,2026-08-03T03:51:45.509Z,F9kE4sAvv2dx6faqb6qHoMYocPzWv9QRmuEASeHSpump,200,4000
life,2026-08-03T03:51:49.497Z,F9kE4sAvv2dx6faqb6qHoMYocPzWv9QRmuEASeHSpump,200,4000
life,2026-08-03T03:51:53.494Z,F9kE4sAvv2dx6faqb6qHoMYocPzWv9QRmuEASeHSpump,200,4000
life,2026-08-03T03:51:57.501Z,F9kE4sAvv2dx6faqb6qHoMYocPzWv9QRmuEASeHSpump,200,4000
life,2026-08-03T03:52:01.510Z,F9kE4sAvv2dx6faqb6qHoMYocPzWv9QRmuEASeHSpump,200,4000
life,2026-08-03T03:52:05.498Z,F9kE4sAvv2dx6faqb6qHoMYocPzWv9QRmuEASeHSpump,200,4000
life,2026-08-03T03:52:09.506Z,F9kE4sAvv2dx6faqb6qHoMYocPzWv9QRmuEASeHSpump,200,4000
life,2026-08-03T03:52:13.501Z,F9kE4sAvv2dx6faqb6qHoMYocPzWv9QRmuEASeHSpump,200,4000
life,2026-08-03T03:52:17.516Z,F9kE4sAvv2dx6faqb6qHoMYocPzWv9QRmuEASeHSpump,200,4000
life,2026-08-03T03:52:21.502Z,F9kE4sAvv2dx6faqb6qHoMYocPzWv9QRmuEASeHSpump,200,4000
life,2026-08-03T03:52:25.511Z,F9kE4sAvv2dx6faqb6qHoMYocPzWv9QRmuEASeHSpump,200,4000
life,2026-08-03T03:52:29.516Z,F9kE4sAvv2dx6faqb6qHoMYocPzWv9QRmuEASeHSpump,200,4000
life,2026-08-03T03:52:33.796Z,F9kE4sAvv2dx6faqb6qHoMYocPzWv9QRmuEASeHSpump,200,4000
life,2026-08-03T03:52:37.647Z,F9kE4sAvv2dx6faqb6qHoMYocPzWv9QRmuEASeHSpump,200,4000
life,2026-08-03T03:52:41.515Z,F9kE4sAvv2dx6faqb6qHoMYocPzWv9QRmuEASeHSpump,200,4000
life,2026-08-03T03:52:45.512Z,F9kE4sAvv2dx6faqb6qHoMYocPzWv9QRmuEASeHSpump,200,4000
life,2026-08-03T03:52:49.522Z,F9kE4sAvv2dx6faqb6qHoMYocPzWv9QRmuEASeHSpump,200,4000
life,2026-08-03T03:52:53.519Z,F9kE4sAvv2dx6faqb6qHoMYocPzWv9QRmuEASeHSpump,200,4000
life,2026-08-03T03:52:57.520Z,F9kE4sAvv2dx6faqb6qHoMYocPzWv9QRmuEASeHSpump,200,4000
life,2026-08-03T03:53:01.522Z,F9kE4sAvv2dx6faqb6qHoMYocPzWv9QRmuEASeHSpump,200,4000
life,2026-08-03T03:53:05.526Z,F9kE4sAvv2dx6faqb6qHoMYocPzWv9QRmuEASeHSpump,200,4000
life,2026-08-03T03:53:09.532Z,F9kE4sAvv2dx6faqb6qHoMYocPzWv9QRmuEASeHSpump,200,4000
life,2026-08-03T03:53:13.524Z,F9kE4sAvv2dx6faqb6qHoMYocPzWv9QRmuEASeHSpump,200,4000
life,2026-08-03T03:53:17.562Z,F9kE4sAvv2dx6faqb6qHoMYocPzWv9QRmuEASeHSpump,200,4000
life,2026-08-03T03:53:21.528Z,F9kE4sAvv2dx6faqb6qHoMYocPzWv9QRmuEASeHSpump,200,4000
life,2026-08-03T03:53:25.540Z,F9kE4sAvv2dx6faqb6qHoMYocPzWv9QRmuEASeHSpump,200,4000
life,2026-08-03T03:53:29.538Z,F9kE4sAvv2dx6faqb6qHoMYocPzWv9QRmuEASeHSpump,200,4000
life,2026-08-03T03:53:33.539Z,F9kE4sAvv2dx6faqb6qHoMYocPzWv9QRmuEASeHSpump,200,4000
life,2026-08-03T03:53:37.552Z,F9kE4sAvv2dx6faqb6qHoMYocPzWv9QRmuEASeHSpump,200,4000
life,2026-08-03T03:53:41.546Z,F9kE4sAvv2dx6faqb6qHoMYocPzWv9QRmuEASeHSpump,200,4000
life,2026-08-03T03:53:45.542Z,F9kE4sAvv2dx6faqb6qHoMYocPzWv9QRmuEASeHSpump,200,4000
life,2026-08-03T03:53:49.539Z,F9kE4sAvv2dx6faqb6qHoMYocPzWv9QRmuEASeHSpump,200,4000
life,2026-08-03T03:53:53.548Z,F9kE4sAvv2dx6faqb6qHoMYocPzWv9QRmuEASeHSpump,200,4000
life,2026-08-03T03:53:57.546Z,F9kE4sAvv2dx6faqb6qHoMYocPzWv9QRmuEASeHSpump,200,4000
life,2026-08-03T03:54:01.550Z,F9kE4sAvv2dx6faqb6qHoMYocPzWv9QRmuEASeHSpump,200,4000
life,2026-08-03T03:54:05.561Z,F9kE4sAvv2dx6faqb6qHoMYocPzWv9QRmuEASeHSpump,200,4000
life,2026-08-03T03:54:09.554Z,F9kE4sAvv2dx6faqb6qHoMYocPzWv9QRmuEASeHSpump,200,4000
life,2026-08-03T03:54:13.565Z,F9kE4sAvv2dx6faqb6qHoMYocPzWv9QRmuEASeHSpump,200,4000
life,2026-08-03T03:54:17.559Z,F9kE4sAvv2dx6faqb6qHoMYocPzWv9QRmuEASeHSpump,200,4000
life,2026-08-03T03:54:21.562Z,F9kE4sAvv2dx6faqb6qHoMYocPzWv9QRmuEASeHSpump,200,4000
life,2026-08-03T03:54:25.559Z,F9kE4sAvv2dx6faqb6qHoMYocPzWv9QRmuEASeHSpump,200,4000
life,2026-08-03T03:54:29.565Z,F9kE4sAvv2dx6faqb6qHoMYocPzWv9QRmuEASeHSpump,200,4000
life,2026-08-03T03:54:33.563Z,F9kE4sAvv2dx6faqb6qHoMYocPzWv9QRmuEASeHSpump,200,4000
life,2026-08-03T03:54:37.572Z,F9kE4sAvv2dx6faqb6qHoMYocPzWv9QRmuEASeHSpump,200,4000
life,2026-08-03T03:54:41.570Z,F9kE4sAvv2dx6faqb6qHoMYocPzWv9QRmuEASeHSpump,200,4000
life,2026-08-03T03:54:45.568Z,F9kE4sAvv2dx6faqb6qHoMYocPzWv9QRmuEASeHSpump,200,4000
life,2026-08-03T03:54:49.571Z,F9kE4sAvv2dx6faqb6qHoMYocPzWv9QRmuEASeHSpump,200,4000
life,2026-08-03T03:54:53.575Z,F9kE4sAvv2dx6faqb6qHoMYocPzWv9QRmuEASeHSpump,200,4000
life,2026-08-03T03:54:57.613Z,F9kE4sAvv2dx6faqb6qHoMYocPzWv9QRmuEASeHSpump,200,4000
life,2026-08-03T03:55:01.582Z,F9kE4sAvv2dx6faqb6qHoMYocPzWv9QRmuEASeHSpump,200,4000
life,2026-08-03T03:55:05.581Z,F9kE4sAvv2dx6faqb6qHoMYocPzWv9QRmuEASeHSpump,200,4000
life,2026-08-03T03:55:09.584Z,F9kE4sAvv2dx6faqb6qHoMYocPzWv9QRmuEASeHSpump,200,4000
life,2026-08-03T03:55:13.582Z,F9kE4sAvv2dx6faqb6qHoMYocPzWv9QRmuEASeHSpump,200,4000
life,2026-08-03T03:55:17.583Z,F9kE4sAvv2dx6faqb6qHoMYocPzWv9QRmuEASeHSpump,200,4000
life,2026-08-03T03:55:21.588Z,F9kE4sAvv2dx6faqb6qHoMYocPzWv9QRmuEASeHSpump,200,4000
life,2026-08-03T03:55:25.592Z,J42xMh4sAHLdrBjNTDgKNcPym5A83Ut3twc7L5rQpump,200,4000
life,2026-08-03T03:55:29.591Z,J42xMh4sAHLdrBjNTDgKNcPym5A83Ut3twc7L5rQpump,200,4000
life,2026-08-03T03:55:33.584Z,J42xMh4sAHLdrBjNTDgKNcPym5A83Ut3twc7L5rQpump,200,4000
life,2026-08-03T03:55:37.591Z,J42xMh4sAHLdrBjNTDgKNcPym5A83Ut3twc7L5rQpump,200,4000
life,2026-08-03T03:55:41.599Z,J42xMh4sAHLdrBjNTDgKNcPym5A83Ut3twc7L5rQpump,200,4000
life,2026-08-03T03:55:45.599Z,J42xMh4sAHLdrBjNTDgKNcPym5A83Ut3twc7L5rQpump,200,4000
life,2026-08-03T03:55:49.594Z,J42xMh4sAHLdrBjNTDgKNcPym5A83Ut3twc7L5rQpump,200,4000
life,2026-08-03T03:55:53.592Z,J42xMh4sAHLdrBjNTDgKNcPym5A83Ut3twc7L5rQpump,200,4000
life,2026-08-03T03:55:57.600Z,J42xMh4sAHLdrBjNTDgKNcPym5A83Ut3twc7L5rQpump,200,4000
life,2026-08-03T03:56:01.595Z,J42xMh4sAHLdrBjNTDgKNcPym5A83Ut3twc7L5rQpump,200,4000
life,2026-08-03T03:56:05.602Z,J42xMh4sAHLdrBjNTDgKNcPym5A83Ut3twc7L5rQpump,200,4000
life,2026-08-03T03:56:09.597Z,J42xMh4sAHLdrBjNTDgKNcPym5A83Ut3twc7L5rQpump,200,4000
life,2026-08-03T03:56:13.602Z,J42xMh4sAHLdrBjNTDgKNcPym5A83Ut3twc7L5rQpump,200,4000
life,2026-08-03T03:56:17.603Z,J42xMh4sAHLdrBjNTDgKNcPym5A83Ut3twc7L5rQpump,200,4000
life,2026-08-03T03:56:21.611Z,J42xMh4sAHLdrBjNTDgKNcPym5A83Ut3twc7L5rQpump,200,4000
life,2026-08-03T03:56:25.624Z,J42xMh4sAHLdrBjNTDgKNcPym5A83Ut3twc7L5rQpump,200,4000
life,2026-08-03T03:56:29.626Z,J42xMh4sAHLdrBjNTDgKNcPym5A83Ut3twc7L5rQpump,200,4000
life,2026-08-03T03:56:33.624Z,J42xMh4sAHLdrBjNTDgKNcPym5A83Ut3twc7L5rQpump,200,4000
life,2026-08-03T03:56:37.620Z,J42xMh4sAHLdrBjNTDgKNcPym5A83Ut3twc7L5rQpump,200,4000
life,2026-08-03T03:56:41.621Z,J42xMh4sAHLdrBjNTDgKNcPym5A83Ut3twc7L5rQpump,200,4000
life,2026-08-03T03:56:45.611Z,J42xMh4sAHLdrBjNTDgKNcPym5A83Ut3twc7L5rQpump,200,4000
life,2026-08-03T03:56:49.662Z,89tHpU6nSR1BawzwhfxYLNwQKkZ6M7sidhpQDBRFpump,200,4000
life,2026-08-03T03:56:53.625Z,89tHpU6nSR1BawzwhfxYLNwQKkZ6M7sidhpQDBRFpump,200,4000
life,2026-08-03T03:56:57.637Z,89tHpU6nSR1BawzwhfxYLNwQKkZ6M7sidhpQDBRFpump,200,4000
life,2026-08-03T03:57:01.638Z,89tHpU6nSR1BawzwhfxYLNwQKkZ6M7sidhpQDBRFpump,200,4000
life,2026-08-03T03:57:05.673Z,89tHpU6nSR1BawzwhfxYLNwQKkZ6M7sidhpQDBRFpump,200,4000
life,2026-08-03T03:57:09.667Z,89tHpU6nSR1BawzwhfxYLNwQKkZ6M7sidhpQDBRFpump,200,4000
life,2026-08-03T03:57:13.635Z,89tHpU6nSR1BawzwhfxYLNwQKkZ6M7sidhpQDBRFpump,200,4000
life,2026-08-03T03:57:17.636Z,89tHpU6nSR1BawzwhfxYLNwQKkZ6M7sidhpQDBRFpump,200,4000
life,2026-08-03T03:57:21.640Z,89tHpU6nSR1BawzwhfxYLNwQKkZ6M7sidhpQDBRFpump,200,4000
life,2026-08-03T03:57:25.644Z,89tHpU6nSR1BawzwhfxYLNwQKkZ6M7sidhpQDBRFpump,200,4000
life,2026-08-03T03:57:29.646Z,89tHpU6nSR1BawzwhfxYLNwQKkZ6M7sidhpQDBRFpump,200,4000
life,2026-08-03T03:57:33.648Z,89tHpU6nSR1BawzwhfxYLNwQKkZ6M7sidhpQDBRFpump,200,4000
life,2026-08-03T03:57:37.866Z,89tHpU6nSR1BawzwhfxYLNwQKkZ6M7sidhpQDBRFpump,200,4000
life,2026-08-03T03:57:41.646Z,89tHpU6nSR1BawzwhfxYLNwQKkZ6M7sidhpQDBRFpump,200,4000
life,2026-08-03T03:57:45.658Z,89tHpU6nSR1BawzwhfxYLNwQKkZ6M7sidhpQDBRFpump,200,4000
life,2026-08-03T03:57:49.651Z,89tHpU6nSR1BawzwhfxYLNwQKkZ6M7sidhpQDBRFpump,200,4000
life,2026-08-03T03:57:53.786Z,89tHpU6nSR1BawzwhfxYLNwQKkZ6M7sidhpQDBRFpump,200,4000
life,2026-08-03T03:57:57.659Z,89tHpU6nSR1BawzwhfxYLNwQKkZ6M7sidhpQDBRFpump,200,4000
life,2026-08-03T03:58:01.671Z,89tHpU6nSR1BawzwhfxYLNwQKkZ6M7sidhpQDBRFpump,200,4000
life,2026-08-03T03:58:05.657Z,89tHpU6nSR1BawzwhfxYLNwQKkZ6M7sidhpQDBRFpump,200,4000
life,2026-08-03T03:58:09.659Z,89tHpU6nSR1BawzwhfxYLNwQKkZ6M7sidhpQDBRFpump,200,4000
life,2026-08-03T03:58:13.673Z,89tHpU6nSR1BawzwhfxYLNwQKkZ6M7sidhpQDBRFpump,200,4000
life,2026-08-03T03:58:17.658Z,89tHpU6nSR1BawzwhfxYLNwQKkZ6M7sidhpQDBRFpump,200,4000
life,2026-08-03T03:58:21.671Z,9XzzR443dGXL1vCcsnPpJLYUfrd8upxExqtc4MxNpump,200,4000
life,2026-08-03T03:58:25.682Z,9XzzR443dGXL1vCcsnPpJLYUfrd8upxExqtc4MxNpump,200,4000
life,2026-08-03T03:58:29.674Z,9XzzR443dGXL1vCcsnPpJLYUfrd8upxExqtc4MxNpump,200,4000
life,2026-08-03T03:58:33.675Z,9XzzR443dGXL1vCcsnPpJLYUfrd8upxExqtc4MxNpump,200,4000
life,2026-08-03T03:58:37.667Z,9XzzR443dGXL1vCcsnPpJLYUfrd8upxExqtc4MxNpump,200,4000
life,2026-08-03T03:58:41.733Z,9XzzR443dGXL1vCcsnPpJLYUfrd8upxExqtc4MxNpump,200,4000
life,2026-08-03T03:58:45.680Z,9XzzR443dGXL1vCcsnPpJLYUfrd8upxExqtc4MxNpump,200,4000
life,2026-08-03T03:58:49.691Z,9XzzR443dGXL1vCcsnPpJLYUfrd8upxExqtc4MxNpump,200,4000
life,2026-08-03T03:58:53.684Z,9XzzR443dGXL1vCcsnPpJLYUfrd8upxExqtc4MxNpump,200,4000
life,2026-08-03T03:58:57.679Z,9XzzR443dGXL1vCcsnPpJLYUfrd8upxExqtc4MxNpump,200,4000
life,2026-08-03T03:59:01.688Z,9XzzR443dGXL1vCcsnPpJLYUfrd8upxExqtc4MxNpump,200,4000
life,2026-08-03T03:59:05.689Z,9XzzR443dGXL1vCcsnPpJLYUfrd8upxExqtc4MxNpump,200,4000
life,2026-08-03T03:59:09.692Z,9XzzR443dGXL1vCcsnPpJLYUfrd8upxExqtc4MxNpump,200,4000
life,2026-08-03T03:59:13.691Z,9XzzR443dGXL1vCcsnPpJLYUfrd8upxExqtc4MxNpump,200,4000
life,2026-08-03T03:59:17.693Z,9XzzR443dGXL1vCcsnPpJLYUfrd8upxExqtc4MxNpump,200,4000
life,2026-08-03T03:59:21.699Z,9XzzR443dGXL1vCcsnPpJLYUfrd8upxExqtc4MxNpump,200,4000
life,2026-08-03T03:59:25.697Z,9XzzR443dGXL1vCcsnPpJLYUfrd8upxExqtc4MxNpump,200,4000
life,2026-08-03T03:59:29.760Z,9XzzR443dGXL1vCcsnPpJLYUfrd8upxExqtc4MxNpump,200,4000
life,2026-08-03T03:59:33.709Z,9XzzR443dGXL1vCcsnPpJLYUfrd8upxExqtc4MxNpump,200,4000
life,2026-08-03T03:59:37.698Z,9XzzR443dGXL1vCcsnPpJLYUfrd8upxExqtc4MxNpump,200,4000
life,2026-08-03T03:59:41.706Z,9XzzR443dGXL1vCcsnPpJLYUfrd8upxExqtc4MxNpump,200,4000
life,2026-08-03T03:59:45.709Z,9XzzR443dGXL1vCcsnPpJLYUfrd8upxExqtc4MxNpump,200,4000
life,2026-08-03T03:59:49.702Z,9XzzR443dGXL1vCcsnPpJLYUfrd8upxExqtc4MxNpump,200,4000
life,2026-08-03T03:59:53.707Z,9XzzR443dGXL1vCcsnPpJLYUfrd8upxExqtc4MxNpump,200,4000
life,2026-08-03T03:59:57.747Z,99hKZwdnirySMKgsiM5obGiMuU5sSEpLoaB7GBZepump,200,4000
life,2026-08-03T04:00:01.732Z,99hKZwdnirySMKgsiM5obGiMuU5sSEpLoaB7GBZepump,200,4000
life,2026-08-03T04:00:05.714Z,99hKZwdnirySMKgsiM5obGiMuU5sSEpLoaB7GBZepump,200,4000
life,2026-08-03T04:00:09.720Z,99hKZwdnirySMKgsiM5obGiMuU5sSEpLoaB7GBZepump,200,4000
life,2026-08-03T04:00:13.725Z,99hKZwdnirySMKgsiM5obGiMuU5sSEpLoaB7GBZepump,200,4000
life,2026-08-03T04:00:17.723Z,99hKZwdnirySMKgsiM5obGiMuU5sSEpLoaB7GBZepump,200,4000
life,2026-08-03T04:00:21.722Z,99hKZwdnirySMKgsiM5obGiMuU5sSEpLoaB7GBZepump,200,4000
life,2026-08-03T04:00:25.724Z,99hKZwdnirySMKgsiM5obGiMuU5sSEpLoaB7GBZepump,200,4000
life,2026-08-03T04:00:29.724Z,99hKZwdnirySMKgsiM5obGiMuU5sSEpLoaB7GBZepump,200,4000
life,2026-08-03T04:00:33.732Z,DhKve396PYPUZTsLAuy8yKuupWRuh7aLpZ87CRypump,200,4000
life,2026-08-03T04:00:37.747Z,DhKve396PYPUZTsLAuy8yKuupWRuh7aLpZ87CRypump,200,4000
life,2026-08-03T04:00:41.737Z,DhKve396PYPUZTsLAuy8yKuupWRuh7aLpZ87CRypump,200,4000
life,2026-08-03T04:00:45.758Z,DhKve396PYPUZTsLAuy8yKuupWRuh7aLpZ87CRypump,200,4000
life,2026-08-03T04:00:49.897Z,DhKve396PYPUZTsLAuy8yKuupWRuh7aLpZ87CRypump,200,4000
life,2026-08-03T04:00:53.748Z,DhKve396PYPUZTsLAuy8yKuupWRuh7aLpZ87CRypump,200,4000
life,2026-08-03T04:00:57.753Z,DhKve396PYPUZTsLAuy8yKuupWRuh7aLpZ87CRypump,200,4000
life,2026-08-03T04:01:01.751Z,DhKve396PYPUZTsLAuy8yKuupWRuh7aLpZ87CRypump,200,4000
life,2026-08-03T04:01:05.778Z,DhKve396PYPUZTsLAuy8yKuupWRuh7aLpZ87CRypump,200,4000
life,2026-08-03T04:01:09.753Z,DhKve396PYPUZTsLAuy8yKuupWRuh7aLpZ87CRypump,200,4000
life,2026-08-03T04:01:13.758Z,DhKve396PYPUZTsLAuy8yKuupWRuh7aLpZ87CRypump,200,4000
life,2026-08-03T04:01:17.764Z,DhKve396PYPUZTsLAuy8yKuupWRuh7aLpZ87CRypump,200,4000
life,2026-08-03T04:01:21.758Z,DhKve396PYPUZTsLAuy8yKuupWRuh7aLpZ87CRypump,200,4000
life,2026-08-03T04:01:25.765Z,DhKve396PYPUZTsLAuy8yKuupWRuh7aLpZ87CRypump,200,4000
life,2026-08-03T04:01:29.759Z,DhKve396PYPUZTsLAuy8yKuupWRuh7aLpZ87CRypump,200,4000
life,2026-08-03T04:01:33.758Z,DhKve396PYPUZTsLAuy8yKuupWRuh7aLpZ87CRypump,200,4000
life,2026-08-03T04:01:37.767Z,DhKve396PYPUZTsLAuy8yKuupWRuh7aLpZ87CRypump,200,4000
life,2026-08-03T04:01:41.770Z,DhKve396PYPUZTsLAuy8yKuupWRuh7aLpZ87CRypump,200,4000
life,2026-08-03T04:01:45.772Z,DhKve396PYPUZTsLAuy8yKuupWRuh7aLpZ87CRypump,200,4000
life,2026-08-03T04:01:49.772Z,DhKve396PYPUZTsLAuy8yKuupWRuh7aLpZ87CRypump,200,4000
life,2026-08-03T04:01:53.773Z,DhKve396PYPUZTsLAuy8yKuupWRuh7aLpZ87CRypump,200,4000
life,2026-08-03T04:01:57.775Z,DhKve396PYPUZTsLAuy8yKuupWRuh7aLpZ87CRypump,200,4000
life,2026-08-03T04:02:01.770Z,DhKve396PYPUZTsLAuy8yKuupWRuh7aLpZ87CRypump,200,4000
life,2026-08-03T04:02:05.881Z,DhKve396PYPUZTsLAuy8yKuupWRuh7aLpZ87CRypump,200,4000
life,2026-08-03T04:02:09.774Z,DhKve396PYPUZTsLAuy8yKuupWRuh7aLpZ87CRypump,200,4000
life,2026-08-03T04:02:13.780Z,DhKve396PYPUZTsLAuy8yKuupWRuh7aLpZ87CRypump,200,4000
life,2026-08-03T04:02:17.789Z,DhKve396PYPUZTsLAuy8yKuupWRuh7aLpZ87CRypump,200,4000
life,2026-08-03T04:02:21.776Z,DhKve396PYPUZTsLAuy8yKuupWRuh7aLpZ87CRypump,200,4000
life,2026-08-03T04:02:25.784Z,DhKve396PYPUZTsLAuy8yKuupWRuh7aLpZ87CRypump,200,4000
life,2026-08-03T04:02:29.784Z,DhKve396PYPUZTsLAuy8yKuupWRuh7aLpZ87CRypump,200,4000
life,2026-08-03T04:02:33.785Z,DhKve396PYPUZTsLAuy8yKuupWRuh7aLpZ87CRypump,200,4000
life,2026-08-03T04:02:37.793Z,DhKve396PYPUZTsLAuy8yKuupWRuh7aLpZ87CRypump,200,4000
life,2026-08-03T04:02:41.790Z,DhKve396PYPUZTsLAuy8yKuupWRuh7aLpZ87CRypump,200,4000
life,2026-08-03T04:02:45.879Z,DhKve396PYPUZTsLAuy8yKuupWRuh7aLpZ87CRypump,200,4000
life,2026-08-03T04:02:49.908Z,5wqbNRtu5eEuGLP1houqRMZdMqq2bvHZuVtY1yLcpump,200,4000
life,2026-08-03T04:02:53.910Z,5wqbNRtu5eEuGLP1houqRMZdMqq2bvHZuVtY1yLcpump,200,4000
life,2026-08-03T04:02:57.816Z,5wqbNRtu5eEuGLP1houqRMZdMqq2bvHZuVtY1yLcpump,200,4000
life,2026-08-03T04:03:01.813Z,5wqbNRtu5eEuGLP1houqRMZdMqq2bvHZuVtY1yLcpump,200,4000
life,2026-08-03T04:03:05.829Z,5wqbNRtu5eEuGLP1houqRMZdMqq2bvHZuVtY1yLcpump,200,4000
life,2026-08-03T04:03:09.826Z,5wqbNRtu5eEuGLP1houqRMZdMqq2bvHZuVtY1yLcpump,200,4000
life,2026-08-03T04:03:13.812Z,5wqbNRtu5eEuGLP1houqRMZdMqq2bvHZuVtY1yLcpump,200,4000
life,2026-08-03T04:03:17.814Z,5wqbNRtu5eEuGLP1houqRMZdMqq2bvHZuVtY1yLcpump,200,4000
life,2026-08-03T04:03:21.822Z,5wqbNRtu5eEuGLP1houqRMZdMqq2bvHZuVtY1yLcpump,200,4000
life,2026-08-03T04:03:25.823Z,5wqbNRtu5eEuGLP1houqRMZdMqq2bvHZuVtY1yLcpump,200,4000
life,2026-08-03T04:03:29.824Z,5wqbNRtu5eEuGLP1houqRMZdMqq2bvHZuVtY1yLcpump,200,4000
life,2026-08-03T04:03:33.829Z,5wqbNRtu5eEuGLP1houqRMZdMqq2bvHZuVtY1yLcpump,200,4000
life,2026-08-03T04:03:37.832Z,5wqbNRtu5eEuGLP1houqRMZdMqq2bvHZuVtY1yLcpump,200,4000
life,2026-08-03T04:03:41.829Z,5wqbNRtu5eEuGLP1houqRMZdMqq2bvHZuVtY1yLcpump,200,4000
life,2026-08-03T04:03:45.831Z,5wqbNRtu5eEuGLP1houqRMZdMqq2bvHZuVtY1yLcpump,200,4000
life,2026-08-03T04:03:49.837Z,5wqbNRtu5eEuGLP1houqRMZdMqq2bvHZuVtY1yLcpump,200,4000
life,2026-08-03T04:03:53.836Z,5wqbNRtu5eEuGLP1houqRMZdMqq2bvHZuVtY1yLcpump,200,4000
life,2026-08-03T04:03:57.848Z,5wqbNRtu5eEuGLP1houqRMZdMqq2bvHZuVtY1yLcpump,200,4000
life,2026-08-03T04:04:01.846Z,5wqbNRtu5eEuGLP1houqRMZdMqq2bvHZuVtY1yLcpump,200,4000
life,2026-08-03T04:04:05.845Z,5wqbNRtu5eEuGLP1houqRMZdMqq2bvHZuVtY1yLcpump,200,4000
life,2026-08-03T04:04:09.848Z,5wqbNRtu5eEuGLP1houqRMZdMqq2bvHZuVtY1yLcpump,200,4000
life,2026-08-03T04:04:13.860Z,5wqbNRtu5eEuGLP1houqRMZdMqq2bvHZuVtY1yLcpump,200,4000
life,2026-08-03T04:04:17.857Z,5wqbNRtu5eEuGLP1houqRMZdMqq2bvHZuVtY1yLcpump,200,4000
life,2026-08-03T04:04:21.860Z,5wqbNRtu5eEuGLP1houqRMZdMqq2bvHZuVtY1yLcpump,200,4000
life,2026-08-03T04:04:25.869Z,5wqbNRtu5eEuGLP1houqRMZdMqq2bvHZuVtY1yLcpump,200,4000
life,2026-08-03T04:04:29.850Z,5wqbNRtu5eEuGLP1houqRMZdMqq2bvHZuVtY1yLcpump,200,4000
life,2026-08-03T04:04:33.857Z,5wqbNRtu5eEuGLP1houqRMZdMqq2bvHZuVtY1yLcpump,200,4000
life,2026-08-03T04:04:37.857Z,5wqbNRtu5eEuGLP1houqRMZdMqq2bvHZuVtY1yLcpump,200,4000
life,2026-08-03T04:04:41.863Z,5wqbNRtu5eEuGLP1houqRMZdMqq2bvHZuVtY1yLcpump,200,4000
life,2026-08-03T04:04:45.854Z,5wqbNRtu5eEuGLP1houqRMZdMqq2bvHZuVtY1yLcpump,200,4000
life,2026-08-03T04:04:49.867Z,5wqbNRtu5eEuGLP1houqRMZdMqq2bvHZuVtY1yLcpump,200,4000
life,2026-08-03T04:04:53.862Z,5wqbNRtu5eEuGLP1houqRMZdMqq2bvHZuVtY1yLcpump,200,4000
life,2026-08-03T04:04:57.870Z,5wqbNRtu5eEuGLP1houqRMZdMqq2bvHZuVtY1yLcpump,200,4000
life,2026-08-03T04:05:01.866Z,5wqbNRtu5eEuGLP1houqRMZdMqq2bvHZuVtY1yLcpump,200,4000
life,2026-08-03T04:05:05.889Z,5wqbNRtu5eEuGLP1houqRMZdMqq2bvHZuVtY1yLcpump,200,4000
life,2026-08-03T04:05:09.866Z,5wqbNRtu5eEuGLP1houqRMZdMqq2bvHZuVtY1yLcpump,200,4000
life,2026-08-03T04:05:13.878Z,5wqbNRtu5eEuGLP1houqRMZdMqq2bvHZuVtY1yLcpump,200,4000
life,2026-08-03T04:05:17.880Z,5wqbNRtu5eEuGLP1houqRMZdMqq2bvHZuVtY1yLcpump,200,4000
life,2026-08-03T04:05:21.903Z,5wqbNRtu5eEuGLP1houqRMZdMqq2bvHZuVtY1yLcpump,200,4000
life,2026-08-03T04:05:25.885Z,5wqbNRtu5eEuGLP1houqRMZdMqq2bvHZuVtY1yLcpump,200,4000
life,2026-08-03T04:05:29.881Z,5wqbNRtu5eEuGLP1houqRMZdMqq2bvHZuVtY1yLcpump,200,4000
life,2026-08-03T04:05:33.889Z,5wqbNRtu5eEuGLP1houqRMZdMqq2bvHZuVtY1yLcpump,200,4000
life,2026-08-03T04:05:37.914Z,5wqbNRtu5eEuGLP1houqRMZdMqq2bvHZuVtY1yLcpump,200,4000
life,2026-08-03T04:05:41.892Z,5wqbNRtu5eEuGLP1houqRMZdMqq2bvHZuVtY1yLcpump,200,4000
life,2026-08-03T04:05:45.892Z,5wqbNRtu5eEuGLP1houqRMZdMqq2bvHZuVtY1yLcpump,200,4000
life,2026-08-03T04:05:49.888Z,5wqbNRtu5eEuGLP1houqRMZdMqq2bvHZuVtY1yLcpump,200,4000
life,2026-08-03T04:05:53.900Z,5wqbNRtu5eEuGLP1houqRMZdMqq2bvHZuVtY1yLcpump,200,4000
life,2026-08-03T04:05:57.893Z,5wqbNRtu5eEuGLP1houqRMZdMqq2bvHZuVtY1yLcpump,200,4000
life,2026-08-03T04:06:01.893Z,5wqbNRtu5eEuGLP1houqRMZdMqq2bvHZuVtY1yLcpump,200,4000
life,2026-08-03T04:06:05.899Z,5wqbNRtu5eEuGLP1houqRMZdMqq2bvHZuVtY1yLcpump,200,4000
life,2026-08-03T04:06:09.900Z,5wqbNRtu5eEuGLP1houqRMZdMqq2bvHZuVtY1yLcpump,200,4000
life,2026-08-03T04:06:13.897Z,5wqbNRtu5eEuGLP1houqRMZdMqq2bvHZuVtY1yLcpump,200,4000
life,2026-08-03T04:06:17.901Z,5wqbNRtu5eEuGLP1houqRMZdMqq2bvHZuVtY1yLcpump,200,4000
life,2026-08-03T04:06:21.911Z,5wqbNRtu5eEuGLP1houqRMZdMqq2bvHZuVtY1yLcpump,200,4000
life,2026-08-03T04:06:25.904Z,5wqbNRtu5eEuGLP1houqRMZdMqq2bvHZuVtY1yLcpump,200,4000
life,2026-08-03T04:06:29.907Z,5wqbNRtu5eEuGLP1houqRMZdMqq2bvHZuVtY1yLcpump,200,4000
life,2026-08-03T04:06:33.910Z,5wqbNRtu5eEuGLP1houqRMZdMqq2bvHZuVtY1yLcpump,200,4000
life,2026-08-03T04:06:37.913Z,5wqbNRtu5eEuGLP1houqRMZdMqq2bvHZuVtY1yLcpump,200,4000
life,2026-08-03T04:06:41.905Z,5wqbNRtu5eEuGLP1houqRMZdMqq2bvHZuVtY1yLcpump,200,4000
life,2026-08-03T04:06:45.920Z,5wqbNRtu5eEuGLP1houqRMZdMqq2bvHZuVtY1yLcpump,200,4000
life,2026-08-03T04:06:49.909Z,5wqbNRtu5eEuGLP1houqRMZdMqq2bvHZuVtY1yLcpump,200,4000
life,2026-08-03T04:06:53.934Z,5wqbNRtu5eEuGLP1houqRMZdMqq2bvHZuVtY1yLcpump,200,4000
life,2026-08-03T04:06:57.925Z,5wqbNRtu5eEuGLP1houqRMZdMqq2bvHZuVtY1yLcpump,200,4000
life,2026-08-03T04:07:01.923Z,5wqbNRtu5eEuGLP1houqRMZdMqq2bvHZuVtY1yLcpump,200,4000
life,2026-08-03T04:07:05.931Z,5wqbNRtu5eEuGLP1houqRMZdMqq2bvHZuVtY1yLcpump,200,4000
life,2026-08-03T04:07:09.929Z,5wqbNRtu5eEuGLP1houqRMZdMqq2bvHZuVtY1yLcpump,200,4000
life,2026-08-03T04:07:13.944Z,5wqbNRtu5eEuGLP1houqRMZdMqq2bvHZuVtY1yLcpump,200,4000
life,2026-08-03T04:07:18.235Z,5wqbNRtu5eEuGLP1houqRMZdMqq2bvHZuVtY1yLcpump,200,4000
life,2026-08-03T04:07:21.945Z,5wqbNRtu5eEuGLP1houqRMZdMqq2bvHZuVtY1yLcpump,200,4000
life,2026-08-03T04:07:25.934Z,5wqbNRtu5eEuGLP1houqRMZdMqq2bvHZuVtY1yLcpump,200,4000
life,2026-08-03T04:07:29.944Z,5wqbNRtu5eEuGLP1houqRMZdMqq2bvHZuVtY1yLcpump,200,4000
life,2026-08-03T04:07:33.935Z,5wqbNRtu5eEuGLP1houqRMZdMqq2bvHZuVtY1yLcpump,200,4000
life,2026-08-03T04:07:37.938Z,5wqbNRtu5eEuGLP1houqRMZdMqq2bvHZuVtY1yLcpump,200,4000
life,2026-08-03T04:07:41.940Z,5wqbNRtu5eEuGLP1houqRMZdMqq2bvHZuVtY1yLcpump,200,4000
life,2026-08-03T04:07:45.944Z,5wqbNRtu5eEuGLP1houqRMZdMqq2bvHZuVtY1yLcpump,200,4000
life,2026-08-03T04:07:49.955Z,5wqbNRtu5eEuGLP1houqRMZdMqq2bvHZuVtY1yLcpump,200,4000
life,2026-08-03T04:07:53.949Z,5wqbNRtu5eEuGLP1houqRMZdMqq2bvHZuVtY1yLcpump,200,4000
life,2026-08-03T04:07:57.946Z,5wqbNRtu5eEuGLP1houqRMZdMqq2bvHZuVtY1yLcpump,200,4000
life,2026-08-03T04:08:01.948Z,5wqbNRtu5eEuGLP1houqRMZdMqq2bvHZuVtY1yLcpump,200,4000
life,2026-08-03T04:08:05.960Z,5wqbNRtu5eEuGLP1houqRMZdMqq2bvHZuVtY1yLcpump,200,4000
life,2026-08-03T04:08:09.953Z,5wqbNRtu5eEuGLP1houqRMZdMqq2bvHZuVtY1yLcpump,200,4000
life,2026-08-03T04:08:13.958Z,5wqbNRtu5eEuGLP1houqRMZdMqq2bvHZuVtY1yLcpump,200,4000
life,2026-08-03T04:08:17.960Z,5wqbNRtu5eEuGLP1houqRMZdMqq2bvHZuVtY1yLcpump,200,4000
life,2026-08-03T04:08:21.949Z,5wqbNRtu5eEuGLP1houqRMZdMqq2bvHZuVtY1yLcpump,200,4000
life,2026-08-03T04:08:25.966Z,5wqbNRtu5eEuGLP1houqRMZdMqq2bvHZuVtY1yLcpump,200,4000
life,2026-08-03T04:08:29.970Z,5wqbNRtu5eEuGLP1houqRMZdMqq2bvHZuVtY1yLcpump,200,4000
life,2026-08-03T04:08:33.967Z,5wqbNRtu5eEuGLP1houqRMZdMqq2bvHZuVtY1yLcpump,200,4000
life,2026-08-03T04:08:38.001Z,5wqbNRtu5eEuGLP1houqRMZdMqq2bvHZuVtY1yLcpump,200,4000
life,2026-08-03T04:08:41.966Z,5wqbNRtu5eEuGLP1houqRMZdMqq2bvHZuVtY1yLcpump,200,4000
life,2026-08-03T04:08:45.977Z,5wqbNRtu5eEuGLP1houqRMZdMqq2bvHZuVtY1yLcpump,200,4000
life,2026-08-03T04:08:49.974Z,5wqbNRtu5eEuGLP1houqRMZdMqq2bvHZuVtY1yLcpump,200,4000
life,2026-08-03T04:08:53.967Z,5wqbNRtu5eEuGLP1houqRMZdMqq2bvHZuVtY1yLcpump,200,4000
life,2026-08-03T04:08:57.974Z,5wqbNRtu5eEuGLP1houqRMZdMqq2bvHZuVtY1yLcpump,200,4000
life,2026-08-03T04:09:01.977Z,5wqbNRtu5eEuGLP1houqRMZdMqq2bvHZuVtY1yLcpump,200,4000
life,2026-08-03T04:09:05.987Z,5wqbNRtu5eEuGLP1houqRMZdMqq2bvHZuVtY1yLcpump,200,4000
life,2026-08-03T04:09:09.988Z,5wqbNRtu5eEuGLP1houqRMZdMqq2bvHZuVtY1yLcpump,200,4000
life,2026-08-03T04:09:13.980Z,5wqbNRtu5eEuGLP1houqRMZdMqq2bvHZuVtY1yLcpump,200,4000
life,2026-08-03T04:09:18.510Z,5wqbNRtu5eEuGLP1houqRMZdMqq2bvHZuVtY1yLcpump,200,4000
life,2026-08-03T04:09:21.988Z,5wqbNRtu5eEuGLP1houqRMZdMqq2bvHZuVtY1yLcpump,200,4000
life,2026-08-03T04:09:25.986Z,5wqbNRtu5eEuGLP1houqRMZdMqq2bvHZuVtY1yLcpump,200,4000
life,2026-08-03T04:09:29.992Z,HrYUhPVYPUD6JQTeVgTF9iHmyUx3Jajg7mjvEm7cpump,200,4000
life,2026-08-03T04:09:34.041Z,HrYUhPVYPUD6JQTeVgTF9iHmyUx3Jajg7mjvEm7cpump,200,4000
life,2026-08-03T04:09:38.000Z,HrYUhPVYPUD6JQTeVgTF9iHmyUx3Jajg7mjvEm7cpump,200,4000
life,2026-08-03T04:09:41.996Z,HrYUhPVYPUD6JQTeVgTF9iHmyUx3Jajg7mjvEm7cpump,200,4000
life,2026-08-03T04:09:46.012Z,HrYUhPVYPUD6JQTeVgTF9iHmyUx3Jajg7mjvEm7cpump,200,4000
life,2026-08-03T04:09:50.008Z,HrYUhPVYPUD6JQTeVgTF9iHmyUx3Jajg7mjvEm7cpump,200,4000
life,2026-08-03T04:09:54.007Z,HrYUhPVYPUD6JQTeVgTF9iHmyUx3Jajg7mjvEm7cpump,200,4000
life,2026-08-03T04:09:58.002Z,HrYUhPVYPUD6JQTeVgTF9iHmyUx3Jajg7mjvEm7cpump,200,4000
life,2026-08-03T04:10:02.080Z,HrYUhPVYPUD6JQTeVgTF9iHmyUx3Jajg7mjvEm7cpump,200,4000
life,2026-08-03T04:10:06.018Z,HrYUhPVYPUD6JQTeVgTF9iHmyUx3Jajg7mjvEm7cpump,200,4000
life,2026-08-03T04:10:10.017Z,HrYUhPVYPUD6JQTeVgTF9iHmyUx3Jajg7mjvEm7cpump,200,4000
life,2026-08-03T04:10:14.014Z,HrYUhPVYPUD6JQTeVgTF9iHmyUx3Jajg7mjvEm7cpump,200,4000
life,2026-08-03T04:10:18.037Z,HrYUhPVYPUD6JQTeVgTF9iHmyUx3Jajg7mjvEm7cpump,200,4000
life,2026-08-03T04:10:22.027Z,HrYUhPVYPUD6JQTeVgTF9iHmyUx3Jajg7mjvEm7cpump,200,4000
life,2026-08-03T04:10:26.019Z,HrYUhPVYPUD6JQTeVgTF9iHmyUx3Jajg7mjvEm7cpump,200,4000
life,2026-08-03T04:10:30.028Z,HrYUhPVYPUD6JQTeVgTF9iHmyUx3Jajg7mjvEm7cpump,200,4000
life,2026-08-03T04:10:34.128Z,HrYUhPVYPUD6JQTeVgTF9iHmyUx3Jajg7mjvEm7cpump,200,4000
life,2026-08-03T04:10:38.088Z,HrYUhPVYPUD6JQTeVgTF9iHmyUx3Jajg7mjvEm7cpump,200,4000
life,2026-08-03T04:10:42.064Z,HrYUhPVYPUD6JQTeVgTF9iHmyUx3Jajg7mjvEm7cpump,200,4000
life,2026-08-03T04:10:46.046Z,HrYUhPVYPUD6JQTeVgTF9iHmyUx3Jajg7mjvEm7cpump,200,4000
life,2026-08-03T04:10:50.143Z,HrYUhPVYPUD6JQTeVgTF9iHmyUx3Jajg7mjvEm7cpump,200,4000
life,2026-08-03T04:10:54.072Z,HrYUhPVYPUD6JQTeVgTF9iHmyUx3Jajg7mjvEm7cpump,200,4000
life,2026-08-03T04:10:58.037Z,HrYUhPVYPUD6JQTeVgTF9iHmyUx3Jajg7mjvEm7cpump,200,4000
life,2026-08-03T04:11:02.078Z,HrYUhPVYPUD6JQTeVgTF9iHmyUx3Jajg7mjvEm7cpump,200,4000
life,2026-08-03T04:11:06.041Z,HrYUhPVYPUD6JQTeVgTF9iHmyUx3Jajg7mjvEm7cpump,200,4000
life,2026-08-03T04:11:10.042Z,HrYUhPVYPUD6JQTeVgTF9iHmyUx3Jajg7mjvEm7cpump,200,4000
life,2026-08-03T04:11:14.044Z,HrYUhPVYPUD6JQTeVgTF9iHmyUx3Jajg7mjvEm7cpump,200,4000
life,2026-08-03T04:11:18.047Z,HrYUhPVYPUD6JQTeVgTF9iHmyUx3Jajg7mjvEm7cpump,200,4000
life,2026-08-03T04:11:22.055Z,HrYUhPVYPUD6JQTeVgTF9iHmyUx3Jajg7mjvEm7cpump,200,4000
life,2026-08-03T04:11:26.044Z,HrYUhPVYPUD6JQTeVgTF9iHmyUx3Jajg7mjvEm7cpump,200,4000
life,2026-08-03T04:11:30.048Z,HrYUhPVYPUD6JQTeVgTF9iHmyUx3Jajg7mjvEm7cpump,200,4000
life,2026-08-03T04:11:34.056Z,HrYUhPVYPUD6JQTeVgTF9iHmyUx3Jajg7mjvEm7cpump,200,4000
life,2026-08-03T04:11:38.054Z,HrYUhPVYPUD6JQTeVgTF9iHmyUx3Jajg7mjvEm7cpump,200,4000
life,2026-08-03T04:11:42.054Z,HrYUhPVYPUD6JQTeVgTF9iHmyUx3Jajg7mjvEm7cpump,200,4000
life,2026-08-03T04:11:46.065Z,HrYUhPVYPUD6JQTeVgTF9iHmyUx3Jajg7mjvEm7cpump,200,4000
life,2026-08-03T04:11:50.055Z,HrYUhPVYPUD6JQTeVgTF9iHmyUx3Jajg7mjvEm7cpump,200,4000
life,2026-08-03T04:11:54.064Z,HrYUhPVYPUD6JQTeVgTF9iHmyUx3Jajg7mjvEm7cpump,200,4000
life,2026-08-03T04:11:58.063Z,HrYUhPVYPUD6JQTeVgTF9iHmyUx3Jajg7mjvEm7cpump,200,4000
life,2026-08-03T04:12:02.068Z,HrYUhPVYPUD6JQTeVgTF9iHmyUx3Jajg7mjvEm7cpump,200,4000
life,2026-08-03T04:12:06.064Z,HrYUhPVYPUD6JQTeVgTF9iHmyUx3Jajg7mjvEm7cpump,200,4000
life,2026-08-03T04:12:10.065Z,HrYUhPVYPUD6JQTeVgTF9iHmyUx3Jajg7mjvEm7cpump,200,4000
life,2026-08-03T04:12:14.070Z,HrYUhPVYPUD6JQTeVgTF9iHmyUx3Jajg7mjvEm7cpump,200,4000
life,2026-08-03T04:12:18.067Z,HrYUhPVYPUD6JQTeVgTF9iHmyUx3Jajg7mjvEm7cpump,200,4000
life,2026-08-03T04:12:22.074Z,HrYUhPVYPUD6JQTeVgTF9iHmyUx3Jajg7mjvEm7cpump,200,4000
life,2026-08-03T04:12:26.090Z,HrYUhPVYPUD6JQTeVgTF9iHmyUx3Jajg7mjvEm7cpump,200,4000
life,2026-08-03T04:12:30.076Z,HrYUhPVYPUD6JQTeVgTF9iHmyUx3Jajg7mjvEm7cpump,200,4000
life,2026-08-03T04:12:34.072Z,HrYUhPVYPUD6JQTeVgTF9iHmyUx3Jajg7mjvEm7cpump,200,4000
life,2026-08-03T04:12:38.077Z,HrYUhPVYPUD6JQTeVgTF9iHmyUx3Jajg7mjvEm7cpump,200,4000
life,2026-08-03T04:12:42.079Z,HrYUhPVYPUD6JQTeVgTF9iHmyUx3Jajg7mjvEm7cpump,200,4000
life,2026-08-03T04:12:46.077Z,HrYUhPVYPUD6JQTeVgTF9iHmyUx3Jajg7mjvEm7cpump,200,4000
life,2026-08-03T04:12:50.090Z,HrYUhPVYPUD6JQTeVgTF9iHmyUx3Jajg7mjvEm7cpump,200,4000
life,2026-08-03T04:12:54.130Z,HrYUhPVYPUD6JQTeVgTF9iHmyUx3Jajg7mjvEm7cpump,200,4000
life,2026-08-03T04:12:58.078Z,HrYUhPVYPUD6JQTeVgTF9iHmyUx3Jajg7mjvEm7cpump,200,4000
life,2026-08-03T04:13:02.139Z,EYCLUmraT2HU6h3YgEQins1CZ6BEQx4CyZA3v6azpump,200,4000
life,2026-08-03T04:13:06.094Z,EYCLUmraT2HU6h3YgEQins1CZ6BEQx4CyZA3v6azpump,200,4000
life,2026-08-03T04:13:10.317Z,EYCLUmraT2HU6h3YgEQins1CZ6BEQx4CyZA3v6azpump,200,4000
life,2026-08-03T04:13:14.126Z,EYCLUmraT2HU6h3YgEQins1CZ6BEQx4CyZA3v6azpump,200,4000
life,2026-08-03T04:13:18.103Z,EYCLUmraT2HU6h3YgEQins1CZ6BEQx4CyZA3v6azpump,200,4000
life,2026-08-03T04:13:22.110Z,EYCLUmraT2HU6h3YgEQins1CZ6BEQx4CyZA3v6azpump,200,4000
life,2026-08-03T04:13:26.102Z,EYCLUmraT2HU6h3YgEQins1CZ6BEQx4CyZA3v6azpump,200,4000
life,2026-08-03T04:13:30.111Z,EYCLUmraT2HU6h3YgEQins1CZ6BEQx4CyZA3v6azpump,200,4000
life,2026-08-03T04:13:34.281Z,EYCLUmraT2HU6h3YgEQins1CZ6BEQx4CyZA3v6azpump,200,4000
life,2026-08-03T04:13:38.112Z,EYCLUmraT2HU6h3YgEQins1CZ6BEQx4CyZA3v6azpump,200,4000
life,2026-08-03T04:13:42.120Z,EYCLUmraT2HU6h3YgEQins1CZ6BEQx4CyZA3v6azpump,200,4000
life,2026-08-03T04:13:46.119Z,EYCLUmraT2HU6h3YgEQins1CZ6BEQx4CyZA3v6azpump,200,4000
life,2026-08-03T04:13:50.109Z,EYCLUmraT2HU6h3YgEQins1CZ6BEQx4CyZA3v6azpump,200,4000
life,2026-08-03T04:13:54.119Z,EYCLUmraT2HU6h3YgEQins1CZ6BEQx4CyZA3v6azpump,200,4000
life,2026-08-03T04:13:58.124Z,EYCLUmraT2HU6h3YgEQins1CZ6BEQx4CyZA3v6azpump,200,4000
life,2026-08-03T04:14:02.114Z,EYCLUmraT2HU6h3YgEQins1CZ6BEQx4CyZA3v6azpump,200,4000
life,2026-08-03T04:14:06.123Z,EYCLUmraT2HU6h3YgEQins1CZ6BEQx4CyZA3v6azpump,200,4000
life,2026-08-03T04:14:10.126Z,EYCLUmraT2HU6h3YgEQins1CZ6BEQx4CyZA3v6azpump,200,4000
life,2026-08-03T04:14:14.135Z,EYCLUmraT2HU6h3YgEQins1CZ6BEQx4CyZA3v6azpump,200,4000
life,2026-08-03T04:14:18.126Z,EYCLUmraT2HU6h3YgEQins1CZ6BEQx4CyZA3v6azpump,200,4000
life,2026-08-03T04:14:22.132Z,EYCLUmraT2HU6h3YgEQins1CZ6BEQx4CyZA3v6azpump,200,4000
life,2026-08-03T04:14:26.127Z,EYCLUmraT2HU6h3YgEQins1CZ6BEQx4CyZA3v6azpump,200,4000
life,2026-08-03T04:14:30.139Z,EYCLUmraT2HU6h3YgEQins1CZ6BEQx4CyZA3v6azpump,200,4000
life,2026-08-03T04:14:34.141Z,EYCLUmraT2HU6h3YgEQins1CZ6BEQx4CyZA3v6azpump,200,4000
life,2026-08-03T04:14:38.141Z,EYCLUmraT2HU6h3YgEQins1CZ6BEQx4CyZA3v6azpump,200,4000
life,2026-08-03T04:14:42.139Z,EYCLUmraT2HU6h3YgEQins1CZ6BEQx4CyZA3v6azpump,200,4000
life,2026-08-03T04:14:46.143Z,EYCLUmraT2HU6h3YgEQins1CZ6BEQx4CyZA3v6azpump,200,4000
life,2026-08-03T04:14:50.150Z,EYCLUmraT2HU6h3YgEQins1CZ6BEQx4CyZA3v6azpump,200,4000
life,2026-08-03T04:14:54.146Z,EYCLUmraT2HU6h3YgEQins1CZ6BEQx4CyZA3v6azpump,200,4000
life,2026-08-03T04:14:58.143Z,EYCLUmraT2HU6h3YgEQins1CZ6BEQx4CyZA3v6azpump,200,4000
life,2026-08-03T04:15:02.147Z,EYCLUmraT2HU6h3YgEQins1CZ6BEQx4CyZA3v6azpump,200,4000
life,2026-08-03T04:15:06.144Z,EYCLUmraT2HU6h3YgEQins1CZ6BEQx4CyZA3v6azpump,200,4000
life,2026-08-03T04:15:10.152Z,EYCLUmraT2HU6h3YgEQins1CZ6BEQx4CyZA3v6azpump,200,4000
life,2026-08-03T04:15:14.166Z,EYCLUmraT2HU6h3YgEQins1CZ6BEQx4CyZA3v6azpump,200,4000
life,2026-08-03T04:15:18.184Z,EYCLUmraT2HU6h3YgEQins1CZ6BEQx4CyZA3v6azpump,200,4000
life,2026-08-03T04:15:22.156Z,EYCLUmraT2HU6h3YgEQins1CZ6BEQx4CyZA3v6azpump,200,4000
life,2026-08-03T04:15:26.159Z,EYCLUmraT2HU6h3YgEQins1CZ6BEQx4CyZA3v6azpump,200,4000
life,2026-08-03T04:15:30.159Z,EYCLUmraT2HU6h3YgEQins1CZ6BEQx4CyZA3v6azpump,200,4000
life,2026-08-03T04:15:34.156Z,EYCLUmraT2HU6h3YgEQins1CZ6BEQx4CyZA3v6azpump,200,4000
life,2026-08-03T04:15:38.192Z,EYCLUmraT2HU6h3YgEQins1CZ6BEQx4CyZA3v6azpump,200,4000
life,2026-08-03T04:15:42.193Z,EYCLUmraT2HU6h3YgEQins1CZ6BEQx4CyZA3v6azpump,200,4000
life,2026-08-03T04:15:46.227Z,53RUohPnCrbRcVGjvfHHHUL4cmQX68yP8Ei6poepump,200,4000
life,2026-08-03T04:15:50.176Z,53RUohPnCrbRcVGjvfHHHUL4cmQX68yP8Ei6poepump,200,4000
life,2026-08-03T04:15:54.219Z,53RUohPnCrbRcVGjvfHHHUL4cmQX68yP8Ei6poepump,200,4000
life,2026-08-03T04:15:58.181Z,53RUohPnCrbRcVGjvfHHHUL4cmQX68yP8Ei6poepump,200,4000
life,2026-08-03T04:16:02.188Z,53RUohPnCrbRcVGjvfHHHUL4cmQX68yP8Ei6poepump,200,4000
life,2026-08-03T04:16:06.183Z,53RUohPnCrbRcVGjvfHHHUL4cmQX68yP8Ei6poepump,200,4000
life,2026-08-03T04:16:10.191Z,53RUohPnCrbRcVGjvfHHHUL4cmQX68yP8Ei6poepump,200,4000
life,2026-08-03T04:16:14.184Z,53RUohPnCrbRcVGjvfHHHUL4cmQX68yP8Ei6poepump,200,4000
life,2026-08-03T04:16:18.198Z,53RUohPnCrbRcVGjvfHHHUL4cmQX68yP8Ei6poepump,200,4000
life,2026-08-03T04:16:22.292Z,53RUohPnCrbRcVGjvfHHHUL4cmQX68yP8Ei6poepump,200,4000
life,2026-08-03T04:16:26.189Z,53RUohPnCrbRcVGjvfHHHUL4cmQX68yP8Ei6poepump,200,4000
life,2026-08-03T04:16:30.202Z,53RUohPnCrbRcVGjvfHHHUL4cmQX68yP8Ei6poepump,200,4000
life,2026-08-03T04:16:34.200Z,53RUohPnCrbRcVGjvfHHHUL4cmQX68yP8Ei6poepump,200,4000
life,2026-08-03T04:16:38.223Z,53RUohPnCrbRcVGjvfHHHUL4cmQX68yP8Ei6poepump,200,4000
life,2026-08-03T04:16:42.205Z,53RUohPnCrbRcVGjvfHHHUL4cmQX68yP8Ei6poepump,200,4000
life,2026-08-03T04:16:46.205Z,53RUohPnCrbRcVGjvfHHHUL4cmQX68yP8Ei6poepump,200,4000
life,2026-08-03T04:16:50.198Z,53RUohPnCrbRcVGjvfHHHUL4cmQX68yP8Ei6poepump,200,4000
life,2026-08-03T04:16:54.204Z,53RUohPnCrbRcVGjvfHHHUL4cmQX68yP8Ei6poepump,200,4000
life,2026-08-03T04:16:58.220Z,53RUohPnCrbRcVGjvfHHHUL4cmQX68yP8Ei6poepump,200,4000
life,2026-08-03T04:17:02.210Z,53RUohPnCrbRcVGjvfHHHUL4cmQX68yP8Ei6poepump,200,4000
life,2026-08-03T04:17:06.206Z,53RUohPnCrbRcVGjvfHHHUL4cmQX68yP8Ei6poepump,200,4000
life,2026-08-03T04:17:10.212Z,53RUohPnCrbRcVGjvfHHHUL4cmQX68yP8Ei6poepump,200,4000
life,2026-08-03T04:17:14.216Z,53RUohPnCrbRcVGjvfHHHUL4cmQX68yP8Ei6poepump,200,4000
life,2026-08-03T04:17:18.217Z,53RUohPnCrbRcVGjvfHHHUL4cmQX68yP8Ei6poepump,200,4000
life,2026-08-03T04:17:22.214Z,53RUohPnCrbRcVGjvfHHHUL4cmQX68yP8Ei6poepump,200,4000
life,2026-08-03T04:17:26.215Z,53RUohPnCrbRcVGjvfHHHUL4cmQX68yP8Ei6poepump,200,4000
life,2026-08-03T04:17:30.225Z,53RUohPnCrbRcVGjvfHHHUL4cmQX68yP8Ei6poepump,200,4000
life,2026-08-03T04:17:34.221Z,53RUohPnCrbRcVGjvfHHHUL4cmQX68yP8Ei6poepump,200,4000
life,2026-08-03T04:17:38.229Z,53RUohPnCrbRcVGjvfHHHUL4cmQX68yP8Ei6poepump,200,4000
life,2026-08-03T04:17:42.230Z,53RUohPnCrbRcVGjvfHHHUL4cmQX68yP8Ei6poepump,200,4000
life,2026-08-03T04:17:46.400Z,53RUohPnCrbRcVGjvfHHHUL4cmQX68yP8Ei6poepump,200,4000
life,2026-08-03T04:17:50.229Z,53RUohPnCrbRcVGjvfHHHUL4cmQX68yP8Ei6poepump,200,4000
life,2026-08-03T04:17:54.247Z,53RUohPnCrbRcVGjvfHHHUL4cmQX68yP8Ei6poepump,200,4000
life,2026-08-03T04:17:58.233Z,53RUohPnCrbRcVGjvfHHHUL4cmQX68yP8Ei6poepump,200,4000
life,2026-08-03T04:18:02.241Z,53RUohPnCrbRcVGjvfHHHUL4cmQX68yP8Ei6poepump,200,4000
life,2026-08-03T04:18:06.241Z,53RUohPnCrbRcVGjvfHHHUL4cmQX68yP8Ei6poepump,200,4000
life,2026-08-03T04:18:10.238Z,53RUohPnCrbRcVGjvfHHHUL4cmQX68yP8Ei6poepump,200,4000
life,2026-08-03T04:18:14.299Z,53RUohPnCrbRcVGjvfHHHUL4cmQX68yP8Ei6poepump,200,4000
life,2026-08-03T04:18:18.256Z,53RUohPnCrbRcVGjvfHHHUL4cmQX68yP8Ei6poepump,200,4000
life,2026-08-03T04:18:22.252Z,53RUohPnCrbRcVGjvfHHHUL4cmQX68yP8Ei6poepump,200,4000
life,2026-08-03T04:18:26.252Z,53RUohPnCrbRcVGjvfHHHUL4cmQX68yP8Ei6poepump,200,4000
life,2026-08-03T04:18:30.246Z,53RUohPnCrbRcVGjvfHHHUL4cmQX68yP8Ei6poepump,200,4000
life,2026-08-03T04:18:34.259Z,53RUohPnCrbRcVGjvfHHHUL4cmQX68yP8Ei6poepump,200,4000
life,2026-08-03T04:18:38.255Z,53RUohPnCrbRcVGjvfHHHUL4cmQX68yP8Ei6poepump,200,4000
life,2026-08-03T04:18:42.255Z,53RUohPnCrbRcVGjvfHHHUL4cmQX68yP8Ei6poepump,200,4000
life,2026-08-03T04:18:46.253Z,53RUohPnCrbRcVGjvfHHHUL4cmQX68yP8Ei6poepump,200,4000
life,2026-08-03T04:18:50.253Z,53RUohPnCrbRcVGjvfHHHUL4cmQX68yP8Ei6poepump,200,4000
life,2026-08-03T04:18:54.271Z,GBmrxrKcEhiSm5z8tnueycaCcqdPDrQzX8tXBhRApump,200,4000
life,2026-08-03T04:18:58.262Z,GBmrxrKcEhiSm5z8tnueycaCcqdPDrQzX8tXBhRApump,200,4000
life,2026-08-03T04:19:02.583Z,GBmrxrKcEhiSm5z8tnueycaCcqdPDrQzX8tXBhRApump,200,4000
life,2026-08-03T04:19:06.313Z,GBmrxrKcEhiSm5z8tnueycaCcqdPDrQzX8tXBhRApump,200,4000
life,2026-08-03T04:19:10.330Z,GBmrxrKcEhiSm5z8tnueycaCcqdPDrQzX8tXBhRApump,200,4000
life,2026-08-03T04:19:14.284Z,GBmrxrKcEhiSm5z8tnueycaCcqdPDrQzX8tXBhRApump,200,4000
life,2026-08-03T04:19:18.283Z,GBmrxrKcEhiSm5z8tnueycaCcqdPDrQzX8tXBhRApump,200,4000
life,2026-08-03T04:19:22.282Z,GBmrxrKcEhiSm5z8tnueycaCcqdPDrQzX8tXBhRApump,200,4000
life,2026-08-03T04:19:26.351Z,GBmrxrKcEhiSm5z8tnueycaCcqdPDrQzX8tXBhRApump,200,4000
life,2026-08-03T04:19:30.504Z,GBmrxrKcEhiSm5z8tnueycaCcqdPDrQzX8tXBhRApump,200,4000
life,2026-08-03T04:19:34.285Z,GBmrxrKcEhiSm5z8tnueycaCcqdPDrQzX8tXBhRApump,200,4000
life,2026-08-03T04:19:38.290Z,GBmrxrKcEhiSm5z8tnueycaCcqdPDrQzX8tXBhRApump,200,4000
life,2026-08-03T04:19:42.289Z,GBmrxrKcEhiSm5z8tnueycaCcqdPDrQzX8tXBhRApump,200,4000
life,2026-08-03T04:19:46.313Z,GBmrxrKcEhiSm5z8tnueycaCcqdPDrQzX8tXBhRApump,200,4000
life,2026-08-03T04:19:50.298Z,GBmrxrKcEhiSm5z8tnueycaCcqdPDrQzX8tXBhRApump,200,4000
life,2026-08-03T04:19:54.409Z,GBmrxrKcEhiSm5z8tnueycaCcqdPDrQzX8tXBhRApump,200,4000
life,2026-08-03T04:19:58.373Z,GBmrxrKcEhiSm5z8tnueycaCcqdPDrQzX8tXBhRApump,200,4000
life,2026-08-03T04:20:02.299Z,GBmrxrKcEhiSm5z8tnueycaCcqdPDrQzX8tXBhRApump,200,4000
life,2026-08-03T04:20:06.302Z,GBmrxrKcEhiSm5z8tnueycaCcqdPDrQzX8tXBhRApump,200,4000
life,2026-08-03T04:20:10.302Z,GBmrxrKcEhiSm5z8tnueycaCcqdPDrQzX8tXBhRApump,200,4000
life,2026-08-03T04:20:14.307Z,GBmrxrKcEhiSm5z8tnueycaCcqdPDrQzX8tXBhRApump,200,4000
life,2026-08-03T04:20:18.298Z,GBmrxrKcEhiSm5z8tnueycaCcqdPDrQzX8tXBhRApump,200,4000
life,2026-08-03T04:20:22.309Z,GBmrxrKcEhiSm5z8tnueycaCcqdPDrQzX8tXBhRApump,200,4000
life,2026-08-03T04:20:26.312Z,GBmrxrKcEhiSm5z8tnueycaCcqdPDrQzX8tXBhRApump,200,4000
life,2026-08-03T04:20:30.309Z,GBmrxrKcEhiSm5z8tnueycaCcqdPDrQzX8tXBhRApump,200,4000
life,2026-08-03T04:20:34.314Z,GBmrxrKcEhiSm5z8tnueycaCcqdPDrQzX8tXBhRApump,200,4000
life,2026-08-03T04:20:38.317Z,GBmrxrKcEhiSm5z8tnueycaCcqdPDrQzX8tXBhRApump,200,4000
life,2026-08-03T04:20:42.315Z,GBmrxrKcEhiSm5z8tnueycaCcqdPDrQzX8tXBhRApump,200,4000
life,2026-08-03T04:20:46.322Z,GBmrxrKcEhiSm5z8tnueycaCcqdPDrQzX8tXBhRApump,200,4000
life,2026-08-03T04:20:50.332Z,GBmrxrKcEhiSm5z8tnueycaCcqdPDrQzX8tXBhRApump,200,4000
life,2026-08-03T04:20:54.324Z,GBmrxrKcEhiSm5z8tnueycaCcqdPDrQzX8tXBhRApump,200,4000
life,2026-08-03T04:20:58.320Z,GBmrxrKcEhiSm5z8tnueycaCcqdPDrQzX8tXBhRApump,200,4000
life,2026-08-03T04:21:02.337Z,GBmrxrKcEhiSm5z8tnueycaCcqdPDrQzX8tXBhRApump,200,4000
life,2026-08-03T04:21:06.330Z,GBmrxrKcEhiSm5z8tnueycaCcqdPDrQzX8tXBhRApump,200,4000
life,2026-08-03T04:21:10.331Z,GBmrxrKcEhiSm5z8tnueycaCcqdPDrQzX8tXBhRApump,200,4000
life,2026-08-03T04:21:14.339Z,GBmrxrKcEhiSm5z8tnueycaCcqdPDrQzX8tXBhRApump,200,4000
life,2026-08-03T04:21:18.335Z,GBmrxrKcEhiSm5z8tnueycaCcqdPDrQzX8tXBhRApump,200,4000
life,2026-08-03T04:21:22.340Z,GBmrxrKcEhiSm5z8tnueycaCcqdPDrQzX8tXBhRApump,200,4000
life,2026-08-03T04:21:26.345Z,GBmrxrKcEhiSm5z8tnueycaCcqdPDrQzX8tXBhRApump,200,4000
life,2026-08-03T04:21:30.351Z,GBmrxrKcEhiSm5z8tnueycaCcqdPDrQzX8tXBhRApump,200,4000
life,2026-08-03T04:21:34.349Z,GBmrxrKcEhiSm5z8tnueycaCcqdPDrQzX8tXBhRApump,200,4000
life,2026-08-03T04:21:38.359Z,GBmrxrKcEhiSm5z8tnueycaCcqdPDrQzX8tXBhRApump,200,4000
life,2026-08-03T04:21:42.349Z,GBmrxrKcEhiSm5z8tnueycaCcqdPDrQzX8tXBhRApump,200,4000
life,2026-08-03T04:21:46.355Z,GBmrxrKcEhiSm5z8tnueycaCcqdPDrQzX8tXBhRApump,200,4000
life,2026-08-03T04:21:50.360Z,GBmrxrKcEhiSm5z8tnueycaCcqdPDrQzX8tXBhRApump,200,4000
life,2026-08-03T04:21:54.355Z,GBmrxrKcEhiSm5z8tnueycaCcqdPDrQzX8tXBhRApump,200,4000
life,2026-08-03T04:21:58.357Z,GBmrxrKcEhiSm5z8tnueycaCcqdPDrQzX8tXBhRApump,200,4000
life,2026-08-03T04:22:02.373Z,GBmrxrKcEhiSm5z8tnueycaCcqdPDrQzX8tXBhRApump,200,4000
life,2026-08-03T04:22:06.360Z,GBmrxrKcEhiSm5z8tnueycaCcqdPDrQzX8tXBhRApump,200,4000
life,2026-08-03T04:22:10.379Z,GBmrxrKcEhiSm5z8tnueycaCcqdPDrQzX8tXBhRApump,200,4000
life,2026-08-03T04:22:14.571Z,GBmrxrKcEhiSm5z8tnueycaCcqdPDrQzX8tXBhRApump,200,4000
life,2026-08-03T04:22:18.364Z,GBmrxrKcEhiSm5z8tnueycaCcqdPDrQzX8tXBhRApump,200,4000
life,2026-08-03T04:22:22.368Z,GBmrxrKcEhiSm5z8tnueycaCcqdPDrQzX8tXBhRApump,200,4000
life,2026-08-03T04:22:26.389Z,GBmrxrKcEhiSm5z8tnueycaCcqdPDrQzX8tXBhRApump,200,4000
life,2026-08-03T04:22:30.367Z,GBmrxrKcEhiSm5z8tnueycaCcqdPDrQzX8tXBhRApump,200,4000
life,2026-08-03T04:22:34.367Z,GBmrxrKcEhiSm5z8tnueycaCcqdPDrQzX8tXBhRApump,200,4000
life,2026-08-03T04:22:38.410Z,GBmrxrKcEhiSm5z8tnueycaCcqdPDrQzX8tXBhRApump,200,4000
life,2026-08-03T04:22:42.374Z,GBmrxrKcEhiSm5z8tnueycaCcqdPDrQzX8tXBhRApump,200,4000
life,2026-08-03T04:22:46.391Z,GBmrxrKcEhiSm5z8tnueycaCcqdPDrQzX8tXBhRApump,200,4000
life,2026-08-03T04:22:50.382Z,GBmrxrKcEhiSm5z8tnueycaCcqdPDrQzX8tXBhRApump,200,4000
life,2026-08-03T04:22:54.387Z,GBmrxrKcEhiSm5z8tnueycaCcqdPDrQzX8tXBhRApump,200,4000
life,2026-08-03T04:22:58.509Z,GBmrxrKcEhiSm5z8tnueycaCcqdPDrQzX8tXBhRApump,200,4000
life,2026-08-03T04:23:02.400Z,GBmrxrKcEhiSm5z8tnueycaCcqdPDrQzX8tXBhRApump,200,4000
life,2026-08-03T04:23:06.384Z,GBmrxrKcEhiSm5z8tnueycaCcqdPDrQzX8tXBhRApump,200,4000
life,2026-08-03T04:23:10.404Z,GBmrxrKcEhiSm5z8tnueycaCcqdPDrQzX8tXBhRApump,200,4000
life,2026-08-03T04:23:14.409Z,GBmrxrKcEhiSm5z8tnueycaCcqdPDrQzX8tXBhRApump,200,4000
life,2026-08-03T04:23:18.434Z,GBmrxrKcEhiSm5z8tnueycaCcqdPDrQzX8tXBhRApump,200,4000
life,2026-08-03T04:23:22.404Z,GBmrxrKcEhiSm5z8tnueycaCcqdPDrQzX8tXBhRApump,200,4000
life,2026-08-03T04:23:26.392Z,GBmrxrKcEhiSm5z8tnueycaCcqdPDrQzX8tXBhRApump,200,4000
life,2026-08-03T04:23:30.391Z,GBmrxrKcEhiSm5z8tnueycaCcqdPDrQzX8tXBhRApump,200,4000
life,2026-08-03T04:23:34.426Z,HtoNB93hCvc3HEmYb55XnEJhhF9PuhDKcb92L73Qpump,200,4000
life,2026-08-03T04:23:38.400Z,HtoNB93hCvc3HEmYb55XnEJhhF9PuhDKcb92L73Qpump,200,4000
life,2026-08-03T04:23:42.422Z,HtoNB93hCvc3HEmYb55XnEJhhF9PuhDKcb92L73Qpump,200,4000
life,2026-08-03T04:23:46.408Z,HtoNB93hCvc3HEmYb55XnEJhhF9PuhDKcb92L73Qpump,200,4000
life,2026-08-03T04:23:50.410Z,HtoNB93hCvc3HEmYb55XnEJhhF9PuhDKcb92L73Qpump,200,4000
life,2026-08-03T04:23:55.106Z,HtoNB93hCvc3HEmYb55XnEJhhF9PuhDKcb92L73Qpump,200,4000
life,2026-08-03T04:23:58.414Z,HtoNB93hCvc3HEmYb55XnEJhhF9PuhDKcb92L73Qpump,200,4000
life,2026-08-03T04:24:02.479Z,HtoNB93hCvc3HEmYb55XnEJhhF9PuhDKcb92L73Qpump,200,4000
life,2026-08-03T04:24:06.542Z,HtoNB93hCvc3HEmYb55XnEJhhF9PuhDKcb92L73Qpump,200,4000
life,2026-08-03T04:24:10.544Z,HtoNB93hCvc3HEmYb55XnEJhhF9PuhDKcb92L73Qpump,200,4000
life,2026-08-03T04:24:14.427Z,HtoNB93hCvc3HEmYb55XnEJhhF9PuhDKcb92L73Qpump,200,4000
life,2026-08-03T04:24:18.442Z,HtoNB93hCvc3HEmYb55XnEJhhF9PuhDKcb92L73Qpump,200,4000
life,2026-08-03T04:24:22.461Z,HtoNB93hCvc3HEmYb55XnEJhhF9PuhDKcb92L73Qpump,200,4000
life,2026-08-03T04:24:26.586Z,HtoNB93hCvc3HEmYb55XnEJhhF9PuhDKcb92L73Qpump,200,4000
life,2026-08-03T04:24:30.438Z,HtoNB93hCvc3HEmYb55XnEJhhF9PuhDKcb92L73Qpump,200,4000
life,2026-08-03T04:24:34.449Z,HtoNB93hCvc3HEmYb55XnEJhhF9PuhDKcb92L73Qpump,200,4000
life,2026-08-03T04:24:38.653Z,HtoNB93hCvc3HEmYb55XnEJhhF9PuhDKcb92L73Qpump,200,4000
life,2026-08-03T04:24:42.530Z,HtoNB93hCvc3HEmYb55XnEJhhF9PuhDKcb92L73Qpump,200,4000
life,2026-08-03T04:24:46.456Z,HtoNB93hCvc3HEmYb55XnEJhhF9PuhDKcb92L73Qpump,200,4000
life,2026-08-03T04:24:50.521Z,HtoNB93hCvc3HEmYb55XnEJhhF9PuhDKcb92L73Qpump,200,4000
life,2026-08-03T04:24:54.473Z,HtoNB93hCvc3HEmYb55XnEJhhF9PuhDKcb92L73Qpump,200,4000
life,2026-08-03T04:24:58.585Z,HtoNB93hCvc3HEmYb55XnEJhhF9PuhDKcb92L73Qpump,200,4000
life,2026-08-03T04:25:02.549Z,HtoNB93hCvc3HEmYb55XnEJhhF9PuhDKcb92L73Qpump,200,4000
life,2026-08-03T04:25:06.456Z,HtoNB93hCvc3HEmYb55XnEJhhF9PuhDKcb92L73Qpump,200,4000
life,2026-08-03T04:25:10.559Z,HtoNB93hCvc3HEmYb55XnEJhhF9PuhDKcb92L73Qpump,200,4000
life,2026-08-03T04:25:14.516Z,HtoNB93hCvc3HEmYb55XnEJhhF9PuhDKcb92L73Qpump,200,4000
life,2026-08-03T04:25:18.469Z,HtoNB93hCvc3HEmYb55XnEJhhF9PuhDKcb92L73Qpump,200,4000
life,2026-08-03T04:25:22.475Z,HtoNB93hCvc3HEmYb55XnEJhhF9PuhDKcb92L73Qpump,200,4000
life,2026-08-03T04:25:26.500Z,HtoNB93hCvc3HEmYb55XnEJhhF9PuhDKcb92L73Qpump,200,4000
life,2026-08-03T04:25:30.474Z,HtoNB93hCvc3HEmYb55XnEJhhF9PuhDKcb92L73Qpump,200,4000
life,2026-08-03T04:25:34.592Z,HtoNB93hCvc3HEmYb55XnEJhhF9PuhDKcb92L73Qpump,200,4000
life,2026-08-03T04:25:38.469Z,HtoNB93hCvc3HEmYb55XnEJhhF9PuhDKcb92L73Qpump,200,4000
life,2026-08-03T04:25:42.463Z,HtoNB93hCvc3HEmYb55XnEJhhF9PuhDKcb92L73Qpump,200,4000
life,2026-08-03T04:25:46.497Z,HtoNB93hCvc3HEmYb55XnEJhhF9PuhDKcb92L73Qpump,200,4000
life,2026-08-03T04:25:50.469Z,HtoNB93hCvc3HEmYb55XnEJhhF9PuhDKcb92L73Qpump,200,4000
life,2026-08-03T04:25:54.470Z,HtoNB93hCvc3HEmYb55XnEJhhF9PuhDKcb92L73Qpump,200,4000
life,2026-08-03T04:25:58.517Z,HtoNB93hCvc3HEmYb55XnEJhhF9PuhDKcb92L73Qpump,200,4000
life,2026-08-03T04:26:02.467Z,HtoNB93hCvc3HEmYb55XnEJhhF9PuhDKcb92L73Qpump,200,4000
life,2026-08-03T04:26:06.482Z,HtoNB93hCvc3HEmYb55XnEJhhF9PuhDKcb92L73Qpump,200,4000
life,2026-08-03T04:26:10.483Z,HtoNB93hCvc3HEmYb55XnEJhhF9PuhDKcb92L73Qpump,200,4000
life,2026-08-03T04:26:14.474Z,HtoNB93hCvc3HEmYb55XnEJhhF9PuhDKcb92L73Qpump,200,4000
life,2026-08-03T04:26:18.473Z,HtoNB93hCvc3HEmYb55XnEJhhF9PuhDKcb92L73Qpump,200,4000
life,2026-08-03T04:26:22.486Z,HtoNB93hCvc3HEmYb55XnEJhhF9PuhDKcb92L73Qpump,200,4000
life,2026-08-03T04:26:26.693Z,HtoNB93hCvc3HEmYb55XnEJhhF9PuhDKcb92L73Qpump,200,4000
life,2026-08-03T04:26:30.491Z,HtoNB93hCvc3HEmYb55XnEJhhF9PuhDKcb92L73Qpump,200,4000
life,2026-08-03T04:26:34.510Z,HtoNB93hCvc3HEmYb55XnEJhhF9PuhDKcb92L73Qpump,200,4000
life,2026-08-03T04:26:38.496Z,HtoNB93hCvc3HEmYb55XnEJhhF9PuhDKcb92L73Qpump,200,4000
life,2026-08-03T04:26:42.625Z,HtoNB93hCvc3HEmYb55XnEJhhF9PuhDKcb92L73Qpump,200,4000
life,2026-08-03T04:26:46.496Z,HtoNB93hCvc3HEmYb55XnEJhhF9PuhDKcb92L73Qpump,200,4000
life,2026-08-03T04:26:50.521Z,HtoNB93hCvc3HEmYb55XnEJhhF9PuhDKcb92L73Qpump,200,4000
life,2026-08-03T04:26:54.507Z,HtoNB93hCvc3HEmYb55XnEJhhF9PuhDKcb92L73Qpump,200,4000
life,2026-08-03T04:26:58.507Z,HtoNB93hCvc3HEmYb55XnEJhhF9PuhDKcb92L73Qpump,200,4000
life,2026-08-03T04:27:02.627Z,HtoNB93hCvc3HEmYb55XnEJhhF9PuhDKcb92L73Qpump,200,4000
life,2026-08-03T04:27:06.518Z,HtoNB93hCvc3HEmYb55XnEJhhF9PuhDKcb92L73Qpump,200,4000
life,2026-08-03T04:27:10.516Z,HtoNB93hCvc3HEmYb55XnEJhhF9PuhDKcb92L73Qpump,200,4000
life,2026-08-03T04:27:14.514Z,HtoNB93hCvc3HEmYb55XnEJhhF9PuhDKcb92L73Qpump,200,4000
life,2026-08-03T04:27:18.512Z,HtoNB93hCvc3HEmYb55XnEJhhF9PuhDKcb92L73Qpump,200,4000
life,2026-08-03T04:27:22.511Z,HtoNB93hCvc3HEmYb55XnEJhhF9PuhDKcb92L73Qpump,200,4000
life,2026-08-03T04:27:26.634Z,HtoNB93hCvc3HEmYb55XnEJhhF9PuhDKcb92L73Qpump,200,4000
life,2026-08-03T04:27:30.517Z,HtoNB93hCvc3HEmYb55XnEJhhF9PuhDKcb92L73Qpump,200,4000
life,2026-08-03T04:27:34.512Z,HtoNB93hCvc3HEmYb55XnEJhhF9PuhDKcb92L73Qpump,200,4000
life,2026-08-03T04:27:38.513Z,HtoNB93hCvc3HEmYb55XnEJhhF9PuhDKcb92L73Qpump,200,4000
life,2026-08-03T04:27:42.514Z,HtoNB93hCvc3HEmYb55XnEJhhF9PuhDKcb92L73Qpump,200,4000
life,2026-08-03T04:27:46.526Z,HtoNB93hCvc3HEmYb55XnEJhhF9PuhDKcb92L73Qpump,200,4000
life,2026-08-03T04:27:50.535Z,HtoNB93hCvc3HEmYb55XnEJhhF9PuhDKcb92L73Qpump,200,4000
life,2026-08-03T04:27:54.534Z,HtoNB93hCvc3HEmYb55XnEJhhF9PuhDKcb92L73Qpump,200,4000
life,2026-08-03T04:27:58.536Z,HtoNB93hCvc3HEmYb55XnEJhhF9PuhDKcb92L73Qpump,200,4000
life,2026-08-03T04:28:02.809Z,HtoNB93hCvc3HEmYb55XnEJhhF9PuhDKcb92L73Qpump,200,4000
life,2026-08-03T04:28:06.533Z,HtoNB93hCvc3HEmYb55XnEJhhF9PuhDKcb92L73Qpump,200,4000
life,2026-08-03T04:28:10.556Z,HtoNB93hCvc3HEmYb55XnEJhhF9PuhDKcb92L73Qpump,200,4000
life,2026-08-03T04:28:14.536Z,HtoNB93hCvc3HEmYb55XnEJhhF9PuhDKcb92L73Qpump,200,4000
life,2026-08-03T04:28:18.538Z,HtoNB93hCvc3HEmYb55XnEJhhF9PuhDKcb92L73Qpump,200,4000
life,2026-08-03T04:28:22.571Z,HtoNB93hCvc3HEmYb55XnEJhhF9PuhDKcb92L73Qpump,200,4000
life,2026-08-03T04:28:26.541Z,HtoNB93hCvc3HEmYb55XnEJhhF9PuhDKcb92L73Qpump,200,4000
life,2026-08-03T04:28:30.580Z,HtoNB93hCvc3HEmYb55XnEJhhF9PuhDKcb92L73Qpump,200,4000
life,2026-08-03T04:28:34.652Z,HtoNB93hCvc3HEmYb55XnEJhhF9PuhDKcb92L73Qpump,200,4000
life,2026-08-03T04:28:38.549Z,HtoNB93hCvc3HEmYb55XnEJhhF9PuhDKcb92L73Qpump,200,4000
life,2026-08-03T04:28:42.552Z,HtoNB93hCvc3HEmYb55XnEJhhF9PuhDKcb92L73Qpump,200,4000
life,2026-08-03T04:28:46.564Z,HtoNB93hCvc3HEmYb55XnEJhhF9PuhDKcb92L73Qpump,200,4000
life,2026-08-03T04:28:50.564Z,HtoNB93hCvc3HEmYb55XnEJhhF9PuhDKcb92L73Qpump,200,4000
life,2026-08-03T04:28:54.557Z,HtoNB93hCvc3HEmYb55XnEJhhF9PuhDKcb92L73Qpump,200,4000
life,2026-08-03T04:28:58.568Z,HtoNB93hCvc3HEmYb55XnEJhhF9PuhDKcb92L73Qpump,200,4000
life,2026-08-03T04:29:02.600Z,HtoNB93hCvc3HEmYb55XnEJhhF9PuhDKcb92L73Qpump,200,4000
life,2026-08-03T04:29:06.557Z,HtoNB93hCvc3HEmYb55XnEJhhF9PuhDKcb92L73Qpump,200,4000
life,2026-08-03T04:29:10.715Z,HtoNB93hCvc3HEmYb55XnEJhhF9PuhDKcb92L73Qpump,200,4000
life,2026-08-03T04:29:14.564Z,HtoNB93hCvc3HEmYb55XnEJhhF9PuhDKcb92L73Qpump,200,4000
life,2026-08-03T04:29:18.566Z,HtoNB93hCvc3HEmYb55XnEJhhF9PuhDKcb92L73Qpump,200,4000
life,2026-08-03T04:29:22.574Z,HtoNB93hCvc3HEmYb55XnEJhhF9PuhDKcb92L73Qpump,200,4000
life,2026-08-03T04:29:26.699Z,HtoNB93hCvc3HEmYb55XnEJhhF9PuhDKcb92L73Qpump,200,4000
life,2026-08-03T04:29:30.569Z,HtoNB93hCvc3HEmYb55XnEJhhF9PuhDKcb92L73Qpump,200,4000
life,2026-08-03T04:29:34.680Z,HtoNB93hCvc3HEmYb55XnEJhhF9PuhDKcb92L73Qpump,200,4000
life,2026-08-03T04:29:38.631Z,HtoNB93hCvc3HEmYb55XnEJhhF9PuhDKcb92L73Qpump,200,4000
life,2026-08-03T04:29:42.588Z,HtoNB93hCvc3HEmYb55XnEJhhF9PuhDKcb92L73Qpump,200,4000
life,2026-08-03T04:29:46.608Z,HtoNB93hCvc3HEmYb55XnEJhhF9PuhDKcb92L73Qpump,200,4000
life,2026-08-03T04:29:50.590Z,HtoNB93hCvc3HEmYb55XnEJhhF9PuhDKcb92L73Qpump,200,4000
life,2026-08-03T04:29:54.638Z,HtoNB93hCvc3HEmYb55XnEJhhF9PuhDKcb92L73Qpump,200,4000
life,2026-08-03T04:29:58.599Z,HtoNB93hCvc3HEmYb55XnEJhhF9PuhDKcb92L73Qpump,200,4000
life,2026-08-03T04:30:02.581Z,HtoNB93hCvc3HEmYb55XnEJhhF9PuhDKcb92L73Qpump,200,4000
life,2026-08-03T04:30:06.604Z,HtoNB93hCvc3HEmYb55XnEJhhF9PuhDKcb92L73Qpump,200,4000
life,2026-08-03T04:30:10.629Z,HtoNB93hCvc3HEmYb55XnEJhhF9PuhDKcb92L73Qpump,200,4000
life,2026-08-03T04:30:14.891Z,CP1Y8TMA1FL4TWfFFuDsi3ncw1VkTYi2gGzuEXoCpump,200,4000
life,2026-08-03T04:30:18.601Z,CP1Y8TMA1FL4TWfFFuDsi3ncw1VkTYi2gGzuEXoCpump,200,4000
life,2026-08-03T04:30:22.590Z,CP1Y8TMA1FL4TWfFFuDsi3ncw1VkTYi2gGzuEXoCpump,200,4000
life,2026-08-03T04:30:26.629Z,CP1Y8TMA1FL4TWfFFuDsi3ncw1VkTYi2gGzuEXoCpump,200,4000
life,2026-08-03T04:30:30.609Z,CP1Y8TMA1FL4TWfFFuDsi3ncw1VkTYi2gGzuEXoCpump,200,4000
life,2026-08-03T04:30:34.770Z,CP1Y8TMA1FL4TWfFFuDsi3ncw1VkTYi2gGzuEXoCpump,200,4000
life,2026-08-03T04:30:38.672Z,CP1Y8TMA1FL4TWfFFuDsi3ncw1VkTYi2gGzuEXoCpump,200,4000
life,2026-08-03T04:30:42.598Z,CP1Y8TMA1FL4TWfFFuDsi3ncw1VkTYi2gGzuEXoCpump,200,4000
life,2026-08-03T04:30:46.606Z,CP1Y8TMA1FL4TWfFFuDsi3ncw1VkTYi2gGzuEXoCpump,200,4000
life,2026-08-03T04:30:50.649Z,CP1Y8TMA1FL4TWfFFuDsi3ncw1VkTYi2gGzuEXoCpump,200,4000
life,2026-08-03T04:30:54.830Z,CP1Y8TMA1FL4TWfFFuDsi3ncw1VkTYi2gGzuEXoCpump,200,4000
life,2026-08-03T04:30:58.608Z,CP1Y8TMA1FL4TWfFFuDsi3ncw1VkTYi2gGzuEXoCpump,200,4000
life,2026-08-03T04:31:02.600Z,CP1Y8TMA1FL4TWfFFuDsi3ncw1VkTYi2gGzuEXoCpump,200,4000
life,2026-08-03T04:31:06.738Z,CP1Y8TMA1FL4TWfFFuDsi3ncw1VkTYi2gGzuEXoCpump,200,4000
life,2026-08-03T04:31:10.613Z,CP1Y8TMA1FL4TWfFFuDsi3ncw1VkTYi2gGzuEXoCpump,200,4000
life,2026-08-03T04:31:14.623Z,CP1Y8TMA1FL4TWfFFuDsi3ncw1VkTYi2gGzuEXoCpump,200,4000
life,2026-08-03T04:31:18.625Z,CP1Y8TMA1FL4TWfFFuDsi3ncw1VkTYi2gGzuEXoCpump,200,4000
life,2026-08-03T04:31:22.618Z,CP1Y8TMA1FL4TWfFFuDsi3ncw1VkTYi2gGzuEXoCpump,200,4000
life,2026-08-03T04:31:26.658Z,CP1Y8TMA1FL4TWfFFuDsi3ncw1VkTYi2gGzuEXoCpump,200,4000
life,2026-08-03T04:31:30.643Z,CP1Y8TMA1FL4TWfFFuDsi3ncw1VkTYi2gGzuEXoCpump,200,4000
life,2026-08-03T04:31:34.625Z,CP1Y8TMA1FL4TWfFFuDsi3ncw1VkTYi2gGzuEXoCpump,200,4000
life,2026-08-03T04:31:38.638Z,CP1Y8TMA1FL4TWfFFuDsi3ncw1VkTYi2gGzuEXoCpump,200,4000
life,2026-08-03T04:31:42.637Z,CP1Y8TMA1FL4TWfFFuDsi3ncw1VkTYi2gGzuEXoCpump,200,4000
life,2026-08-03T04:31:46.678Z,CP1Y8TMA1FL4TWfFFuDsi3ncw1VkTYi2gGzuEXoCpump,200,4000
life,2026-08-03T04:31:50.634Z,CP1Y8TMA1FL4TWfFFuDsi3ncw1VkTYi2gGzuEXoCpump,200,4000
life,2026-08-03T04:31:54.805Z,CP1Y8TMA1FL4TWfFFuDsi3ncw1VkTYi2gGzuEXoCpump,200,4000
life,2026-08-03T04:31:58.685Z,CP1Y8TMA1FL4TWfFFuDsi3ncw1VkTYi2gGzuEXoCpump,200,4000
life,2026-08-03T04:32:02.808Z,CP1Y8TMA1FL4TWfFFuDsi3ncw1VkTYi2gGzuEXoCpump,200,4000
life,2026-08-03T04:32:06.732Z,CP1Y8TMA1FL4TWfFFuDsi3ncw1VkTYi2gGzuEXoCpump,200,4000
life,2026-08-03T04:32:10.754Z,CP1Y8TMA1FL4TWfFFuDsi3ncw1VkTYi2gGzuEXoCpump,200,4000
life,2026-08-03T04:32:14.659Z,CP1Y8TMA1FL4TWfFFuDsi3ncw1VkTYi2gGzuEXoCpump,200,4000
life,2026-08-03T04:32:18.663Z,CP1Y8TMA1FL4TWfFFuDsi3ncw1VkTYi2gGzuEXoCpump,200,4000
life,2026-08-03T04:32:22.660Z,CP1Y8TMA1FL4TWfFFuDsi3ncw1VkTYi2gGzuEXoCpump,200,4000
life,2026-08-03T04:32:26.873Z,CP1Y8TMA1FL4TWfFFuDsi3ncw1VkTYi2gGzuEXoCpump,200,4000
life,2026-08-03T04:32:30.692Z,CP1Y8TMA1FL4TWfFFuDsi3ncw1VkTYi2gGzuEXoCpump,200,4000
life,2026-08-03T04:32:34.652Z,CP1Y8TMA1FL4TWfFFuDsi3ncw1VkTYi2gGzuEXoCpump,200,4000
life,2026-08-03T04:32:38.671Z,CP1Y8TMA1FL4TWfFFuDsi3ncw1VkTYi2gGzuEXoCpump,200,4000
life,2026-08-03T04:32:42.655Z,CP1Y8TMA1FL4TWfFFuDsi3ncw1VkTYi2gGzuEXoCpump,200,4000
life,2026-08-03T04:32:46.669Z,CP1Y8TMA1FL4TWfFFuDsi3ncw1VkTYi2gGzuEXoCpump,200,4000
life,2026-08-03T04:32:50.664Z,CP1Y8TMA1FL4TWfFFuDsi3ncw1VkTYi2gGzuEXoCpump,200,4000
life,2026-08-03T04:32:54.663Z,CP1Y8TMA1FL4TWfFFuDsi3ncw1VkTYi2gGzuEXoCpump,200,4000
life,2026-08-03T04:32:58.702Z,CP1Y8TMA1FL4TWfFFuDsi3ncw1VkTYi2gGzuEXoCpump,200,4000
life,2026-08-03T04:33:02.670Z,CP1Y8TMA1FL4TWfFFuDsi3ncw1VkTYi2gGzuEXoCpump,200,4000
life,2026-08-03T04:33:06.671Z,CP1Y8TMA1FL4TWfFFuDsi3ncw1VkTYi2gGzuEXoCpump,200,4000
life,2026-08-03T04:33:10.667Z,CP1Y8TMA1FL4TWfFFuDsi3ncw1VkTYi2gGzuEXoCpump,200,4000
life,2026-08-03T04:33:14.675Z,CP1Y8TMA1FL4TWfFFuDsi3ncw1VkTYi2gGzuEXoCpump,200,4000
life,2026-08-03T04:33:18.672Z,CP1Y8TMA1FL4TWfFFuDsi3ncw1VkTYi2gGzuEXoCpump,200,4000
life,2026-08-03T04:33:22.677Z,CP1Y8TMA1FL4TWfFFuDsi3ncw1VkTYi2gGzuEXoCpump,200,4000
life,2026-08-03T04:33:26.685Z,CP1Y8TMA1FL4TWfFFuDsi3ncw1VkTYi2gGzuEXoCpump,200,4000
life,2026-08-03T04:33:30.688Z,CP1Y8TMA1FL4TWfFFuDsi3ncw1VkTYi2gGzuEXoCpump,200,4000
life,2026-08-03T04:33:34.686Z,CP1Y8TMA1FL4TWfFFuDsi3ncw1VkTYi2gGzuEXoCpump,200,4000
life,2026-08-03T04:33:38.691Z,CP1Y8TMA1FL4TWfFFuDsi3ncw1VkTYi2gGzuEXoCpump,200,4000
life,2026-08-03T04:33:42.678Z,CP1Y8TMA1FL4TWfFFuDsi3ncw1VkTYi2gGzuEXoCpump,200,4000
life,2026-08-03T04:33:46.765Z,CP1Y8TMA1FL4TWfFFuDsi3ncw1VkTYi2gGzuEXoCpump,200,4000
life,2026-08-03T04:33:50.694Z,CP1Y8TMA1FL4TWfFFuDsi3ncw1VkTYi2gGzuEXoCpump,200,4000
life,2026-08-03T04:33:54.689Z,CP1Y8TMA1FL4TWfFFuDsi3ncw1VkTYi2gGzuEXoCpump,200,4000
life,2026-08-03T04:33:58.707Z,CP1Y8TMA1FL4TWfFFuDsi3ncw1VkTYi2gGzuEXoCpump,200,4000
life,2026-08-03T04:34:02.702Z,CP1Y8TMA1FL4TWfFFuDsi3ncw1VkTYi2gGzuEXoCpump,200,4000
life,2026-08-03T04:34:06.696Z,CP1Y8TMA1FL4TWfFFuDsi3ncw1VkTYi2gGzuEXoCpump,200,4000
life,2026-08-03T04:34:10.713Z,CP1Y8TMA1FL4TWfFFuDsi3ncw1VkTYi2gGzuEXoCpump,200,4000
life,2026-08-03T04:34:14.700Z,CP1Y8TMA1FL4TWfFFuDsi3ncw1VkTYi2gGzuEXoCpump,200,4000
life,2026-08-03T04:34:18.692Z,CP1Y8TMA1FL4TWfFFuDsi3ncw1VkTYi2gGzuEXoCpump,200,4000
life,2026-08-03T04:34:22.707Z,CP1Y8TMA1FL4TWfFFuDsi3ncw1VkTYi2gGzuEXoCpump,200,4000
life,2026-08-03T04:34:26.707Z,CP1Y8TMA1FL4TWfFFuDsi3ncw1VkTYi2gGzuEXoCpump,200,4000
life,2026-08-03T04:34:30.713Z,CP1Y8TMA1FL4TWfFFuDsi3ncw1VkTYi2gGzuEXoCpump,200,4000
life,2026-08-03T04:34:34.708Z,CP1Y8TMA1FL4TWfFFuDsi3ncw1VkTYi2gGzuEXoCpump,200,4000
life,2026-08-03T04:34:38.753Z,CP1Y8TMA1FL4TWfFFuDsi3ncw1VkTYi2gGzuEXoCpump,200,4000
life,2026-08-03T04:34:42.712Z,CP1Y8TMA1FL4TWfFFuDsi3ncw1VkTYi2gGzuEXoCpump,200,4000
life,2026-08-03T04:34:46.711Z,CP1Y8TMA1FL4TWfFFuDsi3ncw1VkTYi2gGzuEXoCpump,200,4000
life,2026-08-03T04:34:50.718Z,CP1Y8TMA1FL4TWfFFuDsi3ncw1VkTYi2gGzuEXoCpump,200,4000
life,2026-08-03T04:34:54.714Z,CP1Y8TMA1FL4TWfFFuDsi3ncw1VkTYi2gGzuEXoCpump,200,4000
life,2026-08-03T04:34:58.715Z,CP1Y8TMA1FL4TWfFFuDsi3ncw1VkTYi2gGzuEXoCpump,200,4000
life,2026-08-03T04:35:02.728Z,CP1Y8TMA1FL4TWfFFuDsi3ncw1VkTYi2gGzuEXoCpump,200,4000
life,2026-08-03T04:35:06.726Z,CP1Y8TMA1FL4TWfFFuDsi3ncw1VkTYi2gGzuEXoCpump,200,4000
life,2026-08-03T04:35:10.727Z,CP1Y8TMA1FL4TWfFFuDsi3ncw1VkTYi2gGzuEXoCpump,200,4000
life,2026-08-03T04:35:14.738Z,CP1Y8TMA1FL4TWfFFuDsi3ncw1VkTYi2gGzuEXoCpump,200,4000
life,2026-08-03T04:35:18.732Z,CP1Y8TMA1FL4TWfFFuDsi3ncw1VkTYi2gGzuEXoCpump,200,4000
life,2026-08-03T04:35:22.730Z,CP1Y8TMA1FL4TWfFFuDsi3ncw1VkTYi2gGzuEXoCpump,200,4000
life,2026-08-03T04:35:26.748Z,CP1Y8TMA1FL4TWfFFuDsi3ncw1VkTYi2gGzuEXoCpump,200,4000
life,2026-08-03T04:35:30.735Z,CP1Y8TMA1FL4TWfFFuDsi3ncw1VkTYi2gGzuEXoCpump,200,4000
life,2026-08-03T04:35:34.833Z,CP1Y8TMA1FL4TWfFFuDsi3ncw1VkTYi2gGzuEXoCpump,200,4000
life,2026-08-03T04:35:38.803Z,CP1Y8TMA1FL4TWfFFuDsi3ncw1VkTYi2gGzuEXoCpump,200,4000
life,2026-08-03T04:35:42.736Z,CP1Y8TMA1FL4TWfFFuDsi3ncw1VkTYi2gGzuEXoCpump,200,4000
life,2026-08-03T04:35:46.761Z,CP1Y8TMA1FL4TWfFFuDsi3ncw1VkTYi2gGzuEXoCpump,200,4000
life,2026-08-03T04:35:50.741Z,CP1Y8TMA1FL4TWfFFuDsi3ncw1VkTYi2gGzuEXoCpump,200,4000
life,2026-08-03T04:35:54.758Z,CP1Y8TMA1FL4TWfFFuDsi3ncw1VkTYi2gGzuEXoCpump,200,4000
life,2026-08-03T04:35:58.756Z,CP1Y8TMA1FL4TWfFFuDsi3ncw1VkTYi2gGzuEXoCpump,200,4000
life,2026-08-03T04:36:02.754Z,CP1Y8TMA1FL4TWfFFuDsi3ncw1VkTYi2gGzuEXoCpump,200,4000
life,2026-08-03T04:36:06.749Z,CP1Y8TMA1FL4TWfFFuDsi3ncw1VkTYi2gGzuEXoCpump,200,4000
life,2026-08-03T04:36:10.758Z,CP1Y8TMA1FL4TWfFFuDsi3ncw1VkTYi2gGzuEXoCpump,200,4000
life,2026-08-03T04:36:14.768Z,CP1Y8TMA1FL4TWfFFuDsi3ncw1VkTYi2gGzuEXoCpump,200,4000
life,2026-08-03T04:36:18.757Z,CP1Y8TMA1FL4TWfFFuDsi3ncw1VkTYi2gGzuEXoCpump,200,4000
life,2026-08-03T04:36:22.763Z,EZum81Bs7pECU7cttRDiJMwSieJJ9mZBjbbCc7Prpump,200,4000
life,2026-08-03T04:36:26.771Z,EZum81Bs7pECU7cttRDiJMwSieJJ9mZBjbbCc7Prpump,200,4000
life,2026-08-03T04:36:30.824Z,EZum81Bs7pECU7cttRDiJMwSieJJ9mZBjbbCc7Prpump,200,4000
life,2026-08-03T04:36:34.765Z,EZum81Bs7pECU7cttRDiJMwSieJJ9mZBjbbCc7Prpump,200,4000
life,2026-08-03T04:36:38.768Z,EZum81Bs7pECU7cttRDiJMwSieJJ9mZBjbbCc7Prpump,200,4000
life,2026-08-03T04:36:42.783Z,EZum81Bs7pECU7cttRDiJMwSieJJ9mZBjbbCc7Prpump,200,4000
life,2026-08-03T04:36:46.771Z,EZum81Bs7pECU7cttRDiJMwSieJJ9mZBjbbCc7Prpump,200,4000
life,2026-08-03T04:36:50.777Z,EZum81Bs7pECU7cttRDiJMwSieJJ9mZBjbbCc7Prpump,200,4000
life,2026-08-03T04:36:54.867Z,EZum81Bs7pECU7cttRDiJMwSieJJ9mZBjbbCc7Prpump,200,4000
life,2026-08-03T04:36:58.787Z,EZum81Bs7pECU7cttRDiJMwSieJJ9mZBjbbCc7Prpump,200,4000
life,2026-08-03T04:37:02.778Z,EZum81Bs7pECU7cttRDiJMwSieJJ9mZBjbbCc7Prpump,200,4000
life,2026-08-03T04:37:06.801Z,EZum81Bs7pECU7cttRDiJMwSieJJ9mZBjbbCc7Prpump,200,4000
life,2026-08-03T04:37:10.788Z,EZum81Bs7pECU7cttRDiJMwSieJJ9mZBjbbCc7Prpump,200,4000
life,2026-08-03T04:37:14.797Z,EZum81Bs7pECU7cttRDiJMwSieJJ9mZBjbbCc7Prpump,200,4000
life,2026-08-03T04:37:18.806Z,EZum81Bs7pECU7cttRDiJMwSieJJ9mZBjbbCc7Prpump,200,4000
life,2026-08-03T04:37:22.789Z,EZum81Bs7pECU7cttRDiJMwSieJJ9mZBjbbCc7Prpump,200,4000
life,2026-08-03T04:37:26.802Z,EZum81Bs7pECU7cttRDiJMwSieJJ9mZBjbbCc7Prpump,200,4000
life,2026-08-03T04:37:30.797Z,EZum81Bs7pECU7cttRDiJMwSieJJ9mZBjbbCc7Prpump,200,4000
life,2026-08-03T04:37:34.818Z,EZum81Bs7pECU7cttRDiJMwSieJJ9mZBjbbCc7Prpump,200,4000
life,2026-08-03T04:37:38.806Z,EZum81Bs7pECU7cttRDiJMwSieJJ9mZBjbbCc7Prpump,200,4000
life,2026-08-03T04:37:42.846Z,EZum81Bs7pECU7cttRDiJMwSieJJ9mZBjbbCc7Prpump,200,4000
life,2026-08-03T04:37:46.812Z,EZum81Bs7pECU7cttRDiJMwSieJJ9mZBjbbCc7Prpump,200,4000
life,2026-08-03T04:37:50.805Z,EZum81Bs7pECU7cttRDiJMwSieJJ9mZBjbbCc7Prpump,200,4000
life,2026-08-03T04:37:54.823Z,EZum81Bs7pECU7cttRDiJMwSieJJ9mZBjbbCc7Prpump,200,4000
life,2026-08-03T04:37:58.914Z,EZum81Bs7pECU7cttRDiJMwSieJJ9mZBjbbCc7Prpump,200,4000
life,2026-08-03T04:38:02.823Z,EZum81Bs7pECU7cttRDiJMwSieJJ9mZBjbbCc7Prpump,200,4000
life,2026-08-03T04:38:06.818Z,EZum81Bs7pECU7cttRDiJMwSieJJ9mZBjbbCc7Prpump,200,4000
life,2026-08-03T04:38:10.817Z,EZum81Bs7pECU7cttRDiJMwSieJJ9mZBjbbCc7Prpump,200,4000
life,2026-08-03T04:38:14.834Z,EZum81Bs7pECU7cttRDiJMwSieJJ9mZBjbbCc7Prpump,200,4000
life,2026-08-03T04:38:18.831Z,EZum81Bs7pECU7cttRDiJMwSieJJ9mZBjbbCc7Prpump,200,4000
life,2026-08-03T04:38:22.819Z,EZum81Bs7pECU7cttRDiJMwSieJJ9mZBjbbCc7Prpump,200,4000
life,2026-08-03T04:38:26.836Z,EZum81Bs7pECU7cttRDiJMwSieJJ9mZBjbbCc7Prpump,200,4000
life,2026-08-03T04:38:30.829Z,EZum81Bs7pECU7cttRDiJMwSieJJ9mZBjbbCc7Prpump,200,4000
life,2026-08-03T04:38:34.826Z,EZum81Bs7pECU7cttRDiJMwSieJJ9mZBjbbCc7Prpump,200,4000
life,2026-08-03T04:38:38.841Z,EZum81Bs7pECU7cttRDiJMwSieJJ9mZBjbbCc7Prpump,200,4000
life,2026-08-03T04:38:42.833Z,EZum81Bs7pECU7cttRDiJMwSieJJ9mZBjbbCc7Prpump,200,4000
life,2026-08-03T04:38:46.848Z,EZum81Bs7pECU7cttRDiJMwSieJJ9mZBjbbCc7Prpump,200,4000
life,2026-08-03T04:38:50.844Z,EZum81Bs7pECU7cttRDiJMwSieJJ9mZBjbbCc7Prpump,200,4000
life,2026-08-03T04:38:54.834Z,EZum81Bs7pECU7cttRDiJMwSieJJ9mZBjbbCc7Prpump,200,4000
life,2026-08-03T04:38:58.995Z,EZum81Bs7pECU7cttRDiJMwSieJJ9mZBjbbCc7Prpump,200,4000
life,2026-08-03T04:39:02.845Z,EZum81Bs7pECU7cttRDiJMwSieJJ9mZBjbbCc7Prpump,200,4000
life,2026-08-03T04:39:06.858Z,EZum81Bs7pECU7cttRDiJMwSieJJ9mZBjbbCc7Prpump,200,4000
life,2026-08-03T04:39:10.862Z,EZum81Bs7pECU7cttRDiJMwSieJJ9mZBjbbCc7Prpump,200,4000
life,2026-08-03T04:39:14.851Z,EZum81Bs7pECU7cttRDiJMwSieJJ9mZBjbbCc7Prpump,200,4000
life,2026-08-03T04:39:18.851Z,EZum81Bs7pECU7cttRDiJMwSieJJ9mZBjbbCc7Prpump,200,4000
life,2026-08-03T04:39:22.868Z,EZum81Bs7pECU7cttRDiJMwSieJJ9mZBjbbCc7Prpump,200,4000
life,2026-08-03T04:39:26.868Z,EZum81Bs7pECU7cttRDiJMwSieJJ9mZBjbbCc7Prpump,200,4000
life,2026-08-03T04:39:30.860Z,EZum81Bs7pECU7cttRDiJMwSieJJ9mZBjbbCc7Prpump,200,4000
life,2026-08-03T04:39:34.863Z,EZum81Bs7pECU7cttRDiJMwSieJJ9mZBjbbCc7Prpump,200,4000
life,2026-08-03T04:39:38.872Z,EZum81Bs7pECU7cttRDiJMwSieJJ9mZBjbbCc7Prpump,200,4000
life,2026-08-03T04:39:42.875Z,EZum81Bs7pECU7cttRDiJMwSieJJ9mZBjbbCc7Prpump,200,4000
life,2026-08-03T04:39:46.869Z,EZum81Bs7pECU7cttRDiJMwSieJJ9mZBjbbCc7Prpump,200,4000
life,2026-08-03T04:39:50.868Z,EZum81Bs7pECU7cttRDiJMwSieJJ9mZBjbbCc7Prpump,200,4000
life,2026-08-03T04:39:54.873Z,EZum81Bs7pECU7cttRDiJMwSieJJ9mZBjbbCc7Prpump,200,4000
life,2026-08-03T04:39:58.874Z,EZum81Bs7pECU7cttRDiJMwSieJJ9mZBjbbCc7Prpump,200,4000
life,2026-08-03T04:40:02.889Z,EZum81Bs7pECU7cttRDiJMwSieJJ9mZBjbbCc7Prpump,200,4000
life,2026-08-03T04:40:06.888Z,EZum81Bs7pECU7cttRDiJMwSieJJ9mZBjbbCc7Prpump,200,4000
life,2026-08-03T04:40:10.894Z,EZum81Bs7pECU7cttRDiJMwSieJJ9mZBjbbCc7Prpump,200,4000
life,2026-08-03T04:40:14.897Z,EZum81Bs7pECU7cttRDiJMwSieJJ9mZBjbbCc7Prpump,200,4000
life,2026-08-03T04:40:18.883Z,EZum81Bs7pECU7cttRDiJMwSieJJ9mZBjbbCc7Prpump,200,4000
life,2026-08-03T04:40:22.896Z,EZum81Bs7pECU7cttRDiJMwSieJJ9mZBjbbCc7Prpump,200,4000
life,2026-08-03T04:40:26.895Z,EZum81Bs7pECU7cttRDiJMwSieJJ9mZBjbbCc7Prpump,200,4000
life,2026-08-03T04:40:30.899Z,EZum81Bs7pECU7cttRDiJMwSieJJ9mZBjbbCc7Prpump,200,4000
life,2026-08-03T04:40:34.894Z,EZum81Bs7pECU7cttRDiJMwSieJJ9mZBjbbCc7Prpump,200,4000
life,2026-08-03T04:40:38.896Z,EZum81Bs7pECU7cttRDiJMwSieJJ9mZBjbbCc7Prpump,200,4000
life,2026-08-03T04:40:42.895Z,EZum81Bs7pECU7cttRDiJMwSieJJ9mZBjbbCc7Prpump,200,4000
life,2026-08-03T04:40:46.902Z,EZum81Bs7pECU7cttRDiJMwSieJJ9mZBjbbCc7Prpump,200,4000
life,2026-08-03T04:40:50.918Z,EZum81Bs7pECU7cttRDiJMwSieJJ9mZBjbbCc7Prpump,200,4000
life,2026-08-03T04:40:54.915Z,EZum81Bs7pECU7cttRDiJMwSieJJ9mZBjbbCc7Prpump,200,4000
life,2026-08-03T04:40:58.924Z,EZum81Bs7pECU7cttRDiJMwSieJJ9mZBjbbCc7Prpump,200,4000
life,2026-08-03T04:41:02.967Z,EZum81Bs7pECU7cttRDiJMwSieJJ9mZBjbbCc7Prpump,200,4000
life,2026-08-03T04:41:06.938Z,EZum81Bs7pECU7cttRDiJMwSieJJ9mZBjbbCc7Prpump,200,4000
life,2026-08-03T04:41:10.920Z,EZum81Bs7pECU7cttRDiJMwSieJJ9mZBjbbCc7Prpump,200,4000
life,2026-08-03T04:41:15.005Z,EZum81Bs7pECU7cttRDiJMwSieJJ9mZBjbbCc7Prpump,200,4000
life,2026-08-03T04:41:18.930Z,EZum81Bs7pECU7cttRDiJMwSieJJ9mZBjbbCc7Prpump,200,4000
life,2026-08-03T04:41:22.964Z,EZum81Bs7pECU7cttRDiJMwSieJJ9mZBjbbCc7Prpump,200,4000
life,2026-08-03T04:41:26.918Z,EZum81Bs7pECU7cttRDiJMwSieJJ9mZBjbbCc7Prpump,200,4000
life,2026-08-03T04:41:30.920Z,EZum81Bs7pECU7cttRDiJMwSieJJ9mZBjbbCc7Prpump,200,4000
life,2026-08-03T04:41:34.976Z,EZum81Bs7pECU7cttRDiJMwSieJJ9mZBjbbCc7Prpump,200,4000
life,2026-08-03T04:41:38.941Z,EZum81Bs7pECU7cttRDiJMwSieJJ9mZBjbbCc7Prpump,200,4000
life,2026-08-03T04:41:42.948Z,EZum81Bs7pECU7cttRDiJMwSieJJ9mZBjbbCc7Prpump,200,4000
life,2026-08-03T04:41:46.928Z,EZum81Bs7pECU7cttRDiJMwSieJJ9mZBjbbCc7Prpump,200,4000
life,2026-08-03T04:41:50.928Z,EZum81Bs7pECU7cttRDiJMwSieJJ9mZBjbbCc7Prpump,200,4000
life,2026-08-03T04:41:54.944Z,EZum81Bs7pECU7cttRDiJMwSieJJ9mZBjbbCc7Prpump,200,4000
life,2026-08-03T04:41:58.938Z,EZum81Bs7pECU7cttRDiJMwSieJJ9mZBjbbCc7Prpump,200,4000
life,2026-08-03T04:42:02.934Z,EZum81Bs7pECU7cttRDiJMwSieJJ9mZBjbbCc7Prpump,200,4000
life,2026-08-03T04:42:06.946Z,EZum81Bs7pECU7cttRDiJMwSieJJ9mZBjbbCc7Prpump,200,4000
life,2026-08-03T04:42:10.976Z,EZum81Bs7pECU7cttRDiJMwSieJJ9mZBjbbCc7Prpump,200,4000
life,2026-08-03T04:42:14.955Z,EZum81Bs7pECU7cttRDiJMwSieJJ9mZBjbbCc7Prpump,200,4000
life,2026-08-03T04:42:19.119Z,EZum81Bs7pECU7cttRDiJMwSieJJ9mZBjbbCc7Prpump,200,4000
life,2026-08-03T04:42:22.940Z,EZum81Bs7pECU7cttRDiJMwSieJJ9mZBjbbCc7Prpump,200,4000
life,2026-08-03T04:42:26.944Z,EZum81Bs7pECU7cttRDiJMwSieJJ9mZBjbbCc7Prpump,200,4000
life,2026-08-03T04:42:30.949Z,EZum81Bs7pECU7cttRDiJMwSieJJ9mZBjbbCc7Prpump,200,4000
life,2026-08-03T04:42:34.945Z,EZum81Bs7pECU7cttRDiJMwSieJJ9mZBjbbCc7Prpump,200,4000
life,2026-08-03T04:42:38.950Z,EZum81Bs7pECU7cttRDiJMwSieJJ9mZBjbbCc7Prpump,200,4000
life,2026-08-03T04:42:42.949Z,EZum81Bs7pECU7cttRDiJMwSieJJ9mZBjbbCc7Prpump,200,4000
life,2026-08-03T04:42:46.972Z,EZum81Bs7pECU7cttRDiJMwSieJJ9mZBjbbCc7Prpump,200,4000
life,2026-08-03T04:42:50.965Z,EZum81Bs7pECU7cttRDiJMwSieJJ9mZBjbbCc7Prpump,200,4000
life,2026-08-03T04:42:54.962Z,EZum81Bs7pECU7cttRDiJMwSieJJ9mZBjbbCc7Prpump,200,4000
life,2026-08-03T04:42:58.956Z,EZum81Bs7pECU7cttRDiJMwSieJJ9mZBjbbCc7Prpump,200,4000
life,2026-08-03T04:43:03.296Z,5yWb5o2XT4J5dFCg3w6EZHxRAgYhyuj8H1RAEFeUpump,200,4000
life,2026-08-03T04:43:06.971Z,5yWb5o2XT4J5dFCg3w6EZHxRAgYhyuj8H1RAEFeUpump,200,4000
life,2026-08-03T04:43:11.057Z,5yWb5o2XT4J5dFCg3w6EZHxRAgYhyuj8H1RAEFeUpump,200,4000
life,2026-08-03T04:43:14.986Z,5yWb5o2XT4J5dFCg3w6EZHxRAgYhyuj8H1RAEFeUpump,200,4000
life,2026-08-03T04:43:18.982Z,5yWb5o2XT4J5dFCg3w6EZHxRAgYhyuj8H1RAEFeUpump,200,4000
life,2026-08-03T04:43:22.983Z,5yWb5o2XT4J5dFCg3w6EZHxRAgYhyuj8H1RAEFeUpump,200,4000
life,2026-08-03T04:43:27.364Z,5yWb5o2XT4J5dFCg3w6EZHxRAgYhyuj8H1RAEFeUpump,200,4000
life,2026-08-03T04:43:31.092Z,5yWb5o2XT4J5dFCg3w6EZHxRAgYhyuj8H1RAEFeUpump,200,4000
life,2026-08-03T04:43:35.031Z,5yWb5o2XT4J5dFCg3w6EZHxRAgYhyuj8H1RAEFeUpump,200,4000
life,2026-08-03T04:43:38.983Z,5yWb5o2XT4J5dFCg3w6EZHxRAgYhyuj8H1RAEFeUpump,200,4000
life,2026-08-03T04:43:42.991Z,5yWb5o2XT4J5dFCg3w6EZHxRAgYhyuj8H1RAEFeUpump,200,4000
life,2026-08-03T04:43:47.037Z,5yWb5o2XT4J5dFCg3w6EZHxRAgYhyuj8H1RAEFeUpump,200,4000
life,2026-08-03T04:43:51.029Z,5yWb5o2XT4J5dFCg3w6EZHxRAgYhyuj8H1RAEFeUpump,200,4000
life,2026-08-03T04:43:55.016Z,5yWb5o2XT4J5dFCg3w6EZHxRAgYhyuj8H1RAEFeUpump,200,4000
life,2026-08-03T04:43:59.082Z,5yWb5o2XT4J5dFCg3w6EZHxRAgYhyuj8H1RAEFeUpump,200,4000
life,2026-08-03T04:44:03.010Z,5yWb5o2XT4J5dFCg3w6EZHxRAgYhyuj8H1RAEFeUpump,200,4000
life,2026-08-03T04:44:07.021Z,5yWb5o2XT4J5dFCg3w6EZHxRAgYhyuj8H1RAEFeUpump,200,4000
life,2026-08-03T04:44:11.022Z,5yWb5o2XT4J5dFCg3w6EZHxRAgYhyuj8H1RAEFeUpump,200,4000
life,2026-08-03T04:44:15.026Z,5yWb5o2XT4J5dFCg3w6EZHxRAgYhyuj8H1RAEFeUpump,200,4000
life,2026-08-03T04:44:19.013Z,5yWb5o2XT4J5dFCg3w6EZHxRAgYhyuj8H1RAEFeUpump,200,4000
life,2026-08-03T04:44:23.021Z,5yWb5o2XT4J5dFCg3w6EZHxRAgYhyuj8H1RAEFeUpump,200,4000
life,2026-08-03T04:44:27.025Z,5yWb5o2XT4J5dFCg3w6EZHxRAgYhyuj8H1RAEFeUpump,200,4000
life,2026-08-03T04:44:31.108Z,5yWb5o2XT4J5dFCg3w6EZHxRAgYhyuj8H1RAEFeUpump,200,4000
life,2026-08-03T04:44:35.028Z,5yWb5o2XT4J5dFCg3w6EZHxRAgYhyuj8H1RAEFeUpump,200,4000
life,2026-08-03T04:44:39.041Z,5yWb5o2XT4J5dFCg3w6EZHxRAgYhyuj8H1RAEFeUpump,200,4000
life,2026-08-03T04:44:43.060Z,5yWb5o2XT4J5dFCg3w6EZHxRAgYhyuj8H1RAEFeUpump,200,4000
life,2026-08-03T04:44:47.050Z,5yWb5o2XT4J5dFCg3w6EZHxRAgYhyuj8H1RAEFeUpump,200,4000
life,2026-08-03T04:44:51.046Z,5yWb5o2XT4J5dFCg3w6EZHxRAgYhyuj8H1RAEFeUpump,200,4000
life,2026-08-03T04:44:55.037Z,5yWb5o2XT4J5dFCg3w6EZHxRAgYhyuj8H1RAEFeUpump,200,4000
life,2026-08-03T04:44:59.039Z,5yWb5o2XT4J5dFCg3w6EZHxRAgYhyuj8H1RAEFeUpump,200,4000
life,2026-08-03T04:45:03.050Z,5yWb5o2XT4J5dFCg3w6EZHxRAgYhyuj8H1RAEFeUpump,200,4000
life,2026-08-03T04:45:07.047Z,5yWb5o2XT4J5dFCg3w6EZHxRAgYhyuj8H1RAEFeUpump,200,4000
life,2026-08-03T04:45:11.044Z,5yWb5o2XT4J5dFCg3w6EZHxRAgYhyuj8H1RAEFeUpump,200,4000
life,2026-08-03T04:45:15.044Z,5yWb5o2XT4J5dFCg3w6EZHxRAgYhyuj8H1RAEFeUpump,200,4000
life,2026-08-03T04:45:19.044Z,5yWb5o2XT4J5dFCg3w6EZHxRAgYhyuj8H1RAEFeUpump,200,4000
life,2026-08-03T04:45:23.053Z,5yWb5o2XT4J5dFCg3w6EZHxRAgYhyuj8H1RAEFeUpump,200,4000
life,2026-08-03T04:45:27.072Z,5yWb5o2XT4J5dFCg3w6EZHxRAgYhyuj8H1RAEFeUpump,200,4000
life,2026-08-03T04:45:31.059Z,5yWb5o2XT4J5dFCg3w6EZHxRAgYhyuj8H1RAEFeUpump,200,4000
life,2026-08-03T04:45:35.062Z,5yWb5o2XT4J5dFCg3w6EZHxRAgYhyuj8H1RAEFeUpump,200,4000
life,2026-08-03T04:45:39.072Z,5yWb5o2XT4J5dFCg3w6EZHxRAgYhyuj8H1RAEFeUpump,200,4000
life,2026-08-03T04:45:43.056Z,5yWb5o2XT4J5dFCg3w6EZHxRAgYhyuj8H1RAEFeUpump,200,4000
life,2026-08-03T04:45:47.070Z,5yWb5o2XT4J5dFCg3w6EZHxRAgYhyuj8H1RAEFeUpump,200,4000
life,2026-08-03T04:45:51.068Z,5yWb5o2XT4J5dFCg3w6EZHxRAgYhyuj8H1RAEFeUpump,200,4000
life,2026-08-03T04:45:55.055Z,5yWb5o2XT4J5dFCg3w6EZHxRAgYhyuj8H1RAEFeUpump,200,4000
life,2026-08-03T04:45:59.061Z,5yWb5o2XT4J5dFCg3w6EZHxRAgYhyuj8H1RAEFeUpump,200,4000
life,2026-08-03T04:46:03.076Z,5yWb5o2XT4J5dFCg3w6EZHxRAgYhyuj8H1RAEFeUpump,200,4000
life,2026-08-03T04:46:07.072Z,5yWb5o2XT4J5dFCg3w6EZHxRAgYhyuj8H1RAEFeUpump,200,4000
life,2026-08-03T04:46:11.081Z,5yWb5o2XT4J5dFCg3w6EZHxRAgYhyuj8H1RAEFeUpump,200,4000
life,2026-08-03T04:46:15.067Z,5yWb5o2XT4J5dFCg3w6EZHxRAgYhyuj8H1RAEFeUpump,200,4000
life,2026-08-03T04:46:19.079Z,5yWb5o2XT4J5dFCg3w6EZHxRAgYhyuj8H1RAEFeUpump,200,4000
life,2026-08-03T04:46:23.071Z,5yWb5o2XT4J5dFCg3w6EZHxRAgYhyuj8H1RAEFeUpump,200,4000
life,2026-08-03T04:46:27.091Z,5yWb5o2XT4J5dFCg3w6EZHxRAgYhyuj8H1RAEFeUpump,200,4000
life,2026-08-03T04:46:31.070Z,5yWb5o2XT4J5dFCg3w6EZHxRAgYhyuj8H1RAEFeUpump,200,4000
life,2026-08-03T04:46:35.080Z,5yWb5o2XT4J5dFCg3w6EZHxRAgYhyuj8H1RAEFeUpump,200,4000
life,2026-08-03T04:46:39.076Z,5yWb5o2XT4J5dFCg3w6EZHxRAgYhyuj8H1RAEFeUpump,200,4000
life,2026-08-03T04:46:43.086Z,5yWb5o2XT4J5dFCg3w6EZHxRAgYhyuj8H1RAEFeUpump,200,4000
life,2026-08-03T04:46:47.075Z,5yWb5o2XT4J5dFCg3w6EZHxRAgYhyuj8H1RAEFeUpump,200,4000
life,2026-08-03T04:46:51.094Z,5yWb5o2XT4J5dFCg3w6EZHxRAgYhyuj8H1RAEFeUpump,200,4000
life,2026-08-03T04:46:55.082Z,5yWb5o2XT4J5dFCg3w6EZHxRAgYhyuj8H1RAEFeUpump,200,4000
life,2026-08-03T04:46:59.082Z,5yWb5o2XT4J5dFCg3w6EZHxRAgYhyuj8H1RAEFeUpump,200,4000
life,2026-08-03T04:47:03.093Z,5yWb5o2XT4J5dFCg3w6EZHxRAgYhyuj8H1RAEFeUpump,200,4000
life,2026-08-03T04:47:07.091Z,5yWb5o2XT4J5dFCg3w6EZHxRAgYhyuj8H1RAEFeUpump,200,4000
life,2026-08-03T04:47:11.087Z,5yWb5o2XT4J5dFCg3w6EZHxRAgYhyuj8H1RAEFeUpump,200,4000
life,2026-08-03T04:47:15.092Z,5yWb5o2XT4J5dFCg3w6EZHxRAgYhyuj8H1RAEFeUpump,200,4000
life,2026-08-03T04:47:19.105Z,5yWb5o2XT4J5dFCg3w6EZHxRAgYhyuj8H1RAEFeUpump,200,4000
life,2026-08-03T04:47:23.102Z,5yWb5o2XT4J5dFCg3w6EZHxRAgYhyuj8H1RAEFeUpump,200,4000
life,2026-08-03T04:47:27.108Z,5yWb5o2XT4J5dFCg3w6EZHxRAgYhyuj8H1RAEFeUpump,200,4000
life,2026-08-03T04:47:31.099Z,5yWb5o2XT4J5dFCg3w6EZHxRAgYhyuj8H1RAEFeUpump,200,4000
life,2026-08-03T04:47:35.106Z,5yWb5o2XT4J5dFCg3w6EZHxRAgYhyuj8H1RAEFeUpump,200,4000
life,2026-08-03T04:47:39.107Z,5yWb5o2XT4J5dFCg3w6EZHxRAgYhyuj8H1RAEFeUpump,200,4000
life,2026-08-03T04:47:43.107Z,5yWb5o2XT4J5dFCg3w6EZHxRAgYhyuj8H1RAEFeUpump,200,4000
life,2026-08-03T04:47:47.102Z,5yWb5o2XT4J5dFCg3w6EZHxRAgYhyuj8H1RAEFeUpump,200,4000
life,2026-08-03T04:47:51.345Z,5yWb5o2XT4J5dFCg3w6EZHxRAgYhyuj8H1RAEFeUpump,200,4000
life,2026-08-03T04:47:55.108Z,5yWb5o2XT4J5dFCg3w6EZHxRAgYhyuj8H1RAEFeUpump,200,4000
life,2026-08-03T04:47:59.118Z,5yWb5o2XT4J5dFCg3w6EZHxRAgYhyuj8H1RAEFeUpump,200,4000
life,2026-08-03T04:48:03.120Z,5yWb5o2XT4J5dFCg3w6EZHxRAgYhyuj8H1RAEFeUpump,200,4000
life,2026-08-03T04:48:07.117Z,5yWb5o2XT4J5dFCg3w6EZHxRAgYhyuj8H1RAEFeUpump,200,4000
life,2026-08-03T04:48:11.123Z,5yWb5o2XT4J5dFCg3w6EZHxRAgYhyuj8H1RAEFeUpump,200,4000
life,2026-08-03T04:48:15.160Z,5yWb5o2XT4J5dFCg3w6EZHxRAgYhyuj8H1RAEFeUpump,200,4000
life,2026-08-03T04:48:19.519Z,5yWb5o2XT4J5dFCg3w6EZHxRAgYhyuj8H1RAEFeUpump,200,4000
life,2026-08-03T04:48:23.122Z,5yWb5o2XT4J5dFCg3w6EZHxRAgYhyuj8H1RAEFeUpump,200,4000
life,2026-08-03T04:48:27.155Z,5yWb5o2XT4J5dFCg3w6EZHxRAgYhyuj8H1RAEFeUpump,200,4000
life,2026-08-03T04:48:31.129Z,5yWb5o2XT4J5dFCg3w6EZHxRAgYhyuj8H1RAEFeUpump,200,4000
life,2026-08-03T04:48:35.123Z,5yWb5o2XT4J5dFCg3w6EZHxRAgYhyuj8H1RAEFeUpump,200,4000
life,2026-08-03T04:48:39.126Z,5yWb5o2XT4J5dFCg3w6EZHxRAgYhyuj8H1RAEFeUpump,200,4000
life,2026-08-03T04:48:43.148Z,5yWb5o2XT4J5dFCg3w6EZHxRAgYhyuj8H1RAEFeUpump,200,4000
life,2026-08-03T04:48:47.175Z,5yWb5o2XT4J5dFCg3w6EZHxRAgYhyuj8H1RAEFeUpump,200,4000
life,2026-08-03T04:48:51.133Z,5yWb5o2XT4J5dFCg3w6EZHxRAgYhyuj8H1RAEFeUpump,200,4000
life,2026-08-03T04:48:55.130Z,5yWb5o2XT4J5dFCg3w6EZHxRAgYhyuj8H1RAEFeUpump,200,4000
life,2026-08-03T04:48:59.131Z,5yWb5o2XT4J5dFCg3w6EZHxRAgYhyuj8H1RAEFeUpump,200,4000
life,2026-08-03T04:49:03.135Z,5yWb5o2XT4J5dFCg3w6EZHxRAgYhyuj8H1RAEFeUpump,200,4000
life,2026-08-03T04:49:07.143Z,5yWb5o2XT4J5dFCg3w6EZHxRAgYhyuj8H1RAEFeUpump,200,4000
life,2026-08-03T04:49:11.158Z,5yWb5o2XT4J5dFCg3w6EZHxRAgYhyuj8H1RAEFeUpump,200,4000
life,2026-08-03T04:49:15.145Z,5yWb5o2XT4J5dFCg3w6EZHxRAgYhyuj8H1RAEFeUpump,200,4000
life,2026-08-03T04:49:19.151Z,5yWb5o2XT4J5dFCg3w6EZHxRAgYhyuj8H1RAEFeUpump,200,4000
life,2026-08-03T04:49:23.185Z,5yWb5o2XT4J5dFCg3w6EZHxRAgYhyuj8H1RAEFeUpump,200,4000
life,2026-08-03T04:49:27.142Z,5yWb5o2XT4J5dFCg3w6EZHxRAgYhyuj8H1RAEFeUpump,200,4000
life,2026-08-03T04:49:31.161Z,5yWb5o2XT4J5dFCg3w6EZHxRAgYhyuj8H1RAEFeUpump,200,4000
life,2026-08-03T04:49:35.146Z,5yWb5o2XT4J5dFCg3w6EZHxRAgYhyuj8H1RAEFeUpump,200,4000
life,2026-08-03T04:49:39.162Z,5yWb5o2XT4J5dFCg3w6EZHxRAgYhyuj8H1RAEFeUpump,200,4000
life,2026-08-03T04:49:43.173Z,8pa39xkpXTNdoAJWjX7bcanpkoExKtzvs1YZSGNDpump,200,4000
life,2026-08-03T04:49:47.159Z,8pa39xkpXTNdoAJWjX7bcanpkoExKtzvs1YZSGNDpump,200,4000
life,2026-08-03T04:49:51.184Z,8pa39xkpXTNdoAJWjX7bcanpkoExKtzvs1YZSGNDpump,200,4000
life,2026-08-03T04:49:55.165Z,8pa39xkpXTNdoAJWjX7bcanpkoExKtzvs1YZSGNDpump,200,4000
life,2026-08-03T04:49:59.159Z,8pa39xkpXTNdoAJWjX7bcanpkoExKtzvs1YZSGNDpump,200,4000
life,2026-08-03T04:50:03.157Z,8pa39xkpXTNdoAJWjX7bcanpkoExKtzvs1YZSGNDpump,200,4000
life,2026-08-03T04:50:07.158Z,8pa39xkpXTNdoAJWjX7bcanpkoExKtzvs1YZSGNDpump,200,4000
life,2026-08-03T04:50:11.188Z,8pa39xkpXTNdoAJWjX7bcanpkoExKtzvs1YZSGNDpump,200,4000
life,2026-08-03T04:50:15.164Z,8pa39xkpXTNdoAJWjX7bcanpkoExKtzvs1YZSGNDpump,200,4000
life,2026-08-03T04:50:19.167Z,8pa39xkpXTNdoAJWjX7bcanpkoExKtzvs1YZSGNDpump,200,4000
life,2026-08-03T04:50:23.167Z,8pa39xkpXTNdoAJWjX7bcanpkoExKtzvs1YZSGNDpump,200,4000
life,2026-08-03T04:50:27.166Z,8pa39xkpXTNdoAJWjX7bcanpkoExKtzvs1YZSGNDpump,200,4000
life,2026-08-03T04:50:31.172Z,8pa39xkpXTNdoAJWjX7bcanpkoExKtzvs1YZSGNDpump,200,4000
life,2026-08-03T04:50:35.166Z,8pa39xkpXTNdoAJWjX7bcanpkoExKtzvs1YZSGNDpump,200,4000
life,2026-08-03T04:50:39.184Z,8pa39xkpXTNdoAJWjX7bcanpkoExKtzvs1YZSGNDpump,200,4000
life,2026-08-03T04:50:43.169Z,8pa39xkpXTNdoAJWjX7bcanpkoExKtzvs1YZSGNDpump,200,4000
life,2026-08-03T04:50:47.179Z,8pa39xkpXTNdoAJWjX7bcanpkoExKtzvs1YZSGNDpump,200,4000
life,2026-08-03T04:50:51.172Z,8pa39xkpXTNdoAJWjX7bcanpkoExKtzvs1YZSGNDpump,200,4000
life,2026-08-03T04:50:55.230Z,8pa39xkpXTNdoAJWjX7bcanpkoExKtzvs1YZSGNDpump,200,4000
life,2026-08-03T04:50:59.172Z,8pa39xkpXTNdoAJWjX7bcanpkoExKtzvs1YZSGNDpump,200,4000
life,2026-08-03T04:51:03.175Z,8pa39xkpXTNdoAJWjX7bcanpkoExKtzvs1YZSGNDpump,200,4000
life,2026-08-03T04:51:07.181Z,8pa39xkpXTNdoAJWjX7bcanpkoExKtzvs1YZSGNDpump,200,4000
life,2026-08-03T04:51:11.189Z,8pa39xkpXTNdoAJWjX7bcanpkoExKtzvs1YZSGNDpump,200,4000
life,2026-08-03T04:51:15.184Z,8pa39xkpXTNdoAJWjX7bcanpkoExKtzvs1YZSGNDpump,200,4000
life,2026-08-03T04:51:19.196Z,8pa39xkpXTNdoAJWjX7bcanpkoExKtzvs1YZSGNDpump,200,4000
life,2026-08-03T04:51:23.190Z,8pa39xkpXTNdoAJWjX7bcanpkoExKtzvs1YZSGNDpump,200,4000
life,2026-08-03T04:51:27.185Z,8pa39xkpXTNdoAJWjX7bcanpkoExKtzvs1YZSGNDpump,200,4000
life,2026-08-03T04:51:31.196Z,8pa39xkpXTNdoAJWjX7bcanpkoExKtzvs1YZSGNDpump,200,4000
life,2026-08-03T04:51:35.197Z,8pa39xkpXTNdoAJWjX7bcanpkoExKtzvs1YZSGNDpump,200,4000
life,2026-08-03T04:51:39.187Z,8pa39xkpXTNdoAJWjX7bcanpkoExKtzvs1YZSGNDpump,200,4000
life,2026-08-03T04:51:43.185Z,8pa39xkpXTNdoAJWjX7bcanpkoExKtzvs1YZSGNDpump,200,4000
life,2026-08-03T04:51:47.197Z,8pa39xkpXTNdoAJWjX7bcanpkoExKtzvs1YZSGNDpump,200,4000
life,2026-08-03T04:51:51.208Z,8pa39xkpXTNdoAJWjX7bcanpkoExKtzvs1YZSGNDpump,200,4000
life,2026-08-03T04:51:55.195Z,8pa39xkpXTNdoAJWjX7bcanpkoExKtzvs1YZSGNDpump,200,4000
life,2026-08-03T04:51:59.190Z,8pa39xkpXTNdoAJWjX7bcanpkoExKtzvs1YZSGNDpump,200,4000
life,2026-08-03T04:52:03.204Z,8pa39xkpXTNdoAJWjX7bcanpkoExKtzvs1YZSGNDpump,200,4000
life,2026-08-03T04:52:07.208Z,8pa39xkpXTNdoAJWjX7bcanpkoExKtzvs1YZSGNDpump,200,4000
life,2026-08-03T04:52:11.200Z,8pa39xkpXTNdoAJWjX7bcanpkoExKtzvs1YZSGNDpump,200,4000
life,2026-08-03T04:52:15.216Z,8pa39xkpXTNdoAJWjX7bcanpkoExKtzvs1YZSGNDpump,200,4000
life,2026-08-03T04:52:19.222Z,8pa39xkpXTNdoAJWjX7bcanpkoExKtzvs1YZSGNDpump,200,4000
life,2026-08-03T04:52:23.224Z,8pa39xkpXTNdoAJWjX7bcanpkoExKtzvs1YZSGNDpump,200,4000
life,2026-08-03T04:52:27.209Z,8pa39xkpXTNdoAJWjX7bcanpkoExKtzvs1YZSGNDpump,200,4000
life,2026-08-03T04:52:31.265Z,8pa39xkpXTNdoAJWjX7bcanpkoExKtzvs1YZSGNDpump,200,4000
life,2026-08-03T04:52:35.215Z,8pa39xkpXTNdoAJWjX7bcanpkoExKtzvs1YZSGNDpump,200,4000
life,2026-08-03T04:52:39.215Z,8pa39xkpXTNdoAJWjX7bcanpkoExKtzvs1YZSGNDpump,200,4000
life,2026-08-03T04:52:43.226Z,8pa39xkpXTNdoAJWjX7bcanpkoExKtzvs1YZSGNDpump,200,4000
life,2026-08-03T04:52:47.210Z,8pa39xkpXTNdoAJWjX7bcanpkoExKtzvs1YZSGNDpump,200,4000
life,2026-08-03T04:52:51.236Z,bWBhZwLW5z8XruKvkRWTgRHDsdoym3jY79M3NLSpump,200,4000
life,2026-08-03T04:52:55.238Z,bWBhZwLW5z8XruKvkRWTgRHDsdoym3jY79M3NLSpump,200,4000
life,2026-08-03T04:52:59.229Z,bWBhZwLW5z8XruKvkRWTgRHDsdoym3jY79M3NLSpump,200,4000
life,2026-08-03T04:53:03.230Z,bWBhZwLW5z8XruKvkRWTgRHDsdoym3jY79M3NLSpump,200,4000
life,2026-08-03T04:53:07.230Z,bWBhZwLW5z8XruKvkRWTgRHDsdoym3jY79M3NLSpump,200,4000
life,2026-08-03T04:53:11.224Z,bWBhZwLW5z8XruKvkRWTgRHDsdoym3jY79M3NLSpump,200,4000
life,2026-08-03T04:53:15.235Z,bWBhZwLW5z8XruKvkRWTgRHDsdoym3jY79M3NLSpump,200,4000
life,2026-08-03T04:53:19.239Z,bWBhZwLW5z8XruKvkRWTgRHDsdoym3jY79M3NLSpump,200,4000
life,2026-08-03T04:53:23.257Z,bWBhZwLW5z8XruKvkRWTgRHDsdoym3jY79M3NLSpump,200,4000
life,2026-08-03T04:53:27.447Z,bWBhZwLW5z8XruKvkRWTgRHDsdoym3jY79M3NLSpump,200,4000
life,2026-08-03T04:53:31.253Z,bWBhZwLW5z8XruKvkRWTgRHDsdoym3jY79M3NLSpump,200,4000
life,2026-08-03T04:53:35.251Z,bWBhZwLW5z8XruKvkRWTgRHDsdoym3jY79M3NLSpump,200,4000
life,2026-08-03T04:53:39.243Z,bWBhZwLW5z8XruKvkRWTgRHDsdoym3jY79M3NLSpump,200,4000
life,2026-08-03T04:53:43.249Z,bWBhZwLW5z8XruKvkRWTgRHDsdoym3jY79M3NLSpump,200,4000
life,2026-08-03T04:53:47.255Z,bWBhZwLW5z8XruKvkRWTgRHDsdoym3jY79M3NLSpump,200,4000
life,2026-08-03T04:53:51.268Z,bWBhZwLW5z8XruKvkRWTgRHDsdoym3jY79M3NLSpump,200,4000
life,2026-08-03T04:53:55.458Z,bWBhZwLW5z8XruKvkRWTgRHDsdoym3jY79M3NLSpump,200,4000
life,2026-08-03T04:53:59.251Z,bWBhZwLW5z8XruKvkRWTgRHDsdoym3jY79M3NLSpump,200,4000
life,2026-08-03T04:54:03.251Z,bWBhZwLW5z8XruKvkRWTgRHDsdoym3jY79M3NLSpump,200,4000
life,2026-08-03T04:54:07.259Z,bWBhZwLW5z8XruKvkRWTgRHDsdoym3jY79M3NLSpump,200,4000
life,2026-08-03T04:54:11.263Z,bWBhZwLW5z8XruKvkRWTgRHDsdoym3jY79M3NLSpump,200,4000
life,2026-08-03T04:54:15.259Z,bWBhZwLW5z8XruKvkRWTgRHDsdoym3jY79M3NLSpump,200,4000
life,2026-08-03T04:54:19.259Z,bWBhZwLW5z8XruKvkRWTgRHDsdoym3jY79M3NLSpump,200,4000
life,2026-08-03T04:54:23.262Z,bWBhZwLW5z8XruKvkRWTgRHDsdoym3jY79M3NLSpump,200,4000
life,2026-08-03T04:54:27.273Z,bWBhZwLW5z8XruKvkRWTgRHDsdoym3jY79M3NLSpump,200,4000
life,2026-08-03T04:54:31.256Z,bWBhZwLW5z8XruKvkRWTgRHDsdoym3jY79M3NLSpump,200,4000
life,2026-08-03T04:54:35.503Z,yLT7rHdaNkfnqfg5pxXxCTrx1Rsnagod16DnpKBpump,200,4000
life,2026-08-03T04:54:39.581Z,yLT7rHdaNkfnqfg5pxXxCTrx1Rsnagod16DnpKBpump,200,4000
life,2026-08-03T04:54:43.371Z,yLT7rHdaNkfnqfg5pxXxCTrx1Rsnagod16DnpKBpump,200,4000
life,2026-08-03T04:54:47.269Z,yLT7rHdaNkfnqfg5pxXxCTrx1Rsnagod16DnpKBpump,200,4000
life,2026-08-03T04:54:51.287Z,yLT7rHdaNkfnqfg5pxXxCTrx1Rsnagod16DnpKBpump,200,4000
life,2026-08-03T04:54:55.352Z,yLT7rHdaNkfnqfg5pxXxCTrx1Rsnagod16DnpKBpump,200,4000
life,2026-08-03T04:54:59.364Z,yLT7rHdaNkfnqfg5pxXxCTrx1Rsnagod16DnpKBpump,200,4000
life,2026-08-03T04:55:03.300Z,yLT7rHdaNkfnqfg5pxXxCTrx1Rsnagod16DnpKBpump,200,4000
life,2026-08-03T04:55:07.294Z,yLT7rHdaNkfnqfg5pxXxCTrx1Rsnagod16DnpKBpump,200,4000
life,2026-08-03T04:55:11.300Z,yLT7rHdaNkfnqfg5pxXxCTrx1Rsnagod16DnpKBpump,200,4000
life,2026-08-03T04:55:15.300Z,yLT7rHdaNkfnqfg5pxXxCTrx1Rsnagod16DnpKBpump,200,4000
life,2026-08-03T04:55:19.311Z,yLT7rHdaNkfnqfg5pxXxCTrx1Rsnagod16DnpKBpump,200,4000
life,2026-08-03T04:55:23.322Z,yLT7rHdaNkfnqfg5pxXxCTrx1Rsnagod16DnpKBpump,200,4000
life,2026-08-03T04:55:27.310Z,yLT7rHdaNkfnqfg5pxXxCTrx1Rsnagod16DnpKBpump,200,4000
life,2026-08-03T04:55:31.525Z,yLT7rHdaNkfnqfg5pxXxCTrx1Rsnagod16DnpKBpump,200,4000
life,2026-08-03T04:55:35.314Z,yLT7rHdaNkfnqfg5pxXxCTrx1Rsnagod16DnpKBpump,200,4000
life,2026-08-03T04:55:39.309Z,yLT7rHdaNkfnqfg5pxXxCTrx1Rsnagod16DnpKBpump,200,4000
life,2026-08-03T04:55:43.316Z,yLT7rHdaNkfnqfg5pxXxCTrx1Rsnagod16DnpKBpump,200,4000
life,2026-08-03T04:55:47.320Z,yLT7rHdaNkfnqfg5pxXxCTrx1Rsnagod16DnpKBpump,200,4000
life,2026-08-03T04:55:51.314Z,yLT7rHdaNkfnqfg5pxXxCTrx1Rsnagod16DnpKBpump,200,4000
life,2026-08-03T04:55:55.319Z,yLT7rHdaNkfnqfg5pxXxCTrx1Rsnagod16DnpKBpump,200,4000
life,2026-08-03T04:55:59.322Z,yLT7rHdaNkfnqfg5pxXxCTrx1Rsnagod16DnpKBpump,200,4000
life,2026-08-03T04:56:03.321Z,yLT7rHdaNkfnqfg5pxXxCTrx1Rsnagod16DnpKBpump,200,4000
life,2026-08-03T04:56:07.328Z,yLT7rHdaNkfnqfg5pxXxCTrx1Rsnagod16DnpKBpump,200,4000
life,2026-08-03T04:56:11.324Z,yLT7rHdaNkfnqfg5pxXxCTrx1Rsnagod16DnpKBpump,200,4000
life,2026-08-03T04:56:15.331Z,yLT7rHdaNkfnqfg5pxXxCTrx1Rsnagod16DnpKBpump,200,4000
life,2026-08-03T04:56:19.338Z,yLT7rHdaNkfnqfg5pxXxCTrx1Rsnagod16DnpKBpump,200,4000
life,2026-08-03T04:56:23.330Z,yLT7rHdaNkfnqfg5pxXxCTrx1Rsnagod16DnpKBpump,200,4000
life,2026-08-03T04:56:27.342Z,yLT7rHdaNkfnqfg5pxXxCTrx1Rsnagod16DnpKBpump,200,4000
life,2026-08-03T04:56:31.329Z,yLT7rHdaNkfnqfg5pxXxCTrx1Rsnagod16DnpKBpump,200,4000
life,2026-08-03T04:56:35.336Z,yLT7rHdaNkfnqfg5pxXxCTrx1Rsnagod16DnpKBpump,200,4000
life,2026-08-03T04:56:39.363Z,yLT7rHdaNkfnqfg5pxXxCTrx1Rsnagod16DnpKBpump,200,4000
life,2026-08-03T04:56:43.345Z,yLT7rHdaNkfnqfg5pxXxCTrx1Rsnagod16DnpKBpump,200,4000
life,2026-08-03T04:56:47.352Z,yLT7rHdaNkfnqfg5pxXxCTrx1Rsnagod16DnpKBpump,200,4000
life,2026-08-03T04:56:51.349Z,yLT7rHdaNkfnqfg5pxXxCTrx1Rsnagod16DnpKBpump,200,4000
life,2026-08-03T04:56:55.358Z,yLT7rHdaNkfnqfg5pxXxCTrx1Rsnagod16DnpKBpump,200,4000
life,2026-08-03T04:56:59.351Z,yLT7rHdaNkfnqfg5pxXxCTrx1Rsnagod16DnpKBpump,200,4000
life,2026-08-03T04:57:03.356Z,yLT7rHdaNkfnqfg5pxXxCTrx1Rsnagod16DnpKBpump,200,4000
life,2026-08-03T04:57:07.429Z,yLT7rHdaNkfnqfg5pxXxCTrx1Rsnagod16DnpKBpump,200,4000
life,2026-08-03T04:57:11.354Z,yLT7rHdaNkfnqfg5pxXxCTrx1Rsnagod16DnpKBpump,200,4000
life,2026-08-03T04:57:15.359Z,yLT7rHdaNkfnqfg5pxXxCTrx1Rsnagod16DnpKBpump,200,4000
life,2026-08-03T04:57:19.354Z,yLT7rHdaNkfnqfg5pxXxCTrx1Rsnagod16DnpKBpump,200,4000
life,2026-08-03T04:57:23.364Z,yLT7rHdaNkfnqfg5pxXxCTrx1Rsnagod16DnpKBpump,200,4000
life,2026-08-03T04:57:27.376Z,yLT7rHdaNkfnqfg5pxXxCTrx1Rsnagod16DnpKBpump,200,4000
life,2026-08-03T04:57:31.369Z,yLT7rHdaNkfnqfg5pxXxCTrx1Rsnagod16DnpKBpump,200,4000
life,2026-08-03T04:57:35.375Z,yLT7rHdaNkfnqfg5pxXxCTrx1Rsnagod16DnpKBpump,200,4000
life,2026-08-03T04:57:39.366Z,yLT7rHdaNkfnqfg5pxXxCTrx1Rsnagod16DnpKBpump,200,4000
life,2026-08-03T04:57:43.375Z,yLT7rHdaNkfnqfg5pxXxCTrx1Rsnagod16DnpKBpump,200,4000
life,2026-08-03T04:57:47.407Z,yLT7rHdaNkfnqfg5pxXxCTrx1Rsnagod16DnpKBpump,200,4000
life,2026-08-03T04:57:51.375Z,yLT7rHdaNkfnqfg5pxXxCTrx1Rsnagod16DnpKBpump,200,4000
life,2026-08-03T04:57:55.388Z,yLT7rHdaNkfnqfg5pxXxCTrx1Rsnagod16DnpKBpump,200,4000
life,2026-08-03T04:57:59.376Z,yLT7rHdaNkfnqfg5pxXxCTrx1Rsnagod16DnpKBpump,200,4000
life,2026-08-03T04:58:03.380Z,yLT7rHdaNkfnqfg5pxXxCTrx1Rsnagod16DnpKBpump,200,4000
life,2026-08-03T04:58:07.459Z,yLT7rHdaNkfnqfg5pxXxCTrx1Rsnagod16DnpKBpump,200,4000
life,2026-08-03T04:58:11.381Z,yLT7rHdaNkfnqfg5pxXxCTrx1Rsnagod16DnpKBpump,200,4000
life,2026-08-03T04:58:15.383Z,yLT7rHdaNkfnqfg5pxXxCTrx1Rsnagod16DnpKBpump,200,4000
life,2026-08-03T04:58:19.395Z,yLT7rHdaNkfnqfg5pxXxCTrx1Rsnagod16DnpKBpump,200,4000
life,2026-08-03T04:58:23.382Z,yLT7rHdaNkfnqfg5pxXxCTrx1Rsnagod16DnpKBpump,200,4000
life,2026-08-03T04:58:27.404Z,yLT7rHdaNkfnqfg5pxXxCTrx1Rsnagod16DnpKBpump,200,4000
life,2026-08-03T04:58:31.385Z,yLT7rHdaNkfnqfg5pxXxCTrx1Rsnagod16DnpKBpump,200,4000
life,2026-08-03T04:58:35.448Z,yLT7rHdaNkfnqfg5pxXxCTrx1Rsnagod16DnpKBpump,200,4000
life,2026-08-03T04:58:39.395Z,yLT7rHdaNkfnqfg5pxXxCTrx1Rsnagod16DnpKBpump,200,4000
life,2026-08-03T04:58:43.387Z,yLT7rHdaNkfnqfg5pxXxCTrx1Rsnagod16DnpKBpump,200,4000
life,2026-08-03T04:58:47.390Z,yLT7rHdaNkfnqfg5pxXxCTrx1Rsnagod16DnpKBpump,200,4000
life,2026-08-03T04:58:51.487Z,yLT7rHdaNkfnqfg5pxXxCTrx1Rsnagod16DnpKBpump,200,4000
life,2026-08-03T04:58:55.401Z,yLT7rHdaNkfnqfg5pxXxCTrx1Rsnagod16DnpKBpump,200,4000
life,2026-08-03T04:58:59.516Z,yLT7rHdaNkfnqfg5pxXxCTrx1Rsnagod16DnpKBpump,200,4000
life,2026-08-03T04:59:03.402Z,yLT7rHdaNkfnqfg5pxXxCTrx1Rsnagod16DnpKBpump,200,4000
life,2026-08-03T04:59:07.399Z,yLT7rHdaNkfnqfg5pxXxCTrx1Rsnagod16DnpKBpump,200,4000
life,2026-08-03T04:59:11.400Z,yLT7rHdaNkfnqfg5pxXxCTrx1Rsnagod16DnpKBpump,200,4000
life,2026-08-03T04:59:15.407Z,yLT7rHdaNkfnqfg5pxXxCTrx1Rsnagod16DnpKBpump,200,4000
life,2026-08-03T04:59:19.404Z,yLT7rHdaNkfnqfg5pxXxCTrx1Rsnagod16DnpKBpump,200,4000
life,2026-08-03T04:59:23.397Z,yLT7rHdaNkfnqfg5pxXxCTrx1Rsnagod16DnpKBpump,200,4000
life,2026-08-03T04:59:27.508Z,DZMYRLGqRUuX5hhXbyDY2MmZdb2w6N6XqyTs4XRJpump,200,4000
life,2026-08-03T04:59:31.449Z,DZMYRLGqRUuX5hhXbyDY2MmZdb2w6N6XqyTs4XRJpump,200,4000
life,2026-08-03T04:59:35.493Z,DZMYRLGqRUuX5hhXbyDY2MmZdb2w6N6XqyTs4XRJpump,200,4000
life,2026-08-03T04:59:39.444Z,DZMYRLGqRUuX5hhXbyDY2MmZdb2w6N6XqyTs4XRJpump,200,4000
life,2026-08-03T04:59:43.422Z,DZMYRLGqRUuX5hhXbyDY2MmZdb2w6N6XqyTs4XRJpump,200,4000
life,2026-08-03T04:59:47.419Z,DZMYRLGqRUuX5hhXbyDY2MmZdb2w6N6XqyTs4XRJpump,200,4000
life,2026-08-03T04:59:51.432Z,DZMYRLGqRUuX5hhXbyDY2MmZdb2w6N6XqyTs4XRJpump,200,4000
life,2026-08-03T04:59:55.434Z,DZMYRLGqRUuX5hhXbyDY2MmZdb2w6N6XqyTs4XRJpump,200,4000
life,2026-08-03T04:59:59.454Z,DZMYRLGqRUuX5hhXbyDY2MmZdb2w6N6XqyTs4XRJpump,200,4000
life,2026-08-03T05:00:03.428Z,DZMYRLGqRUuX5hhXbyDY2MmZdb2w6N6XqyTs4XRJpump,200,4000
life,2026-08-03T05:00:07.430Z,DZMYRLGqRUuX5hhXbyDY2MmZdb2w6N6XqyTs4XRJpump,200,4000
life,2026-08-03T05:00:11.445Z,DZMYRLGqRUuX5hhXbyDY2MmZdb2w6N6XqyTs4XRJpump,200,4000
life,2026-08-03T05:00:15.443Z,DZMYRLGqRUuX5hhXbyDY2MmZdb2w6N6XqyTs4XRJpump,200,4000
life,2026-08-03T05:00:19.441Z,DZMYRLGqRUuX5hhXbyDY2MmZdb2w6N6XqyTs4XRJpump,200,4000
life,2026-08-03T05:00:23.449Z,DZMYRLGqRUuX5hhXbyDY2MmZdb2w6N6XqyTs4XRJpump,200,4000
life,2026-08-03T05:00:27.438Z,DZMYRLGqRUuX5hhXbyDY2MmZdb2w6N6XqyTs4XRJpump,200,4000
life,2026-08-03T05:00:31.455Z,DZMYRLGqRUuX5hhXbyDY2MmZdb2w6N6XqyTs4XRJpump,200,4000
life,2026-08-03T05:00:35.452Z,DZMYRLGqRUuX5hhXbyDY2MmZdb2w6N6XqyTs4XRJpump,200,4000
life,2026-08-03T05:00:39.445Z,DZMYRLGqRUuX5hhXbyDY2MmZdb2w6N6XqyTs4XRJpump,200,4000
life,2026-08-03T05:00:43.449Z,DZMYRLGqRUuX5hhXbyDY2MmZdb2w6N6XqyTs4XRJpump,200,4000
life,2026-08-03T05:00:47.457Z,DZMYRLGqRUuX5hhXbyDY2MmZdb2w6N6XqyTs4XRJpump,200,4000
life,2026-08-03T05:00:51.461Z,DZMYRLGqRUuX5hhXbyDY2MmZdb2w6N6XqyTs4XRJpump,200,4000
life,2026-08-03T05:00:55.458Z,DZMYRLGqRUuX5hhXbyDY2MmZdb2w6N6XqyTs4XRJpump,200,4000
life,2026-08-03T05:00:59.464Z,DZMYRLGqRUuX5hhXbyDY2MmZdb2w6N6XqyTs4XRJpump,200,4000
life,2026-08-03T05:01:03.452Z,DZMYRLGqRUuX5hhXbyDY2MmZdb2w6N6XqyTs4XRJpump,200,4000
life,2026-08-03T05:01:07.462Z,DZMYRLGqRUuX5hhXbyDY2MmZdb2w6N6XqyTs4XRJpump,200,4000
life,2026-08-03T05:01:11.467Z,DZMYRLGqRUuX5hhXbyDY2MmZdb2w6N6XqyTs4XRJpump,200,4000
life,2026-08-03T05:01:15.460Z,DZMYRLGqRUuX5hhXbyDY2MmZdb2w6N6XqyTs4XRJpump,200,4000
life,2026-08-03T05:01:19.463Z,DZMYRLGqRUuX5hhXbyDY2MmZdb2w6N6XqyTs4XRJpump,200,4000
life,2026-08-03T05:01:23.467Z,DZMYRLGqRUuX5hhXbyDY2MmZdb2w6N6XqyTs4XRJpump,200,4000
life,2026-08-03T05:01:27.463Z,DZMYRLGqRUuX5hhXbyDY2MmZdb2w6N6XqyTs4XRJpump,200,4000
life,2026-08-03T05:01:31.477Z,DZMYRLGqRUuX5hhXbyDY2MmZdb2w6N6XqyTs4XRJpump,200,4000
life,2026-08-03T05:01:35.490Z,DZMYRLGqRUuX5hhXbyDY2MmZdb2w6N6XqyTs4XRJpump,200,4000
life,2026-08-03T05:01:39.489Z,DZMYRLGqRUuX5hhXbyDY2MmZdb2w6N6XqyTs4XRJpump,200,4000
life,2026-08-03T05:01:43.476Z,DZMYRLGqRUuX5hhXbyDY2MmZdb2w6N6XqyTs4XRJpump,200,4000
life,2026-08-03T05:01:47.485Z,DZMYRLGqRUuX5hhXbyDY2MmZdb2w6N6XqyTs4XRJpump,200,4000
life,2026-08-03T05:01:51.477Z,DZMYRLGqRUuX5hhXbyDY2MmZdb2w6N6XqyTs4XRJpump,200,4000
life,2026-08-03T05:01:55.485Z,DZMYRLGqRUuX5hhXbyDY2MmZdb2w6N6XqyTs4XRJpump,200,4000
life,2026-08-03T05:01:59.481Z,DZMYRLGqRUuX5hhXbyDY2MmZdb2w6N6XqyTs4XRJpump,200,4000
life,2026-08-03T05:02:03.496Z,DZMYRLGqRUuX5hhXbyDY2MmZdb2w6N6XqyTs4XRJpump,200,4000
life,2026-08-03T05:02:07.493Z,DZMYRLGqRUuX5hhXbyDY2MmZdb2w6N6XqyTs4XRJpump,200,4000
life,2026-08-03T05:02:11.494Z,DZMYRLGqRUuX5hhXbyDY2MmZdb2w6N6XqyTs4XRJpump,200,4000
life,2026-08-03T05:02:15.497Z,DZMYRLGqRUuX5hhXbyDY2MmZdb2w6N6XqyTs4XRJpump,200,4000
life,2026-08-03T05:02:19.498Z,DZMYRLGqRUuX5hhXbyDY2MmZdb2w6N6XqyTs4XRJpump,200,4000
life,2026-08-03T05:02:23.508Z,DZMYRLGqRUuX5hhXbyDY2MmZdb2w6N6XqyTs4XRJpump,200,4000
life,2026-08-03T05:02:27.493Z,DZMYRLGqRUuX5hhXbyDY2MmZdb2w6N6XqyTs4XRJpump,200,4000
life,2026-08-03T05:02:31.494Z,DZMYRLGqRUuX5hhXbyDY2MmZdb2w6N6XqyTs4XRJpump,200,4000
life,2026-08-03T05:02:35.495Z,DZMYRLGqRUuX5hhXbyDY2MmZdb2w6N6XqyTs4XRJpump,200,4000
life,2026-08-03T05:02:39.502Z,DZMYRLGqRUuX5hhXbyDY2MmZdb2w6N6XqyTs4XRJpump,200,4000
life,2026-08-03T05:02:43.505Z,DZMYRLGqRUuX5hhXbyDY2MmZdb2w6N6XqyTs4XRJpump,200,4000
life,2026-08-03T05:02:47.514Z,DZMYRLGqRUuX5hhXbyDY2MmZdb2w6N6XqyTs4XRJpump,200,4000
life,2026-08-03T05:02:51.514Z,DZMYRLGqRUuX5hhXbyDY2MmZdb2w6N6XqyTs4XRJpump,200,4000
life,2026-08-03T05:02:55.505Z,DZMYRLGqRUuX5hhXbyDY2MmZdb2w6N6XqyTs4XRJpump,200,4000
life,2026-08-03T05:02:59.529Z,DZMYRLGqRUuX5hhXbyDY2MmZdb2w6N6XqyTs4XRJpump,200,4000
life,2026-08-03T05:03:03.534Z,J7MxvqPyDMxL3bNWhLw4KUHN7Gnc7a213JG3Lz8Cpump,200,4000
life,2026-08-03T05:03:07.525Z,J7MxvqPyDMxL3bNWhLw4KUHN7Gnc7a213JG3Lz8Cpump,200,4000
life,2026-08-03T05:03:11.518Z,J7MxvqPyDMxL3bNWhLw4KUHN7Gnc7a213JG3Lz8Cpump,200,4000
life,2026-08-03T05:03:15.521Z,J7MxvqPyDMxL3bNWhLw4KUHN7Gnc7a213JG3Lz8Cpump,200,4000
life,2026-08-03T05:03:19.524Z,J7MxvqPyDMxL3bNWhLw4KUHN7Gnc7a213JG3Lz8Cpump,200,4000
life,2026-08-03T05:03:23.533Z,J7MxvqPyDMxL3bNWhLw4KUHN7Gnc7a213JG3Lz8Cpump,200,4000
life,2026-08-03T05:03:27.547Z,J7MxvqPyDMxL3bNWhLw4KUHN7Gnc7a213JG3Lz8Cpump,200,4000
life,2026-08-03T05:03:31.534Z,J7MxvqPyDMxL3bNWhLw4KUHN7Gnc7a213JG3Lz8Cpump,200,4000
life,2026-08-03T05:03:35.536Z,J7MxvqPyDMxL3bNWhLw4KUHN7Gnc7a213JG3Lz8Cpump,200,4000
life,2026-08-03T05:03:39.580Z,J7MxvqPyDMxL3bNWhLw4KUHN7Gnc7a213JG3Lz8Cpump,200,4000
life,2026-08-03T05:03:43.543Z,J7MxvqPyDMxL3bNWhLw4KUHN7Gnc7a213JG3Lz8Cpump,200,4000
life,2026-08-03T05:03:47.538Z,J7MxvqPyDMxL3bNWhLw4KUHN7Gnc7a213JG3Lz8Cpump,200,4000
life,2026-08-03T05:03:51.538Z,J7MxvqPyDMxL3bNWhLw4KUHN7Gnc7a213JG3Lz8Cpump,200,4000
life,2026-08-03T05:03:55.541Z,J7MxvqPyDMxL3bNWhLw4KUHN7Gnc7a213JG3Lz8Cpump,200,4000
life,2026-08-03T05:03:59.540Z,J7MxvqPyDMxL3bNWhLw4KUHN7Gnc7a213JG3Lz8Cpump,200,4000
life,2026-08-03T05:04:03.544Z,J7MxvqPyDMxL3bNWhLw4KUHN7Gnc7a213JG3Lz8Cpump,200,4000
life,2026-08-03T05:04:07.545Z,J7MxvqPyDMxL3bNWhLw4KUHN7Gnc7a213JG3Lz8Cpump,200,4000
life,2026-08-03T05:04:11.558Z,J7MxvqPyDMxL3bNWhLw4KUHN7Gnc7a213JG3Lz8Cpump,200,4000
life,2026-08-03T05:04:15.619Z,J7MxvqPyDMxL3bNWhLw4KUHN7Gnc7a213JG3Lz8Cpump,200,4000
life,2026-08-03T05:04:19.554Z,J7MxvqPyDMxL3bNWhLw4KUHN7Gnc7a213JG3Lz8Cpump,200,4000
life,2026-08-03T05:04:23.555Z,J7MxvqPyDMxL3bNWhLw4KUHN7Gnc7a213JG3Lz8Cpump,200,4000
life,2026-08-03T05:04:27.592Z,J7MxvqPyDMxL3bNWhLw4KUHN7Gnc7a213JG3Lz8Cpump,200,4000
life,2026-08-03T05:04:31.563Z,J7MxvqPyDMxL3bNWhLw4KUHN7Gnc7a213JG3Lz8Cpump,200,4000
life,2026-08-03T05:04:35.666Z,J7MxvqPyDMxL3bNWhLw4KUHN7Gnc7a213JG3Lz8Cpump,200,4000
life,2026-08-03T05:04:39.583Z,J7MxvqPyDMxL3bNWhLw4KUHN7Gnc7a213JG3Lz8Cpump,200,4000
life,2026-08-03T05:04:43.675Z,J7MxvqPyDMxL3bNWhLw4KUHN7Gnc7a213JG3Lz8Cpump,200,4000
life,2026-08-03T05:04:47.562Z,J7MxvqPyDMxL3bNWhLw4KUHN7Gnc7a213JG3Lz8Cpump,200,4000
life,2026-08-03T05:04:51.554Z,J7MxvqPyDMxL3bNWhLw4KUHN7Gnc7a213JG3Lz8Cpump,200,4000
life,2026-08-03T05:04:55.554Z,J7MxvqPyDMxL3bNWhLw4KUHN7Gnc7a213JG3Lz8Cpump,200,4000
life,2026-08-03T05:04:59.561Z,J7MxvqPyDMxL3bNWhLw4KUHN7Gnc7a213JG3Lz8Cpump,200,4000
life,2026-08-03T05:05:03.565Z,J7MxvqPyDMxL3bNWhLw4KUHN7Gnc7a213JG3Lz8Cpump,200,4000
life,2026-08-03T05:05:07.562Z,J7MxvqPyDMxL3bNWhLw4KUHN7Gnc7a213JG3Lz8Cpump,200,4000
life,2026-08-03T05:05:11.660Z,J7MxvqPyDMxL3bNWhLw4KUHN7Gnc7a213JG3Lz8Cpump,200,4000
life,2026-08-03T05:05:15.564Z,J7MxvqPyDMxL3bNWhLw4KUHN7Gnc7a213JG3Lz8Cpump,200,4000
life,2026-08-03T05:05:19.564Z,J7MxvqPyDMxL3bNWhLw4KUHN7Gnc7a213JG3Lz8Cpump,200,4000
life,2026-08-03T05:05:23.563Z,J7MxvqPyDMxL3bNWhLw4KUHN7Gnc7a213JG3Lz8Cpump,200,4000
life,2026-08-03T05:05:27.569Z,J7MxvqPyDMxL3bNWhLw4KUHN7Gnc7a213JG3Lz8Cpump,200,4000
life,2026-08-03T05:05:31.577Z,J7MxvqPyDMxL3bNWhLw4KUHN7Gnc7a213JG3Lz8Cpump,200,4000
life,2026-08-03T05:05:35.586Z,J7MxvqPyDMxL3bNWhLw4KUHN7Gnc7a213JG3Lz8Cpump,200,4000
life,2026-08-03T05:05:39.574Z,J7MxvqPyDMxL3bNWhLw4KUHN7Gnc7a213JG3Lz8Cpump,200,4000
life,2026-08-03T05:05:43.616Z,J7MxvqPyDMxL3bNWhLw4KUHN7Gnc7a213JG3Lz8Cpump,200,4000
life,2026-08-03T05:05:47.573Z,J7MxvqPyDMxL3bNWhLw4KUHN7Gnc7a213JG3Lz8Cpump,200,4000
life,2026-08-03T05:05:51.572Z,J7MxvqPyDMxL3bNWhLw4KUHN7Gnc7a213JG3Lz8Cpump,200,4000
life,2026-08-03T05:05:55.579Z,J7MxvqPyDMxL3bNWhLw4KUHN7Gnc7a213JG3Lz8Cpump,200,4000
life,2026-08-03T05:05:59.588Z,J7MxvqPyDMxL3bNWhLw4KUHN7Gnc7a213JG3Lz8Cpump,200,4000
life,2026-08-03T05:06:03.581Z,J7MxvqPyDMxL3bNWhLw4KUHN7Gnc7a213JG3Lz8Cpump,200,4000
life,2026-08-03T05:06:07.588Z,J7MxvqPyDMxL3bNWhLw4KUHN7Gnc7a213JG3Lz8Cpump,200,4000
life,2026-08-03T05:06:12.016Z,J7MxvqPyDMxL3bNWhLw4KUHN7Gnc7a213JG3Lz8Cpump,200,4000
life,2026-08-03T05:06:15.680Z,J7MxvqPyDMxL3bNWhLw4KUHN7Gnc7a213JG3Lz8Cpump,200,4000
life,2026-08-03T05:06:19.601Z,J7MxvqPyDMxL3bNWhLw4KUHN7Gnc7a213JG3Lz8Cpump,200,4000
life,2026-08-03T05:06:23.592Z,J7MxvqPyDMxL3bNWhLw4KUHN7Gnc7a213JG3Lz8Cpump,200,4000
life,2026-08-03T05:06:27.590Z,J7MxvqPyDMxL3bNWhLw4KUHN7Gnc7a213JG3Lz8Cpump,200,4000
life,2026-08-03T05:06:31.588Z,J7MxvqPyDMxL3bNWhLw4KUHN7Gnc7a213JG3Lz8Cpump,200,4000
life,2026-08-03T05:06:35.606Z,J7MxvqPyDMxL3bNWhLw4KUHN7Gnc7a213JG3Lz8Cpump,200,4000
life,2026-08-03T05:06:39.588Z,J7MxvqPyDMxL3bNWhLw4KUHN7Gnc7a213JG3Lz8Cpump,200,4000
life,2026-08-03T05:06:43.691Z,GFK1VMaoR6WMaU71j9Hypv8zn5CvsVQc7WXrqmhVpump,200,4000
life,2026-08-03T05:06:47.715Z,GFK1VMaoR6WMaU71j9Hypv8zn5CvsVQc7WXrqmhVpump,200,4000
life,2026-08-03T05:06:51.628Z,GFK1VMaoR6WMaU71j9Hypv8zn5CvsVQc7WXrqmhVpump,200,4000
life,2026-08-03T05:06:55.618Z,GFK1VMaoR6WMaU71j9Hypv8zn5CvsVQc7WXrqmhVpump,200,4000
life,2026-08-03T05:06:59.666Z,GFK1VMaoR6WMaU71j9Hypv8zn5CvsVQc7WXrqmhVpump,200,4000
life,2026-08-03T05:07:03.626Z,GFK1VMaoR6WMaU71j9Hypv8zn5CvsVQc7WXrqmhVpump,200,4000
life,2026-08-03T05:07:07.640Z,GFK1VMaoR6WMaU71j9Hypv8zn5CvsVQc7WXrqmhVpump,200,4000
life,2026-08-03T05:07:11.633Z,GFK1VMaoR6WMaU71j9Hypv8zn5CvsVQc7WXrqmhVpump,200,4000
life,2026-08-03T05:07:15.638Z,GFK1VMaoR6WMaU71j9Hypv8zn5CvsVQc7WXrqmhVpump,200,4000
life,2026-08-03T05:07:19.653Z,GFK1VMaoR6WMaU71j9Hypv8zn5CvsVQc7WXrqmhVpump,200,4000
life,2026-08-03T05:07:23.633Z,GFK1VMaoR6WMaU71j9Hypv8zn5CvsVQc7WXrqmhVpump,200,4000
life,2026-08-03T05:07:27.640Z,GFK1VMaoR6WMaU71j9Hypv8zn5CvsVQc7WXrqmhVpump,200,4000
life,2026-08-03T05:07:31.638Z,GFK1VMaoR6WMaU71j9Hypv8zn5CvsVQc7WXrqmhVpump,200,4000
life,2026-08-03T05:07:35.643Z,GFK1VMaoR6WMaU71j9Hypv8zn5CvsVQc7WXrqmhVpump,200,4000
life,2026-08-03T05:07:39.647Z,GFK1VMaoR6WMaU71j9Hypv8zn5CvsVQc7WXrqmhVpump,200,4000
life,2026-08-03T05:07:43.647Z,GFK1VMaoR6WMaU71j9Hypv8zn5CvsVQc7WXrqmhVpump,200,4000
life,2026-08-03T05:07:47.660Z,GFK1VMaoR6WMaU71j9Hypv8zn5CvsVQc7WXrqmhVpump,200,4000
life,2026-08-03T05:07:51.649Z,GFK1VMaoR6WMaU71j9Hypv8zn5CvsVQc7WXrqmhVpump,200,4000
life,2026-08-03T05:07:55.648Z,GFK1VMaoR6WMaU71j9Hypv8zn5CvsVQc7WXrqmhVpump,200,4000
life,2026-08-03T05:07:59.664Z,GFK1VMaoR6WMaU71j9Hypv8zn5CvsVQc7WXrqmhVpump,200,4000
life,2026-08-03T05:08:03.665Z,GFK1VMaoR6WMaU71j9Hypv8zn5CvsVQc7WXrqmhVpump,200,4000
life,2026-08-03T05:08:07.657Z,GFK1VMaoR6WMaU71j9Hypv8zn5CvsVQc7WXrqmhVpump,200,4000
life,2026-08-03T05:08:11.662Z,GFK1VMaoR6WMaU71j9Hypv8zn5CvsVQc7WXrqmhVpump,200,4000
life,2026-08-03T05:08:15.677Z,GFK1VMaoR6WMaU71j9Hypv8zn5CvsVQc7WXrqmhVpump,200,4000
life,2026-08-03T05:08:19.664Z,GFK1VMaoR6WMaU71j9Hypv8zn5CvsVQc7WXrqmhVpump,200,4000
life,2026-08-03T05:08:23.681Z,GFK1VMaoR6WMaU71j9Hypv8zn5CvsVQc7WXrqmhVpump,200,4000
life,2026-08-03T05:08:27.672Z,GFK1VMaoR6WMaU71j9Hypv8zn5CvsVQc7WXrqmhVpump,200,4000
life,2026-08-03T05:08:31.690Z,GFK1VMaoR6WMaU71j9Hypv8zn5CvsVQc7WXrqmhVpump,200,4000
life,2026-08-03T05:08:35.671Z,GFK1VMaoR6WMaU71j9Hypv8zn5CvsVQc7WXrqmhVpump,200,4000
life,2026-08-03T05:08:39.676Z,GFK1VMaoR6WMaU71j9Hypv8zn5CvsVQc7WXrqmhVpump,200,4000
life,2026-08-03T05:08:43.679Z,GFK1VMaoR6WMaU71j9Hypv8zn5CvsVQc7WXrqmhVpump,200,4000
life,2026-08-03T05:08:47.676Z,GFK1VMaoR6WMaU71j9Hypv8zn5CvsVQc7WXrqmhVpump,200,4000
life,2026-08-03T05:08:51.674Z,GFK1VMaoR6WMaU71j9Hypv8zn5CvsVQc7WXrqmhVpump,200,4000
life,2026-08-03T05:08:55.756Z,GFK1VMaoR6WMaU71j9Hypv8zn5CvsVQc7WXrqmhVpump,200,4000
life,2026-08-03T05:08:59.686Z,GFK1VMaoR6WMaU71j9Hypv8zn5CvsVQc7WXrqmhVpump,200,4000
life,2026-08-03T05:09:03.680Z,GFK1VMaoR6WMaU71j9Hypv8zn5CvsVQc7WXrqmhVpump,200,4000
life,2026-08-03T05:09:07.687Z,GFK1VMaoR6WMaU71j9Hypv8zn5CvsVQc7WXrqmhVpump,200,4000
life,2026-08-03T05:09:11.690Z,GFK1VMaoR6WMaU71j9Hypv8zn5CvsVQc7WXrqmhVpump,200,4000
life,2026-08-03T05:09:15.686Z,GFK1VMaoR6WMaU71j9Hypv8zn5CvsVQc7WXrqmhVpump,200,4000
life,2026-08-03T05:09:19.695Z,GFK1VMaoR6WMaU71j9Hypv8zn5CvsVQc7WXrqmhVpump,200,4000
life,2026-08-03T05:09:23.710Z,GFK1VMaoR6WMaU71j9Hypv8zn5CvsVQc7WXrqmhVpump,200,4000
life,2026-08-03T05:09:27.705Z,GFK1VMaoR6WMaU71j9Hypv8zn5CvsVQc7WXrqmhVpump,200,4000
life,2026-08-03T05:09:31.691Z,GFK1VMaoR6WMaU71j9Hypv8zn5CvsVQc7WXrqmhVpump,200,4000
life,2026-08-03T05:09:35.709Z,GFK1VMaoR6WMaU71j9Hypv8zn5CvsVQc7WXrqmhVpump,200,4000
life,2026-08-03T05:09:39.712Z,GFK1VMaoR6WMaU71j9Hypv8zn5CvsVQc7WXrqmhVpump,200,4000
life,2026-08-03T05:09:43.711Z,GFK1VMaoR6WMaU71j9Hypv8zn5CvsVQc7WXrqmhVpump,200,4000
life,2026-08-03T05:09:47.709Z,GFK1VMaoR6WMaU71j9Hypv8zn5CvsVQc7WXrqmhVpump,200,4000
life,2026-08-03T05:09:51.722Z,GFK1VMaoR6WMaU71j9Hypv8zn5CvsVQc7WXrqmhVpump,200,4000
life,2026-08-03T05:09:55.712Z,GFK1VMaoR6WMaU71j9Hypv8zn5CvsVQc7WXrqmhVpump,200,4000
life,2026-08-03T05:09:59.719Z,GFK1VMaoR6WMaU71j9Hypv8zn5CvsVQc7WXrqmhVpump,200,4000
life,2026-08-03T05:10:03.704Z,GFK1VMaoR6WMaU71j9Hypv8zn5CvsVQc7WXrqmhVpump,200,4000
life,2026-08-03T05:10:07.716Z,GFK1VMaoR6WMaU71j9Hypv8zn5CvsVQc7WXrqmhVpump,200,4000
life,2026-08-03T05:10:11.740Z,GFK1VMaoR6WMaU71j9Hypv8zn5CvsVQc7WXrqmhVpump,200,4000
life,2026-08-03T05:10:15.719Z,GFK1VMaoR6WMaU71j9Hypv8zn5CvsVQc7WXrqmhVpump,200,4000
life,2026-08-03T05:10:19.713Z,GFK1VMaoR6WMaU71j9Hypv8zn5CvsVQc7WXrqmhVpump,200,4000
life,2026-08-03T05:10:23.718Z,GFK1VMaoR6WMaU71j9Hypv8zn5CvsVQc7WXrqmhVpump,200,4000
life,2026-08-03T05:10:27.726Z,GFK1VMaoR6WMaU71j9Hypv8zn5CvsVQc7WXrqmhVpump,200,4000
life,2026-08-03T05:10:31.730Z,GFK1VMaoR6WMaU71j9Hypv8zn5CvsVQc7WXrqmhVpump,200,4000
life,2026-08-03T05:10:35.732Z,GFK1VMaoR6WMaU71j9Hypv8zn5CvsVQc7WXrqmhVpump,200,4000
life,2026-08-03T05:10:39.726Z,GFK1VMaoR6WMaU71j9Hypv8zn5CvsVQc7WXrqmhVpump,200,4000
life,2026-08-03T05:10:43.730Z,GFK1VMaoR6WMaU71j9Hypv8zn5CvsVQc7WXrqmhVpump,200,4000
life,2026-08-03T05:10:47.728Z,GFK1VMaoR6WMaU71j9Hypv8zn5CvsVQc7WXrqmhVpump,200,4000
life,2026-08-03T05:10:51.738Z,GFK1VMaoR6WMaU71j9Hypv8zn5CvsVQc7WXrqmhVpump,200,4000
life,2026-08-03T05:10:55.730Z,GFK1VMaoR6WMaU71j9Hypv8zn5CvsVQc7WXrqmhVpump,200,4000
life,2026-08-03T05:10:59.736Z,GFK1VMaoR6WMaU71j9Hypv8zn5CvsVQc7WXrqmhVpump,200,4000
life,2026-08-03T05:11:03.739Z,GFK1VMaoR6WMaU71j9Hypv8zn5CvsVQc7WXrqmhVpump,200,4000
life,2026-08-03T05:11:07.751Z,GFK1VMaoR6WMaU71j9Hypv8zn5CvsVQc7WXrqmhVpump,200,4000
life,2026-08-03T05:11:11.745Z,GFK1VMaoR6WMaU71j9Hypv8zn5CvsVQc7WXrqmhVpump,200,4000
life,2026-08-03T05:11:15.742Z,GFK1VMaoR6WMaU71j9Hypv8zn5CvsVQc7WXrqmhVpump,200,4000
life,2026-08-03T05:11:19.742Z,GFK1VMaoR6WMaU71j9Hypv8zn5CvsVQc7WXrqmhVpump,200,4000
life,2026-08-03T05:11:23.753Z,GFK1VMaoR6WMaU71j9Hypv8zn5CvsVQc7WXrqmhVpump,200,4000
life,2026-08-03T05:11:27.763Z,GFK1VMaoR6WMaU71j9Hypv8zn5CvsVQc7WXrqmhVpump,200,4000
life,2026-08-03T05:11:31.749Z,GFK1VMaoR6WMaU71j9Hypv8zn5CvsVQc7WXrqmhVpump,200,4000
life,2026-08-03T05:11:35.766Z,GFK1VMaoR6WMaU71j9Hypv8zn5CvsVQc7WXrqmhVpump,200,4000
life,2026-08-03T05:11:39.754Z,GFK1VMaoR6WMaU71j9Hypv8zn5CvsVQc7WXrqmhVpump,200,4000
life,2026-08-03T05:11:43.757Z,GFK1VMaoR6WMaU71j9Hypv8zn5CvsVQc7WXrqmhVpump,200,4000
life,2026-08-03T05:11:47.759Z,GFK1VMaoR6WMaU71j9Hypv8zn5CvsVQc7WXrqmhVpump,200,4000
life,2026-08-03T05:11:51.760Z,GFK1VMaoR6WMaU71j9Hypv8zn5CvsVQc7WXrqmhVpump,200,4000
life,2026-08-03T05:11:55.766Z,GFK1VMaoR6WMaU71j9Hypv8zn5CvsVQc7WXrqmhVpump,200,4000
life,2026-08-03T05:11:59.777Z,GFK1VMaoR6WMaU71j9Hypv8zn5CvsVQc7WXrqmhVpump,200,4000
life,2026-08-03T05:12:03.752Z,GFK1VMaoR6WMaU71j9Hypv8zn5CvsVQc7WXrqmhVpump,200,4000
life,2026-08-03T05:12:07.780Z,3gp8fDUxsLgL1R9kJZQzHMJHkJuVoy7e4w1JNqa9pump,200,4000
life,2026-08-03T05:12:11.781Z,3gp8fDUxsLgL1R9kJZQzHMJHkJuVoy7e4w1JNqa9pump,200,4000
life,2026-08-03T05:12:15.782Z,3gp8fDUxsLgL1R9kJZQzHMJHkJuVoy7e4w1JNqa9pump,200,4000
life,2026-08-03T05:12:19.776Z,3gp8fDUxsLgL1R9kJZQzHMJHkJuVoy7e4w1JNqa9pump,200,4000
life,2026-08-03T05:12:23.779Z,3gp8fDUxsLgL1R9kJZQzHMJHkJuVoy7e4w1JNqa9pump,200,4000
life,2026-08-03T05:12:27.786Z,3gp8fDUxsLgL1R9kJZQzHMJHkJuVoy7e4w1JNqa9pump,200,4000
life,2026-08-03T05:12:31.786Z,3gp8fDUxsLgL1R9kJZQzHMJHkJuVoy7e4w1JNqa9pump,200,4000
life,2026-08-03T05:12:35.798Z,3gp8fDUxsLgL1R9kJZQzHMJHkJuVoy7e4w1JNqa9pump,200,4000
life,2026-08-03T05:12:39.780Z,3gp8fDUxsLgL1R9kJZQzHMJHkJuVoy7e4w1JNqa9pump,200,4000
life,2026-08-03T05:12:43.792Z,3gp8fDUxsLgL1R9kJZQzHMJHkJuVoy7e4w1JNqa9pump,200,4000
life,2026-08-03T05:12:47.797Z,3gp8fDUxsLgL1R9kJZQzHMJHkJuVoy7e4w1JNqa9pump,200,4000
life,2026-08-03T05:12:51.801Z,3gp8fDUxsLgL1R9kJZQzHMJHkJuVoy7e4w1JNqa9pump,200,4000
life,2026-08-03T05:12:55.797Z,3gp8fDUxsLgL1R9kJZQzHMJHkJuVoy7e4w1JNqa9pump,200,4000
life,2026-08-03T05:12:59.799Z,3gp8fDUxsLgL1R9kJZQzHMJHkJuVoy7e4w1JNqa9pump,200,4000
life,2026-08-03T05:13:03.816Z,3gp8fDUxsLgL1R9kJZQzHMJHkJuVoy7e4w1JNqa9pump,200,4000
life,2026-08-03T05:13:07.809Z,3gp8fDUxsLgL1R9kJZQzHMJHkJuVoy7e4w1JNqa9pump,200,4000
life,2026-08-03T05:13:11.805Z,3gp8fDUxsLgL1R9kJZQzHMJHkJuVoy7e4w1JNqa9pump,200,4000
life,2026-08-03T05:13:15.805Z,3gp8fDUxsLgL1R9kJZQzHMJHkJuVoy7e4w1JNqa9pump,200,4000
life,2026-08-03T05:13:19.820Z,3gp8fDUxsLgL1R9kJZQzHMJHkJuVoy7e4w1JNqa9pump,200,4000
life,2026-08-03T05:13:23.822Z,3gp8fDUxsLgL1R9kJZQzHMJHkJuVoy7e4w1JNqa9pump,200,4000
life,2026-08-03T05:13:27.824Z,3gp8fDUxsLgL1R9kJZQzHMJHkJuVoy7e4w1JNqa9pump,200,4000
life,2026-08-03T05:13:31.808Z,3gp8fDUxsLgL1R9kJZQzHMJHkJuVoy7e4w1JNqa9pump,200,4000
life,2026-08-03T05:13:35.812Z,3gp8fDUxsLgL1R9kJZQzHMJHkJuVoy7e4w1JNqa9pump,200,4000
life,2026-08-03T05:13:39.826Z,3gp8fDUxsLgL1R9kJZQzHMJHkJuVoy7e4w1JNqa9pump,200,4000
life,2026-08-03T05:13:43.830Z,3gp8fDUxsLgL1R9kJZQzHMJHkJuVoy7e4w1JNqa9pump,200,4000
life,2026-08-03T05:13:47.818Z,3gp8fDUxsLgL1R9kJZQzHMJHkJuVoy7e4w1JNqa9pump,200,4000
life,2026-08-03T05:13:51.821Z,3gp8fDUxsLgL1R9kJZQzHMJHkJuVoy7e4w1JNqa9pump,200,4000
life,2026-08-03T05:13:55.836Z,3gp8fDUxsLgL1R9kJZQzHMJHkJuVoy7e4w1JNqa9pump,200,4000
life,2026-08-03T05:13:59.831Z,3gp8fDUxsLgL1R9kJZQzHMJHkJuVoy7e4w1JNqa9pump,200,4000
life,2026-08-03T05:14:03.840Z,3gp8fDUxsLgL1R9kJZQzHMJHkJuVoy7e4w1JNqa9pump,200,4000
life,2026-08-03T05:14:07.860Z,3gp8fDUxsLgL1R9kJZQzHMJHkJuVoy7e4w1JNqa9pump,200,4000
life,2026-08-03T05:14:11.831Z,3gp8fDUxsLgL1R9kJZQzHMJHkJuVoy7e4w1JNqa9pump,200,4000
life,2026-08-03T05:14:15.839Z,3gp8fDUxsLgL1R9kJZQzHMJHkJuVoy7e4w1JNqa9pump,200,4000
life,2026-08-03T05:14:19.855Z,3gp8fDUxsLgL1R9kJZQzHMJHkJuVoy7e4w1JNqa9pump,200,4000
life,2026-08-03T05:14:23.979Z,3gp8fDUxsLgL1R9kJZQzHMJHkJuVoy7e4w1JNqa9pump,200,4000
life,2026-08-03T05:14:27.847Z,3gp8fDUxsLgL1R9kJZQzHMJHkJuVoy7e4w1JNqa9pump,200,4000
life,2026-08-03T05:14:31.881Z,3gp8fDUxsLgL1R9kJZQzHMJHkJuVoy7e4w1JNqa9pump,200,4000
life,2026-08-03T05:14:36.023Z,3gp8fDUxsLgL1R9kJZQzHMJHkJuVoy7e4w1JNqa9pump,200,4000
life,2026-08-03T05:14:39.846Z,3gp8fDUxsLgL1R9kJZQzHMJHkJuVoy7e4w1JNqa9pump,200,4000
life,2026-08-03T05:14:43.858Z,3gp8fDUxsLgL1R9kJZQzHMJHkJuVoy7e4w1JNqa9pump,200,4000
life,2026-08-03T05:14:47.855Z,3gp8fDUxsLgL1R9kJZQzHMJHkJuVoy7e4w1JNqa9pump,200,4000
life,2026-08-03T05:14:51.855Z,3gp8fDUxsLgL1R9kJZQzHMJHkJuVoy7e4w1JNqa9pump,200,4000
life,2026-08-03T05:14:55.852Z,3gp8fDUxsLgL1R9kJZQzHMJHkJuVoy7e4w1JNqa9pump,200,4000
life,2026-08-03T05:15:00.091Z,3gp8fDUxsLgL1R9kJZQzHMJHkJuVoy7e4w1JNqa9pump,200,4000
life,2026-08-03T05:15:03.863Z,3gp8fDUxsLgL1R9kJZQzHMJHkJuVoy7e4w1JNqa9pump,200,4000
life,2026-08-03T05:15:07.895Z,3gp8fDUxsLgL1R9kJZQzHMJHkJuVoy7e4w1JNqa9pump,200,4000
life,2026-08-03T05:15:11.867Z,3gp8fDUxsLgL1R9kJZQzHMJHkJuVoy7e4w1JNqa9pump,200,4000
life,2026-08-03T05:15:15.871Z,3gp8fDUxsLgL1R9kJZQzHMJHkJuVoy7e4w1JNqa9pump,200,4000
life,2026-08-03T05:15:19.870Z,3gp8fDUxsLgL1R9kJZQzHMJHkJuVoy7e4w1JNqa9pump,200,4000
life,2026-08-03T05:15:23.869Z,3gp8fDUxsLgL1R9kJZQzHMJHkJuVoy7e4w1JNqa9pump,200,4000
life,2026-08-03T05:15:27.879Z,3gp8fDUxsLgL1R9kJZQzHMJHkJuVoy7e4w1JNqa9pump,200,4000
life,2026-08-03T05:15:31.891Z,3gp8fDUxsLgL1R9kJZQzHMJHkJuVoy7e4w1JNqa9pump,200,4000
life,2026-08-03T05:15:35.883Z,3gp8fDUxsLgL1R9kJZQzHMJHkJuVoy7e4w1JNqa9pump,200,4000
life,2026-08-03T05:15:39.885Z,3gp8fDUxsLgL1R9kJZQzHMJHkJuVoy7e4w1JNqa9pump,200,4000
life,2026-08-03T05:15:43.883Z,3gp8fDUxsLgL1R9kJZQzHMJHkJuVoy7e4w1JNqa9pump,200,4000
life,2026-08-03T05:15:47.889Z,3gp8fDUxsLgL1R9kJZQzHMJHkJuVoy7e4w1JNqa9pump,200,4000
life,2026-08-03T05:15:51.890Z,3gp8fDUxsLgL1R9kJZQzHMJHkJuVoy7e4w1JNqa9pump,200,4000
life,2026-08-03T05:15:55.905Z,3gp8fDUxsLgL1R9kJZQzHMJHkJuVoy7e4w1JNqa9pump,200,4000
life,2026-08-03T05:15:59.893Z,3gp8fDUxsLgL1R9kJZQzHMJHkJuVoy7e4w1JNqa9pump,200,4000
life,2026-08-03T05:16:03.900Z,3gp8fDUxsLgL1R9kJZQzHMJHkJuVoy7e4w1JNqa9pump,200,4000
life,2026-08-03T05:16:07.899Z,3gp8fDUxsLgL1R9kJZQzHMJHkJuVoy7e4w1JNqa9pump,200,4000
life,2026-08-03T05:16:11.908Z,3gp8fDUxsLgL1R9kJZQzHMJHkJuVoy7e4w1JNqa9pump,200,4000
life,2026-08-03T05:16:15.934Z,3gp8fDUxsLgL1R9kJZQzHMJHkJuVoy7e4w1JNqa9pump,200,4000
life,2026-08-03T05:16:19.930Z,3gp8fDUxsLgL1R9kJZQzHMJHkJuVoy7e4w1JNqa9pump,200,4000
life,2026-08-03T05:16:23.933Z,3gp8fDUxsLgL1R9kJZQzHMJHkJuVoy7e4w1JNqa9pump,200,4000
life,2026-08-03T05:16:27.903Z,3gp8fDUxsLgL1R9kJZQzHMJHkJuVoy7e4w1JNqa9pump,200,4000
life,2026-08-03T05:16:31.908Z,3gp8fDUxsLgL1R9kJZQzHMJHkJuVoy7e4w1JNqa9pump,200,4000
life,2026-08-03T05:16:35.907Z,3gp8fDUxsLgL1R9kJZQzHMJHkJuVoy7e4w1JNqa9pump,200,4000
life,2026-08-03T05:16:39.942Z,3gp8fDUxsLgL1R9kJZQzHMJHkJuVoy7e4w1JNqa9pump,200,4000
life,2026-08-03T05:16:43.930Z,3gp8fDUxsLgL1R9kJZQzHMJHkJuVoy7e4w1JNqa9pump,200,4000
life,2026-08-03T05:16:47.923Z,3gp8fDUxsLgL1R9kJZQzHMJHkJuVoy7e4w1JNqa9pump,200,4000
life,2026-08-03T05:16:51.931Z,3gp8fDUxsLgL1R9kJZQzHMJHkJuVoy7e4w1JNqa9pump,200,4000
life,2026-08-03T05:16:55.924Z,3gp8fDUxsLgL1R9kJZQzHMJHkJuVoy7e4w1JNqa9pump,200,4000
life,2026-08-03T05:16:59.933Z,3gp8fDUxsLgL1R9kJZQzHMJHkJuVoy7e4w1JNqa9pump,200,4000
life,2026-08-03T05:17:03.947Z,3gp8fDUxsLgL1R9kJZQzHMJHkJuVoy7e4w1JNqa9pump,200,4000
life,2026-08-03T05:17:07.939Z,3gp8fDUxsLgL1R9kJZQzHMJHkJuVoy7e4w1JNqa9pump,200,4000
life,2026-08-03T05:17:11.942Z,3gp8fDUxsLgL1R9kJZQzHMJHkJuVoy7e4w1JNqa9pump,200,4000
life,2026-08-03T05:17:15.956Z,3gp8fDUxsLgL1R9kJZQzHMJHkJuVoy7e4w1JNqa9pump,200,4000
life,2026-08-03T05:17:19.943Z,3gp8fDUxsLgL1R9kJZQzHMJHkJuVoy7e4w1JNqa9pump,200,4000
life,2026-08-03T05:17:23.939Z,3gp8fDUxsLgL1R9kJZQzHMJHkJuVoy7e4w1JNqa9pump,200,4000
life,2026-08-03T05:17:27.947Z,3gp8fDUxsLgL1R9kJZQzHMJHkJuVoy7e4w1JNqa9pump,200,4000
life,2026-08-03T05:17:31.953Z,3gp8fDUxsLgL1R9kJZQzHMJHkJuVoy7e4w1JNqa9pump,200,4000
life,2026-08-03T05:17:35.977Z,3gp8fDUxsLgL1R9kJZQzHMJHkJuVoy7e4w1JNqa9pump,200,4000
life,2026-08-03T05:17:39.953Z,3gp8fDUxsLgL1R9kJZQzHMJHkJuVoy7e4w1JNqa9pump,200,4000
life,2026-08-03T05:17:43.961Z,3gp8fDUxsLgL1R9kJZQzHMJHkJuVoy7e4w1JNqa9pump,200,4000
life,2026-08-03T05:17:47.959Z,3gp8fDUxsLgL1R9kJZQzHMJHkJuVoy7e4w1JNqa9pump,200,4000
life,2026-08-03T05:17:52.178Z,3gp8fDUxsLgL1R9kJZQzHMJHkJuVoy7e4w1JNqa9pump,200,4000
life,2026-08-03T05:17:56.119Z,3gp8fDUxsLgL1R9kJZQzHMJHkJuVoy7e4w1JNqa9pump,200,4000
life,2026-08-03T05:17:59.965Z,3gp8fDUxsLgL1R9kJZQzHMJHkJuVoy7e4w1JNqa9pump,200,4000
life,2026-08-03T05:18:04.040Z,HPH2DXvDTTwZbUC84pWEj8fw7KJKEYMDz1Y8waaSpump,200,4000
life,2026-08-03T05:18:07.978Z,HPH2DXvDTTwZbUC84pWEj8fw7KJKEYMDz1Y8waaSpump,200,4000
life,2026-08-03T05:18:12.045Z,HPH2DXvDTTwZbUC84pWEj8fw7KJKEYMDz1Y8waaSpump,200,4000
life,2026-08-03T05:18:15.985Z,HPH2DXvDTTwZbUC84pWEj8fw7KJKEYMDz1Y8waaSpump,200,4000
life,2026-08-03T05:18:19.992Z,HPH2DXvDTTwZbUC84pWEj8fw7KJKEYMDz1Y8waaSpump,200,4000
life,2026-08-03T05:18:23.982Z,HPH2DXvDTTwZbUC84pWEj8fw7KJKEYMDz1Y8waaSpump,200,4000
life,2026-08-03T05:18:27.979Z,HPH2DXvDTTwZbUC84pWEj8fw7KJKEYMDz1Y8waaSpump,200,4000
life,2026-08-03T05:18:31.989Z,HPH2DXvDTTwZbUC84pWEj8fw7KJKEYMDz1Y8waaSpump,200,4000
life,2026-08-03T05:18:35.983Z,HPH2DXvDTTwZbUC84pWEj8fw7KJKEYMDz1Y8waaSpump,200,4000
life,2026-08-03T05:18:40.020Z,HPH2DXvDTTwZbUC84pWEj8fw7KJKEYMDz1Y8waaSpump,200,4000
life,2026-08-03T05:18:44.000Z,HPH2DXvDTTwZbUC84pWEj8fw7KJKEYMDz1Y8waaSpump,200,4000
life,2026-08-03T05:18:47.993Z,HPH2DXvDTTwZbUC84pWEj8fw7KJKEYMDz1Y8waaSpump,200,4000
life,2026-08-03T05:18:52.007Z,HPH2DXvDTTwZbUC84pWEj8fw7KJKEYMDz1Y8waaSpump,200,4000
life,2026-08-03T05:18:55.996Z,HPH2DXvDTTwZbUC84pWEj8fw7KJKEYMDz1Y8waaSpump,200,4000
life,2026-08-03T05:19:00.004Z,HPH2DXvDTTwZbUC84pWEj8fw7KJKEYMDz1Y8waaSpump,200,4000
life,2026-08-03T05:19:04.004Z,HPH2DXvDTTwZbUC84pWEj8fw7KJKEYMDz1Y8waaSpump,200,4000
life,2026-08-03T05:19:08.025Z,HPH2DXvDTTwZbUC84pWEj8fw7KJKEYMDz1Y8waaSpump,200,4000
life,2026-08-03T05:19:12.004Z,HPH2DXvDTTwZbUC84pWEj8fw7KJKEYMDz1Y8waaSpump,200,4000
life,2026-08-03T05:19:16.020Z,HPH2DXvDTTwZbUC84pWEj8fw7KJKEYMDz1Y8waaSpump,200,4000
life,2026-08-03T05:19:20.010Z,HPH2DXvDTTwZbUC84pWEj8fw7KJKEYMDz1Y8waaSpump,200,4000
life,2026-08-03T05:19:24.009Z,HPH2DXvDTTwZbUC84pWEj8fw7KJKEYMDz1Y8waaSpump,200,4000
life,2026-08-03T05:19:28.014Z,HPH2DXvDTTwZbUC84pWEj8fw7KJKEYMDz1Y8waaSpump,200,4000
life,2026-08-03T05:19:32.024Z,HPH2DXvDTTwZbUC84pWEj8fw7KJKEYMDz1Y8waaSpump,200,4000
life,2026-08-03T05:19:36.028Z,HPH2DXvDTTwZbUC84pWEj8fw7KJKEYMDz1Y8waaSpump,200,4000
life,2026-08-03T05:19:40.020Z,HPH2DXvDTTwZbUC84pWEj8fw7KJKEYMDz1Y8waaSpump,200,4000
life,2026-08-03T05:19:44.019Z,HPH2DXvDTTwZbUC84pWEj8fw7KJKEYMDz1Y8waaSpump,200,4000
life,2026-08-03T05:19:48.028Z,HPH2DXvDTTwZbUC84pWEj8fw7KJKEYMDz1Y8waaSpump,200,4000
life,2026-08-03T05:19:52.031Z,HPH2DXvDTTwZbUC84pWEj8fw7KJKEYMDz1Y8waaSpump,200,4000
life,2026-08-03T05:19:56.031Z,HPH2DXvDTTwZbUC84pWEj8fw7KJKEYMDz1Y8waaSpump,200,4000
life,2026-08-03T05:20:00.031Z,HPH2DXvDTTwZbUC84pWEj8fw7KJKEYMDz1Y8waaSpump,200,4000
life,2026-08-03T05:20:04.028Z,HPH2DXvDTTwZbUC84pWEj8fw7KJKEYMDz1Y8waaSpump,200,4000
life,2026-08-03T05:20:08.262Z,HPH2DXvDTTwZbUC84pWEj8fw7KJKEYMDz1Y8waaSpump,200,4000
life,2026-08-03T05:20:12.034Z,HPH2DXvDTTwZbUC84pWEj8fw7KJKEYMDz1Y8waaSpump,200,4000
life,2026-08-03T05:20:16.031Z,HPH2DXvDTTwZbUC84pWEj8fw7KJKEYMDz1Y8waaSpump,200,4000
life,2026-08-03T05:20:20.038Z,HPH2DXvDTTwZbUC84pWEj8fw7KJKEYMDz1Y8waaSpump,200,4000
life,2026-08-03T05:20:24.034Z,HPH2DXvDTTwZbUC84pWEj8fw7KJKEYMDz1Y8waaSpump,200,4000
life,2026-08-03T05:20:28.055Z,HPH2DXvDTTwZbUC84pWEj8fw7KJKEYMDz1Y8waaSpump,200,4000
life,2026-08-03T05:20:32.053Z,HPH2DXvDTTwZbUC84pWEj8fw7KJKEYMDz1Y8waaSpump,200,4000
life,2026-08-03T05:20:36.093Z,HPH2DXvDTTwZbUC84pWEj8fw7KJKEYMDz1Y8waaSpump,200,4000
life,2026-08-03T05:20:40.062Z,HPH2DXvDTTwZbUC84pWEj8fw7KJKEYMDz1Y8waaSpump,200,4000
life,2026-08-03T05:20:44.053Z,HPH2DXvDTTwZbUC84pWEj8fw7KJKEYMDz1Y8waaSpump,200,4000
life,2026-08-03T05:20:48.050Z,HPH2DXvDTTwZbUC84pWEj8fw7KJKEYMDz1Y8waaSpump,200,4000
life,2026-08-03T05:20:52.065Z,HPH2DXvDTTwZbUC84pWEj8fw7KJKEYMDz1Y8waaSpump,200,4000
life,2026-08-03T05:20:56.069Z,HPH2DXvDTTwZbUC84pWEj8fw7KJKEYMDz1Y8waaSpump,200,4000
life,2026-08-03T05:21:00.059Z,HPH2DXvDTTwZbUC84pWEj8fw7KJKEYMDz1Y8waaSpump,200,4000
life,2026-08-03T05:21:04.055Z,HPH2DXvDTTwZbUC84pWEj8fw7KJKEYMDz1Y8waaSpump,200,4000
life,2026-08-03T05:21:08.063Z,HPH2DXvDTTwZbUC84pWEj8fw7KJKEYMDz1Y8waaSpump,200,4000
life,2026-08-03T05:21:12.070Z,HPH2DXvDTTwZbUC84pWEj8fw7KJKEYMDz1Y8waaSpump,200,4000
life,2026-08-03T05:21:16.076Z,HPH2DXvDTTwZbUC84pWEj8fw7KJKEYMDz1Y8waaSpump,200,4000
life,2026-08-03T05:21:20.074Z,HPH2DXvDTTwZbUC84pWEj8fw7KJKEYMDz1Y8waaSpump,200,4000
life,2026-08-03T05:21:24.082Z,HPH2DXvDTTwZbUC84pWEj8fw7KJKEYMDz1Y8waaSpump,200,4000
life,2026-08-03T05:21:28.091Z,HPH2DXvDTTwZbUC84pWEj8fw7KJKEYMDz1Y8waaSpump,200,4000
life,2026-08-03T05:21:32.076Z,HPH2DXvDTTwZbUC84pWEj8fw7KJKEYMDz1Y8waaSpump,200,4000
life,2026-08-03T05:21:36.091Z,HPH2DXvDTTwZbUC84pWEj8fw7KJKEYMDz1Y8waaSpump,200,4000
life,2026-08-03T05:21:40.082Z,HPH2DXvDTTwZbUC84pWEj8fw7KJKEYMDz1Y8waaSpump,200,4000
life,2026-08-03T05:21:44.077Z,HPH2DXvDTTwZbUC84pWEj8fw7KJKEYMDz1Y8waaSpump,200,4000
life,2026-08-03T05:21:48.208Z,4FEphC5XxY2QRQ1ojKEyKgt3qHE2CTrc6Q3C3RUBpump,200,4000
life,2026-08-03T05:21:52.106Z,4FEphC5XxY2QRQ1ojKEyKgt3qHE2CTrc6Q3C3RUBpump,200,4000
life,2026-08-03T05:21:56.206Z,4FEphC5XxY2QRQ1ojKEyKgt3qHE2CTrc6Q3C3RUBpump,200,4000
life,2026-08-03T05:22:00.158Z,4FEphC5XxY2QRQ1ojKEyKgt3qHE2CTrc6Q3C3RUBpump,200,4000
life,2026-08-03T05:22:04.118Z,4FEphC5XxY2QRQ1ojKEyKgt3qHE2CTrc6Q3C3RUBpump,200,4000
life,2026-08-03T05:22:08.130Z,4FEphC5XxY2QRQ1ojKEyKgt3qHE2CTrc6Q3C3RUBpump,200,4000
life,2026-08-03T05:22:12.126Z,4FEphC5XxY2QRQ1ojKEyKgt3qHE2CTrc6Q3C3RUBpump,200,4000
life,2026-08-03T05:22:16.126Z,4FEphC5XxY2QRQ1ojKEyKgt3qHE2CTrc6Q3C3RUBpump,200,4000
life,2026-08-03T05:22:20.148Z,4FEphC5XxY2QRQ1ojKEyKgt3qHE2CTrc6Q3C3RUBpump,200,4000
life,2026-08-03T05:22:24.128Z,4FEphC5XxY2QRQ1ojKEyKgt3qHE2CTrc6Q3C3RUBpump,200,4000
life,2026-08-03T05:22:28.142Z,4FEphC5XxY2QRQ1ojKEyKgt3qHE2CTrc6Q3C3RUBpump,200,4000
life,2026-08-03T05:22:32.120Z,4FEphC5XxY2QRQ1ojKEyKgt3qHE2CTrc6Q3C3RUBpump,200,4000
life,2026-08-03T05:22:36.135Z,4FEphC5XxY2QRQ1ojKEyKgt3qHE2CTrc6Q3C3RUBpump,200,4000
life,2026-08-03T05:22:40.138Z,4FEphC5XxY2QRQ1ojKEyKgt3qHE2CTrc6Q3C3RUBpump,200,4000
life,2026-08-03T05:22:44.136Z,4FEphC5XxY2QRQ1ojKEyKgt3qHE2CTrc6Q3C3RUBpump,200,4000
life,2026-08-03T05:22:48.137Z,4FEphC5XxY2QRQ1ojKEyKgt3qHE2CTrc6Q3C3RUBpump,200,4000
life,2026-08-03T05:22:52.149Z,4FEphC5XxY2QRQ1ojKEyKgt3qHE2CTrc6Q3C3RUBpump,200,4000
life,2026-08-03T05:22:56.146Z,4FEphC5XxY2QRQ1ojKEyKgt3qHE2CTrc6Q3C3RUBpump,200,4000
life,2026-08-03T05:23:00.137Z,4FEphC5XxY2QRQ1ojKEyKgt3qHE2CTrc6Q3C3RUBpump,200,4000
life,2026-08-03T05:23:04.161Z,4FEphC5XxY2QRQ1ojKEyKgt3qHE2CTrc6Q3C3RUBpump,200,4000
life,2026-08-03T05:23:08.153Z,4FEphC5XxY2QRQ1ojKEyKgt3qHE2CTrc6Q3C3RUBpump,200,4000
life,2026-08-03T05:23:12.150Z,4FEphC5XxY2QRQ1ojKEyKgt3qHE2CTrc6Q3C3RUBpump,200,4000
life,2026-08-03T05:23:16.154Z,4FEphC5XxY2QRQ1ojKEyKgt3qHE2CTrc6Q3C3RUBpump,200,4000
life,2026-08-03T05:23:20.153Z,4FEphC5XxY2QRQ1ojKEyKgt3qHE2CTrc6Q3C3RUBpump,200,4000
life,2026-08-03T05:23:24.175Z,4FEphC5XxY2QRQ1ojKEyKgt3qHE2CTrc6Q3C3RUBpump,200,4000
life,2026-08-03T05:23:28.169Z,4FEphC5XxY2QRQ1ojKEyKgt3qHE2CTrc6Q3C3RUBpump,200,4000
life,2026-08-03T05:23:32.214Z,4FEphC5XxY2QRQ1ojKEyKgt3qHE2CTrc6Q3C3RUBpump,200,4000
life,2026-08-03T05:23:36.160Z,4FEphC5XxY2QRQ1ojKEyKgt3qHE2CTrc6Q3C3RUBpump,200,4000
life,2026-08-03T05:23:40.311Z,4FEphC5XxY2QRQ1ojKEyKgt3qHE2CTrc6Q3C3RUBpump,200,4000
life,2026-08-03T05:23:44.159Z,4FEphC5XxY2QRQ1ojKEyKgt3qHE2CTrc6Q3C3RUBpump,200,4000
life,2026-08-03T05:23:48.166Z,4FEphC5XxY2QRQ1ojKEyKgt3qHE2CTrc6Q3C3RUBpump,200,4000
life,2026-08-03T05:23:52.187Z,4FEphC5XxY2QRQ1ojKEyKgt3qHE2CTrc6Q3C3RUBpump,200,4000
life,2026-08-03T05:23:56.171Z,4FEphC5XxY2QRQ1ojKEyKgt3qHE2CTrc6Q3C3RUBpump,200,4000
life,2026-08-03T05:24:00.169Z,4FEphC5XxY2QRQ1ojKEyKgt3qHE2CTrc6Q3C3RUBpump,200,4000
life,2026-08-03T05:24:04.169Z,4FEphC5XxY2QRQ1ojKEyKgt3qHE2CTrc6Q3C3RUBpump,200,4000
life,2026-08-03T05:24:08.178Z,4FEphC5XxY2QRQ1ojKEyKgt3qHE2CTrc6Q3C3RUBpump,200,4000
life,2026-08-03T05:24:12.176Z,4FEphC5XxY2QRQ1ojKEyKgt3qHE2CTrc6Q3C3RUBpump,200,4000
life,2026-08-03T05:24:16.178Z,4FEphC5XxY2QRQ1ojKEyKgt3qHE2CTrc6Q3C3RUBpump,200,4000
life,2026-08-03T05:24:20.181Z,4FEphC5XxY2QRQ1ojKEyKgt3qHE2CTrc6Q3C3RUBpump,200,4000
life,2026-08-03T05:24:24.195Z,4FEphC5XxY2QRQ1ojKEyKgt3qHE2CTrc6Q3C3RUBpump,200,4000
life,2026-08-03T05:24:28.186Z,4FEphC5XxY2QRQ1ojKEyKgt3qHE2CTrc6Q3C3RUBpump,200,4000
life,2026-08-03T05:24:32.199Z,4FEphC5XxY2QRQ1ojKEyKgt3qHE2CTrc6Q3C3RUBpump,200,4000
life,2026-08-03T05:24:36.185Z,4FEphC5XxY2QRQ1ojKEyKgt3qHE2CTrc6Q3C3RUBpump,200,4000
life,2026-08-03T05:24:40.218Z,4FEphC5XxY2QRQ1ojKEyKgt3qHE2CTrc6Q3C3RUBpump,200,4000
life,2026-08-03T05:24:44.206Z,4FEphC5XxY2QRQ1ojKEyKgt3qHE2CTrc6Q3C3RUBpump,200,4000
life,2026-08-03T05:24:48.196Z,4FEphC5XxY2QRQ1ojKEyKgt3qHE2CTrc6Q3C3RUBpump,200,4000
life,2026-08-03T05:24:52.221Z,4FEphC5XxY2QRQ1ojKEyKgt3qHE2CTrc6Q3C3RUBpump,200,4000
life,2026-08-03T05:24:56.236Z,4FEphC5XxY2QRQ1ojKEyKgt3qHE2CTrc6Q3C3RUBpump,200,4000
life,2026-08-03T05:25:00.198Z,4FEphC5XxY2QRQ1ojKEyKgt3qHE2CTrc6Q3C3RUBpump,200,4000
life,2026-08-03T05:25:04.215Z,4FEphC5XxY2QRQ1ojKEyKgt3qHE2CTrc6Q3C3RUBpump,200,4000
life,2026-08-03T05:25:08.208Z,4FEphC5XxY2QRQ1ojKEyKgt3qHE2CTrc6Q3C3RUBpump,200,4000
life,2026-08-03T05:25:12.205Z,4FEphC5XxY2QRQ1ojKEyKgt3qHE2CTrc6Q3C3RUBpump,200,4000
life,2026-08-03T05:25:16.295Z,4FEphC5XxY2QRQ1ojKEyKgt3qHE2CTrc6Q3C3RUBpump,200,4000
life,2026-08-03T05:25:20.260Z,4FEphC5XxY2QRQ1ojKEyKgt3qHE2CTrc6Q3C3RUBpump,200,4000
life,2026-08-03T05:25:24.208Z,4FEphC5XxY2QRQ1ojKEyKgt3qHE2CTrc6Q3C3RUBpump,200,4000
life,2026-08-03T05:25:28.229Z,4FEphC5XxY2QRQ1ojKEyKgt3qHE2CTrc6Q3C3RUBpump,200,4000
life,2026-08-03T05:25:32.217Z,4FEphC5XxY2QRQ1ojKEyKgt3qHE2CTrc6Q3C3RUBpump,200,4000
life,2026-08-03T05:25:36.221Z,4FEphC5XxY2QRQ1ojKEyKgt3qHE2CTrc6Q3C3RUBpump,200,4000
life,2026-08-03T05:25:40.240Z,4FEphC5XxY2QRQ1ojKEyKgt3qHE2CTrc6Q3C3RUBpump,200,4000
life,2026-08-03T05:25:44.228Z,4FEphC5XxY2QRQ1ojKEyKgt3qHE2CTrc6Q3C3RUBpump,200,4000
life,2026-08-03T05:25:48.231Z,4FEphC5XxY2QRQ1ojKEyKgt3qHE2CTrc6Q3C3RUBpump,200,4000
life,2026-08-03T05:25:52.227Z,4FEphC5XxY2QRQ1ojKEyKgt3qHE2CTrc6Q3C3RUBpump,200,4000
life,2026-08-03T05:25:56.230Z,4FEphC5XxY2QRQ1ojKEyKgt3qHE2CTrc6Q3C3RUBpump,200,4000
life,2026-08-03T05:26:00.239Z,4FEphC5XxY2QRQ1ojKEyKgt3qHE2CTrc6Q3C3RUBpump,200,4000
life,2026-08-03T05:26:04.240Z,4FEphC5XxY2QRQ1ojKEyKgt3qHE2CTrc6Q3C3RUBpump,200,4000
life,2026-08-03T05:26:08.259Z,4FEphC5XxY2QRQ1ojKEyKgt3qHE2CTrc6Q3C3RUBpump,200,4000
life,2026-08-03T05:26:12.238Z,4FEphC5XxY2QRQ1ojKEyKgt3qHE2CTrc6Q3C3RUBpump,200,4000
life,2026-08-03T05:26:16.248Z,4FEphC5XxY2QRQ1ojKEyKgt3qHE2CTrc6Q3C3RUBpump,200,4000
life,2026-08-03T05:26:20.243Z,4FEphC5XxY2QRQ1ojKEyKgt3qHE2CTrc6Q3C3RUBpump,200,4000
life,2026-08-03T05:26:24.255Z,4FEphC5XxY2QRQ1ojKEyKgt3qHE2CTrc6Q3C3RUBpump,200,4000
life,2026-08-03T05:26:28.244Z,4FEphC5XxY2QRQ1ojKEyKgt3qHE2CTrc6Q3C3RUBpump,200,4000
life,2026-08-03T05:26:32.244Z,4FEphC5XxY2QRQ1ojKEyKgt3qHE2CTrc6Q3C3RUBpump,200,4000
life,2026-08-03T05:26:36.254Z,4FEphC5XxY2QRQ1ojKEyKgt3qHE2CTrc6Q3C3RUBpump,200,4000
life,2026-08-03T05:26:40.264Z,4FEphC5XxY2QRQ1ojKEyKgt3qHE2CTrc6Q3C3RUBpump,200,4000
life,2026-08-03T05:26:44.267Z,4FEphC5XxY2QRQ1ojKEyKgt3qHE2CTrc6Q3C3RUBpump,200,4000
life,2026-08-03T05:26:48.251Z,4FEphC5XxY2QRQ1ojKEyKgt3qHE2CTrc6Q3C3RUBpump,200,4000
life,2026-08-03T05:26:52.252Z,4FEphC5XxY2QRQ1ojKEyKgt3qHE2CTrc6Q3C3RUBpump,200,4000
life,2026-08-03T05:26:56.254Z,4FEphC5XxY2QRQ1ojKEyKgt3qHE2CTrc6Q3C3RUBpump,200,4000
life,2026-08-03T05:27:00.256Z,4FEphC5XxY2QRQ1ojKEyKgt3qHE2CTrc6Q3C3RUBpump,200,4000
life,2026-08-03T05:27:04.252Z,4FEphC5XxY2QRQ1ojKEyKgt3qHE2CTrc6Q3C3RUBpump,200,4000
life,2026-08-03T05:27:08.381Z,4FEphC5XxY2QRQ1ojKEyKgt3qHE2CTrc6Q3C3RUBpump,200,4000
life,2026-08-03T05:27:12.259Z,4FEphC5XxY2QRQ1ojKEyKgt3qHE2CTrc6Q3C3RUBpump,200,4000
life,2026-08-03T05:27:16.264Z,4FEphC5XxY2QRQ1ojKEyKgt3qHE2CTrc6Q3C3RUBpump,200,4000
life,2026-08-03T05:27:20.268Z,4FEphC5XxY2QRQ1ojKEyKgt3qHE2CTrc6Q3C3RUBpump,200,4000
life,2026-08-03T05:27:24.291Z,4FEphC5XxY2QRQ1ojKEyKgt3qHE2CTrc6Q3C3RUBpump,200,4000
life,2026-08-03T05:27:28.271Z,4FEphC5XxY2QRQ1ojKEyKgt3qHE2CTrc6Q3C3RUBpump,200,4000
life,2026-08-03T05:27:32.271Z,4FEphC5XxY2QRQ1ojKEyKgt3qHE2CTrc6Q3C3RUBpump,200,4000
life,2026-08-03T05:27:36.272Z,4FEphC5XxY2QRQ1ojKEyKgt3qHE2CTrc6Q3C3RUBpump,200,4000
life,2026-08-03T05:27:40.274Z,4FEphC5XxY2QRQ1ojKEyKgt3qHE2CTrc6Q3C3RUBpump,200,4000
life,2026-08-03T05:27:44.294Z,4FEphC5XxY2QRQ1ojKEyKgt3qHE2CTrc6Q3C3RUBpump,200,4000
life,2026-08-03T05:27:48.276Z,4FEphC5XxY2QRQ1ojKEyKgt3qHE2CTrc6Q3C3RUBpump,200,4000
life,2026-08-03T05:27:52.277Z,4FEphC5XxY2QRQ1ojKEyKgt3qHE2CTrc6Q3C3RUBpump,200,4000
life,2026-08-03T05:27:56.282Z,4FEphC5XxY2QRQ1ojKEyKgt3qHE2CTrc6Q3C3RUBpump,200,4000
life,2026-08-03T05:28:00.290Z,4FEphC5XxY2QRQ1ojKEyKgt3qHE2CTrc6Q3C3RUBpump,200,4000
life,2026-08-03T05:28:04.281Z,4FEphC5XxY2QRQ1ojKEyKgt3qHE2CTrc6Q3C3RUBpump,200,4000
life,2026-08-03T05:28:08.284Z,4FEphC5XxY2QRQ1ojKEyKgt3qHE2CTrc6Q3C3RUBpump,200,4000
life,2026-08-03T05:28:12.299Z,4FEphC5XxY2QRQ1ojKEyKgt3qHE2CTrc6Q3C3RUBpump,200,4000
life,2026-08-03T05:28:16.309Z,4FEphC5XxY2QRQ1ojKEyKgt3qHE2CTrc6Q3C3RUBpump,200,4000
life,2026-08-03T05:28:20.287Z,4FEphC5XxY2QRQ1ojKEyKgt3qHE2CTrc6Q3C3RUBpump,200,4000
life,2026-08-03T05:28:24.317Z,4FEphC5XxY2QRQ1ojKEyKgt3qHE2CTrc6Q3C3RUBpump,200,4000
life,2026-08-03T05:28:28.376Z,2wpWjjDCQSHkvx13ocwJTLuzzMxRRLcPjrKJ6JZZpump,200,4000
life,2026-08-03T05:28:32.335Z,2wpWjjDCQSHkvx13ocwJTLuzzMxRRLcPjrKJ6JZZpump,200,4000
life,2026-08-03T05:28:36.422Z,2wpWjjDCQSHkvx13ocwJTLuzzMxRRLcPjrKJ6JZZpump,200,4000
life,2026-08-03T05:28:40.301Z,2wpWjjDCQSHkvx13ocwJTLuzzMxRRLcPjrKJ6JZZpump,200,4000
life,2026-08-03T05:28:44.303Z,2wpWjjDCQSHkvx13ocwJTLuzzMxRRLcPjrKJ6JZZpump,200,4000
life,2026-08-03T05:28:48.309Z,2wpWjjDCQSHkvx13ocwJTLuzzMxRRLcPjrKJ6JZZpump,200,4000
life,2026-08-03T05:28:52.308Z,2wpWjjDCQSHkvx13ocwJTLuzzMxRRLcPjrKJ6JZZpump,200,4000
life,2026-08-03T05:28:56.526Z,2wpWjjDCQSHkvx13ocwJTLuzzMxRRLcPjrKJ6JZZpump,200,4000
life,2026-08-03T05:29:00.302Z,2wpWjjDCQSHkvx13ocwJTLuzzMxRRLcPjrKJ6JZZpump,200,4000
life,2026-08-03T05:29:04.314Z,2wpWjjDCQSHkvx13ocwJTLuzzMxRRLcPjrKJ6JZZpump,200,4000
life,2026-08-03T05:29:08.485Z,2wpWjjDCQSHkvx13ocwJTLuzzMxRRLcPjrKJ6JZZpump,200,4000
life,2026-08-03T05:29:12.309Z,2wpWjjDCQSHkvx13ocwJTLuzzMxRRLcPjrKJ6JZZpump,200,4000
life,2026-08-03T05:29:16.317Z,2wpWjjDCQSHkvx13ocwJTLuzzMxRRLcPjrKJ6JZZpump,200,4000
life,2026-08-03T05:29:20.324Z,2wpWjjDCQSHkvx13ocwJTLuzzMxRRLcPjrKJ6JZZpump,200,4000
life,2026-08-03T05:29:24.320Z,2wpWjjDCQSHkvx13ocwJTLuzzMxRRLcPjrKJ6JZZpump,200,4000
life,2026-08-03T05:29:28.330Z,2wpWjjDCQSHkvx13ocwJTLuzzMxRRLcPjrKJ6JZZpump,200,4000
life,2026-08-03T05:29:32.330Z,2wpWjjDCQSHkvx13ocwJTLuzzMxRRLcPjrKJ6JZZpump,200,4000
life,2026-08-03T05:29:36.334Z,2wpWjjDCQSHkvx13ocwJTLuzzMxRRLcPjrKJ6JZZpump,200,4000
life,2026-08-03T05:29:40.325Z,2wpWjjDCQSHkvx13ocwJTLuzzMxRRLcPjrKJ6JZZpump,200,4000
life,2026-08-03T05:29:44.345Z,2wpWjjDCQSHkvx13ocwJTLuzzMxRRLcPjrKJ6JZZpump,200,4000
life,2026-08-03T05:29:48.330Z,2wpWjjDCQSHkvx13ocwJTLuzzMxRRLcPjrKJ6JZZpump,200,4000
life,2026-08-03T05:29:52.345Z,2wpWjjDCQSHkvx13ocwJTLuzzMxRRLcPjrKJ6JZZpump,200,4000
life,2026-08-03T05:29:56.335Z,2wpWjjDCQSHkvx13ocwJTLuzzMxRRLcPjrKJ6JZZpump,200,4000
life,2026-08-03T05:30:00.375Z,2wpWjjDCQSHkvx13ocwJTLuzzMxRRLcPjrKJ6JZZpump,200,4000
life,2026-08-03T05:30:04.339Z,2wpWjjDCQSHkvx13ocwJTLuzzMxRRLcPjrKJ6JZZpump,200,4000
life,2026-08-03T05:30:08.338Z,2wpWjjDCQSHkvx13ocwJTLuzzMxRRLcPjrKJ6JZZpump,200,4000
life,2026-08-03T05:30:12.351Z,2wpWjjDCQSHkvx13ocwJTLuzzMxRRLcPjrKJ6JZZpump,200,4000
life,2026-08-03T05:30:16.342Z,2wpWjjDCQSHkvx13ocwJTLuzzMxRRLcPjrKJ6JZZpump,200,4000
life,2026-08-03T05:30:20.351Z,2wpWjjDCQSHkvx13ocwJTLuzzMxRRLcPjrKJ6JZZpump,200,4000
life,2026-08-03T05:30:24.350Z,2wpWjjDCQSHkvx13ocwJTLuzzMxRRLcPjrKJ6JZZpump,200,4000
life,2026-08-03T05:30:28.357Z,2wpWjjDCQSHkvx13ocwJTLuzzMxRRLcPjrKJ6JZZpump,200,4000
life,2026-08-03T05:30:32.348Z,2wpWjjDCQSHkvx13ocwJTLuzzMxRRLcPjrKJ6JZZpump,200,4000
life,2026-08-03T05:30:36.350Z,2wpWjjDCQSHkvx13ocwJTLuzzMxRRLcPjrKJ6JZZpump,200,4000
life,2026-08-03T05:30:40.367Z,2wpWjjDCQSHkvx13ocwJTLuzzMxRRLcPjrKJ6JZZpump,200,4000
life,2026-08-03T05:30:44.358Z,2wpWjjDCQSHkvx13ocwJTLuzzMxRRLcPjrKJ6JZZpump,200,4000
life,2026-08-03T05:30:48.366Z,2wpWjjDCQSHkvx13ocwJTLuzzMxRRLcPjrKJ6JZZpump,200,4000
life,2026-08-03T05:30:52.358Z,2wpWjjDCQSHkvx13ocwJTLuzzMxRRLcPjrKJ6JZZpump,200,4000
life,2026-08-03T05:30:56.360Z,2wpWjjDCQSHkvx13ocwJTLuzzMxRRLcPjrKJ6JZZpump,200,4000
life,2026-08-03T05:31:00.378Z,2wpWjjDCQSHkvx13ocwJTLuzzMxRRLcPjrKJ6JZZpump,200,4000
life,2026-08-03T05:31:04.362Z,2wpWjjDCQSHkvx13ocwJTLuzzMxRRLcPjrKJ6JZZpump,200,4000
life,2026-08-03T05:31:08.366Z,2wpWjjDCQSHkvx13ocwJTLuzzMxRRLcPjrKJ6JZZpump,200,4000
life,2026-08-03T05:31:12.380Z,2wpWjjDCQSHkvx13ocwJTLuzzMxRRLcPjrKJ6JZZpump,200,4000
life,2026-08-03T05:31:16.379Z,2wpWjjDCQSHkvx13ocwJTLuzzMxRRLcPjrKJ6JZZpump,200,4000
life,2026-08-03T05:31:20.386Z,2wpWjjDCQSHkvx13ocwJTLuzzMxRRLcPjrKJ6JZZpump,200,4000
life,2026-08-03T05:31:24.387Z,2wpWjjDCQSHkvx13ocwJTLuzzMxRRLcPjrKJ6JZZpump,200,4000
life,2026-08-03T05:31:28.373Z,2wpWjjDCQSHkvx13ocwJTLuzzMxRRLcPjrKJ6JZZpump,200,4000
life,2026-08-03T05:31:32.392Z,2wpWjjDCQSHkvx13ocwJTLuzzMxRRLcPjrKJ6JZZpump,200,4000
life,2026-08-03T05:31:36.381Z,2wpWjjDCQSHkvx13ocwJTLuzzMxRRLcPjrKJ6JZZpump,200,4000
life,2026-08-03T05:31:40.398Z,2wpWjjDCQSHkvx13ocwJTLuzzMxRRLcPjrKJ6JZZpump,200,4000
life,2026-08-03T05:31:44.376Z,2wpWjjDCQSHkvx13ocwJTLuzzMxRRLcPjrKJ6JZZpump,200,4000
life,2026-08-03T05:31:48.388Z,2wpWjjDCQSHkvx13ocwJTLuzzMxRRLcPjrKJ6JZZpump,200,4000
life,2026-08-03T05:31:52.459Z,2wpWjjDCQSHkvx13ocwJTLuzzMxRRLcPjrKJ6JZZpump,200,4000
life,2026-08-03T05:31:56.396Z,2wpWjjDCQSHkvx13ocwJTLuzzMxRRLcPjrKJ6JZZpump,200,4000
life,2026-08-03T05:32:00.386Z,2wpWjjDCQSHkvx13ocwJTLuzzMxRRLcPjrKJ6JZZpump,200,4000
life,2026-08-03T05:32:04.391Z,2wpWjjDCQSHkvx13ocwJTLuzzMxRRLcPjrKJ6JZZpump,200,4000
life,2026-08-03T05:32:08.396Z,2wpWjjDCQSHkvx13ocwJTLuzzMxRRLcPjrKJ6JZZpump,200,4000
life,2026-08-03T05:32:12.393Z,2wpWjjDCQSHkvx13ocwJTLuzzMxRRLcPjrKJ6JZZpump,200,4000
life,2026-08-03T05:32:16.400Z,2wpWjjDCQSHkvx13ocwJTLuzzMxRRLcPjrKJ6JZZpump,200,4000
life,2026-08-03T05:32:20.473Z,2wpWjjDCQSHkvx13ocwJTLuzzMxRRLcPjrKJ6JZZpump,200,4000
life,2026-08-03T05:32:24.394Z,2wpWjjDCQSHkvx13ocwJTLuzzMxRRLcPjrKJ6JZZpump,200,4000
life,2026-08-03T05:32:28.403Z,2wpWjjDCQSHkvx13ocwJTLuzzMxRRLcPjrKJ6JZZpump,200,4000
life,2026-08-03T05:32:32.395Z,2wpWjjDCQSHkvx13ocwJTLuzzMxRRLcPjrKJ6JZZpump,200,4000
life,2026-08-03T05:32:36.399Z,2wpWjjDCQSHkvx13ocwJTLuzzMxRRLcPjrKJ6JZZpump,200,4000
life,2026-08-03T05:32:40.396Z,2wpWjjDCQSHkvx13ocwJTLuzzMxRRLcPjrKJ6JZZpump,200,4000
life,2026-08-03T05:32:44.501Z,2wpWjjDCQSHkvx13ocwJTLuzzMxRRLcPjrKJ6JZZpump,200,4000
life,2026-08-03T05:32:48.411Z,2wpWjjDCQSHkvx13ocwJTLuzzMxRRLcPjrKJ6JZZpump,200,4000
life,2026-08-03T05:32:52.442Z,2wpWjjDCQSHkvx13ocwJTLuzzMxRRLcPjrKJ6JZZpump,200,4000
life,2026-08-03T05:32:56.413Z,2wpWjjDCQSHkvx13ocwJTLuzzMxRRLcPjrKJ6JZZpump,200,4000
life,2026-08-03T05:33:00.395Z,2wpWjjDCQSHkvx13ocwJTLuzzMxRRLcPjrKJ6JZZpump,200,4000
life,2026-08-03T05:33:04.429Z,Rr1GZLB9DCcabir8bYYsE13GbpVyMjq6AJqJdvspump,200,4000
life,2026-08-03T05:33:08.418Z,Rr1GZLB9DCcabir8bYYsE13GbpVyMjq6AJqJdvspump,200,4000
life,2026-08-03T05:33:12.472Z,Rr1GZLB9DCcabir8bYYsE13GbpVyMjq6AJqJdvspump,200,4000
life,2026-08-03T05:33:16.461Z,Rr1GZLB9DCcabir8bYYsE13GbpVyMjq6AJqJdvspump,200,4000
life,2026-08-03T05:33:20.425Z,Rr1GZLB9DCcabir8bYYsE13GbpVyMjq6AJqJdvspump,200,4000
life,2026-08-03T05:33:24.420Z,Rr1GZLB9DCcabir8bYYsE13GbpVyMjq6AJqJdvspump,200,4000
life,2026-08-03T05:33:28.422Z,Rr1GZLB9DCcabir8bYYsE13GbpVyMjq6AJqJdvspump,200,4000
life,2026-08-03T05:33:32.439Z,Rr1GZLB9DCcabir8bYYsE13GbpVyMjq6AJqJdvspump,200,4000
life,2026-08-03T05:33:36.444Z,Rr1GZLB9DCcabir8bYYsE13GbpVyMjq6AJqJdvspump,200,4000
life,2026-08-03T05:33:40.432Z,Rr1GZLB9DCcabir8bYYsE13GbpVyMjq6AJqJdvspump,200,4000
life,2026-08-03T05:33:44.447Z,Rr1GZLB9DCcabir8bYYsE13GbpVyMjq6AJqJdvspump,200,4000
life,2026-08-03T05:33:48.449Z,Rr1GZLB9DCcabir8bYYsE13GbpVyMjq6AJqJdvspump,200,4000
life,2026-08-03T05:33:52.434Z,Rr1GZLB9DCcabir8bYYsE13GbpVyMjq6AJqJdvspump,200,4000
life,2026-08-03T05:33:56.445Z,Rr1GZLB9DCcabir8bYYsE13GbpVyMjq6AJqJdvspump,200,4000
life,2026-08-03T05:34:00.454Z,Rr1GZLB9DCcabir8bYYsE13GbpVyMjq6AJqJdvspump,200,4000
life,2026-08-03T05:34:04.466Z,Rr1GZLB9DCcabir8bYYsE13GbpVyMjq6AJqJdvspump,200,4000
life,2026-08-03T05:34:08.513Z,Rr1GZLB9DCcabir8bYYsE13GbpVyMjq6AJqJdvspump,200,4000
life,2026-08-03T05:34:12.457Z,Rr1GZLB9DCcabir8bYYsE13GbpVyMjq6AJqJdvspump,200,4000
life,2026-08-03T05:34:16.447Z,Rr1GZLB9DCcabir8bYYsE13GbpVyMjq6AJqJdvspump,200,4000
life,2026-08-03T05:34:20.446Z,Rr1GZLB9DCcabir8bYYsE13GbpVyMjq6AJqJdvspump,200,4000
life,2026-08-03T05:34:24.459Z,Rr1GZLB9DCcabir8bYYsE13GbpVyMjq6AJqJdvspump,200,4000
life,2026-08-03T05:34:28.447Z,Rr1GZLB9DCcabir8bYYsE13GbpVyMjq6AJqJdvspump,200,4000
life,2026-08-03T05:34:32.458Z,Rr1GZLB9DCcabir8bYYsE13GbpVyMjq6AJqJdvspump,200,4000
life,2026-08-03T05:34:36.453Z,Rr1GZLB9DCcabir8bYYsE13GbpVyMjq6AJqJdvspump,200,4000
life,2026-08-03T05:34:40.638Z,Rr1GZLB9DCcabir8bYYsE13GbpVyMjq6AJqJdvspump,200,4000
life,2026-08-03T05:34:44.455Z,Rr1GZLB9DCcabir8bYYsE13GbpVyMjq6AJqJdvspump,200,4000
life,2026-08-03T05:34:48.465Z,Rr1GZLB9DCcabir8bYYsE13GbpVyMjq6AJqJdvspump,200,4000
life,2026-08-03T05:34:52.500Z,Rr1GZLB9DCcabir8bYYsE13GbpVyMjq6AJqJdvspump,200,4000
life,2026-08-03T05:34:56.461Z,Rr1GZLB9DCcabir8bYYsE13GbpVyMjq6AJqJdvspump,200,4000
life,2026-08-03T05:35:00.466Z,Rr1GZLB9DCcabir8bYYsE13GbpVyMjq6AJqJdvspump,200,4000
life,2026-08-03T05:35:04.460Z,Rr1GZLB9DCcabir8bYYsE13GbpVyMjq6AJqJdvspump,200,4000
life,2026-08-03T05:35:08.540Z,Rr1GZLB9DCcabir8bYYsE13GbpVyMjq6AJqJdvspump,200,4000
life,2026-08-03T05:35:12.474Z,Rr1GZLB9DCcabir8bYYsE13GbpVyMjq6AJqJdvspump,200,4000
life,2026-08-03T05:35:16.468Z,Rr1GZLB9DCcabir8bYYsE13GbpVyMjq6AJqJdvspump,200,4000
life,2026-08-03T05:35:20.474Z,Rr1GZLB9DCcabir8bYYsE13GbpVyMjq6AJqJdvspump,200,4000
life,2026-08-03T05:35:24.473Z,Rr1GZLB9DCcabir8bYYsE13GbpVyMjq6AJqJdvspump,200,4000
life,2026-08-03T05:35:28.480Z,Rr1GZLB9DCcabir8bYYsE13GbpVyMjq6AJqJdvspump,200,4000
life,2026-08-03T05:35:32.489Z,Rr1GZLB9DCcabir8bYYsE13GbpVyMjq6AJqJdvspump,200,4000
life,2026-08-03T05:35:36.484Z,Rr1GZLB9DCcabir8bYYsE13GbpVyMjq6AJqJdvspump,200,4000
life,2026-08-03T05:35:40.486Z,Rr1GZLB9DCcabir8bYYsE13GbpVyMjq6AJqJdvspump,200,4000
life,2026-08-03T05:35:44.496Z,Rr1GZLB9DCcabir8bYYsE13GbpVyMjq6AJqJdvspump,200,4000
life,2026-08-03T05:35:48.491Z,Rr1GZLB9DCcabir8bYYsE13GbpVyMjq6AJqJdvspump,200,4000
life,2026-08-03T05:35:52.506Z,Rr1GZLB9DCcabir8bYYsE13GbpVyMjq6AJqJdvspump,200,4000
life,2026-08-03T05:35:56.489Z,Rr1GZLB9DCcabir8bYYsE13GbpVyMjq6AJqJdvspump,200,4000
life,2026-08-03T05:36:00.503Z,Rr1GZLB9DCcabir8bYYsE13GbpVyMjq6AJqJdvspump,200,4000
life,2026-08-03T05:36:04.509Z,Rr1GZLB9DCcabir8bYYsE13GbpVyMjq6AJqJdvspump,200,4000
life,2026-08-03T05:36:08.504Z,Rr1GZLB9DCcabir8bYYsE13GbpVyMjq6AJqJdvspump,200,4000
life,2026-08-03T05:36:12.526Z,4XQLHssUxvXLjXYLRsbANkgvCsRmtKMBsShzRFWipump,200,4000
life,2026-08-03T05:36:16.515Z,4XQLHssUxvXLjXYLRsbANkgvCsRmtKMBsShzRFWipump,200,4000
life,2026-08-03T05:36:20.535Z,4XQLHssUxvXLjXYLRsbANkgvCsRmtKMBsShzRFWipump,200,4000
life,2026-08-03T05:36:24.509Z,4XQLHssUxvXLjXYLRsbANkgvCsRmtKMBsShzRFWipump,200,4000
life,2026-08-03T05:36:28.560Z,4XQLHssUxvXLjXYLRsbANkgvCsRmtKMBsShzRFWipump,200,4000
life,2026-08-03T05:36:32.516Z,4XQLHssUxvXLjXYLRsbANkgvCsRmtKMBsShzRFWipump,200,4000
life,2026-08-03T05:36:36.623Z,4XQLHssUxvXLjXYLRsbANkgvCsRmtKMBsShzRFWipump,200,4000
life,2026-08-03T05:36:40.530Z,4XQLHssUxvXLjXYLRsbANkgvCsRmtKMBsShzRFWipump,200,4000
life,2026-08-03T05:36:44.553Z,4XQLHssUxvXLjXYLRsbANkgvCsRmtKMBsShzRFWipump,200,4000
life,2026-08-03T05:36:48.535Z,4XQLHssUxvXLjXYLRsbANkgvCsRmtKMBsShzRFWipump,200,4000
life,2026-08-03T05:36:52.575Z,4ssNBY5ERmnPkdtXLZjuraRirf2ovL3BaVFsaYrppump,200,4000
life,2026-08-03T05:36:56.547Z,4ssNBY5ERmnPkdtXLZjuraRirf2ovL3BaVFsaYrppump,200,4000
life,2026-08-03T05:37:00.534Z,4ssNBY5ERmnPkdtXLZjuraRirf2ovL3BaVFsaYrppump,200,4000
life,2026-08-03T05:37:04.525Z,4ssNBY5ERmnPkdtXLZjuraRirf2ovL3BaVFsaYrppump,200,4000
life,2026-08-03T05:37:08.580Z,4ssNBY5ERmnPkdtXLZjuraRirf2ovL3BaVFsaYrppump,200,4000
life,2026-08-03T05:37:12.531Z,4ssNBY5ERmnPkdtXLZjuraRirf2ovL3BaVFsaYrppump,200,4000
life,2026-08-03T05:37:16.553Z,4ssNBY5ERmnPkdtXLZjuraRirf2ovL3BaVFsaYrppump,200,4000
life,2026-08-03T05:37:20.538Z,4ssNBY5ERmnPkdtXLZjuraRirf2ovL3BaVFsaYrppump,200,4000
life,2026-08-03T05:37:24.535Z,4ssNBY5ERmnPkdtXLZjuraRirf2ovL3BaVFsaYrppump,200,4000
life,2026-08-03T05:37:28.538Z,4ssNBY5ERmnPkdtXLZjuraRirf2ovL3BaVFsaYrppump,200,4000
life,2026-08-03T05:37:32.535Z,4ssNBY5ERmnPkdtXLZjuraRirf2ovL3BaVFsaYrppump,200,4000
life,2026-08-03T05:37:36.544Z,4ssNBY5ERmnPkdtXLZjuraRirf2ovL3BaVFsaYrppump,200,4000
life,2026-08-03T05:37:40.628Z,4ssNBY5ERmnPkdtXLZjuraRirf2ovL3BaVFsaYrppump,200,4000
life,2026-08-03T05:37:44.557Z,4ssNBY5ERmnPkdtXLZjuraRirf2ovL3BaVFsaYrppump,200,4000
life,2026-08-03T05:37:48.546Z,4ssNBY5ERmnPkdtXLZjuraRirf2ovL3BaVFsaYrppump,200,4000
life,2026-08-03T05:37:52.550Z,4ssNBY5ERmnPkdtXLZjuraRirf2ovL3BaVFsaYrppump,200,4000
life,2026-08-03T05:37:56.548Z,4ssNBY5ERmnPkdtXLZjuraRirf2ovL3BaVFsaYrppump,200,4000
life,2026-08-03T05:38:00.547Z,4ssNBY5ERmnPkdtXLZjuraRirf2ovL3BaVFsaYrppump,200,4000
life,2026-08-03T05:38:04.572Z,4ssNBY5ERmnPkdtXLZjuraRirf2ovL3BaVFsaYrppump,200,4000
life,2026-08-03T05:38:08.553Z,4ssNBY5ERmnPkdtXLZjuraRirf2ovL3BaVFsaYrppump,200,4000
life,2026-08-03T05:38:12.567Z,4ssNBY5ERmnPkdtXLZjuraRirf2ovL3BaVFsaYrppump,200,4000
life,2026-08-03T05:38:16.572Z,4ssNBY5ERmnPkdtXLZjuraRirf2ovL3BaVFsaYrppump,200,4000
life,2026-08-03T05:38:20.567Z,4ssNBY5ERmnPkdtXLZjuraRirf2ovL3BaVFsaYrppump,200,4000
life,2026-08-03T05:38:24.560Z,4ssNBY5ERmnPkdtXLZjuraRirf2ovL3BaVFsaYrppump,200,4000
life,2026-08-03T05:38:28.573Z,4ssNBY5ERmnPkdtXLZjuraRirf2ovL3BaVFsaYrppump,200,4000
life,2026-08-03T05:38:32.568Z,4ssNBY5ERmnPkdtXLZjuraRirf2ovL3BaVFsaYrppump,200,4000
life,2026-08-03T05:38:36.580Z,4ssNBY5ERmnPkdtXLZjuraRirf2ovL3BaVFsaYrppump,200,4000
life,2026-08-03T05:38:40.572Z,4ssNBY5ERmnPkdtXLZjuraRirf2ovL3BaVFsaYrppump,200,4000
life,2026-08-03T05:38:44.575Z,4ssNBY5ERmnPkdtXLZjuraRirf2ovL3BaVFsaYrppump,200,4000
life,2026-08-03T05:38:48.583Z,4ssNBY5ERmnPkdtXLZjuraRirf2ovL3BaVFsaYrppump,200,4000
life,2026-08-03T05:38:52.581Z,4ssNBY5ERmnPkdtXLZjuraRirf2ovL3BaVFsaYrppump,200,4000
life,2026-08-03T05:38:56.584Z,4ssNBY5ERmnPkdtXLZjuraRirf2ovL3BaVFsaYrppump,200,4000
life,2026-08-03T05:39:00.583Z,4ssNBY5ERmnPkdtXLZjuraRirf2ovL3BaVFsaYrppump,200,4000
life,2026-08-03T05:39:04.591Z,4ssNBY5ERmnPkdtXLZjuraRirf2ovL3BaVFsaYrppump,200,4000
life,2026-08-03T05:39:08.584Z,4ssNBY5ERmnPkdtXLZjuraRirf2ovL3BaVFsaYrppump,200,4000
life,2026-08-03T05:39:12.598Z,4ssNBY5ERmnPkdtXLZjuraRirf2ovL3BaVFsaYrppump,200,4000
life,2026-08-03T05:39:16.602Z,4ssNBY5ERmnPkdtXLZjuraRirf2ovL3BaVFsaYrppump,200,4000
life,2026-08-03T05:39:20.595Z,4ssNBY5ERmnPkdtXLZjuraRirf2ovL3BaVFsaYrppump,200,4000
life,2026-08-03T05:39:24.627Z,4ssNBY5ERmnPkdtXLZjuraRirf2ovL3BaVFsaYrppump,200,4000
life,2026-08-03T05:39:28.587Z,4ssNBY5ERmnPkdtXLZjuraRirf2ovL3BaVFsaYrppump,200,4000
life,2026-08-03T05:39:32.592Z,9EisLvfTZqpXn9bBwEkcjipZbbwX8bJ6GA5fLf66pump,200,4000
life,2026-08-03T05:39:36.607Z,9EisLvfTZqpXn9bBwEkcjipZbbwX8bJ6GA5fLf66pump,200,4000
life,2026-08-03T05:39:40.604Z,9EisLvfTZqpXn9bBwEkcjipZbbwX8bJ6GA5fLf66pump,200,4000
life,2026-08-03T05:39:44.603Z,9EisLvfTZqpXn9bBwEkcjipZbbwX8bJ6GA5fLf66pump,200,4000
life,2026-08-03T05:39:48.609Z,9EisLvfTZqpXn9bBwEkcjipZbbwX8bJ6GA5fLf66pump,200,4000
life,2026-08-03T05:39:52.624Z,9EisLvfTZqpXn9bBwEkcjipZbbwX8bJ6GA5fLf66pump,200,4000
life,2026-08-03T05:39:56.614Z,9EisLvfTZqpXn9bBwEkcjipZbbwX8bJ6GA5fLf66pump,200,4000
life,2026-08-03T05:40:00.730Z,9EisLvfTZqpXn9bBwEkcjipZbbwX8bJ6GA5fLf66pump,200,4000
life,2026-08-03T05:40:04.625Z,9EisLvfTZqpXn9bBwEkcjipZbbwX8bJ6GA5fLf66pump,200,4000
life,2026-08-03T05:40:08.610Z,9EisLvfTZqpXn9bBwEkcjipZbbwX8bJ6GA5fLf66pump,200,4000
life,2026-08-03T05:40:12.770Z,9EisLvfTZqpXn9bBwEkcjipZbbwX8bJ6GA5fLf66pump,200,4000
life,2026-08-03T05:40:16.623Z,9EisLvfTZqpXn9bBwEkcjipZbbwX8bJ6GA5fLf66pump,200,4000
life,2026-08-03T05:40:20.623Z,9EisLvfTZqpXn9bBwEkcjipZbbwX8bJ6GA5fLf66pump,200,4000
life,2026-08-03T05:40:24.629Z,9EisLvfTZqpXn9bBwEkcjipZbbwX8bJ6GA5fLf66pump,200,4000
life,2026-08-03T05:40:28.676Z,9EisLvfTZqpXn9bBwEkcjipZbbwX8bJ6GA5fLf66pump,200,4000
life,2026-08-03T05:40:32.627Z,9EisLvfTZqpXn9bBwEkcjipZbbwX8bJ6GA5fLf66pump,200,4000
life,2026-08-03T05:40:36.990Z,9EisLvfTZqpXn9bBwEkcjipZbbwX8bJ6GA5fLf66pump,200,4000
life,2026-08-03T05:40:40.637Z,9EisLvfTZqpXn9bBwEkcjipZbbwX8bJ6GA5fLf66pump,200,4000
life,2026-08-03T05:40:44.623Z,9EisLvfTZqpXn9bBwEkcjipZbbwX8bJ6GA5fLf66pump,200,4000
life,2026-08-03T05:40:48.631Z,9EisLvfTZqpXn9bBwEkcjipZbbwX8bJ6GA5fLf66pump,200,4000
life,2026-08-03T05:40:52.640Z,9EisLvfTZqpXn9bBwEkcjipZbbwX8bJ6GA5fLf66pump,200,4000
life,2026-08-03T05:40:56.634Z,9EisLvfTZqpXn9bBwEkcjipZbbwX8bJ6GA5fLf66pump,200,4000
life,2026-08-03T05:41:00.645Z,9EisLvfTZqpXn9bBwEkcjipZbbwX8bJ6GA5fLf66pump,200,4000
life,2026-08-03T05:41:04.644Z,9EisLvfTZqpXn9bBwEkcjipZbbwX8bJ6GA5fLf66pump,200,4000
life,2026-08-03T05:41:08.857Z,8nTq1yi11iJB4M6EC3SqPsj5eoaaRw9kex1ZXgrzpump,200,4000
life,2026-08-03T05:41:12.644Z,8nTq1yi11iJB4M6EC3SqPsj5eoaaRw9kex1ZXgrzpump,200,4000
life,2026-08-03T05:41:16.908Z,8nTq1yi11iJB4M6EC3SqPsj5eoaaRw9kex1ZXgrzpump,200,4000
life,2026-08-03T05:41:20.661Z,8nTq1yi11iJB4M6EC3SqPsj5eoaaRw9kex1ZXgrzpump,200,4000
life,2026-08-03T05:41:24.692Z,8nTq1yi11iJB4M6EC3SqPsj5eoaaRw9kex1ZXgrzpump,200,4000
life,2026-08-03T05:41:28.664Z,8nTq1yi11iJB4M6EC3SqPsj5eoaaRw9kex1ZXgrzpump,200,4000
life,2026-08-03T05:41:32.659Z,8nTq1yi11iJB4M6EC3SqPsj5eoaaRw9kex1ZXgrzpump,200,4000
life,2026-08-03T05:41:36.655Z,8nTq1yi11iJB4M6EC3SqPsj5eoaaRw9kex1ZXgrzpump,200,4000
life,2026-08-03T05:41:40.659Z,8nTq1yi11iJB4M6EC3SqPsj5eoaaRw9kex1ZXgrzpump,200,4000
life,2026-08-03T05:41:44.795Z,8nTq1yi11iJB4M6EC3SqPsj5eoaaRw9kex1ZXgrzpump,200,4000
life,2026-08-03T05:41:48.659Z,8nTq1yi11iJB4M6EC3SqPsj5eoaaRw9kex1ZXgrzpump,200,4000
life,2026-08-03T05:41:52.660Z,8nTq1yi11iJB4M6EC3SqPsj5eoaaRw9kex1ZXgrzpump,200,4000
life,2026-08-03T05:41:56.661Z,8nTq1yi11iJB4M6EC3SqPsj5eoaaRw9kex1ZXgrzpump,200,4000
life,2026-08-03T05:42:00.671Z,8nTq1yi11iJB4M6EC3SqPsj5eoaaRw9kex1ZXgrzpump,200,4000
life,2026-08-03T05:42:04.673Z,8nTq1yi11iJB4M6EC3SqPsj5eoaaRw9kex1ZXgrzpump,200,4000
life,2026-08-03T05:42:08.668Z,8nTq1yi11iJB4M6EC3SqPsj5eoaaRw9kex1ZXgrzpump,200,4000
life,2026-08-03T05:42:12.679Z,8nTq1yi11iJB4M6EC3SqPsj5eoaaRw9kex1ZXgrzpump,200,4000
life,2026-08-03T05:42:16.677Z,8nTq1yi11iJB4M6EC3SqPsj5eoaaRw9kex1ZXgrzpump,200,4000
life,2026-08-03T05:42:20.674Z,8nTq1yi11iJB4M6EC3SqPsj5eoaaRw9kex1ZXgrzpump,200,4000
life,2026-08-03T05:42:24.670Z,8nTq1yi11iJB4M6EC3SqPsj5eoaaRw9kex1ZXgrzpump,200,4000
life,2026-08-03T05:42:28.673Z,8nTq1yi11iJB4M6EC3SqPsj5eoaaRw9kex1ZXgrzpump,200,4000
life,2026-08-03T05:42:32.725Z,8nTq1yi11iJB4M6EC3SqPsj5eoaaRw9kex1ZXgrzpump,200,4000
life,2026-08-03T05:42:36.674Z,8nTq1yi11iJB4M6EC3SqPsj5eoaaRw9kex1ZXgrzpump,200,4000
life,2026-08-03T05:42:40.674Z,8nTq1yi11iJB4M6EC3SqPsj5eoaaRw9kex1ZXgrzpump,200,4000
life,2026-08-03T05:42:44.672Z,8nTq1yi11iJB4M6EC3SqPsj5eoaaRw9kex1ZXgrzpump,200,4000
life,2026-08-03T05:42:48.688Z,8nTq1yi11iJB4M6EC3SqPsj5eoaaRw9kex1ZXgrzpump,200,4000
life,2026-08-03T05:42:52.692Z,8nTq1yi11iJB4M6EC3SqPsj5eoaaRw9kex1ZXgrzpump,200,4000
life,2026-08-03T05:42:56.689Z,8nTq1yi11iJB4M6EC3SqPsj5eoaaRw9kex1ZXgrzpump,200,4000
life,2026-08-03T05:43:00.677Z,8nTq1yi11iJB4M6EC3SqPsj5eoaaRw9kex1ZXgrzpump,200,4000
life,2026-08-03T05:43:04.680Z,8nTq1yi11iJB4M6EC3SqPsj5eoaaRw9kex1ZXgrzpump,200,4000
life,2026-08-03T05:43:08.689Z,8nTq1yi11iJB4M6EC3SqPsj5eoaaRw9kex1ZXgrzpump,200,4000
life,2026-08-03T05:43:12.696Z,8nTq1yi11iJB4M6EC3SqPsj5eoaaRw9kex1ZXgrzpump,200,4000
life,2026-08-03T05:43:16.688Z,8nTq1yi11iJB4M6EC3SqPsj5eoaaRw9kex1ZXgrzpump,200,4000
life,2026-08-03T05:43:20.694Z,8nTq1yi11iJB4M6EC3SqPsj5eoaaRw9kex1ZXgrzpump,200,4000
life,2026-08-03T05:43:24.701Z,8nTq1yi11iJB4M6EC3SqPsj5eoaaRw9kex1ZXgrzpump,200,4000
life,2026-08-03T05:43:28.696Z,8nTq1yi11iJB4M6EC3SqPsj5eoaaRw9kex1ZXgrzpump,200,4000
life,2026-08-03T05:43:32.707Z,8nTq1yi11iJB4M6EC3SqPsj5eoaaRw9kex1ZXgrzpump,200,4000
life,2026-08-03T05:43:36.694Z,8nTq1yi11iJB4M6EC3SqPsj5eoaaRw9kex1ZXgrzpump,200,4000
life,2026-08-03T05:43:40.698Z,8nTq1yi11iJB4M6EC3SqPsj5eoaaRw9kex1ZXgrzpump,200,4000
life,2026-08-03T05:43:44.708Z,8nTq1yi11iJB4M6EC3SqPsj5eoaaRw9kex1ZXgrzpump,200,4000
life,2026-08-03T05:43:48.715Z,8nTq1yi11iJB4M6EC3SqPsj5eoaaRw9kex1ZXgrzpump,200,4000
life,2026-08-03T05:43:52.726Z,8nTq1yi11iJB4M6EC3SqPsj5eoaaRw9kex1ZXgrzpump,200,4000
life,2026-08-03T05:43:56.724Z,8nTq1yi11iJB4M6EC3SqPsj5eoaaRw9kex1ZXgrzpump,200,4000
life,2026-08-03T05:44:00.708Z,8nTq1yi11iJB4M6EC3SqPsj5eoaaRw9kex1ZXgrzpump,200,4000
life,2026-08-03T05:44:05.124Z,8nTq1yi11iJB4M6EC3SqPsj5eoaaRw9kex1ZXgrzpump,200,4000
life,2026-08-03T05:44:08.859Z,8nTq1yi11iJB4M6EC3SqPsj5eoaaRw9kex1ZXgrzpump,200,4000
life,2026-08-03T05:44:12.707Z,8nTq1yi11iJB4M6EC3SqPsj5eoaaRw9kex1ZXgrzpump,200,4000
life,2026-08-03T05:44:16.717Z,8nTq1yi11iJB4M6EC3SqPsj5eoaaRw9kex1ZXgrzpump,200,4000
life,2026-08-03T05:44:20.718Z,8nTq1yi11iJB4M6EC3SqPsj5eoaaRw9kex1ZXgrzpump,200,4000
life,2026-08-03T05:44:24.760Z,8nTq1yi11iJB4M6EC3SqPsj5eoaaRw9kex1ZXgrzpump,200,4000
life,2026-08-03T05:44:28.726Z,8nTq1yi11iJB4M6EC3SqPsj5eoaaRw9kex1ZXgrzpump,200,4000
life,2026-08-03T05:44:32.719Z,8nTq1yi11iJB4M6EC3SqPsj5eoaaRw9kex1ZXgrzpump,200,4000
life,2026-08-03T05:44:36.732Z,8nTq1yi11iJB4M6EC3SqPsj5eoaaRw9kex1ZXgrzpump,200,4000
life,2026-08-03T05:44:40.725Z,8nTq1yi11iJB4M6EC3SqPsj5eoaaRw9kex1ZXgrzpump,200,4000
life,2026-08-03T05:44:44.739Z,8nTq1yi11iJB4M6EC3SqPsj5eoaaRw9kex1ZXgrzpump,200,4000
life,2026-08-03T05:44:48.735Z,8nTq1yi11iJB4M6EC3SqPsj5eoaaRw9kex1ZXgrzpump,200,4000
life,2026-08-03T05:44:52.738Z,8nTq1yi11iJB4M6EC3SqPsj5eoaaRw9kex1ZXgrzpump,200,4000
life,2026-08-03T05:44:56.734Z,8nTq1yi11iJB4M6EC3SqPsj5eoaaRw9kex1ZXgrzpump,200,4000
life,2026-08-03T05:45:00.745Z,8nTq1yi11iJB4M6EC3SqPsj5eoaaRw9kex1ZXgrzpump,200,4000
life,2026-08-03T05:45:04.740Z,8nTq1yi11iJB4M6EC3SqPsj5eoaaRw9kex1ZXgrzpump,200,4000
life,2026-08-03T05:45:08.759Z,5RKEu9J3BcQWAno7c1xjkew4L3VJ8Mvaz5jU2kPrpump,200,4000
life,2026-08-03T05:45:12.757Z,5RKEu9J3BcQWAno7c1xjkew4L3VJ8Mvaz5jU2kPrpump,200,4000
life,2026-08-03T05:45:16.744Z,5RKEu9J3BcQWAno7c1xjkew4L3VJ8Mvaz5jU2kPrpump,200,4000
life,2026-08-03T05:45:20.743Z,5RKEu9J3BcQWAno7c1xjkew4L3VJ8Mvaz5jU2kPrpump,200,4000
life,2026-08-03T05:45:24.779Z,5RKEu9J3BcQWAno7c1xjkew4L3VJ8Mvaz5jU2kPrpump,200,4000
life,2026-08-03T05:45:28.760Z,5RKEu9J3BcQWAno7c1xjkew4L3VJ8Mvaz5jU2kPrpump,200,4000
life,2026-08-03T05:45:32.752Z,5RKEu9J3BcQWAno7c1xjkew4L3VJ8Mvaz5jU2kPrpump,200,4000
life,2026-08-03T05:45:36.759Z,5RKEu9J3BcQWAno7c1xjkew4L3VJ8Mvaz5jU2kPrpump,200,4000
life,2026-08-03T05:45:40.777Z,5RKEu9J3BcQWAno7c1xjkew4L3VJ8Mvaz5jU2kPrpump,200,4000
life,2026-08-03T05:45:44.765Z,5RKEu9J3BcQWAno7c1xjkew4L3VJ8Mvaz5jU2kPrpump,200,4000
life,2026-08-03T05:45:48.774Z,5RKEu9J3BcQWAno7c1xjkew4L3VJ8Mvaz5jU2kPrpump,200,4000
life,2026-08-03T05:45:52.775Z,5RKEu9J3BcQWAno7c1xjkew4L3VJ8Mvaz5jU2kPrpump,200,4000
life,2026-08-03T05:45:56.773Z,5RKEu9J3BcQWAno7c1xjkew4L3VJ8Mvaz5jU2kPrpump,200,4000
life,2026-08-03T05:46:00.763Z,5RKEu9J3BcQWAno7c1xjkew4L3VJ8Mvaz5jU2kPrpump,200,4000
life,2026-08-03T05:46:04.764Z,5RKEu9J3BcQWAno7c1xjkew4L3VJ8Mvaz5jU2kPrpump,200,4000
life,2026-08-03T05:46:08.774Z,5RKEu9J3BcQWAno7c1xjkew4L3VJ8Mvaz5jU2kPrpump,200,4000
life,2026-08-03T05:46:12.765Z,5RKEu9J3BcQWAno7c1xjkew4L3VJ8Mvaz5jU2kPrpump,200,4000
life,2026-08-03T05:46:16.781Z,5RKEu9J3BcQWAno7c1xjkew4L3VJ8Mvaz5jU2kPrpump,200,4000
life,2026-08-03T05:46:20.777Z,5RKEu9J3BcQWAno7c1xjkew4L3VJ8Mvaz5jU2kPrpump,200,4000
life,2026-08-03T05:46:24.778Z,5RKEu9J3BcQWAno7c1xjkew4L3VJ8Mvaz5jU2kPrpump,200,4000
life,2026-08-03T05:46:28.770Z,5RKEu9J3BcQWAno7c1xjkew4L3VJ8Mvaz5jU2kPrpump,200,4000
life,2026-08-03T05:46:32.787Z,5RKEu9J3BcQWAno7c1xjkew4L3VJ8Mvaz5jU2kPrpump,200,4000
life,2026-08-03T05:46:36.791Z,5RKEu9J3BcQWAno7c1xjkew4L3VJ8Mvaz5jU2kPrpump,200,4000
life,2026-08-03T05:46:40.778Z,5RKEu9J3BcQWAno7c1xjkew4L3VJ8Mvaz5jU2kPrpump,200,4000
life,2026-08-03T05:46:44.802Z,5RKEu9J3BcQWAno7c1xjkew4L3VJ8Mvaz5jU2kPrpump,200,4000
life,2026-08-03T05:46:48.787Z,5RKEu9J3BcQWAno7c1xjkew4L3VJ8Mvaz5jU2kPrpump,200,4000
life,2026-08-03T05:46:52.803Z,5RKEu9J3BcQWAno7c1xjkew4L3VJ8Mvaz5jU2kPrpump,200,4000
life,2026-08-03T05:46:56.798Z,5RKEu9J3BcQWAno7c1xjkew4L3VJ8Mvaz5jU2kPrpump,200,4000
life,2026-08-03T05:47:00.808Z,5RKEu9J3BcQWAno7c1xjkew4L3VJ8Mvaz5jU2kPrpump,200,4000
life,2026-08-03T05:47:04.842Z,F64aoufmfWZBY3BoqR1kVoQj4DJv6gMSkgPdTrPupump,200,4000
life,2026-08-03T05:47:08.804Z,F64aoufmfWZBY3BoqR1kVoQj4DJv6gMSkgPdTrPupump,200,4000
life,2026-08-03T05:47:12.811Z,F64aoufmfWZBY3BoqR1kVoQj4DJv6gMSkgPdTrPupump,200,4000
life,2026-08-03T05:47:16.866Z,F64aoufmfWZBY3BoqR1kVoQj4DJv6gMSkgPdTrPupump,200,4000
life,2026-08-03T05:47:20.851Z,F64aoufmfWZBY3BoqR1kVoQj4DJv6gMSkgPdTrPupump,200,4000
life,2026-08-03T05:47:24.823Z,F64aoufmfWZBY3BoqR1kVoQj4DJv6gMSkgPdTrPupump,200,4000
life,2026-08-03T05:47:28.814Z,F64aoufmfWZBY3BoqR1kVoQj4DJv6gMSkgPdTrPupump,200,4000
life,2026-08-03T05:47:32.826Z,F64aoufmfWZBY3BoqR1kVoQj4DJv6gMSkgPdTrPupump,200,4000
life,2026-08-03T05:47:36.831Z,F64aoufmfWZBY3BoqR1kVoQj4DJv6gMSkgPdTrPupump,200,4000
life,2026-08-03T05:47:40.853Z,F64aoufmfWZBY3BoqR1kVoQj4DJv6gMSkgPdTrPupump,200,4000
life,2026-08-03T05:47:44.833Z,F64aoufmfWZBY3BoqR1kVoQj4DJv6gMSkgPdTrPupump,200,4000
life,2026-08-03T05:47:48.835Z,F64aoufmfWZBY3BoqR1kVoQj4DJv6gMSkgPdTrPupump,200,4000
life,2026-08-03T05:47:52.823Z,F64aoufmfWZBY3BoqR1kVoQj4DJv6gMSkgPdTrPupump,200,4000
life,2026-08-03T05:47:56.831Z,F64aoufmfWZBY3BoqR1kVoQj4DJv6gMSkgPdTrPupump,200,4000
life,2026-08-03T05:48:00.836Z,F64aoufmfWZBY3BoqR1kVoQj4DJv6gMSkgPdTrPupump,200,4000
life,2026-08-03T05:48:04.835Z,F64aoufmfWZBY3BoqR1kVoQj4DJv6gMSkgPdTrPupump,200,4000
life,2026-08-03T05:48:08.843Z,F64aoufmfWZBY3BoqR1kVoQj4DJv6gMSkgPdTrPupump,200,4000
life,2026-08-03T05:48:12.837Z,F64aoufmfWZBY3BoqR1kVoQj4DJv6gMSkgPdTrPupump,200,4000
life,2026-08-03T05:48:16.835Z,F64aoufmfWZBY3BoqR1kVoQj4DJv6gMSkgPdTrPupump,200,4000
life,2026-08-03T05:48:20.852Z,F64aoufmfWZBY3BoqR1kVoQj4DJv6gMSkgPdTrPupump,200,4000
life,2026-08-03T05:48:24.851Z,F64aoufmfWZBY3BoqR1kVoQj4DJv6gMSkgPdTrPupump,200,4000
life,2026-08-03T05:48:28.848Z,F64aoufmfWZBY3BoqR1kVoQj4DJv6gMSkgPdTrPupump,200,4000
life,2026-08-03T05:48:32.853Z,F64aoufmfWZBY3BoqR1kVoQj4DJv6gMSkgPdTrPupump,200,4000
life,2026-08-03T05:48:36.866Z,F64aoufmfWZBY3BoqR1kVoQj4DJv6gMSkgPdTrPupump,200,4000
life,2026-08-03T05:48:40.856Z,F64aoufmfWZBY3BoqR1kVoQj4DJv6gMSkgPdTrPupump,200,4000
life,2026-08-03T05:48:44.857Z,F64aoufmfWZBY3BoqR1kVoQj4DJv6gMSkgPdTrPupump,200,4000
life,2026-08-03T05:48:48.851Z,F64aoufmfWZBY3BoqR1kVoQj4DJv6gMSkgPdTrPupump,200,4000
life,2026-08-03T05:48:52.868Z,F64aoufmfWZBY3BoqR1kVoQj4DJv6gMSkgPdTrPupump,200,4000
life,2026-08-03T05:48:56.858Z,F64aoufmfWZBY3BoqR1kVoQj4DJv6gMSkgPdTrPupump,200,4000
life,2026-08-03T05:49:00.859Z,F64aoufmfWZBY3BoqR1kVoQj4DJv6gMSkgPdTrPupump,200,4000
life,2026-08-03T05:49:04.867Z,F64aoufmfWZBY3BoqR1kVoQj4DJv6gMSkgPdTrPupump,200,4000
life,2026-08-03T05:49:08.859Z,F64aoufmfWZBY3BoqR1kVoQj4DJv6gMSkgPdTrPupump,200,4000
life,2026-08-03T05:49:12.877Z,F64aoufmfWZBY3BoqR1kVoQj4DJv6gMSkgPdTrPupump,200,4000
life,2026-08-03T05:49:16.867Z,F64aoufmfWZBY3BoqR1kVoQj4DJv6gMSkgPdTrPupump,200,4000
life,2026-08-03T05:49:20.871Z,F64aoufmfWZBY3BoqR1kVoQj4DJv6gMSkgPdTrPupump,200,4000
life,2026-08-03T05:49:24.878Z,F64aoufmfWZBY3BoqR1kVoQj4DJv6gMSkgPdTrPupump,200,4000
life,2026-08-03T05:49:28.876Z,F64aoufmfWZBY3BoqR1kVoQj4DJv6gMSkgPdTrPupump,200,4000
life,2026-08-03T05:49:32.872Z,F64aoufmfWZBY3BoqR1kVoQj4DJv6gMSkgPdTrPupump,200,4000
life,2026-08-03T05:49:36.883Z,F64aoufmfWZBY3BoqR1kVoQj4DJv6gMSkgPdTrPupump,200,4000
life,2026-08-03T05:49:40.880Z,F64aoufmfWZBY3BoqR1kVoQj4DJv6gMSkgPdTrPupump,200,4000
life,2026-08-03T05:49:44.882Z,F64aoufmfWZBY3BoqR1kVoQj4DJv6gMSkgPdTrPupump,200,4000
life,2026-08-03T05:49:48.880Z,F64aoufmfWZBY3BoqR1kVoQj4DJv6gMSkgPdTrPupump,200,4000
life,2026-08-03T05:49:52.890Z,F64aoufmfWZBY3BoqR1kVoQj4DJv6gMSkgPdTrPupump,200,4000
life,2026-08-03T05:49:56.889Z,F64aoufmfWZBY3BoqR1kVoQj4DJv6gMSkgPdTrPupump,200,4000
life,2026-08-03T05:50:00.884Z,F64aoufmfWZBY3BoqR1kVoQj4DJv6gMSkgPdTrPupump,200,4000
life,2026-08-03T05:50:04.887Z,F64aoufmfWZBY3BoqR1kVoQj4DJv6gMSkgPdTrPupump,200,4000
life,2026-08-03T05:50:08.898Z,F64aoufmfWZBY3BoqR1kVoQj4DJv6gMSkgPdTrPupump,200,4000
life,2026-08-03T05:50:12.907Z,F64aoufmfWZBY3BoqR1kVoQj4DJv6gMSkgPdTrPupump,200,4000
life,2026-08-03T05:50:16.890Z,F64aoufmfWZBY3BoqR1kVoQj4DJv6gMSkgPdTrPupump,200,4000
life,2026-08-03T05:50:20.890Z,F64aoufmfWZBY3BoqR1kVoQj4DJv6gMSkgPdTrPupump,200,4000
life,2026-08-03T05:50:24.908Z,F64aoufmfWZBY3BoqR1kVoQj4DJv6gMSkgPdTrPupump,200,4000
life,2026-08-03T05:50:28.908Z,F64aoufmfWZBY3BoqR1kVoQj4DJv6gMSkgPdTrPupump,200,4000
life,2026-08-03T05:50:32.893Z,F64aoufmfWZBY3BoqR1kVoQj4DJv6gMSkgPdTrPupump,200,4000
life,2026-08-03T05:50:36.900Z,F64aoufmfWZBY3BoqR1kVoQj4DJv6gMSkgPdTrPupump,200,4000
life,2026-08-03T05:50:40.912Z,F64aoufmfWZBY3BoqR1kVoQj4DJv6gMSkgPdTrPupump,200,4000
life,2026-08-03T05:50:44.924Z,F64aoufmfWZBY3BoqR1kVoQj4DJv6gMSkgPdTrPupump,200,4000
life,2026-08-03T05:50:48.914Z,F64aoufmfWZBY3BoqR1kVoQj4DJv6gMSkgPdTrPupump,200,4000
life,2026-08-03T05:50:52.913Z,F64aoufmfWZBY3BoqR1kVoQj4DJv6gMSkgPdTrPupump,200,4000
life,2026-08-03T05:50:56.931Z,F64aoufmfWZBY3BoqR1kVoQj4DJv6gMSkgPdTrPupump,200,4000
life,2026-08-03T05:51:00.916Z,F64aoufmfWZBY3BoqR1kVoQj4DJv6gMSkgPdTrPupump,200,4000
life,2026-08-03T05:51:04.998Z,BroixebY3yiiqK7ibEuEufVmqFrLTJhiDoWiFUATpump,200,4000
life,2026-08-03T05:51:08.927Z,BroixebY3yiiqK7ibEuEufVmqFrLTJhiDoWiFUATpump,200,4000
life,2026-08-03T05:51:12.941Z,BroixebY3yiiqK7ibEuEufVmqFrLTJhiDoWiFUATpump,200,4000
life,2026-08-03T05:51:16.963Z,BroixebY3yiiqK7ibEuEufVmqFrLTJhiDoWiFUATpump,200,4000
life,2026-08-03T05:51:20.938Z,BroixebY3yiiqK7ibEuEufVmqFrLTJhiDoWiFUATpump,200,4000
life,2026-08-03T05:51:24.947Z,BroixebY3yiiqK7ibEuEufVmqFrLTJhiDoWiFUATpump,200,4000
life,2026-08-03T05:51:28.933Z,BroixebY3yiiqK7ibEuEufVmqFrLTJhiDoWiFUATpump,200,4000
life,2026-08-03T05:51:32.940Z,BroixebY3yiiqK7ibEuEufVmqFrLTJhiDoWiFUATpump,200,4000
life,2026-08-03T05:51:36.939Z,BroixebY3yiiqK7ibEuEufVmqFrLTJhiDoWiFUATpump,200,4000
life,2026-08-03T05:51:40.947Z,BroixebY3yiiqK7ibEuEufVmqFrLTJhiDoWiFUATpump,200,4000
life,2026-08-03T05:51:44.939Z,BroixebY3yiiqK7ibEuEufVmqFrLTJhiDoWiFUATpump,200,4000
life,2026-08-03T05:51:48.939Z,BroixebY3yiiqK7ibEuEufVmqFrLTJhiDoWiFUATpump,200,4000
life,2026-08-03T05:51:52.949Z,BroixebY3yiiqK7ibEuEufVmqFrLTJhiDoWiFUATpump,200,4000
life,2026-08-03T05:51:56.970Z,BroixebY3yiiqK7ibEuEufVmqFrLTJhiDoWiFUATpump,200,4000
life,2026-08-03T05:52:00.955Z,BroixebY3yiiqK7ibEuEufVmqFrLTJhiDoWiFUATpump,200,4000
life,2026-08-03T05:52:04.951Z,BroixebY3yiiqK7ibEuEufVmqFrLTJhiDoWiFUATpump,200,4000
life,2026-08-03T05:52:08.967Z,BroixebY3yiiqK7ibEuEufVmqFrLTJhiDoWiFUATpump,200,4000
life,2026-08-03T05:52:12.991Z,BroixebY3yiiqK7ibEuEufVmqFrLTJhiDoWiFUATpump,200,4000
life,2026-08-03T05:52:16.957Z,BroixebY3yiiqK7ibEuEufVmqFrLTJhiDoWiFUATpump,200,4000
life,2026-08-03T05:52:20.968Z,BroixebY3yiiqK7ibEuEufVmqFrLTJhiDoWiFUATpump,200,4000
life,2026-08-03T05:52:24.977Z,BroixebY3yiiqK7ibEuEufVmqFrLTJhiDoWiFUATpump,200,4000
life,2026-08-03T05:52:28.975Z,BroixebY3yiiqK7ibEuEufVmqFrLTJhiDoWiFUATpump,200,4000
life,2026-08-03T05:52:32.986Z,BroixebY3yiiqK7ibEuEufVmqFrLTJhiDoWiFUATpump,200,4000
life,2026-08-03T05:52:36.983Z,BroixebY3yiiqK7ibEuEufVmqFrLTJhiDoWiFUATpump,200,4000
life,2026-08-03T05:52:40.974Z,BroixebY3yiiqK7ibEuEufVmqFrLTJhiDoWiFUATpump,200,4000
life,2026-08-03T05:52:44.980Z,BroixebY3yiiqK7ibEuEufVmqFrLTJhiDoWiFUATpump,200,4000
life,2026-08-03T05:52:48.990Z,BroixebY3yiiqK7ibEuEufVmqFrLTJhiDoWiFUATpump,200,4000
life,2026-08-03T05:52:52.979Z,BroixebY3yiiqK7ibEuEufVmqFrLTJhiDoWiFUATpump,200,4000
life,2026-08-03T05:52:56.987Z,BroixebY3yiiqK7ibEuEufVmqFrLTJhiDoWiFUATpump,200,4000
life,2026-08-03T05:53:00.992Z,BroixebY3yiiqK7ibEuEufVmqFrLTJhiDoWiFUATpump,200,4000
life,2026-08-03T05:53:04.984Z,BroixebY3yiiqK7ibEuEufVmqFrLTJhiDoWiFUATpump,200,4000
life,2026-08-03T05:53:08.991Z,BroixebY3yiiqK7ibEuEufVmqFrLTJhiDoWiFUATpump,200,4000
life,2026-08-03T05:53:12.991Z,BroixebY3yiiqK7ibEuEufVmqFrLTJhiDoWiFUATpump,200,4000
life,2026-08-03T05:53:16.990Z,BroixebY3yiiqK7ibEuEufVmqFrLTJhiDoWiFUATpump,200,4000
life,2026-08-03T05:53:21.008Z,BroixebY3yiiqK7ibEuEufVmqFrLTJhiDoWiFUATpump,200,4000
life,2026-08-03T05:53:25.005Z,BroixebY3yiiqK7ibEuEufVmqFrLTJhiDoWiFUATpump,200,4000
life,2026-08-03T05:53:29.006Z,BroixebY3yiiqK7ibEuEufVmqFrLTJhiDoWiFUATpump,200,4000
life,2026-08-03T05:53:32.998Z,BroixebY3yiiqK7ibEuEufVmqFrLTJhiDoWiFUATpump,200,4000
life,2026-08-03T05:53:37.009Z,BroixebY3yiiqK7ibEuEufVmqFrLTJhiDoWiFUATpump,200,4000
life,2026-08-03T05:53:41.001Z,BroixebY3yiiqK7ibEuEufVmqFrLTJhiDoWiFUATpump,200,4000
life,2026-08-03T05:53:45.015Z,BroixebY3yiiqK7ibEuEufVmqFrLTJhiDoWiFUATpump,200,4000
life,2026-08-03T05:53:49.009Z,BroixebY3yiiqK7ibEuEufVmqFrLTJhiDoWiFUATpump,200,4000
life,2026-08-03T05:53:53.005Z,BroixebY3yiiqK7ibEuEufVmqFrLTJhiDoWiFUATpump,200,4000
life,2026-08-03T05:53:57.010Z,BroixebY3yiiqK7ibEuEufVmqFrLTJhiDoWiFUATpump,200,4000
life,2026-08-03T05:54:01.024Z,BroixebY3yiiqK7ibEuEufVmqFrLTJhiDoWiFUATpump,200,4000
life,2026-08-03T05:54:05.030Z,BroixebY3yiiqK7ibEuEufVmqFrLTJhiDoWiFUATpump,200,4000
life,2026-08-03T05:54:09.028Z,BroixebY3yiiqK7ibEuEufVmqFrLTJhiDoWiFUATpump,200,4000
life,2026-08-03T05:54:13.031Z,BroixebY3yiiqK7ibEuEufVmqFrLTJhiDoWiFUATpump,200,4000
life,2026-08-03T05:54:17.028Z,BroixebY3yiiqK7ibEuEufVmqFrLTJhiDoWiFUATpump,200,4000
life,2026-08-03T05:54:21.036Z,BroixebY3yiiqK7ibEuEufVmqFrLTJhiDoWiFUATpump,200,4000
life,2026-08-03T05:54:25.022Z,BroixebY3yiiqK7ibEuEufVmqFrLTJhiDoWiFUATpump,200,4000
life,2026-08-03T05:54:29.037Z,BroixebY3yiiqK7ibEuEufVmqFrLTJhiDoWiFUATpump,200,4000
life,2026-08-03T05:54:33.030Z,BroixebY3yiiqK7ibEuEufVmqFrLTJhiDoWiFUATpump,200,4000
life,2026-08-03T05:54:37.038Z,BroixebY3yiiqK7ibEuEufVmqFrLTJhiDoWiFUATpump,200,4000
life,2026-08-03T05:54:41.038Z,BroixebY3yiiqK7ibEuEufVmqFrLTJhiDoWiFUATpump,200,4000
life,2026-08-03T05:54:45.034Z,BroixebY3yiiqK7ibEuEufVmqFrLTJhiDoWiFUATpump,200,4000
life,2026-08-03T05:54:49.042Z,BroixebY3yiiqK7ibEuEufVmqFrLTJhiDoWiFUATpump,200,4000
life,2026-08-03T05:54:53.046Z,32CdQdBUxbCsLy5AUHWmyidfwhgGUr9N573NBUrDpump,200,4000
life,2026-08-03T05:54:57.045Z,32CdQdBUxbCsLy5AUHWmyidfwhgGUr9N573NBUrDpump,200,4000
life,2026-08-03T05:55:01.061Z,32CdQdBUxbCsLy5AUHWmyidfwhgGUr9N573NBUrDpump,200,4000
life,2026-08-03T05:55:05.070Z,32CdQdBUxbCsLy5AUHWmyidfwhgGUr9N573NBUrDpump,200,4000
life,2026-08-03T05:55:09.064Z,32CdQdBUxbCsLy5AUHWmyidfwhgGUr9N573NBUrDpump,200,4000
life,2026-08-03T05:55:13.069Z,32CdQdBUxbCsLy5AUHWmyidfwhgGUr9N573NBUrDpump,200,4000
life,2026-08-03T05:55:17.060Z,32CdQdBUxbCsLy5AUHWmyidfwhgGUr9N573NBUrDpump,200,4000
life,2026-08-03T05:55:21.071Z,32CdQdBUxbCsLy5AUHWmyidfwhgGUr9N573NBUrDpump,200,4000
life,2026-08-03T05:55:25.071Z,32CdQdBUxbCsLy5AUHWmyidfwhgGUr9N573NBUrDpump,200,4000
life,2026-08-03T05:55:29.064Z,32CdQdBUxbCsLy5AUHWmyidfwhgGUr9N573NBUrDpump,200,4000
life,2026-08-03T05:55:33.068Z,32CdQdBUxbCsLy5AUHWmyidfwhgGUr9N573NBUrDpump,200,4000
life,2026-08-03T05:55:37.072Z,32CdQdBUxbCsLy5AUHWmyidfwhgGUr9N573NBUrDpump,200,4000
life,2026-08-03T05:55:41.068Z,32CdQdBUxbCsLy5AUHWmyidfwhgGUr9N573NBUrDpump,200,4000
life,2026-08-03T05:55:45.074Z,32CdQdBUxbCsLy5AUHWmyidfwhgGUr9N573NBUrDpump,200,4000
life,2026-08-03T05:55:49.077Z,32CdQdBUxbCsLy5AUHWmyidfwhgGUr9N573NBUrDpump,200,4000
life,2026-08-03T05:55:53.087Z,32CdQdBUxbCsLy5AUHWmyidfwhgGUr9N573NBUrDpump,200,4000
life,2026-08-03T05:55:57.127Z,32CdQdBUxbCsLy5AUHWmyidfwhgGUr9N573NBUrDpump,200,4000
life,2026-08-03T05:56:01.079Z,32CdQdBUxbCsLy5AUHWmyidfwhgGUr9N573NBUrDpump,200,4000
life,2026-08-03T05:56:05.095Z,32CdQdBUxbCsLy5AUHWmyidfwhgGUr9N573NBUrDpump,200,4000
life,2026-08-03T05:56:09.092Z,32CdQdBUxbCsLy5AUHWmyidfwhgGUr9N573NBUrDpump,200,4000
life,2026-08-03T05:56:13.080Z,32CdQdBUxbCsLy5AUHWmyidfwhgGUr9N573NBUrDpump,200,4000
life,2026-08-03T05:56:17.098Z,32CdQdBUxbCsLy5AUHWmyidfwhgGUr9N573NBUrDpump,200,4000
life,2026-08-03T05:56:21.095Z,32CdQdBUxbCsLy5AUHWmyidfwhgGUr9N573NBUrDpump,200,4000
life,2026-08-03T05:56:25.095Z,32CdQdBUxbCsLy5AUHWmyidfwhgGUr9N573NBUrDpump,200,4000
life,2026-08-03T05:56:29.102Z,32CdQdBUxbCsLy5AUHWmyidfwhgGUr9N573NBUrDpump,200,4000
life,2026-08-03T05:56:33.105Z,32CdQdBUxbCsLy5AUHWmyidfwhgGUr9N573NBUrDpump,200,4000
life,2026-08-03T05:56:37.099Z,32CdQdBUxbCsLy5AUHWmyidfwhgGUr9N573NBUrDpump,200,4000
life,2026-08-03T05:56:41.109Z,32CdQdBUxbCsLy5AUHWmyidfwhgGUr9N573NBUrDpump,200,4000
life,2026-08-03T05:56:45.100Z,32CdQdBUxbCsLy5AUHWmyidfwhgGUr9N573NBUrDpump,200,4000
life,2026-08-03T05:56:49.100Z,32CdQdBUxbCsLy5AUHWmyidfwhgGUr9N573NBUrDpump,200,4000
life,2026-08-03T05:56:53.106Z,32CdQdBUxbCsLy5AUHWmyidfwhgGUr9N573NBUrDpump,200,4000
life,2026-08-03T05:56:57.153Z,32CdQdBUxbCsLy5AUHWmyidfwhgGUr9N573NBUrDpump,200,4000
life,2026-08-03T05:57:01.126Z,32CdQdBUxbCsLy5AUHWmyidfwhgGUr9N573NBUrDpump,200,4000
life,2026-08-03T05:57:05.117Z,32CdQdBUxbCsLy5AUHWmyidfwhgGUr9N573NBUrDpump,200,4000
life,2026-08-03T05:57:09.112Z,32CdQdBUxbCsLy5AUHWmyidfwhgGUr9N573NBUrDpump,200,4000
life,2026-08-03T05:57:13.182Z,32CdQdBUxbCsLy5AUHWmyidfwhgGUr9N573NBUrDpump,200,4000
life,2026-08-03T05:57:17.130Z,32CdQdBUxbCsLy5AUHWmyidfwhgGUr9N573NBUrDpump,200,4000
life,2026-08-03T05:57:21.122Z,32CdQdBUxbCsLy5AUHWmyidfwhgGUr9N573NBUrDpump,200,4000
life,2026-08-03T05:57:25.125Z,32CdQdBUxbCsLy5AUHWmyidfwhgGUr9N573NBUrDpump,200,4000
life,2026-08-03T05:57:29.131Z,32CdQdBUxbCsLy5AUHWmyidfwhgGUr9N573NBUrDpump,200,4000
life,2026-08-03T05:57:33.133Z,32CdQdBUxbCsLy5AUHWmyidfwhgGUr9N573NBUrDpump,200,4000
life,2026-08-03T05:57:37.127Z,32CdQdBUxbCsLy5AUHWmyidfwhgGUr9N573NBUrDpump,200,4000
life,2026-08-03T05:57:41.132Z,32CdQdBUxbCsLy5AUHWmyidfwhgGUr9N573NBUrDpump,200,4000
life,2026-08-03T05:57:45.123Z,32CdQdBUxbCsLy5AUHWmyidfwhgGUr9N573NBUrDpump,200,4000
life,2026-08-03T05:57:49.131Z,32CdQdBUxbCsLy5AUHWmyidfwhgGUr9N573NBUrDpump,200,4000
life,2026-08-03T05:57:53.129Z,32CdQdBUxbCsLy5AUHWmyidfwhgGUr9N573NBUrDpump,200,4000
life,2026-08-03T05:59:08.687Z,BQDTXj9bvYRY9hksEmnXVMxsPu5VwFDW3bwiXpiDpump,200,4000
life,2026-08-03T05:59:12.415Z,BQDTXj9bvYRY9hksEmnXVMxsPu5VwFDW3bwiXpiDpump,200,4000
life,2026-08-03T05:59:16.412Z,BQDTXj9bvYRY9hksEmnXVMxsPu5VwFDW3bwiXpiDpump,200,4000
life,2026-08-03T05:59:20.433Z,BQDTXj9bvYRY9hksEmnXVMxsPu5VwFDW3bwiXpiDpump,200,4000
life,2026-08-03T05:59:24.423Z,BQDTXj9bvYRY9hksEmnXVMxsPu5VwFDW3bwiXpiDpump,200,4000
life,2026-08-03T05:59:28.424Z,BQDTXj9bvYRY9hksEmnXVMxsPu5VwFDW3bwiXpiDpump,200,4000
life,2026-08-03T05:59:32.425Z,BQDTXj9bvYRY9hksEmnXVMxsPu5VwFDW3bwiXpiDpump,200,4000
life,2026-08-03T05:59:36.424Z,BQDTXj9bvYRY9hksEmnXVMxsPu5VwFDW3bwiXpiDpump,200,4000
life,2026-08-03T05:59:40.436Z,BQDTXj9bvYRY9hksEmnXVMxsPu5VwFDW3bwiXpiDpump,200,4000
life,2026-08-03T05:59:44.441Z,BQDTXj9bvYRY9hksEmnXVMxsPu5VwFDW3bwiXpiDpump,200,4000
life,2026-08-03T05:59:48.439Z,BQDTXj9bvYRY9hksEmnXVMxsPu5VwFDW3bwiXpiDpump,200,4000
life,2026-08-03T05:59:52.438Z,BQDTXj9bvYRY9hksEmnXVMxsPu5VwFDW3bwiXpiDpump,200,4000
life,2026-08-03T05:59:56.445Z,BQDTXj9bvYRY9hksEmnXVMxsPu5VwFDW3bwiXpiDpump,200,4000
life,2026-08-03T06:00:00.457Z,BQDTXj9bvYRY9hksEmnXVMxsPu5VwFDW3bwiXpiDpump,200,4000
life,2026-08-03T06:00:04.447Z,BQDTXj9bvYRY9hksEmnXVMxsPu5VwFDW3bwiXpiDpump,200,4000
life,2026-08-03T06:00:08.462Z,BQDTXj9bvYRY9hksEmnXVMxsPu5VwFDW3bwiXpiDpump,200,4000
life,2026-08-03T06:00:12.451Z,BQDTXj9bvYRY9hksEmnXVMxsPu5VwFDW3bwiXpiDpump,200,4000
life,2026-08-03T06:00:16.448Z,BQDTXj9bvYRY9hksEmnXVMxsPu5VwFDW3bwiXpiDpump,200,4000
life,2026-08-03T06:00:20.446Z,BQDTXj9bvYRY9hksEmnXVMxsPu5VwFDW3bwiXpiDpump,200,4000
life,2026-08-03T06:00:24.457Z,BQDTXj9bvYRY9hksEmnXVMxsPu5VwFDW3bwiXpiDpump,200,4000
life,2026-08-03T06:00:28.463Z,BQDTXj9bvYRY9hksEmnXVMxsPu5VwFDW3bwiXpiDpump,200,4000
life,2026-08-03T06:00:32.457Z,BQDTXj9bvYRY9hksEmnXVMxsPu5VwFDW3bwiXpiDpump,200,4000
life,2026-08-03T06:00:36.456Z,BQDTXj9bvYRY9hksEmnXVMxsPu5VwFDW3bwiXpiDpump,200,4000
life,2026-08-03T06:00:40.465Z,BQDTXj9bvYRY9hksEmnXVMxsPu5VwFDW3bwiXpiDpump,200,4000
life,2026-08-03T06:00:44.467Z,BQDTXj9bvYRY9hksEmnXVMxsPu5VwFDW3bwiXpiDpump,200,4000
life,2026-08-03T06:00:48.472Z,BQDTXj9bvYRY9hksEmnXVMxsPu5VwFDW3bwiXpiDpump,200,4000
life,2026-08-03T06:00:52.473Z,BQDTXj9bvYRY9hksEmnXVMxsPu5VwFDW3bwiXpiDpump,200,4000
life,2026-08-03T06:00:56.463Z,BQDTXj9bvYRY9hksEmnXVMxsPu5VwFDW3bwiXpiDpump,200,4000
life,2026-08-03T06:01:00.464Z,BQDTXj9bvYRY9hksEmnXVMxsPu5VwFDW3bwiXpiDpump,200,4000
life,2026-08-03T06:01:04.490Z,BQDTXj9bvYRY9hksEmnXVMxsPu5VwFDW3bwiXpiDpump,200,4000
life,2026-08-03T06:01:08.472Z,BQDTXj9bvYRY9hksEmnXVMxsPu5VwFDW3bwiXpiDpump,200,4000
life,2026-08-03T06:01:12.486Z,BQDTXj9bvYRY9hksEmnXVMxsPu5VwFDW3bwiXpiDpump,200,4000
life,2026-08-03T06:01:16.497Z,BQDTXj9bvYRY9hksEmnXVMxsPu5VwFDW3bwiXpiDpump,200,4000
life,2026-08-03T06:01:20.482Z,BQDTXj9bvYRY9hksEmnXVMxsPu5VwFDW3bwiXpiDpump,200,4000
life,2026-08-03T06:01:24.477Z,BQDTXj9bvYRY9hksEmnXVMxsPu5VwFDW3bwiXpiDpump,200,4000
life,2026-08-03T06:01:28.493Z,BQDTXj9bvYRY9hksEmnXVMxsPu5VwFDW3bwiXpiDpump,200,4000
life,2026-08-03T06:01:32.489Z,BQDTXj9bvYRY9hksEmnXVMxsPu5VwFDW3bwiXpiDpump,200,4000
life,2026-08-03T06:01:36.485Z,BQDTXj9bvYRY9hksEmnXVMxsPu5VwFDW3bwiXpiDpump,200,4000
life,2026-08-03T06:01:40.486Z,BQDTXj9bvYRY9hksEmnXVMxsPu5VwFDW3bwiXpiDpump,200,4000
life,2026-08-03T06:01:44.492Z,BQDTXj9bvYRY9hksEmnXVMxsPu5VwFDW3bwiXpiDpump,200,4000
life,2026-08-03T06:01:48.495Z,BQDTXj9bvYRY9hksEmnXVMxsPu5VwFDW3bwiXpiDpump,200,4000
life,2026-08-03T06:01:52.497Z,BQDTXj9bvYRY9hksEmnXVMxsPu5VwFDW3bwiXpiDpump,200,4000
life,2026-08-03T06:01:56.495Z,BQDTXj9bvYRY9hksEmnXVMxsPu5VwFDW3bwiXpiDpump,200,4000
life,2026-08-03T06:02:00.512Z,BQDTXj9bvYRY9hksEmnXVMxsPu5VwFDW3bwiXpiDpump,200,4000
life,2026-08-03T06:02:04.514Z,BQDTXj9bvYRY9hksEmnXVMxsPu5VwFDW3bwiXpiDpump,200,4000
life,2026-08-03T06:02:08.516Z,BQDTXj9bvYRY9hksEmnXVMxsPu5VwFDW3bwiXpiDpump,200,4000
life,2026-08-03T06:02:12.522Z,BQDTXj9bvYRY9hksEmnXVMxsPu5VwFDW3bwiXpiDpump,200,4000
life,2026-08-03T06:02:16.510Z,BQDTXj9bvYRY9hksEmnXVMxsPu5VwFDW3bwiXpiDpump,200,4000
life,2026-08-03T06:02:20.532Z,BQDTXj9bvYRY9hksEmnXVMxsPu5VwFDW3bwiXpiDpump,200,4000
life,2026-08-03T06:02:24.514Z,BQDTXj9bvYRY9hksEmnXVMxsPu5VwFDW3bwiXpiDpump,200,4000
life,2026-08-03T06:02:28.516Z,BQDTXj9bvYRY9hksEmnXVMxsPu5VwFDW3bwiXpiDpump,200,4000
life,2026-08-03T06:02:32.521Z,BQDTXj9bvYRY9hksEmnXVMxsPu5VwFDW3bwiXpiDpump,200,4000
life,2026-08-03T06:02:36.518Z,BQDTXj9bvYRY9hksEmnXVMxsPu5VwFDW3bwiXpiDpump,200,4000
life,2026-08-03T06:02:40.519Z,BQDTXj9bvYRY9hksEmnXVMxsPu5VwFDW3bwiXpiDpump,200,4000
life,2026-08-03T06:02:44.533Z,BQDTXj9bvYRY9hksEmnXVMxsPu5VwFDW3bwiXpiDpump,200,4000
life,2026-08-03T06:02:48.523Z,BQDTXj9bvYRY9hksEmnXVMxsPu5VwFDW3bwiXpiDpump,200,4000
life,2026-08-03T06:02:52.525Z,BQDTXj9bvYRY9hksEmnXVMxsPu5VwFDW3bwiXpiDpump,200,4000
life,2026-08-03T06:02:56.529Z,BQDTXj9bvYRY9hksEmnXVMxsPu5VwFDW3bwiXpiDpump,200,4000
life,2026-08-03T06:03:00.526Z,BQDTXj9bvYRY9hksEmnXVMxsPu5VwFDW3bwiXpiDpump,200,4000
life,2026-08-03T06:03:04.539Z,BQDTXj9bvYRY9hksEmnXVMxsPu5VwFDW3bwiXpiDpump,200,4000
life,2026-08-03T06:03:08.533Z,BQDTXj9bvYRY9hksEmnXVMxsPu5VwFDW3bwiXpiDpump,200,4000
life,2026-08-03T06:03:12.533Z,BQDTXj9bvYRY9hksEmnXVMxsPu5VwFDW3bwiXpiDpump,200,4000
life,2026-08-03T06:03:16.529Z,BQDTXj9bvYRY9hksEmnXVMxsPu5VwFDW3bwiXpiDpump,200,4000
life,2026-08-03T06:03:20.544Z,BQDTXj9bvYRY9hksEmnXVMxsPu5VwFDW3bwiXpiDpump,200,4000
life,2026-08-03T06:03:24.541Z,BQDTXj9bvYRY9hksEmnXVMxsPu5VwFDW3bwiXpiDpump,200,4000
life,2026-08-03T06:03:28.546Z,BQDTXj9bvYRY9hksEmnXVMxsPu5VwFDW3bwiXpiDpump,200,4000
life,2026-08-03T06:03:32.541Z,BQDTXj9bvYRY9hksEmnXVMxsPu5VwFDW3bwiXpiDpump,200,4000
life,2026-08-03T06:03:36.544Z,BQDTXj9bvYRY9hksEmnXVMxsPu5VwFDW3bwiXpiDpump,200,4000
life,2026-08-03T06:03:40.550Z,BQDTXj9bvYRY9hksEmnXVMxsPu5VwFDW3bwiXpiDpump,200,4000
life,2026-08-03T06:03:44.541Z,BQDTXj9bvYRY9hksEmnXVMxsPu5VwFDW3bwiXpiDpump,200,4000
life,2026-08-03T06:03:48.539Z,BQDTXj9bvYRY9hksEmnXVMxsPu5VwFDW3bwiXpiDpump,200,4000
life,2026-08-03T06:03:52.538Z,BQDTXj9bvYRY9hksEmnXVMxsPu5VwFDW3bwiXpiDpump,200,4000
life,2026-08-03T06:03:56.548Z,BQDTXj9bvYRY9hksEmnXVMxsPu5VwFDW3bwiXpiDpump,200,4000
life,2026-08-03T06:04:00.574Z,BQDTXj9bvYRY9hksEmnXVMxsPu5VwFDW3bwiXpiDpump,200,4000
life,2026-08-03T06:04:04.555Z,BQDTXj9bvYRY9hksEmnXVMxsPu5VwFDW3bwiXpiDpump,200,4000
life,2026-08-03T06:04:08.560Z,BQDTXj9bvYRY9hksEmnXVMxsPu5VwFDW3bwiXpiDpump,200,4000
life,2026-08-03T06:04:12.560Z,BQDTXj9bvYRY9hksEmnXVMxsPu5VwFDW3bwiXpiDpump,200,4000
life,2026-08-03T06:04:16.563Z,BQDTXj9bvYRY9hksEmnXVMxsPu5VwFDW3bwiXpiDpump,200,4000
life,2026-08-03T06:04:20.573Z,BQDTXj9bvYRY9hksEmnXVMxsPu5VwFDW3bwiXpiDpump,200,4000
life,2026-08-03T06:04:24.566Z,BQDTXj9bvYRY9hksEmnXVMxsPu5VwFDW3bwiXpiDpump,200,4000
life,2026-08-03T06:04:28.640Z,BQDTXj9bvYRY9hksEmnXVMxsPu5VwFDW3bwiXpiDpump,200,4000
life,2026-08-03T06:04:32.573Z,BQDTXj9bvYRY9hksEmnXVMxsPu5VwFDW3bwiXpiDpump,200,4000
life,2026-08-03T06:04:36.568Z,BQDTXj9bvYRY9hksEmnXVMxsPu5VwFDW3bwiXpiDpump,200,4000
life,2026-08-03T06:04:40.792Z,BQDTXj9bvYRY9hksEmnXVMxsPu5VwFDW3bwiXpiDpump,200,4000
life,2026-08-03T06:04:44.578Z,BQDTXj9bvYRY9hksEmnXVMxsPu5VwFDW3bwiXpiDpump,200,4000
life,2026-08-03T06:04:48.575Z,BQDTXj9bvYRY9hksEmnXVMxsPu5VwFDW3bwiXpiDpump,200,4000
life,2026-08-03T06:04:52.577Z,BQDTXj9bvYRY9hksEmnXVMxsPu5VwFDW3bwiXpiDpump,200,4000
life,2026-08-03T06:04:56.576Z,BQDTXj9bvYRY9hksEmnXVMxsPu5VwFDW3bwiXpiDpump,200,4000
life,2026-08-03T06:05:00.583Z,BQDTXj9bvYRY9hksEmnXVMxsPu5VwFDW3bwiXpiDpump,200,4000
life,2026-08-03T06:05:04.578Z,BQDTXj9bvYRY9hksEmnXVMxsPu5VwFDW3bwiXpiDpump,200,4000
life,2026-08-03T06:05:08.590Z,BQDTXj9bvYRY9hksEmnXVMxsPu5VwFDW3bwiXpiDpump,200,4000
life,2026-08-03T06:05:12.583Z,BQDTXj9bvYRY9hksEmnXVMxsPu5VwFDW3bwiXpiDpump,200,4000
life,2026-08-03T06:05:16.586Z,BQDTXj9bvYRY9hksEmnXVMxsPu5VwFDW3bwiXpiDpump,200,4000
life,2026-08-03T06:05:20.602Z,BQDTXj9bvYRY9hksEmnXVMxsPu5VwFDW3bwiXpiDpump,200,4000
life,2026-08-03T06:05:24.591Z,BQDTXj9bvYRY9hksEmnXVMxsPu5VwFDW3bwiXpiDpump,200,4000
life,2026-08-03T06:05:28.600Z,BQDTXj9bvYRY9hksEmnXVMxsPu5VwFDW3bwiXpiDpump,200,4000
life,2026-08-03T06:05:32.601Z,BQDTXj9bvYRY9hksEmnXVMxsPu5VwFDW3bwiXpiDpump,200,4000
life,2026-08-03T06:05:36.598Z,BQDTXj9bvYRY9hksEmnXVMxsPu5VwFDW3bwiXpiDpump,200,4000
life,2026-08-03T06:05:40.597Z,BQDTXj9bvYRY9hksEmnXVMxsPu5VwFDW3bwiXpiDpump,200,4000
life,2026-08-03T06:05:44.616Z,BQDTXj9bvYRY9hksEmnXVMxsPu5VwFDW3bwiXpiDpump,200,4000
life,2026-08-03T06:05:48.600Z,BQDTXj9bvYRY9hksEmnXVMxsPu5VwFDW3bwiXpiDpump,200,4000
life,2026-08-03T06:05:52.612Z,BQDTXj9bvYRY9hksEmnXVMxsPu5VwFDW3bwiXpiDpump,200,4000
life,2026-08-03T06:05:56.611Z,BQDTXj9bvYRY9hksEmnXVMxsPu5VwFDW3bwiXpiDpump,200,4000
life,2026-08-03T06:06:00.610Z,BQDTXj9bvYRY9hksEmnXVMxsPu5VwFDW3bwiXpiDpump,200,4000
life,2026-08-03T06:06:04.638Z,BQDTXj9bvYRY9hksEmnXVMxsPu5VwFDW3bwiXpiDpump,200,4000
life,2026-08-03T06:06:08.624Z,BQDTXj9bvYRY9hksEmnXVMxsPu5VwFDW3bwiXpiDpump,200,4000
life,2026-08-03T06:06:12.623Z,BQDTXj9bvYRY9hksEmnXVMxsPu5VwFDW3bwiXpiDpump,200,4000
life,2026-08-03T06:06:16.624Z,BQDTXj9bvYRY9hksEmnXVMxsPu5VwFDW3bwiXpiDpump,200,4000
life,2026-08-03T06:06:20.625Z,BQDTXj9bvYRY9hksEmnXVMxsPu5VwFDW3bwiXpiDpump,200,4000
life,2026-08-03T06:06:24.656Z,BQDTXj9bvYRY9hksEmnXVMxsPu5VwFDW3bwiXpiDpump,200,4000
life,2026-08-03T06:06:28.682Z,BQDTXj9bvYRY9hksEmnXVMxsPu5VwFDW3bwiXpiDpump,200,4000
life,2026-08-03T06:06:32.638Z,BQDTXj9bvYRY9hksEmnXVMxsPu5VwFDW3bwiXpiDpump,200,4000
life,2026-08-03T06:06:36.632Z,BQDTXj9bvYRY9hksEmnXVMxsPu5VwFDW3bwiXpiDpump,200,4000
life,2026-08-03T06:06:40.636Z,BQDTXj9bvYRY9hksEmnXVMxsPu5VwFDW3bwiXpiDpump,200,4000
life,2026-08-03T06:06:44.642Z,BQDTXj9bvYRY9hksEmnXVMxsPu5VwFDW3bwiXpiDpump,200,4000
life,2026-08-03T06:06:48.744Z,BQDTXj9bvYRY9hksEmnXVMxsPu5VwFDW3bwiXpiDpump,200,4000
life,2026-08-03T06:06:52.651Z,BQDTXj9bvYRY9hksEmnXVMxsPu5VwFDW3bwiXpiDpump,200,4000
life,2026-08-03T06:06:56.646Z,BQDTXj9bvYRY9hksEmnXVMxsPu5VwFDW3bwiXpiDpump,200,4000
life,2026-08-03T06:07:00.658Z,BQDTXj9bvYRY9hksEmnXVMxsPu5VwFDW3bwiXpiDpump,200,4000
life,2026-08-03T06:07:04.653Z,BQDTXj9bvYRY9hksEmnXVMxsPu5VwFDW3bwiXpiDpump,200,4000
life,2026-08-03T06:07:08.649Z,BQDTXj9bvYRY9hksEmnXVMxsPu5VwFDW3bwiXpiDpump,200,4000
life,2026-08-03T06:07:12.677Z,BQDTXj9bvYRY9hksEmnXVMxsPu5VwFDW3bwiXpiDpump,200,4000
life,2026-08-03T06:07:16.655Z,BQDTXj9bvYRY9hksEmnXVMxsPu5VwFDW3bwiXpiDpump,200,4000
life,2026-08-03T06:07:20.650Z,BQDTXj9bvYRY9hksEmnXVMxsPu5VwFDW3bwiXpiDpump,200,4000
life,2026-08-03T06:07:24.660Z,BQDTXj9bvYRY9hksEmnXVMxsPu5VwFDW3bwiXpiDpump,200,4000
life,2026-08-03T06:07:28.655Z,BQDTXj9bvYRY9hksEmnXVMxsPu5VwFDW3bwiXpiDpump,200,4000
life,2026-08-03T06:07:32.720Z,BQDTXj9bvYRY9hksEmnXVMxsPu5VwFDW3bwiXpiDpump,200,4000
life,2026-08-03T06:07:36.667Z,BQDTXj9bvYRY9hksEmnXVMxsPu5VwFDW3bwiXpiDpump,200,4000
life,2026-08-03T06:07:40.664Z,BQDTXj9bvYRY9hksEmnXVMxsPu5VwFDW3bwiXpiDpump,200,4000
life,2026-08-03T06:07:44.661Z,BQDTXj9bvYRY9hksEmnXVMxsPu5VwFDW3bwiXpiDpump,200,4000
life,2026-08-03T06:07:48.656Z,BQDTXj9bvYRY9hksEmnXVMxsPu5VwFDW3bwiXpiDpump,200,4000
life,2026-08-03T06:07:52.654Z,BQDTXj9bvYRY9hksEmnXVMxsPu5VwFDW3bwiXpiDpump,200,4000
life,2026-08-03T06:07:56.648Z,BQDTXj9bvYRY9hksEmnXVMxsPu5VwFDW3bwiXpiDpump,200,4000
life,2026-08-03T06:08:00.650Z,BQDTXj9bvYRY9hksEmnXVMxsPu5VwFDW3bwiXpiDpump,200,4000
life,2026-08-03T06:08:04.649Z,BQDTXj9bvYRY9hksEmnXVMxsPu5VwFDW3bwiXpiDpump,200,4000
life,2026-08-03T06:08:08.652Z,BQDTXj9bvYRY9hksEmnXVMxsPu5VwFDW3bwiXpiDpump,200,4000
life,2026-08-03T06:08:12.657Z,BQDTXj9bvYRY9hksEmnXVMxsPu5VwFDW3bwiXpiDpump,200,4000
life,2026-08-03T06:08:16.660Z,BQDTXj9bvYRY9hksEmnXVMxsPu5VwFDW3bwiXpiDpump,200,4000
life,2026-08-03T06:08:20.660Z,BQDTXj9bvYRY9hksEmnXVMxsPu5VwFDW3bwiXpiDpump,200,4000
life,2026-08-03T06:08:24.660Z,BQDTXj9bvYRY9hksEmnXVMxsPu5VwFDW3bwiXpiDpump,200,4000
life,2026-08-03T06:08:28.659Z,BQDTXj9bvYRY9hksEmnXVMxsPu5VwFDW3bwiXpiDpump,200,4000
life,2026-08-03T06:08:32.666Z,BQDTXj9bvYRY9hksEmnXVMxsPu5VwFDW3bwiXpiDpump,200,4000
life,2026-08-03T06:08:36.676Z,BQDTXj9bvYRY9hksEmnXVMxsPu5VwFDW3bwiXpiDpump,200,4000
life,2026-08-03T06:08:40.694Z,F9kE4sAvv2dx6faqb6qHoMYocPzWv9QRmuEASeHSpump,200,4000
life,2026-08-03T06:08:44.690Z,F9kE4sAvv2dx6faqb6qHoMYocPzWv9QRmuEASeHSpump,200,4000
life,2026-08-03T06:08:48.696Z,F9kE4sAvv2dx6faqb6qHoMYocPzWv9QRmuEASeHSpump,200,4000
life,2026-08-03T06:08:52.695Z,F9kE4sAvv2dx6faqb6qHoMYocPzWv9QRmuEASeHSpump,200,4000
life,2026-08-03T06:08:56.733Z,F9kE4sAvv2dx6faqb6qHoMYocPzWv9QRmuEASeHSpump,200,4000
life,2026-08-03T06:09:00.702Z,F9kE4sAvv2dx6faqb6qHoMYocPzWv9QRmuEASeHSpump,200,4000
life,2026-08-03T06:09:04.704Z,F9kE4sAvv2dx6faqb6qHoMYocPzWv9QRmuEASeHSpump,200,4000
life,2026-08-03T06:09:08.709Z,F9kE4sAvv2dx6faqb6qHoMYocPzWv9QRmuEASeHSpump,200,4000
life,2026-08-03T06:09:12.732Z,F9kE4sAvv2dx6faqb6qHoMYocPzWv9QRmuEASeHSpump,200,4000
life,2026-08-03T06:09:16.712Z,F9kE4sAvv2dx6faqb6qHoMYocPzWv9QRmuEASeHSpump,200,4000
life,2026-08-03T06:09:20.715Z,F9kE4sAvv2dx6faqb6qHoMYocPzWv9QRmuEASeHSpump,200,4000
life,2026-08-03T06:09:24.715Z,F9kE4sAvv2dx6faqb6qHoMYocPzWv9QRmuEASeHSpump,200,4000
life,2026-08-03T06:09:28.716Z,F9kE4sAvv2dx6faqb6qHoMYocPzWv9QRmuEASeHSpump,200,4000
life,2026-08-03T06:09:32.718Z,F9kE4sAvv2dx6faqb6qHoMYocPzWv9QRmuEASeHSpump,200,4000
life,2026-08-03T06:09:36.718Z,F9kE4sAvv2dx6faqb6qHoMYocPzWv9QRmuEASeHSpump,200,4000
life,2026-08-03T06:09:40.726Z,F9kE4sAvv2dx6faqb6qHoMYocPzWv9QRmuEASeHSpump,200,4000
life,2026-08-03T06:09:44.800Z,F9kE4sAvv2dx6faqb6qHoMYocPzWv9QRmuEASeHSpump,200,4000
life,2026-08-03T06:09:48.724Z,F9kE4sAvv2dx6faqb6qHoMYocPzWv9QRmuEASeHSpump,200,4000
life,2026-08-03T06:09:52.735Z,F9kE4sAvv2dx6faqb6qHoMYocPzWv9QRmuEASeHSpump,200,4000
life,2026-08-03T06:09:56.733Z,F9kE4sAvv2dx6faqb6qHoMYocPzWv9QRmuEASeHSpump,200,4000
life,2026-08-03T06:10:00.762Z,F9kE4sAvv2dx6faqb6qHoMYocPzWv9QRmuEASeHSpump,200,4000
life,2026-08-03T06:10:04.766Z,F9kE4sAvv2dx6faqb6qHoMYocPzWv9QRmuEASeHSpump,200,4000
life,2026-08-03T06:10:08.741Z,F9kE4sAvv2dx6faqb6qHoMYocPzWv9QRmuEASeHSpump,200,4000
life,2026-08-03T06:10:12.738Z,F9kE4sAvv2dx6faqb6qHoMYocPzWv9QRmuEASeHSpump,200,4000
life,2026-08-03T06:10:16.745Z,F9kE4sAvv2dx6faqb6qHoMYocPzWv9QRmuEASeHSpump,200,4000
life,2026-08-03T06:10:20.740Z,F9kE4sAvv2dx6faqb6qHoMYocPzWv9QRmuEASeHSpump,200,4000
life,2026-08-03T06:10:24.741Z,F9kE4sAvv2dx6faqb6qHoMYocPzWv9QRmuEASeHSpump,200,4000
life,2026-08-03T06:10:28.745Z,F9kE4sAvv2dx6faqb6qHoMYocPzWv9QRmuEASeHSpump,200,4000
life,2026-08-03T06:10:32.743Z,F9kE4sAvv2dx6faqb6qHoMYocPzWv9QRmuEASeHSpump,200,4000
life,2026-08-03T06:10:36.748Z,F9kE4sAvv2dx6faqb6qHoMYocPzWv9QRmuEASeHSpump,200,4000
life,2026-08-03T06:10:40.751Z,F9kE4sAvv2dx6faqb6qHoMYocPzWv9QRmuEASeHSpump,200,4000
life,2026-08-03T06:10:44.829Z,F9kE4sAvv2dx6faqb6qHoMYocPzWv9QRmuEASeHSpump,200,4000
life,2026-08-03T06:10:48.767Z,F9kE4sAvv2dx6faqb6qHoMYocPzWv9QRmuEASeHSpump,200,4000
life,2026-08-03T06:10:52.751Z,F9kE4sAvv2dx6faqb6qHoMYocPzWv9QRmuEASeHSpump,200,4000
life,2026-08-03T06:10:56.790Z,F9kE4sAvv2dx6faqb6qHoMYocPzWv9QRmuEASeHSpump,200,4000
life,2026-08-03T06:11:00.792Z,F9kE4sAvv2dx6faqb6qHoMYocPzWv9QRmuEASeHSpump,200,4000
life,2026-08-03T06:11:04.756Z,F9kE4sAvv2dx6faqb6qHoMYocPzWv9QRmuEASeHSpump,200,4000
life,2026-08-03T06:11:08.761Z,F9kE4sAvv2dx6faqb6qHoMYocPzWv9QRmuEASeHSpump,200,4000
life,2026-08-03T06:11:12.766Z,F9kE4sAvv2dx6faqb6qHoMYocPzWv9QRmuEASeHSpump,200,4000
life,2026-08-03T06:11:16.768Z,F9kE4sAvv2dx6faqb6qHoMYocPzWv9QRmuEASeHSpump,200,4000
life,2026-08-03T06:11:20.777Z,F9kE4sAvv2dx6faqb6qHoMYocPzWv9QRmuEASeHSpump,200,4000
life,2026-08-03T06:11:24.771Z,F9kE4sAvv2dx6faqb6qHoMYocPzWv9QRmuEASeHSpump,200,4000
life,2026-08-03T06:11:28.766Z,F9kE4sAvv2dx6faqb6qHoMYocPzWv9QRmuEASeHSpump,200,4000
life,2026-08-03T06:11:32.768Z,F9kE4sAvv2dx6faqb6qHoMYocPzWv9QRmuEASeHSpump,200,4000
life,2026-08-03T06:11:36.801Z,F9kE4sAvv2dx6faqb6qHoMYocPzWv9QRmuEASeHSpump,200,4000
life,2026-08-03T06:11:40.774Z,F9kE4sAvv2dx6faqb6qHoMYocPzWv9QRmuEASeHSpump,200,4000
life,2026-08-03T06:11:44.774Z,F9kE4sAvv2dx6faqb6qHoMYocPzWv9QRmuEASeHSpump,200,4000
life,2026-08-03T06:11:48.806Z,F9kE4sAvv2dx6faqb6qHoMYocPzWv9QRmuEASeHSpump,200,4000
life,2026-08-03T06:11:52.777Z,F9kE4sAvv2dx6faqb6qHoMYocPzWv9QRmuEASeHSpump,200,4000
life,2026-08-03T06:11:56.775Z,F9kE4sAvv2dx6faqb6qHoMYocPzWv9QRmuEASeHSpump,200,4000
life,2026-08-03T06:12:00.806Z,F9kE4sAvv2dx6faqb6qHoMYocPzWv9QRmuEASeHSpump,200,4000
life,2026-08-03T06:12:04.776Z,F9kE4sAvv2dx6faqb6qHoMYocPzWv9QRmuEASeHSpump,200,4000
life,2026-08-03T06:12:08.779Z,F9kE4sAvv2dx6faqb6qHoMYocPzWv9QRmuEASeHSpump,200,4000
life,2026-08-03T06:12:12.797Z,F9kE4sAvv2dx6faqb6qHoMYocPzWv9QRmuEASeHSpump,200,4000
life,2026-08-03T06:12:16.790Z,F9kE4sAvv2dx6faqb6qHoMYocPzWv9QRmuEASeHSpump,200,4000
life,2026-08-03T06:12:20.787Z,F9kE4sAvv2dx6faqb6qHoMYocPzWv9QRmuEASeHSpump,200,4000
life,2026-08-03T06:12:24.789Z,F9kE4sAvv2dx6faqb6qHoMYocPzWv9QRmuEASeHSpump,200,4000
life,2026-08-03T06:12:28.788Z,F9kE4sAvv2dx6faqb6qHoMYocPzWv9QRmuEASeHSpump,200,4000
life,2026-08-03T06:12:32.791Z,F9kE4sAvv2dx6faqb6qHoMYocPzWv9QRmuEASeHSpump,200,4000
life,2026-08-03T06:12:36.792Z,F9kE4sAvv2dx6faqb6qHoMYocPzWv9QRmuEASeHSpump,200,4000
life,2026-08-03T06:12:40.794Z,F9kE4sAvv2dx6faqb6qHoMYocPzWv9QRmuEASeHSpump,200,4000
life,2026-08-03T06:12:44.795Z,F9kE4sAvv2dx6faqb6qHoMYocPzWv9QRmuEASeHSpump,200,4000
life,2026-08-03T06:12:48.799Z,F9kE4sAvv2dx6faqb6qHoMYocPzWv9QRmuEASeHSpump,200,4000
life,2026-08-03T06:12:52.802Z,F9kE4sAvv2dx6faqb6qHoMYocPzWv9QRmuEASeHSpump,200,4000
life,2026-08-03T06:12:56.803Z,F9kE4sAvv2dx6faqb6qHoMYocPzWv9QRmuEASeHSpump,200,4000
life,2026-08-03T06:13:00.805Z,F9kE4sAvv2dx6faqb6qHoMYocPzWv9QRmuEASeHSpump,200,4000
life,2026-08-03T06:13:04.806Z,F9kE4sAvv2dx6faqb6qHoMYocPzWv9QRmuEASeHSpump,200,4000
life,2026-08-03T06:13:08.810Z,F9kE4sAvv2dx6faqb6qHoMYocPzWv9QRmuEASeHSpump,200,4000
life,2026-08-03T06:13:12.815Z,F9kE4sAvv2dx6faqb6qHoMYocPzWv9QRmuEASeHSpump,200,4000
life,2026-08-03T06:13:16.815Z,F9kE4sAvv2dx6faqb6qHoMYocPzWv9QRmuEASeHSpump,200,4000
life,2026-08-03T06:13:20.813Z,F9kE4sAvv2dx6faqb6qHoMYocPzWv9QRmuEASeHSpump,200,4000
life,2026-08-03T06:13:24.815Z,F9kE4sAvv2dx6faqb6qHoMYocPzWv9QRmuEASeHSpump,200,4000
life,2026-08-03T06:13:28.823Z,F9kE4sAvv2dx6faqb6qHoMYocPzWv9QRmuEASeHSpump,200,4000
life,2026-08-03T06:13:32.825Z,F9kE4sAvv2dx6faqb6qHoMYocPzWv9QRmuEASeHSpump,200,4000
life,2026-08-03T06:13:36.825Z,F9kE4sAvv2dx6faqb6qHoMYocPzWv9QRmuEASeHSpump,200,4000
life,2026-08-03T06:13:40.827Z,F9kE4sAvv2dx6faqb6qHoMYocPzWv9QRmuEASeHSpump,200,4000
life,2026-08-03T06:13:44.822Z,F9kE4sAvv2dx6faqb6qHoMYocPzWv9QRmuEASeHSpump,200,4000
life,2026-08-03T06:13:48.821Z,F9kE4sAvv2dx6faqb6qHoMYocPzWv9QRmuEASeHSpump,200,4000
life,2026-08-03T06:13:52.828Z,F9kE4sAvv2dx6faqb6qHoMYocPzWv9QRmuEASeHSpump,200,4000
life,2026-08-03T06:13:56.826Z,F9kE4sAvv2dx6faqb6qHoMYocPzWv9QRmuEASeHSpump,200,4000
life,2026-08-03T06:14:00.832Z,F9kE4sAvv2dx6faqb6qHoMYocPzWv9QRmuEASeHSpump,200,4000
life,2026-08-03T06:14:04.833Z,F9kE4sAvv2dx6faqb6qHoMYocPzWv9QRmuEASeHSpump,200,4000
life,2026-08-03T06:14:08.832Z,F9kE4sAvv2dx6faqb6qHoMYocPzWv9QRmuEASeHSpump,200,4000
life,2026-08-03T06:14:12.890Z,F9kE4sAvv2dx6faqb6qHoMYocPzWv9QRmuEASeHSpump,200,4000
life,2026-08-03T06:14:16.840Z,F9kE4sAvv2dx6faqb6qHoMYocPzWv9QRmuEASeHSpump,200,4000
life,2026-08-03T06:14:20.836Z,F9kE4sAvv2dx6faqb6qHoMYocPzWv9QRmuEASeHSpump,200,4000
life,2026-08-03T06:14:24.837Z,F9kE4sAvv2dx6faqb6qHoMYocPzWv9QRmuEASeHSpump,200,4000
life,2026-08-03T06:14:28.850Z,F9kE4sAvv2dx6faqb6qHoMYocPzWv9QRmuEASeHSpump,200,4000
life,2026-08-03T06:14:32.845Z,F9kE4sAvv2dx6faqb6qHoMYocPzWv9QRmuEASeHSpump,200,4000
life,2026-08-03T06:14:36.862Z,F9kE4sAvv2dx6faqb6qHoMYocPzWv9QRmuEASeHSpump,200,4000
life,2026-08-03T06:14:40.907Z,F9kE4sAvv2dx6faqb6qHoMYocPzWv9QRmuEASeHSpump,200,4000
life,2026-08-03T06:14:44.853Z,F9kE4sAvv2dx6faqb6qHoMYocPzWv9QRmuEASeHSpump,200,4000
life,2026-08-03T06:14:48.891Z,F9kE4sAvv2dx6faqb6qHoMYocPzWv9QRmuEASeHSpump,200,4000
life,2026-08-03T06:14:52.857Z,F9kE4sAvv2dx6faqb6qHoMYocPzWv9QRmuEASeHSpump,200,4000
life,2026-08-03T06:14:56.855Z,F9kE4sAvv2dx6faqb6qHoMYocPzWv9QRmuEASeHSpump,200,4000
life,2026-08-03T06:15:00.859Z,F9kE4sAvv2dx6faqb6qHoMYocPzWv9QRmuEASeHSpump,200,4000
life,2026-08-03T06:15:04.863Z,F9kE4sAvv2dx6faqb6qHoMYocPzWv9QRmuEASeHSpump,200,4000
life,2026-08-03T06:15:08.864Z,F9kE4sAvv2dx6faqb6qHoMYocPzWv9QRmuEASeHSpump,200,4000
life,2026-08-03T06:15:12.866Z,F9kE4sAvv2dx6faqb6qHoMYocPzWv9QRmuEASeHSpump,200,4000
life,2026-08-03T06:15:16.867Z,F9kE4sAvv2dx6faqb6qHoMYocPzWv9QRmuEASeHSpump,200,4000
life,2026-08-03T06:15:20.883Z,F9kE4sAvv2dx6faqb6qHoMYocPzWv9QRmuEASeHSpump,200,4000
life,2026-08-03T06:15:24.875Z,F9kE4sAvv2dx6faqb6qHoMYocPzWv9QRmuEASeHSpump,200,4000
life,2026-08-03T06:15:28.872Z,F9kE4sAvv2dx6faqb6qHoMYocPzWv9QRmuEASeHSpump,200,4000
life,2026-08-03T06:15:32.872Z,F9kE4sAvv2dx6faqb6qHoMYocPzWv9QRmuEASeHSpump,200,4000
life,2026-08-03T06:15:36.886Z,F9kE4sAvv2dx6faqb6qHoMYocPzWv9QRmuEASeHSpump,200,4000
life,2026-08-03T06:15:40.878Z,F9kE4sAvv2dx6faqb6qHoMYocPzWv9QRmuEASeHSpump,200,4000
life,2026-08-03T06:15:44.882Z,F9kE4sAvv2dx6faqb6qHoMYocPzWv9QRmuEASeHSpump,200,4000
life,2026-08-03T06:15:48.885Z,F9kE4sAvv2dx6faqb6qHoMYocPzWv9QRmuEASeHSpump,200,4000
life,2026-08-03T06:15:52.893Z,F9kE4sAvv2dx6faqb6qHoMYocPzWv9QRmuEASeHSpump,200,4000
life,2026-08-03T06:15:57.050Z,F9kE4sAvv2dx6faqb6qHoMYocPzWv9QRmuEASeHSpump,200,4000
life,2026-08-03T06:16:00.886Z,F9kE4sAvv2dx6faqb6qHoMYocPzWv9QRmuEASeHSpump,200,4000
life,2026-08-03T06:16:04.886Z,F9kE4sAvv2dx6faqb6qHoMYocPzWv9QRmuEASeHSpump,200,4000
life,2026-08-03T06:16:08.888Z,F9kE4sAvv2dx6faqb6qHoMYocPzWv9QRmuEASeHSpump,200,4000
life,2026-08-03T06:16:12.896Z,F9kE4sAvv2dx6faqb6qHoMYocPzWv9QRmuEASeHSpump,200,4000
life,2026-08-03T06:16:16.897Z,F9kE4sAvv2dx6faqb6qHoMYocPzWv9QRmuEASeHSpump,200,4000
life,2026-08-03T06:16:20.895Z,F9kE4sAvv2dx6faqb6qHoMYocPzWv9QRmuEASeHSpump,200,4000
life,2026-08-03T06:16:24.958Z,F9kE4sAvv2dx6faqb6qHoMYocPzWv9QRmuEASeHSpump,200,4000
life,2026-08-03T06:16:28.929Z,F9kE4sAvv2dx6faqb6qHoMYocPzWv9QRmuEASeHSpump,200,4000
life,2026-08-03T06:16:32.906Z,F9kE4sAvv2dx6faqb6qHoMYocPzWv9QRmuEASeHSpump,200,4000
life,2026-08-03T06:16:36.901Z,F9kE4sAvv2dx6faqb6qHoMYocPzWv9QRmuEASeHSpump,200,4000
life,2026-08-03T06:16:40.922Z,F9kE4sAvv2dx6faqb6qHoMYocPzWv9QRmuEASeHSpump,200,4000
life,2026-08-03T06:16:44.910Z,F9kE4sAvv2dx6faqb6qHoMYocPzWv9QRmuEASeHSpump,200,4000
life,2026-08-03T06:16:48.907Z,F9kE4sAvv2dx6faqb6qHoMYocPzWv9QRmuEASeHSpump,200,4000
life,2026-08-03T06:16:52.924Z,F9kE4sAvv2dx6faqb6qHoMYocPzWv9QRmuEASeHSpump,200,4000
life,2026-08-03T06:16:56.922Z,F9kE4sAvv2dx6faqb6qHoMYocPzWv9QRmuEASeHSpump,200,4000
life,2026-08-03T06:17:00.919Z,F9kE4sAvv2dx6faqb6qHoMYocPzWv9QRmuEASeHSpump,200,4000
life,2026-08-03T06:17:04.918Z,F9kE4sAvv2dx6faqb6qHoMYocPzWv9QRmuEASeHSpump,200,4000
life,2026-08-03T06:17:08.925Z,F9kE4sAvv2dx6faqb6qHoMYocPzWv9QRmuEASeHSpump,200,4000
life,2026-08-03T06:17:12.976Z,F9kE4sAvv2dx6faqb6qHoMYocPzWv9QRmuEASeHSpump,200,4000
life,2026-08-03T06:17:16.933Z,F9kE4sAvv2dx6faqb6qHoMYocPzWv9QRmuEASeHSpump,200,4000
life,2026-08-03T06:17:20.935Z,F9kE4sAvv2dx6faqb6qHoMYocPzWv9QRmuEASeHSpump,200,4000
life,2026-08-03T06:17:24.944Z,F9kE4sAvv2dx6faqb6qHoMYocPzWv9QRmuEASeHSpump,200,4000
life,2026-08-03T06:17:28.937Z,F9kE4sAvv2dx6faqb6qHoMYocPzWv9QRmuEASeHSpump,200,4000
life,2026-08-03T06:17:32.937Z,F9kE4sAvv2dx6faqb6qHoMYocPzWv9QRmuEASeHSpump,200,4000
life,2026-08-03T06:17:36.943Z,F9kE4sAvv2dx6faqb6qHoMYocPzWv9QRmuEASeHSpump,200,4000
life,2026-08-03T06:17:40.940Z,F9kE4sAvv2dx6faqb6qHoMYocPzWv9QRmuEASeHSpump,200,4000
life,2026-08-03T06:17:44.938Z,F9kE4sAvv2dx6faqb6qHoMYocPzWv9QRmuEASeHSpump,200,4000
life,2026-08-03T06:17:48.945Z,F9kE4sAvv2dx6faqb6qHoMYocPzWv9QRmuEASeHSpump,200,4000
life,2026-08-03T06:17:52.993Z,F9kE4sAvv2dx6faqb6qHoMYocPzWv9QRmuEASeHSpump,200,4000
life,2026-08-03T06:17:56.947Z,F9kE4sAvv2dx6faqb6qHoMYocPzWv9QRmuEASeHSpump,200,4000
life,2026-08-03T06:18:00.977Z,F9kE4sAvv2dx6faqb6qHoMYocPzWv9QRmuEASeHSpump,200,4000
life,2026-08-03T06:18:04.949Z,F9kE4sAvv2dx6faqb6qHoMYocPzWv9QRmuEASeHSpump,200,4000
life,2026-08-03T06:18:08.952Z,F9kE4sAvv2dx6faqb6qHoMYocPzWv9QRmuEASeHSpump,200,4000
life,2026-08-03T06:18:12.966Z,F9kE4sAvv2dx6faqb6qHoMYocPzWv9QRmuEASeHSpump,200,4000
life,2026-08-03T06:18:16.955Z,F9kE4sAvv2dx6faqb6qHoMYocPzWv9QRmuEASeHSpump,200,4000
life,2026-08-03T06:18:21.111Z,F9kE4sAvv2dx6faqb6qHoMYocPzWv9QRmuEASeHSpump,200,4000
life,2026-08-03T06:18:24.964Z,F9kE4sAvv2dx6faqb6qHoMYocPzWv9QRmuEASeHSpump,200,4000
life,2026-08-03T06:18:28.962Z,F9kE4sAvv2dx6faqb6qHoMYocPzWv9QRmuEASeHSpump,200,4000
life,2026-08-03T06:18:32.959Z,F9kE4sAvv2dx6faqb6qHoMYocPzWv9QRmuEASeHSpump,200,4000
life,2026-08-03T06:18:36.973Z,F9kE4sAvv2dx6faqb6qHoMYocPzWv9QRmuEASeHSpump,200,4000
life,2026-08-03T06:18:40.971Z,F9kE4sAvv2dx6faqb6qHoMYocPzWv9QRmuEASeHSpump,200,4000
life,2026-08-03T06:18:44.972Z,F9kE4sAvv2dx6faqb6qHoMYocPzWv9QRmuEASeHSpump,200,4000
life,2026-08-03T06:18:48.970Z,F9kE4sAvv2dx6faqb6qHoMYocPzWv9QRmuEASeHSpump,200,4000
life,2026-08-03T06:18:52.975Z,F9kE4sAvv2dx6faqb6qHoMYocPzWv9QRmuEASeHSpump,200,4000
life,2026-08-03T06:18:56.984Z,F9kE4sAvv2dx6faqb6qHoMYocPzWv9QRmuEASeHSpump,200,4000
life,2026-08-03T06:19:00.977Z,F9kE4sAvv2dx6faqb6qHoMYocPzWv9QRmuEASeHSpump,200,4000
life,2026-08-03T06:19:04.986Z,F9kE4sAvv2dx6faqb6qHoMYocPzWv9QRmuEASeHSpump,200,4000
life,2026-08-03T06:19:09.097Z,F9kE4sAvv2dx6faqb6qHoMYocPzWv9QRmuEASeHSpump,200,4000
life,2026-08-03T06:19:12.983Z,F9kE4sAvv2dx6faqb6qHoMYocPzWv9QRmuEASeHSpump,200,4000
life,2026-08-03T06:19:16.985Z,F9kE4sAvv2dx6faqb6qHoMYocPzWv9QRmuEASeHSpump,200,4000
life,2026-08-03T06:19:20.997Z,F9kE4sAvv2dx6faqb6qHoMYocPzWv9QRmuEASeHSpump,200,4000
life,2026-08-03T06:19:24.988Z,F9kE4sAvv2dx6faqb6qHoMYocPzWv9QRmuEASeHSpump,200,4000
life,2026-08-03T06:19:29.006Z,F9kE4sAvv2dx6faqb6qHoMYocPzWv9QRmuEASeHSpump,200,4000
life,2026-08-03T06:19:32.988Z,F9kE4sAvv2dx6faqb6qHoMYocPzWv9QRmuEASeHSpump,200,4000
life,2026-08-03T06:19:36.995Z,F9kE4sAvv2dx6faqb6qHoMYocPzWv9QRmuEASeHSpump,200,4000
life,2026-08-03T06:19:40.995Z,F9kE4sAvv2dx6faqb6qHoMYocPzWv9QRmuEASeHSpump,200,4000
life,2026-08-03T06:19:44.999Z,F9kE4sAvv2dx6faqb6qHoMYocPzWv9QRmuEASeHSpump,200,4000
life,2026-08-03T06:19:49.004Z,F9kE4sAvv2dx6faqb6qHoMYocPzWv9QRmuEASeHSpump,200,4000
life,2026-08-03T06:19:53.006Z,F9kE4sAvv2dx6faqb6qHoMYocPzWv9QRmuEASeHSpump,200,4000
life,2026-08-03T06:19:56.998Z,F9kE4sAvv2dx6faqb6qHoMYocPzWv9QRmuEASeHSpump,200,4000
life,2026-08-03T06:20:01.009Z,F9kE4sAvv2dx6faqb6qHoMYocPzWv9QRmuEASeHSpump,200,4000
life,2026-08-03T06:20:05.034Z,F9kE4sAvv2dx6faqb6qHoMYocPzWv9QRmuEASeHSpump,200,4000
life,2026-08-03T06:20:09.011Z,F9kE4sAvv2dx6faqb6qHoMYocPzWv9QRmuEASeHSpump,200,4000
life,2026-08-03T06:20:13.009Z,F9kE4sAvv2dx6faqb6qHoMYocPzWv9QRmuEASeHSpump,200,4000
life,2026-08-03T06:20:17.022Z,F9kE4sAvv2dx6faqb6qHoMYocPzWv9QRmuEASeHSpump,200,4000
life,2026-08-03T06:20:21.012Z,F9kE4sAvv2dx6faqb6qHoMYocPzWv9QRmuEASeHSpump,200,4000
life,2026-08-03T06:20:25.016Z,F9kE4sAvv2dx6faqb6qHoMYocPzWv9QRmuEASeHSpump,200,4000
life,2026-08-03T06:20:29.017Z,F9kE4sAvv2dx6faqb6qHoMYocPzWv9QRmuEASeHSpump,200,4000
life,2026-08-03T06:20:33.019Z,F9kE4sAvv2dx6faqb6qHoMYocPzWv9QRmuEASeHSpump,200,4000
life,2026-08-03T06:20:37.037Z,5wqbNRtu5eEuGLP1houqRMZdMqq2bvHZuVtY1yLcpump,200,4000
life,2026-08-03T06:20:41.283Z,5wqbNRtu5eEuGLP1houqRMZdMqq2bvHZuVtY1yLcpump,200,4000
life,2026-08-03T06:20:45.043Z,5wqbNRtu5eEuGLP1houqRMZdMqq2bvHZuVtY1yLcpump,200,4000
life,2026-08-03T06:20:49.043Z,5wqbNRtu5eEuGLP1houqRMZdMqq2bvHZuVtY1yLcpump,200,4000
life,2026-08-03T06:20:53.041Z,5wqbNRtu5eEuGLP1houqRMZdMqq2bvHZuVtY1yLcpump,200,4000
life,2026-08-03T06:20:57.054Z,5wqbNRtu5eEuGLP1houqRMZdMqq2bvHZuVtY1yLcpump,200,4000
life,2026-08-03T06:21:01.048Z,5wqbNRtu5eEuGLP1houqRMZdMqq2bvHZuVtY1yLcpump,200,4000
life,2026-08-03T06:21:05.050Z,5wqbNRtu5eEuGLP1houqRMZdMqq2bvHZuVtY1yLcpump,200,4000
life,2026-08-03T06:21:09.051Z,5wqbNRtu5eEuGLP1houqRMZdMqq2bvHZuVtY1yLcpump,200,4000
life,2026-08-03T06:21:13.057Z,5wqbNRtu5eEuGLP1houqRMZdMqq2bvHZuVtY1yLcpump,200,4000
life,2026-08-03T06:21:17.058Z,5wqbNRtu5eEuGLP1houqRMZdMqq2bvHZuVtY1yLcpump,200,4000
life,2026-08-03T06:21:21.058Z,5wqbNRtu5eEuGLP1houqRMZdMqq2bvHZuVtY1yLcpump,200,4000
life,2026-08-03T06:21:25.061Z,5wqbNRtu5eEuGLP1houqRMZdMqq2bvHZuVtY1yLcpump,200,4000
life,2026-08-03T06:21:29.069Z,5wqbNRtu5eEuGLP1houqRMZdMqq2bvHZuVtY1yLcpump,200,4000
life,2026-08-03T06:21:33.328Z,5wqbNRtu5eEuGLP1houqRMZdMqq2bvHZuVtY1yLcpump,200,4000
life,2026-08-03T06:21:37.067Z,5wqbNRtu5eEuGLP1houqRMZdMqq2bvHZuVtY1yLcpump,200,4000
life,2026-08-03T06:21:41.064Z,5wqbNRtu5eEuGLP1houqRMZdMqq2bvHZuVtY1yLcpump,200,4000
life,2026-08-03T06:21:45.085Z,5wqbNRtu5eEuGLP1houqRMZdMqq2bvHZuVtY1yLcpump,200,4000
life,2026-08-03T06:21:49.073Z,5wqbNRtu5eEuGLP1houqRMZdMqq2bvHZuVtY1yLcpump,200,4000
life,2026-08-03T06:21:53.072Z,5wqbNRtu5eEuGLP1houqRMZdMqq2bvHZuVtY1yLcpump,200,4000
life,2026-08-03T06:21:57.076Z,5wqbNRtu5eEuGLP1houqRMZdMqq2bvHZuVtY1yLcpump,200,4000
life,2026-08-03T06:22:01.075Z,5wqbNRtu5eEuGLP1houqRMZdMqq2bvHZuVtY1yLcpump,200,4000
life,2026-08-03T06:22:05.076Z,5wqbNRtu5eEuGLP1houqRMZdMqq2bvHZuVtY1yLcpump,200,4000
life,2026-08-03T06:22:09.083Z,5wqbNRtu5eEuGLP1houqRMZdMqq2bvHZuVtY1yLcpump,200,4000
life,2026-08-03T06:22:13.086Z,5wqbNRtu5eEuGLP1houqRMZdMqq2bvHZuVtY1yLcpump,200,4000
life,2026-08-03T06:22:17.084Z,5wqbNRtu5eEuGLP1houqRMZdMqq2bvHZuVtY1yLcpump,200,4000
life,2026-08-03T06:22:21.088Z,5wqbNRtu5eEuGLP1houqRMZdMqq2bvHZuVtY1yLcpump,200,4000
life,2026-08-03T06:22:25.085Z,5wqbNRtu5eEuGLP1houqRMZdMqq2bvHZuVtY1yLcpump,200,4000
life,2026-08-03T06:22:29.088Z,5wqbNRtu5eEuGLP1houqRMZdMqq2bvHZuVtY1yLcpump,200,4000
life,2026-08-03T06:22:33.097Z,5wqbNRtu5eEuGLP1houqRMZdMqq2bvHZuVtY1yLcpump,200,4000
life,2026-08-03T06:22:37.092Z,5wqbNRtu5eEuGLP1houqRMZdMqq2bvHZuVtY1yLcpump,200,4000
life,2026-08-03T06:22:41.097Z,5wqbNRtu5eEuGLP1houqRMZdMqq2bvHZuVtY1yLcpump,200,4000
life,2026-08-03T06:22:45.095Z,5wqbNRtu5eEuGLP1houqRMZdMqq2bvHZuVtY1yLcpump,200,4000
life,2026-08-03T06:22:49.097Z,5wqbNRtu5eEuGLP1houqRMZdMqq2bvHZuVtY1yLcpump,200,4000
life,2026-08-03T06:22:53.101Z,5wqbNRtu5eEuGLP1houqRMZdMqq2bvHZuVtY1yLcpump,200,4000
life,2026-08-03T06:22:57.101Z,5wqbNRtu5eEuGLP1houqRMZdMqq2bvHZuVtY1yLcpump,200,4000
life,2026-08-03T06:23:01.099Z,5wqbNRtu5eEuGLP1houqRMZdMqq2bvHZuVtY1yLcpump,200,4000
life,2026-08-03T06:23:05.104Z,5wqbNRtu5eEuGLP1houqRMZdMqq2bvHZuVtY1yLcpump,200,4000
life,2026-08-03T06:23:09.103Z,5wqbNRtu5eEuGLP1houqRMZdMqq2bvHZuVtY1yLcpump,200,4000
life,2026-08-03T06:23:13.108Z,5wqbNRtu5eEuGLP1houqRMZdMqq2bvHZuVtY1yLcpump,200,4000
life,2026-08-03T06:23:17.115Z,5wqbNRtu5eEuGLP1houqRMZdMqq2bvHZuVtY1yLcpump,200,4000
life,2026-08-03T06:23:21.102Z,5wqbNRtu5eEuGLP1houqRMZdMqq2bvHZuVtY1yLcpump,200,4000
life,2026-08-03T06:23:25.106Z,5wqbNRtu5eEuGLP1houqRMZdMqq2bvHZuVtY1yLcpump,200,4000
life,2026-08-03T06:23:29.113Z,5wqbNRtu5eEuGLP1houqRMZdMqq2bvHZuVtY1yLcpump,200,4000
life,2026-08-03T06:23:33.176Z,5wqbNRtu5eEuGLP1houqRMZdMqq2bvHZuVtY1yLcpump,200,4000
life,2026-08-03T06:23:37.116Z,5wqbNRtu5eEuGLP1houqRMZdMqq2bvHZuVtY1yLcpump,200,4000
life,2026-08-03T06:23:41.112Z,5wqbNRtu5eEuGLP1houqRMZdMqq2bvHZuVtY1yLcpump,200,4000
life,2026-08-03T06:23:45.125Z,5wqbNRtu5eEuGLP1houqRMZdMqq2bvHZuVtY1yLcpump,200,4000
life,2026-08-03T06:23:49.122Z,5wqbNRtu5eEuGLP1houqRMZdMqq2bvHZuVtY1yLcpump,200,4000
life,2026-08-03T06:23:53.122Z,5wqbNRtu5eEuGLP1houqRMZdMqq2bvHZuVtY1yLcpump,200,4000
life,2026-08-03T06:23:57.125Z,5wqbNRtu5eEuGLP1houqRMZdMqq2bvHZuVtY1yLcpump,200,4000
life,2026-08-03T06:24:01.120Z,5wqbNRtu5eEuGLP1houqRMZdMqq2bvHZuVtY1yLcpump,200,4000
life,2026-08-03T06:24:05.146Z,5wqbNRtu5eEuGLP1houqRMZdMqq2bvHZuVtY1yLcpump,200,4000
life,2026-08-03T06:24:09.128Z,5wqbNRtu5eEuGLP1houqRMZdMqq2bvHZuVtY1yLcpump,200,4000
life,2026-08-03T06:24:13.133Z,5wqbNRtu5eEuGLP1houqRMZdMqq2bvHZuVtY1yLcpump,200,4000
life,2026-08-03T06:24:17.131Z,5wqbNRtu5eEuGLP1houqRMZdMqq2bvHZuVtY1yLcpump,200,4000
life,2026-08-03T06:24:21.137Z,5wqbNRtu5eEuGLP1houqRMZdMqq2bvHZuVtY1yLcpump,200,4000
life,2026-08-03T06:24:25.136Z,5wqbNRtu5eEuGLP1houqRMZdMqq2bvHZuVtY1yLcpump,200,4000
life,2026-08-03T06:24:29.137Z,5wqbNRtu5eEuGLP1houqRMZdMqq2bvHZuVtY1yLcpump,200,4000
life,2026-08-03T06:24:33.137Z,5wqbNRtu5eEuGLP1houqRMZdMqq2bvHZuVtY1yLcpump,200,4000
life,2026-08-03T06:24:37.141Z,5wqbNRtu5eEuGLP1houqRMZdMqq2bvHZuVtY1yLcpump,200,4000
life,2026-08-03T06:24:41.144Z,5wqbNRtu5eEuGLP1houqRMZdMqq2bvHZuVtY1yLcpump,200,4000
life,2026-08-03T06:24:45.143Z,5wqbNRtu5eEuGLP1houqRMZdMqq2bvHZuVtY1yLcpump,200,4000
life,2026-08-03T06:24:49.138Z,5wqbNRtu5eEuGLP1houqRMZdMqq2bvHZuVtY1yLcpump,200,4000
life,2026-08-03T06:24:53.180Z,5wqbNRtu5eEuGLP1houqRMZdMqq2bvHZuVtY1yLcpump,200,4000
life,2026-08-03T06:24:57.156Z,5wqbNRtu5eEuGLP1houqRMZdMqq2bvHZuVtY1yLcpump,200,4000
life,2026-08-03T06:25:01.148Z,5wqbNRtu5eEuGLP1houqRMZdMqq2bvHZuVtY1yLcpump,200,4000
life,2026-08-03T06:25:05.164Z,5wqbNRtu5eEuGLP1houqRMZdMqq2bvHZuVtY1yLcpump,200,4000
life,2026-08-03T06:25:09.150Z,5wqbNRtu5eEuGLP1houqRMZdMqq2bvHZuVtY1yLcpump,200,4000
life,2026-08-03T06:25:13.160Z,5wqbNRtu5eEuGLP1houqRMZdMqq2bvHZuVtY1yLcpump,200,4000
life,2026-08-03T06:25:17.165Z,5wqbNRtu5eEuGLP1houqRMZdMqq2bvHZuVtY1yLcpump,200,4000
life,2026-08-03T06:25:21.165Z,5wqbNRtu5eEuGLP1houqRMZdMqq2bvHZuVtY1yLcpump,200,4000
life,2026-08-03T06:25:25.188Z,5wqbNRtu5eEuGLP1houqRMZdMqq2bvHZuVtY1yLcpump,200,4000
life,2026-08-03T06:25:29.169Z,5wqbNRtu5eEuGLP1houqRMZdMqq2bvHZuVtY1yLcpump,200,4000
life,2026-08-03T06:25:33.195Z,5wqbNRtu5eEuGLP1houqRMZdMqq2bvHZuVtY1yLcpump,200,4000
life,2026-08-03T06:25:37.163Z,5wqbNRtu5eEuGLP1houqRMZdMqq2bvHZuVtY1yLcpump,200,4000
life,2026-08-03T06:25:41.175Z,5wqbNRtu5eEuGLP1houqRMZdMqq2bvHZuVtY1yLcpump,200,4000
life,2026-08-03T06:25:45.316Z,5wqbNRtu5eEuGLP1houqRMZdMqq2bvHZuVtY1yLcpump,200,4000
life,2026-08-03T06:25:49.172Z,5wqbNRtu5eEuGLP1houqRMZdMqq2bvHZuVtY1yLcpump,200,4000
life,2026-08-03T06:25:53.172Z,5wqbNRtu5eEuGLP1houqRMZdMqq2bvHZuVtY1yLcpump,200,4000
life,2026-08-03T06:25:57.173Z,5wqbNRtu5eEuGLP1houqRMZdMqq2bvHZuVtY1yLcpump,200,4000
life,2026-08-03T06:26:01.178Z,5wqbNRtu5eEuGLP1houqRMZdMqq2bvHZuVtY1yLcpump,200,4000
life,2026-08-03T06:26:05.175Z,5wqbNRtu5eEuGLP1houqRMZdMqq2bvHZuVtY1yLcpump,200,4000
life,2026-08-03T06:26:09.179Z,5wqbNRtu5eEuGLP1houqRMZdMqq2bvHZuVtY1yLcpump,200,4000
life,2026-08-03T06:26:13.193Z,5wqbNRtu5eEuGLP1houqRMZdMqq2bvHZuVtY1yLcpump,200,4000
life,2026-08-03T06:26:17.190Z,5wqbNRtu5eEuGLP1houqRMZdMqq2bvHZuVtY1yLcpump,200,4000
life,2026-08-03T06:26:21.186Z,5wqbNRtu5eEuGLP1houqRMZdMqq2bvHZuVtY1yLcpump,200,4000
life,2026-08-03T06:26:25.201Z,5wqbNRtu5eEuGLP1houqRMZdMqq2bvHZuVtY1yLcpump,200,4000
life,2026-08-03T06:26:29.185Z,5wqbNRtu5eEuGLP1houqRMZdMqq2bvHZuVtY1yLcpump,200,4000
life,2026-08-03T06:26:33.190Z,5wqbNRtu5eEuGLP1houqRMZdMqq2bvHZuVtY1yLcpump,200,4000
life,2026-08-03T06:26:37.191Z,5wqbNRtu5eEuGLP1houqRMZdMqq2bvHZuVtY1yLcpump,200,4000
life,2026-08-03T06:26:41.206Z,5wqbNRtu5eEuGLP1houqRMZdMqq2bvHZuVtY1yLcpump,200,4000
life,2026-08-03T06:26:45.197Z,5wqbNRtu5eEuGLP1houqRMZdMqq2bvHZuVtY1yLcpump,200,4000
life,2026-08-03T06:26:49.202Z,5wqbNRtu5eEuGLP1houqRMZdMqq2bvHZuVtY1yLcpump,200,4000
life,2026-08-03T06:26:53.201Z,5wqbNRtu5eEuGLP1houqRMZdMqq2bvHZuVtY1yLcpump,200,4000
life,2026-08-03T06:26:57.201Z,5wqbNRtu5eEuGLP1houqRMZdMqq2bvHZuVtY1yLcpump,200,4000
life,2026-08-03T06:27:01.210Z,5wqbNRtu5eEuGLP1houqRMZdMqq2bvHZuVtY1yLcpump,200,4000
life,2026-08-03T06:27:05.205Z,5wqbNRtu5eEuGLP1houqRMZdMqq2bvHZuVtY1yLcpump,200,4000
life,2026-08-03T06:27:09.412Z,5wqbNRtu5eEuGLP1houqRMZdMqq2bvHZuVtY1yLcpump,200,4000
life,2026-08-03T06:27:13.208Z,5wqbNRtu5eEuGLP1houqRMZdMqq2bvHZuVtY1yLcpump,200,4000
life,2026-08-03T06:27:17.274Z,5wqbNRtu5eEuGLP1houqRMZdMqq2bvHZuVtY1yLcpump,200,4000
life,2026-08-03T06:27:21.364Z,5wqbNRtu5eEuGLP1houqRMZdMqq2bvHZuVtY1yLcpump,200,4000
life,2026-08-03T06:27:25.232Z,5wqbNRtu5eEuGLP1houqRMZdMqq2bvHZuVtY1yLcpump,200,4000
life,2026-08-03T06:27:29.217Z,5wqbNRtu5eEuGLP1houqRMZdMqq2bvHZuVtY1yLcpump,200,4000
life,2026-08-03T06:27:33.212Z,5wqbNRtu5eEuGLP1houqRMZdMqq2bvHZuVtY1yLcpump,200,4000
life,2026-08-03T06:27:37.228Z,EZum81Bs7pECU7cttRDiJMwSieJJ9mZBjbbCc7Prpump,200,4000
life,2026-08-03T06:27:41.226Z,EZum81Bs7pECU7cttRDiJMwSieJJ9mZBjbbCc7Prpump,200,4000
life,2026-08-03T06:27:45.229Z,EZum81Bs7pECU7cttRDiJMwSieJJ9mZBjbbCc7Prpump,200,4000
life,2026-08-03T06:27:49.231Z,EZum81Bs7pECU7cttRDiJMwSieJJ9mZBjbbCc7Prpump,200,4000
life,2026-08-03T06:27:53.231Z,EZum81Bs7pECU7cttRDiJMwSieJJ9mZBjbbCc7Prpump,200,4000
life,2026-08-03T06:27:57.230Z,EZum81Bs7pECU7cttRDiJMwSieJJ9mZBjbbCc7Prpump,200,4000
life,2026-08-03T06:28:01.237Z,EZum81Bs7pECU7cttRDiJMwSieJJ9mZBjbbCc7Prpump,200,4000
life,2026-08-03T06:28:05.234Z,EZum81Bs7pECU7cttRDiJMwSieJJ9mZBjbbCc7Prpump,200,4000
life,2026-08-03T06:28:09.239Z,EZum81Bs7pECU7cttRDiJMwSieJJ9mZBjbbCc7Prpump,200,4000
life,2026-08-03T06:28:13.241Z,EZum81Bs7pECU7cttRDiJMwSieJJ9mZBjbbCc7Prpump,200,4000
life,2026-08-03T06:28:17.244Z,EZum81Bs7pECU7cttRDiJMwSieJJ9mZBjbbCc7Prpump,200,4000
life,2026-08-03T06:28:21.246Z,EZum81Bs7pECU7cttRDiJMwSieJJ9mZBjbbCc7Prpump,200,4000
life,2026-08-03T06:28:25.247Z,EZum81Bs7pECU7cttRDiJMwSieJJ9mZBjbbCc7Prpump,200,4000
life,2026-08-03T06:28:29.245Z,EZum81Bs7pECU7cttRDiJMwSieJJ9mZBjbbCc7Prpump,200,4000
life,2026-08-03T06:28:33.245Z,EZum81Bs7pECU7cttRDiJMwSieJJ9mZBjbbCc7Prpump,200,4000
life,2026-08-03T06:28:37.317Z,EZum81Bs7pECU7cttRDiJMwSieJJ9mZBjbbCc7Prpump,200,4000
life,2026-08-03T06:28:41.252Z,EZum81Bs7pECU7cttRDiJMwSieJJ9mZBjbbCc7Prpump,200,4000
life,2026-08-03T06:28:45.251Z,EZum81Bs7pECU7cttRDiJMwSieJJ9mZBjbbCc7Prpump,200,4000
life,2026-08-03T06:28:49.265Z,EZum81Bs7pECU7cttRDiJMwSieJJ9mZBjbbCc7Prpump,200,4000
life,2026-08-03T06:28:53.256Z,EZum81Bs7pECU7cttRDiJMwSieJJ9mZBjbbCc7Prpump,200,4000
life,2026-08-03T06:28:57.262Z,EZum81Bs7pECU7cttRDiJMwSieJJ9mZBjbbCc7Prpump,200,4000
life,2026-08-03T06:29:01.273Z,EZum81Bs7pECU7cttRDiJMwSieJJ9mZBjbbCc7Prpump,200,4000
life,2026-08-03T06:29:05.271Z,EZum81Bs7pECU7cttRDiJMwSieJJ9mZBjbbCc7Prpump,200,4000
life,2026-08-03T06:29:09.268Z,EZum81Bs7pECU7cttRDiJMwSieJJ9mZBjbbCc7Prpump,200,4000
life,2026-08-03T06:29:13.271Z,EZum81Bs7pECU7cttRDiJMwSieJJ9mZBjbbCc7Prpump,200,4000
life,2026-08-03T06:29:17.272Z,EZum81Bs7pECU7cttRDiJMwSieJJ9mZBjbbCc7Prpump,200,4000
life,2026-08-03T06:29:21.275Z,EZum81Bs7pECU7cttRDiJMwSieJJ9mZBjbbCc7Prpump,200,4000
life,2026-08-03T06:29:25.277Z,EZum81Bs7pECU7cttRDiJMwSieJJ9mZBjbbCc7Prpump,200,4000
life,2026-08-03T06:29:29.274Z,EZum81Bs7pECU7cttRDiJMwSieJJ9mZBjbbCc7Prpump,200,4000
life,2026-08-03T06:29:33.288Z,EZum81Bs7pECU7cttRDiJMwSieJJ9mZBjbbCc7Prpump,200,4000
life,2026-08-03T06:29:37.287Z,EZum81Bs7pECU7cttRDiJMwSieJJ9mZBjbbCc7Prpump,200,4000
life,2026-08-03T06:29:41.284Z,EZum81Bs7pECU7cttRDiJMwSieJJ9mZBjbbCc7Prpump,200,4000
life,2026-08-03T06:29:45.288Z,EZum81Bs7pECU7cttRDiJMwSieJJ9mZBjbbCc7Prpump,200,4000
life,2026-08-03T06:29:49.289Z,EZum81Bs7pECU7cttRDiJMwSieJJ9mZBjbbCc7Prpump,200,4000
life,2026-08-03T06:29:53.292Z,EZum81Bs7pECU7cttRDiJMwSieJJ9mZBjbbCc7Prpump,200,4000
life,2026-08-03T06:29:57.293Z,EZum81Bs7pECU7cttRDiJMwSieJJ9mZBjbbCc7Prpump,200,4000
life,2026-08-03T06:30:01.293Z,EZum81Bs7pECU7cttRDiJMwSieJJ9mZBjbbCc7Prpump,200,4000
life,2026-08-03T06:30:05.289Z,EZum81Bs7pECU7cttRDiJMwSieJJ9mZBjbbCc7Prpump,200,4000
life,2026-08-03T06:30:09.300Z,EZum81Bs7pECU7cttRDiJMwSieJJ9mZBjbbCc7Prpump,200,4000
life,2026-08-03T06:30:13.297Z,EZum81Bs7pECU7cttRDiJMwSieJJ9mZBjbbCc7Prpump,200,4000
life,2026-08-03T06:30:17.301Z,EZum81Bs7pECU7cttRDiJMwSieJJ9mZBjbbCc7Prpump,200,4000
life,2026-08-03T06:30:21.836Z,EZum81Bs7pECU7cttRDiJMwSieJJ9mZBjbbCc7Prpump,200,4000
life,2026-08-03T06:30:25.303Z,EZum81Bs7pECU7cttRDiJMwSieJJ9mZBjbbCc7Prpump,200,4000
life,2026-08-03T06:30:29.317Z,EZum81Bs7pECU7cttRDiJMwSieJJ9mZBjbbCc7Prpump,200,4000
life,2026-08-03T06:30:33.310Z,EZum81Bs7pECU7cttRDiJMwSieJJ9mZBjbbCc7Prpump,200,4000
life,2026-08-03T06:30:37.307Z,EZum81Bs7pECU7cttRDiJMwSieJJ9mZBjbbCc7Prpump,200,4000
life,2026-08-03T06:30:41.307Z,EZum81Bs7pECU7cttRDiJMwSieJJ9mZBjbbCc7Prpump,200,4000
life,2026-08-03T06:30:45.310Z,EZum81Bs7pECU7cttRDiJMwSieJJ9mZBjbbCc7Prpump,200,4000
life,2026-08-03T06:30:49.310Z,EZum81Bs7pECU7cttRDiJMwSieJJ9mZBjbbCc7Prpump,200,4000
life,2026-08-03T06:30:53.312Z,EZum81Bs7pECU7cttRDiJMwSieJJ9mZBjbbCc7Prpump,200,4000
life,2026-08-03T06:30:57.320Z,EZum81Bs7pECU7cttRDiJMwSieJJ9mZBjbbCc7Prpump,200,4000
life,2026-08-03T06:31:01.317Z,EZum81Bs7pECU7cttRDiJMwSieJJ9mZBjbbCc7Prpump,200,4000
life,2026-08-03T06:31:05.321Z,EZum81Bs7pECU7cttRDiJMwSieJJ9mZBjbbCc7Prpump,200,4000
life,2026-08-03T06:31:09.319Z,EZum81Bs7pECU7cttRDiJMwSieJJ9mZBjbbCc7Prpump,200,4000
life,2026-08-03T06:31:13.332Z,EZum81Bs7pECU7cttRDiJMwSieJJ9mZBjbbCc7Prpump,200,4000
life,2026-08-03T06:31:17.321Z,EZum81Bs7pECU7cttRDiJMwSieJJ9mZBjbbCc7Prpump,200,4000
life,2026-08-03T06:31:21.329Z,EZum81Bs7pECU7cttRDiJMwSieJJ9mZBjbbCc7Prpump,200,4000
life,2026-08-03T06:31:25.366Z,EZum81Bs7pECU7cttRDiJMwSieJJ9mZBjbbCc7Prpump,200,4000
life,2026-08-03T06:31:29.333Z,EZum81Bs7pECU7cttRDiJMwSieJJ9mZBjbbCc7Prpump,200,4000
life,2026-08-03T06:31:33.326Z,EZum81Bs7pECU7cttRDiJMwSieJJ9mZBjbbCc7Prpump,200,4000
life,2026-08-03T06:31:37.331Z,EZum81Bs7pECU7cttRDiJMwSieJJ9mZBjbbCc7Prpump,200,4000
life,2026-08-03T06:31:41.438Z,EZum81Bs7pECU7cttRDiJMwSieJJ9mZBjbbCc7Prpump,200,4000
life,2026-08-03T06:31:45.335Z,EZum81Bs7pECU7cttRDiJMwSieJJ9mZBjbbCc7Prpump,200,4000
life,2026-08-03T06:31:49.338Z,EZum81Bs7pECU7cttRDiJMwSieJJ9mZBjbbCc7Prpump,200,4000
life,2026-08-03T06:31:53.348Z,EZum81Bs7pECU7cttRDiJMwSieJJ9mZBjbbCc7Prpump,200,4000
life,2026-08-03T06:31:57.337Z,EZum81Bs7pECU7cttRDiJMwSieJJ9mZBjbbCc7Prpump,200,4000
life,2026-08-03T06:32:01.340Z,EZum81Bs7pECU7cttRDiJMwSieJJ9mZBjbbCc7Prpump,200,4000
life,2026-08-03T06:32:05.346Z,EZum81Bs7pECU7cttRDiJMwSieJJ9mZBjbbCc7Prpump,200,4000
life,2026-08-03T06:32:09.351Z,EZum81Bs7pECU7cttRDiJMwSieJJ9mZBjbbCc7Prpump,200,4000
life,2026-08-03T06:32:13.348Z,EZum81Bs7pECU7cttRDiJMwSieJJ9mZBjbbCc7Prpump,200,4000
life,2026-08-03T06:32:17.349Z,EZum81Bs7pECU7cttRDiJMwSieJJ9mZBjbbCc7Prpump,200,4000
life,2026-08-03T06:32:21.354Z,EZum81Bs7pECU7cttRDiJMwSieJJ9mZBjbbCc7Prpump,200,4000
life,2026-08-03T06:32:25.419Z,EZum81Bs7pECU7cttRDiJMwSieJJ9mZBjbbCc7Prpump,200,4000
life,2026-08-03T06:32:29.363Z,EZum81Bs7pECU7cttRDiJMwSieJJ9mZBjbbCc7Prpump,200,4000
life,2026-08-03T06:32:33.359Z,EZum81Bs7pECU7cttRDiJMwSieJJ9mZBjbbCc7Prpump,200,4000
life,2026-08-03T06:32:37.377Z,EZum81Bs7pECU7cttRDiJMwSieJJ9mZBjbbCc7Prpump,200,4000
life,2026-08-03T06:32:41.360Z,EZum81Bs7pECU7cttRDiJMwSieJJ9mZBjbbCc7Prpump,200,4000
life,2026-08-03T06:32:45.369Z,EZum81Bs7pECU7cttRDiJMwSieJJ9mZBjbbCc7Prpump,200,4000
life,2026-08-03T06:32:49.375Z,EZum81Bs7pECU7cttRDiJMwSieJJ9mZBjbbCc7Prpump,200,4000
life,2026-08-03T06:32:53.369Z,EZum81Bs7pECU7cttRDiJMwSieJJ9mZBjbbCc7Prpump,200,4000
life,2026-08-03T06:32:57.372Z,EZum81Bs7pECU7cttRDiJMwSieJJ9mZBjbbCc7Prpump,200,4000
life,2026-08-03T06:33:01.372Z,EZum81Bs7pECU7cttRDiJMwSieJJ9mZBjbbCc7Prpump,200,4000
life,2026-08-03T06:33:05.381Z,EZum81Bs7pECU7cttRDiJMwSieJJ9mZBjbbCc7Prpump,200,4000
life,2026-08-03T06:33:09.379Z,EZum81Bs7pECU7cttRDiJMwSieJJ9mZBjbbCc7Prpump,200,4000
life,2026-08-03T06:33:13.554Z,EZum81Bs7pECU7cttRDiJMwSieJJ9mZBjbbCc7Prpump,200,4000
life,2026-08-03T06:33:17.381Z,EZum81Bs7pECU7cttRDiJMwSieJJ9mZBjbbCc7Prpump,200,4000
life,2026-08-03T06:33:21.382Z,EZum81Bs7pECU7cttRDiJMwSieJJ9mZBjbbCc7Prpump,200,4000
life,2026-08-03T06:33:25.381Z,EZum81Bs7pECU7cttRDiJMwSieJJ9mZBjbbCc7Prpump,200,4000
life,2026-08-03T06:33:29.389Z,EZum81Bs7pECU7cttRDiJMwSieJJ9mZBjbbCc7Prpump,200,4000
life,2026-08-03T06:33:33.390Z,EZum81Bs7pECU7cttRDiJMwSieJJ9mZBjbbCc7Prpump,200,4000
life,2026-08-03T06:33:37.390Z,EZum81Bs7pECU7cttRDiJMwSieJJ9mZBjbbCc7Prpump,200,4000
life,2026-08-03T06:33:41.399Z,EZum81Bs7pECU7cttRDiJMwSieJJ9mZBjbbCc7Prpump,200,4000
life,2026-08-03T06:33:45.390Z,EZum81Bs7pECU7cttRDiJMwSieJJ9mZBjbbCc7Prpump,200,4000
life,2026-08-03T06:33:49.395Z,EZum81Bs7pECU7cttRDiJMwSieJJ9mZBjbbCc7Prpump,200,4000
life,2026-08-03T06:33:53.421Z,EZum81Bs7pECU7cttRDiJMwSieJJ9mZBjbbCc7Prpump,200,4000
life,2026-08-03T06:33:57.430Z,EZum81Bs7pECU7cttRDiJMwSieJJ9mZBjbbCc7Prpump,200,4000
life,2026-08-03T06:34:01.429Z,EZum81Bs7pECU7cttRDiJMwSieJJ9mZBjbbCc7Prpump,200,4000
life,2026-08-03T06:34:05.433Z,EZum81Bs7pECU7cttRDiJMwSieJJ9mZBjbbCc7Prpump,200,4000
life,2026-08-03T06:34:09.402Z,EZum81Bs7pECU7cttRDiJMwSieJJ9mZBjbbCc7Prpump,200,4000
life,2026-08-03T06:34:13.433Z,EZum81Bs7pECU7cttRDiJMwSieJJ9mZBjbbCc7Prpump,200,4000
life,2026-08-03T06:34:17.403Z,EZum81Bs7pECU7cttRDiJMwSieJJ9mZBjbbCc7Prpump,200,4000
life,2026-08-03T06:34:21.436Z,EZum81Bs7pECU7cttRDiJMwSieJJ9mZBjbbCc7Prpump,200,4000
life,2026-08-03T06:34:25.408Z,EZum81Bs7pECU7cttRDiJMwSieJJ9mZBjbbCc7Prpump,200,4000
life,2026-08-03T06:34:29.408Z,EZum81Bs7pECU7cttRDiJMwSieJJ9mZBjbbCc7Prpump,200,4000
life,2026-08-03T06:34:33.443Z,EZum81Bs7pECU7cttRDiJMwSieJJ9mZBjbbCc7Prpump,200,4000
life,2026-08-03T06:34:37.411Z,EZum81Bs7pECU7cttRDiJMwSieJJ9mZBjbbCc7Prpump,200,4000
life,2026-08-03T06:34:41.417Z,EZum81Bs7pECU7cttRDiJMwSieJJ9mZBjbbCc7Prpump,200,4000
life,2026-08-03T06:34:45.412Z,EZum81Bs7pECU7cttRDiJMwSieJJ9mZBjbbCc7Prpump,200,4000
life,2026-08-03T06:34:49.410Z,EZum81Bs7pECU7cttRDiJMwSieJJ9mZBjbbCc7Prpump,200,4000
life,2026-08-03T06:34:53.455Z,5yWb5o2XT4J5dFCg3w6EZHxRAgYhyuj8H1RAEFeUpump,200,4000
life,2026-08-03T06:34:57.421Z,5yWb5o2XT4J5dFCg3w6EZHxRAgYhyuj8H1RAEFeUpump,200,4000
life,2026-08-03T06:35:01.430Z,5yWb5o2XT4J5dFCg3w6EZHxRAgYhyuj8H1RAEFeUpump,200,4000
life,2026-08-03T06:35:05.424Z,5yWb5o2XT4J5dFCg3w6EZHxRAgYhyuj8H1RAEFeUpump,200,4000
life,2026-08-03T06:35:09.428Z,5yWb5o2XT4J5dFCg3w6EZHxRAgYhyuj8H1RAEFeUpump,200,4000
life,2026-08-03T06:35:13.434Z,5yWb5o2XT4J5dFCg3w6EZHxRAgYhyuj8H1RAEFeUpump,200,4000
life,2026-08-03T06:35:17.428Z,5yWb5o2XT4J5dFCg3w6EZHxRAgYhyuj8H1RAEFeUpump,200,4000
life,2026-08-03T06:35:21.436Z,5yWb5o2XT4J5dFCg3w6EZHxRAgYhyuj8H1RAEFeUpump,200,4000
life,2026-08-03T06:35:25.429Z,5yWb5o2XT4J5dFCg3w6EZHxRAgYhyuj8H1RAEFeUpump,200,4000
life,2026-08-03T06:35:29.435Z,5yWb5o2XT4J5dFCg3w6EZHxRAgYhyuj8H1RAEFeUpump,200,4000
life,2026-08-03T06:35:33.437Z,5yWb5o2XT4J5dFCg3w6EZHxRAgYhyuj8H1RAEFeUpump,200,4000
life,2026-08-03T06:35:37.440Z,5yWb5o2XT4J5dFCg3w6EZHxRAgYhyuj8H1RAEFeUpump,200,4000
life,2026-08-03T06:35:41.456Z,5yWb5o2XT4J5dFCg3w6EZHxRAgYhyuj8H1RAEFeUpump,200,4000
life,2026-08-03T06:35:45.462Z,5yWb5o2XT4J5dFCg3w6EZHxRAgYhyuj8H1RAEFeUpump,200,4000
life,2026-08-03T06:35:49.467Z,5yWb5o2XT4J5dFCg3w6EZHxRAgYhyuj8H1RAEFeUpump,200,4000
life,2026-08-03T06:35:53.488Z,5yWb5o2XT4J5dFCg3w6EZHxRAgYhyuj8H1RAEFeUpump,200,4000
life,2026-08-03T06:35:57.465Z,5yWb5o2XT4J5dFCg3w6EZHxRAgYhyuj8H1RAEFeUpump,200,4000
life,2026-08-03T06:36:01.468Z,5yWb5o2XT4J5dFCg3w6EZHxRAgYhyuj8H1RAEFeUpump,200,4000
life,2026-08-03T06:36:05.468Z,5yWb5o2XT4J5dFCg3w6EZHxRAgYhyuj8H1RAEFeUpump,200,4000
life,2026-08-03T06:36:09.480Z,5yWb5o2XT4J5dFCg3w6EZHxRAgYhyuj8H1RAEFeUpump,200,4000
life,2026-08-03T06:36:13.471Z,5yWb5o2XT4J5dFCg3w6EZHxRAgYhyuj8H1RAEFeUpump,200,4000
life,2026-08-03T06:36:17.507Z,5yWb5o2XT4J5dFCg3w6EZHxRAgYhyuj8H1RAEFeUpump,200,4000
life,2026-08-03T06:36:21.472Z,5yWb5o2XT4J5dFCg3w6EZHxRAgYhyuj8H1RAEFeUpump,200,4000
life,2026-08-03T06:36:25.482Z,5yWb5o2XT4J5dFCg3w6EZHxRAgYhyuj8H1RAEFeUpump,200,4000
life,2026-08-03T06:36:29.480Z,5yWb5o2XT4J5dFCg3w6EZHxRAgYhyuj8H1RAEFeUpump,200,4000
life,2026-08-03T06:36:33.483Z,5yWb5o2XT4J5dFCg3w6EZHxRAgYhyuj8H1RAEFeUpump,200,4000
life,2026-08-03T06:36:37.498Z,5yWb5o2XT4J5dFCg3w6EZHxRAgYhyuj8H1RAEFeUpump,200,4000
life,2026-08-03T06:36:41.491Z,5yWb5o2XT4J5dFCg3w6EZHxRAgYhyuj8H1RAEFeUpump,200,4000
life,2026-08-03T06:36:45.484Z,5yWb5o2XT4J5dFCg3w6EZHxRAgYhyuj8H1RAEFeUpump,200,4000
life,2026-08-03T06:36:49.497Z,5yWb5o2XT4J5dFCg3w6EZHxRAgYhyuj8H1RAEFeUpump,200,4000
life,2026-08-03T06:36:53.486Z,5yWb5o2XT4J5dFCg3w6EZHxRAgYhyuj8H1RAEFeUpump,200,4000
life,2026-08-03T06:36:57.492Z,5yWb5o2XT4J5dFCg3w6EZHxRAgYhyuj8H1RAEFeUpump,200,4000
life,2026-08-03T06:37:01.498Z,5yWb5o2XT4J5dFCg3w6EZHxRAgYhyuj8H1RAEFeUpump,200,4000
life,2026-08-03T06:37:05.498Z,5yWb5o2XT4J5dFCg3w6EZHxRAgYhyuj8H1RAEFeUpump,200,4000
life,2026-08-03T06:37:09.502Z,5yWb5o2XT4J5dFCg3w6EZHxRAgYhyuj8H1RAEFeUpump,200,4000
life,2026-08-03T06:37:13.509Z,5yWb5o2XT4J5dFCg3w6EZHxRAgYhyuj8H1RAEFeUpump,200,4000
life,2026-08-03T06:37:17.503Z,5yWb5o2XT4J5dFCg3w6EZHxRAgYhyuj8H1RAEFeUpump,200,4000
life,2026-08-03T06:37:21.507Z,5yWb5o2XT4J5dFCg3w6EZHxRAgYhyuj8H1RAEFeUpump,200,4000
life,2026-08-03T06:37:25.510Z,5yWb5o2XT4J5dFCg3w6EZHxRAgYhyuj8H1RAEFeUpump,200,4000
life,2026-08-03T06:37:29.511Z,5yWb5o2XT4J5dFCg3w6EZHxRAgYhyuj8H1RAEFeUpump,200,4000
life,2026-08-03T06:37:33.509Z,5yWb5o2XT4J5dFCg3w6EZHxRAgYhyuj8H1RAEFeUpump,200,4000
life,2026-08-03T06:37:37.533Z,5yWb5o2XT4J5dFCg3w6EZHxRAgYhyuj8H1RAEFeUpump,200,4000
life,2026-08-03T06:37:41.518Z,5yWb5o2XT4J5dFCg3w6EZHxRAgYhyuj8H1RAEFeUpump,200,4000
life,2026-08-03T06:37:45.543Z,5yWb5o2XT4J5dFCg3w6EZHxRAgYhyuj8H1RAEFeUpump,200,4000
life,2026-08-03T06:37:49.513Z,5yWb5o2XT4J5dFCg3w6EZHxRAgYhyuj8H1RAEFeUpump,200,4000
life,2026-08-03T06:37:53.520Z,5yWb5o2XT4J5dFCg3w6EZHxRAgYhyuj8H1RAEFeUpump,200,4000
life,2026-08-03T06:37:57.514Z,5yWb5o2XT4J5dFCg3w6EZHxRAgYhyuj8H1RAEFeUpump,200,4000
life,2026-08-03T06:38:01.621Z,5yWb5o2XT4J5dFCg3w6EZHxRAgYhyuj8H1RAEFeUpump,200,4000
life,2026-08-03T06:38:05.519Z,5yWb5o2XT4J5dFCg3w6EZHxRAgYhyuj8H1RAEFeUpump,200,4000
life,2026-08-03T06:38:09.524Z,5yWb5o2XT4J5dFCg3w6EZHxRAgYhyuj8H1RAEFeUpump,200,4000
life,2026-08-03T06:38:13.520Z,5yWb5o2XT4J5dFCg3w6EZHxRAgYhyuj8H1RAEFeUpump,200,4000
life,2026-08-03T06:38:17.522Z,5yWb5o2XT4J5dFCg3w6EZHxRAgYhyuj8H1RAEFeUpump,200,4000
life,2026-08-03T06:38:21.524Z,5yWb5o2XT4J5dFCg3w6EZHxRAgYhyuj8H1RAEFeUpump,200,4000
life,2026-08-03T06:38:25.532Z,5yWb5o2XT4J5dFCg3w6EZHxRAgYhyuj8H1RAEFeUpump,200,4000
life,2026-08-03T06:38:29.528Z,5yWb5o2XT4J5dFCg3w6EZHxRAgYhyuj8H1RAEFeUpump,200,4000
life,2026-08-03T06:38:33.527Z,5yWb5o2XT4J5dFCg3w6EZHxRAgYhyuj8H1RAEFeUpump,200,4000
life,2026-08-03T06:38:37.532Z,5yWb5o2XT4J5dFCg3w6EZHxRAgYhyuj8H1RAEFeUpump,200,4000
life,2026-08-03T06:38:41.532Z,5yWb5o2XT4J5dFCg3w6EZHxRAgYhyuj8H1RAEFeUpump,200,4000
life,2026-08-03T06:38:45.531Z,5yWb5o2XT4J5dFCg3w6EZHxRAgYhyuj8H1RAEFeUpump,200,4000
life,2026-08-03T06:38:49.543Z,5yWb5o2XT4J5dFCg3w6EZHxRAgYhyuj8H1RAEFeUpump,200,4000
life,2026-08-03T06:38:53.537Z,5yWb5o2XT4J5dFCg3w6EZHxRAgYhyuj8H1RAEFeUpump,200,4000
life,2026-08-03T06:38:57.535Z,5yWb5o2XT4J5dFCg3w6EZHxRAgYhyuj8H1RAEFeUpump,200,4000
life,2026-08-03T06:39:01.548Z,5yWb5o2XT4J5dFCg3w6EZHxRAgYhyuj8H1RAEFeUpump,200,4000
life,2026-08-03T06:39:05.545Z,5yWb5o2XT4J5dFCg3w6EZHxRAgYhyuj8H1RAEFeUpump,200,4000
life,2026-08-03T06:39:09.545Z,5yWb5o2XT4J5dFCg3w6EZHxRAgYhyuj8H1RAEFeUpump,200,4000
life,2026-08-03T06:39:13.551Z,5yWb5o2XT4J5dFCg3w6EZHxRAgYhyuj8H1RAEFeUpump,200,4000
life,2026-08-03T06:39:17.550Z,5yWb5o2XT4J5dFCg3w6EZHxRAgYhyuj8H1RAEFeUpump,200,4000
life,2026-08-03T06:39:21.547Z,5yWb5o2XT4J5dFCg3w6EZHxRAgYhyuj8H1RAEFeUpump,200,4000
life,2026-08-03T06:39:25.555Z,5yWb5o2XT4J5dFCg3w6EZHxRAgYhyuj8H1RAEFeUpump,200,4000
life,2026-08-03T06:39:29.553Z,5yWb5o2XT4J5dFCg3w6EZHxRAgYhyuj8H1RAEFeUpump,200,4000
life,2026-08-03T06:39:33.561Z,5yWb5o2XT4J5dFCg3w6EZHxRAgYhyuj8H1RAEFeUpump,200,4000
life,2026-08-03T06:39:37.560Z,5yWb5o2XT4J5dFCg3w6EZHxRAgYhyuj8H1RAEFeUpump,200,4000
life,2026-08-03T06:39:41.570Z,5yWb5o2XT4J5dFCg3w6EZHxRAgYhyuj8H1RAEFeUpump,200,4000
life,2026-08-03T06:39:45.572Z,5yWb5o2XT4J5dFCg3w6EZHxRAgYhyuj8H1RAEFeUpump,200,4000
life,2026-08-03T06:39:49.573Z,5yWb5o2XT4J5dFCg3w6EZHxRAgYhyuj8H1RAEFeUpump,200,4000
life,2026-08-03T06:39:53.568Z,5yWb5o2XT4J5dFCg3w6EZHxRAgYhyuj8H1RAEFeUpump,200,4000
life,2026-08-03T06:39:57.569Z,5yWb5o2XT4J5dFCg3w6EZHxRAgYhyuj8H1RAEFeUpump,200,4000
life,2026-08-03T06:40:01.603Z,5yWb5o2XT4J5dFCg3w6EZHxRAgYhyuj8H1RAEFeUpump,200,4000
life,2026-08-03T06:40:05.565Z,5yWb5o2XT4J5dFCg3w6EZHxRAgYhyuj8H1RAEFeUpump,200,4000
life,2026-08-03T06:40:09.579Z,5yWb5o2XT4J5dFCg3w6EZHxRAgYhyuj8H1RAEFeUpump,200,4000
life,2026-08-03T06:40:13.579Z,5yWb5o2XT4J5dFCg3w6EZHxRAgYhyuj8H1RAEFeUpump,200,4000
life,2026-08-03T06:40:17.576Z,5yWb5o2XT4J5dFCg3w6EZHxRAgYhyuj8H1RAEFeUpump,200,4000
life,2026-08-03T06:40:21.618Z,5yWb5o2XT4J5dFCg3w6EZHxRAgYhyuj8H1RAEFeUpump,200,4000
life,2026-08-03T06:40:25.610Z,5yWb5o2XT4J5dFCg3w6EZHxRAgYhyuj8H1RAEFeUpump,200,4000
life,2026-08-03T06:40:29.588Z,5yWb5o2XT4J5dFCg3w6EZHxRAgYhyuj8H1RAEFeUpump,200,4000
life,2026-08-03T06:40:33.580Z,5yWb5o2XT4J5dFCg3w6EZHxRAgYhyuj8H1RAEFeUpump,200,4000
life,2026-08-03T06:40:37.618Z,5yWb5o2XT4J5dFCg3w6EZHxRAgYhyuj8H1RAEFeUpump,200,4000
life,2026-08-03T06:40:41.590Z,5yWb5o2XT4J5dFCg3w6EZHxRAgYhyuj8H1RAEFeUpump,200,4000
life,2026-08-03T06:40:45.583Z,5yWb5o2XT4J5dFCg3w6EZHxRAgYhyuj8H1RAEFeUpump,200,4000
life,2026-08-03T06:40:49.590Z,5yWb5o2XT4J5dFCg3w6EZHxRAgYhyuj8H1RAEFeUpump,200,4000
life,2026-08-03T06:40:53.591Z,5yWb5o2XT4J5dFCg3w6EZHxRAgYhyuj8H1RAEFeUpump,200,4000
life,2026-08-03T06:40:57.592Z,5yWb5o2XT4J5dFCg3w6EZHxRAgYhyuj8H1RAEFeUpump,200,4000
life,2026-08-03T06:41:01.628Z,5yWb5o2XT4J5dFCg3w6EZHxRAgYhyuj8H1RAEFeUpump,200,4000
life,2026-08-03T06:41:05.595Z,5yWb5o2XT4J5dFCg3w6EZHxRAgYhyuj8H1RAEFeUpump,200,4000
life,2026-08-03T06:41:09.599Z,5yWb5o2XT4J5dFCg3w6EZHxRAgYhyuj8H1RAEFeUpump,200,4000
life,2026-08-03T06:41:13.631Z,5yWb5o2XT4J5dFCg3w6EZHxRAgYhyuj8H1RAEFeUpump,200,4000
life,2026-08-03T06:41:17.595Z,5yWb5o2XT4J5dFCg3w6EZHxRAgYhyuj8H1RAEFeUpump,200,4000
life,2026-08-03T06:41:21.628Z,5yWb5o2XT4J5dFCg3w6EZHxRAgYhyuj8H1RAEFeUpump,200,4000
life,2026-08-03T06:41:25.634Z,5yWb5o2XT4J5dFCg3w6EZHxRAgYhyuj8H1RAEFeUpump,200,4000
life,2026-08-03T06:41:29.629Z,5yWb5o2XT4J5dFCg3w6EZHxRAgYhyuj8H1RAEFeUpump,200,4000
life,2026-08-03T06:41:33.606Z,5yWb5o2XT4J5dFCg3w6EZHxRAgYhyuj8H1RAEFeUpump,200,4000
life,2026-08-03T06:41:37.610Z,5yWb5o2XT4J5dFCg3w6EZHxRAgYhyuj8H1RAEFeUpump,200,4000
life,2026-08-03T06:41:41.621Z,5yWb5o2XT4J5dFCg3w6EZHxRAgYhyuj8H1RAEFeUpump,200,4000
life,2026-08-03T06:41:45.640Z,5yWb5o2XT4J5dFCg3w6EZHxRAgYhyuj8H1RAEFeUpump,200,4000
life,2026-08-03T06:41:49.612Z,5yWb5o2XT4J5dFCg3w6EZHxRAgYhyuj8H1RAEFeUpump,200,4000
life,2026-08-03T06:41:53.616Z,5yWb5o2XT4J5dFCg3w6EZHxRAgYhyuj8H1RAEFeUpump,200,4000
life,2026-08-03T06:41:57.613Z,5yWb5o2XT4J5dFCg3w6EZHxRAgYhyuj8H1RAEFeUpump,200,4000
life,2026-08-03T06:42:01.617Z,5yWb5o2XT4J5dFCg3w6EZHxRAgYhyuj8H1RAEFeUpump,200,4000
life,2026-08-03T06:42:05.617Z,5yWb5o2XT4J5dFCg3w6EZHxRAgYhyuj8H1RAEFeUpump,200,4000
life,2026-08-03T06:42:09.658Z,5yWb5o2XT4J5dFCg3w6EZHxRAgYhyuj8H1RAEFeUpump,200,4000
life,2026-08-03T06:42:13.623Z,5yWb5o2XT4J5dFCg3w6EZHxRAgYhyuj8H1RAEFeUpump,200,4000
life,2026-08-03T06:42:17.633Z,5yWb5o2XT4J5dFCg3w6EZHxRAgYhyuj8H1RAEFeUpump,200,4000
life,2026-08-03T06:42:21.628Z,5yWb5o2XT4J5dFCg3w6EZHxRAgYhyuj8H1RAEFeUpump,200,4000
life,2026-08-03T06:42:25.626Z,5yWb5o2XT4J5dFCg3w6EZHxRAgYhyuj8H1RAEFeUpump,200,4000
life,2026-08-03T06:42:29.630Z,5yWb5o2XT4J5dFCg3w6EZHxRAgYhyuj8H1RAEFeUpump,200,4000
life,2026-08-03T06:42:33.639Z,5yWb5o2XT4J5dFCg3w6EZHxRAgYhyuj8H1RAEFeUpump,200,4000
life,2026-08-03T06:42:37.626Z,5yWb5o2XT4J5dFCg3w6EZHxRAgYhyuj8H1RAEFeUpump,200,4000
life,2026-08-03T06:42:41.632Z,5yWb5o2XT4J5dFCg3w6EZHxRAgYhyuj8H1RAEFeUpump,200,4000
life,2026-08-03T06:42:45.632Z,5yWb5o2XT4J5dFCg3w6EZHxRAgYhyuj8H1RAEFeUpump,200,4000
life,2026-08-03T06:42:49.632Z,5yWb5o2XT4J5dFCg3w6EZHxRAgYhyuj8H1RAEFeUpump,200,4000
life,2026-08-03T06:42:53.633Z,5yWb5o2XT4J5dFCg3w6EZHxRAgYhyuj8H1RAEFeUpump,200,4000
life,2026-08-03T06:42:57.645Z,5yWb5o2XT4J5dFCg3w6EZHxRAgYhyuj8H1RAEFeUpump,200,4000
life,2026-08-03T06:43:01.640Z,5yWb5o2XT4J5dFCg3w6EZHxRAgYhyuj8H1RAEFeUpump,200,4000
life,2026-08-03T06:43:05.638Z,5yWb5o2XT4J5dFCg3w6EZHxRAgYhyuj8H1RAEFeUpump,200,4000
life,2026-08-03T06:43:09.641Z,5yWb5o2XT4J5dFCg3w6EZHxRAgYhyuj8H1RAEFeUpump,200,4000
life,2026-08-03T06:43:13.645Z,5yWb5o2XT4J5dFCg3w6EZHxRAgYhyuj8H1RAEFeUpump,200,4000
life,2026-08-03T06:43:17.804Z,5yWb5o2XT4J5dFCg3w6EZHxRAgYhyuj8H1RAEFeUpump,200,4000
life,2026-08-03T06:43:21.652Z,5yWb5o2XT4J5dFCg3w6EZHxRAgYhyuj8H1RAEFeUpump,200,4000
life,2026-08-03T06:43:25.645Z,5yWb5o2XT4J5dFCg3w6EZHxRAgYhyuj8H1RAEFeUpump,200,4000
life,2026-08-03T06:43:29.656Z,5yWb5o2XT4J5dFCg3w6EZHxRAgYhyuj8H1RAEFeUpump,200,4000
life,2026-08-03T06:43:33.645Z,5yWb5o2XT4J5dFCg3w6EZHxRAgYhyuj8H1RAEFeUpump,200,4000
life,2026-08-03T06:43:37.653Z,5yWb5o2XT4J5dFCg3w6EZHxRAgYhyuj8H1RAEFeUpump,200,4000
life,2026-08-03T06:43:41.656Z,5yWb5o2XT4J5dFCg3w6EZHxRAgYhyuj8H1RAEFeUpump,200,4000
life,2026-08-03T06:43:45.650Z,5yWb5o2XT4J5dFCg3w6EZHxRAgYhyuj8H1RAEFeUpump,200,4000
life,2026-08-03T06:43:49.654Z,5yWb5o2XT4J5dFCg3w6EZHxRAgYhyuj8H1RAEFeUpump,200,4000
life,2026-08-03T06:43:53.653Z,5yWb5o2XT4J5dFCg3w6EZHxRAgYhyuj8H1RAEFeUpump,200,4000
life,2026-08-03T06:43:57.656Z,5yWb5o2XT4J5dFCg3w6EZHxRAgYhyuj8H1RAEFeUpump,200,4000
life,2026-08-03T06:44:01.658Z,5yWb5o2XT4J5dFCg3w6EZHxRAgYhyuj8H1RAEFeUpump,200,4000
life,2026-08-03T06:44:05.658Z,5yWb5o2XT4J5dFCg3w6EZHxRAgYhyuj8H1RAEFeUpump,200,4000
life,2026-08-03T06:44:09.665Z,5yWb5o2XT4J5dFCg3w6EZHxRAgYhyuj8H1RAEFeUpump,200,4000
life,2026-08-03T06:44:13.672Z,5yWb5o2XT4J5dFCg3w6EZHxRAgYhyuj8H1RAEFeUpump,200,4000
life,2026-08-03T06:44:17.671Z,5yWb5o2XT4J5dFCg3w6EZHxRAgYhyuj8H1RAEFeUpump,200,4000
life,2026-08-03T06:44:21.669Z,5yWb5o2XT4J5dFCg3w6EZHxRAgYhyuj8H1RAEFeUpump,200,4000
life,2026-08-03T06:44:25.667Z,5yWb5o2XT4J5dFCg3w6EZHxRAgYhyuj8H1RAEFeUpump,200,4000
life,2026-08-03T06:44:29.675Z,5yWb5o2XT4J5dFCg3w6EZHxRAgYhyuj8H1RAEFeUpump,200,4000
life,2026-08-03T06:44:33.695Z,5yWb5o2XT4J5dFCg3w6EZHxRAgYhyuj8H1RAEFeUpump,200,4000
life,2026-08-03T06:44:37.677Z,5yWb5o2XT4J5dFCg3w6EZHxRAgYhyuj8H1RAEFeUpump,200,4000
life,2026-08-03T06:44:41.675Z,5yWb5o2XT4J5dFCg3w6EZHxRAgYhyuj8H1RAEFeUpump,200,4000
life,2026-08-03T06:44:45.677Z,5yWb5o2XT4J5dFCg3w6EZHxRAgYhyuj8H1RAEFeUpump,200,4000
life,2026-08-03T06:44:49.683Z,5yWb5o2XT4J5dFCg3w6EZHxRAgYhyuj8H1RAEFeUpump,200,4000
life,2026-08-03T06:44:53.679Z,5yWb5o2XT4J5dFCg3w6EZHxRAgYhyuj8H1RAEFeUpump,200,4000
life,2026-08-03T06:44:57.719Z,5yWb5o2XT4J5dFCg3w6EZHxRAgYhyuj8H1RAEFeUpump,200,4000
life,2026-08-03T06:45:01.684Z,5yWb5o2XT4J5dFCg3w6EZHxRAgYhyuj8H1RAEFeUpump,200,4000
life,2026-08-03T06:45:05.693Z,5yWb5o2XT4J5dFCg3w6EZHxRAgYhyuj8H1RAEFeUpump,200,4000
life,2026-08-03T06:45:09.696Z,5yWb5o2XT4J5dFCg3w6EZHxRAgYhyuj8H1RAEFeUpump,200,4000
life,2026-08-03T06:45:13.692Z,5yWb5o2XT4J5dFCg3w6EZHxRAgYhyuj8H1RAEFeUpump,200,4000
life,2026-08-03T06:45:17.692Z,5yWb5o2XT4J5dFCg3w6EZHxRAgYhyuj8H1RAEFeUpump,200,4000
life,2026-08-03T06:45:21.690Z,5yWb5o2XT4J5dFCg3w6EZHxRAgYhyuj8H1RAEFeUpump,200,4000
life,2026-08-03T06:45:25.701Z,5yWb5o2XT4J5dFCg3w6EZHxRAgYhyuj8H1RAEFeUpump,200,4000
life,2026-08-03T06:45:29.697Z,5yWb5o2XT4J5dFCg3w6EZHxRAgYhyuj8H1RAEFeUpump,200,4000
life,2026-08-03T06:45:33.697Z,5yWb5o2XT4J5dFCg3w6EZHxRAgYhyuj8H1RAEFeUpump,200,4000
life,2026-08-03T06:45:37.694Z,5yWb5o2XT4J5dFCg3w6EZHxRAgYhyuj8H1RAEFeUpump,200,4000
life,2026-08-03T06:45:41.699Z,5yWb5o2XT4J5dFCg3w6EZHxRAgYhyuj8H1RAEFeUpump,200,4000
life,2026-08-03T06:45:45.703Z,5yWb5o2XT4J5dFCg3w6EZHxRAgYhyuj8H1RAEFeUpump,200,4000
life,2026-08-03T06:45:49.708Z,5yWb5o2XT4J5dFCg3w6EZHxRAgYhyuj8H1RAEFeUpump,200,4000
life,2026-08-03T06:45:53.703Z,5yWb5o2XT4J5dFCg3w6EZHxRAgYhyuj8H1RAEFeUpump,200,4000
life,2026-08-03T06:45:57.719Z,5yWb5o2XT4J5dFCg3w6EZHxRAgYhyuj8H1RAEFeUpump,200,4000
life,2026-08-03T06:46:01.729Z,5yWb5o2XT4J5dFCg3w6EZHxRAgYhyuj8H1RAEFeUpump,200,4000
life,2026-08-03T06:46:05.732Z,4FEphC5XxY2QRQ1ojKEyKgt3qHE2CTrc6Q3C3RUBpump,200,4000
life,2026-08-03T06:46:09.740Z,4FEphC5XxY2QRQ1ojKEyKgt3qHE2CTrc6Q3C3RUBpump,200,4000
life,2026-08-03T06:46:13.735Z,4FEphC5XxY2QRQ1ojKEyKgt3qHE2CTrc6Q3C3RUBpump,200,4000
life,2026-08-03T06:46:17.733Z,4FEphC5XxY2QRQ1ojKEyKgt3qHE2CTrc6Q3C3RUBpump,200,4000
life,2026-08-03T06:46:21.742Z,4FEphC5XxY2QRQ1ojKEyKgt3qHE2CTrc6Q3C3RUBpump,200,4000
life,2026-08-03T06:46:25.740Z,4FEphC5XxY2QRQ1ojKEyKgt3qHE2CTrc6Q3C3RUBpump,200,4000
life,2026-08-03T06:46:29.744Z,4FEphC5XxY2QRQ1ojKEyKgt3qHE2CTrc6Q3C3RUBpump,200,4000
life,2026-08-03T06:46:33.760Z,4FEphC5XxY2QRQ1ojKEyKgt3qHE2CTrc6Q3C3RUBpump,200,4000
life,2026-08-03T06:46:37.783Z,4FEphC5XxY2QRQ1ojKEyKgt3qHE2CTrc6Q3C3RUBpump,200,4000
life,2026-08-03T06:46:41.743Z,4FEphC5XxY2QRQ1ojKEyKgt3qHE2CTrc6Q3C3RUBpump,200,4000
life,2026-08-03T06:46:45.743Z,4FEphC5XxY2QRQ1ojKEyKgt3qHE2CTrc6Q3C3RUBpump,200,4000
life,2026-08-03T06:46:49.743Z,4FEphC5XxY2QRQ1ojKEyKgt3qHE2CTrc6Q3C3RUBpump,200,4000
life,2026-08-03T06:46:53.757Z,4FEphC5XxY2QRQ1ojKEyKgt3qHE2CTrc6Q3C3RUBpump,200,4000
life,2026-08-03T06:46:57.753Z,4FEphC5XxY2QRQ1ojKEyKgt3qHE2CTrc6Q3C3RUBpump,200,4000
life,2026-08-03T06:47:01.752Z,4FEphC5XxY2QRQ1ojKEyKgt3qHE2CTrc6Q3C3RUBpump,200,4000
life,2026-08-03T06:47:05.747Z,4FEphC5XxY2QRQ1ojKEyKgt3qHE2CTrc6Q3C3RUBpump,200,4000
life,2026-08-03T06:47:09.746Z,4FEphC5XxY2QRQ1ojKEyKgt3qHE2CTrc6Q3C3RUBpump,200,4000
life,2026-08-03T06:47:13.758Z,4FEphC5XxY2QRQ1ojKEyKgt3qHE2CTrc6Q3C3RUBpump,200,4000
life,2026-08-03T06:47:17.754Z,4FEphC5XxY2QRQ1ojKEyKgt3qHE2CTrc6Q3C3RUBpump,200,4000
life,2026-08-03T06:47:21.756Z,4FEphC5XxY2QRQ1ojKEyKgt3qHE2CTrc6Q3C3RUBpump,200,4000
life,2026-08-03T06:47:25.755Z,4FEphC5XxY2QRQ1ojKEyKgt3qHE2CTrc6Q3C3RUBpump,200,4000
life,2026-08-03T06:47:29.756Z,4FEphC5XxY2QRQ1ojKEyKgt3qHE2CTrc6Q3C3RUBpump,200,4000
life,2026-08-03T06:47:33.766Z,4FEphC5XxY2QRQ1ojKEyKgt3qHE2CTrc6Q3C3RUBpump,200,4000
life,2026-08-03T06:47:37.760Z,4FEphC5XxY2QRQ1ojKEyKgt3qHE2CTrc6Q3C3RUBpump,200,4000
life,2026-08-03T06:47:41.770Z,4FEphC5XxY2QRQ1ojKEyKgt3qHE2CTrc6Q3C3RUBpump,200,4000
life,2026-08-03T06:47:45.765Z,4FEphC5XxY2QRQ1ojKEyKgt3qHE2CTrc6Q3C3RUBpump,200,4000
life,2026-08-03T06:47:49.766Z,4FEphC5XxY2QRQ1ojKEyKgt3qHE2CTrc6Q3C3RUBpump,200,4000
life,2026-08-03T06:47:53.768Z,4FEphC5XxY2QRQ1ojKEyKgt3qHE2CTrc6Q3C3RUBpump,200,4000
life,2026-08-03T06:47:57.783Z,4FEphC5XxY2QRQ1ojKEyKgt3qHE2CTrc6Q3C3RUBpump,200,4000
life,2026-08-03T06:48:01.775Z,4FEphC5XxY2QRQ1ojKEyKgt3qHE2CTrc6Q3C3RUBpump,200,4000
life,2026-08-03T06:48:05.781Z,4FEphC5XxY2QRQ1ojKEyKgt3qHE2CTrc6Q3C3RUBpump,200,4000
life,2026-08-03T06:48:09.780Z,4FEphC5XxY2QRQ1ojKEyKgt3qHE2CTrc6Q3C3RUBpump,200,4000
life,2026-08-03T06:48:13.830Z,4FEphC5XxY2QRQ1ojKEyKgt3qHE2CTrc6Q3C3RUBpump,200,4000
life,2026-08-03T06:48:17.780Z,4FEphC5XxY2QRQ1ojKEyKgt3qHE2CTrc6Q3C3RUBpump,200,4000
life,2026-08-03T06:48:21.794Z,4FEphC5XxY2QRQ1ojKEyKgt3qHE2CTrc6Q3C3RUBpump,200,4000
life,2026-08-03T06:48:25.781Z,4FEphC5XxY2QRQ1ojKEyKgt3qHE2CTrc6Q3C3RUBpump,200,4000
life,2026-08-03T06:48:29.787Z,4FEphC5XxY2QRQ1ojKEyKgt3qHE2CTrc6Q3C3RUBpump,200,4000
life,2026-08-03T06:48:33.789Z,4FEphC5XxY2QRQ1ojKEyKgt3qHE2CTrc6Q3C3RUBpump,200,4000
life,2026-08-03T06:48:37.818Z,4FEphC5XxY2QRQ1ojKEyKgt3qHE2CTrc6Q3C3RUBpump,200,4000
life,2026-08-03T06:48:41.798Z,4FEphC5XxY2QRQ1ojKEyKgt3qHE2CTrc6Q3C3RUBpump,200,4000
life,2026-08-03T06:48:45.792Z,4FEphC5XxY2QRQ1ojKEyKgt3qHE2CTrc6Q3C3RUBpump,200,4000
life,2026-08-03T06:48:49.802Z,4FEphC5XxY2QRQ1ojKEyKgt3qHE2CTrc6Q3C3RUBpump,200,4000
life,2026-08-03T06:48:53.796Z,4FEphC5XxY2QRQ1ojKEyKgt3qHE2CTrc6Q3C3RUBpump,200,4000
life,2026-08-03T06:48:57.794Z,4FEphC5XxY2QRQ1ojKEyKgt3qHE2CTrc6Q3C3RUBpump,200,4000
life,2026-08-03T06:49:01.796Z,4FEphC5XxY2QRQ1ojKEyKgt3qHE2CTrc6Q3C3RUBpump,200,4000
life,2026-08-03T06:49:05.796Z,4FEphC5XxY2QRQ1ojKEyKgt3qHE2CTrc6Q3C3RUBpump,200,4000
life,2026-08-03T06:49:09.800Z,4FEphC5XxY2QRQ1ojKEyKgt3qHE2CTrc6Q3C3RUBpump,200,4000
life,2026-08-03T06:49:13.827Z,4FEphC5XxY2QRQ1ojKEyKgt3qHE2CTrc6Q3C3RUBpump,200,4000
life,2026-08-03T06:49:17.805Z,4FEphC5XxY2QRQ1ojKEyKgt3qHE2CTrc6Q3C3RUBpump,200,4000
life,2026-08-03T06:49:21.798Z,4FEphC5XxY2QRQ1ojKEyKgt3qHE2CTrc6Q3C3RUBpump,200,4000
life,2026-08-03T06:49:25.806Z,4FEphC5XxY2QRQ1ojKEyKgt3qHE2CTrc6Q3C3RUBpump,200,4000
life,2026-08-03T06:49:29.803Z,4FEphC5XxY2QRQ1ojKEyKgt3qHE2CTrc6Q3C3RUBpump,200,4000
life,2026-08-03T06:49:33.807Z,4FEphC5XxY2QRQ1ojKEyKgt3qHE2CTrc6Q3C3RUBpump,200,4000
life,2026-08-03T06:49:37.803Z,4FEphC5XxY2QRQ1ojKEyKgt3qHE2CTrc6Q3C3RUBpump,200,4000
life,2026-08-03T06:49:41.805Z,4FEphC5XxY2QRQ1ojKEyKgt3qHE2CTrc6Q3C3RUBpump,200,4000
life,2026-08-03T06:49:45.810Z,4FEphC5XxY2QRQ1ojKEyKgt3qHE2CTrc6Q3C3RUBpump,200,4000
life,2026-08-03T06:49:49.804Z,4FEphC5XxY2QRQ1ojKEyKgt3qHE2CTrc6Q3C3RUBpump,200,4000
life,2026-08-03T06:49:53.812Z,4FEphC5XxY2QRQ1ojKEyKgt3qHE2CTrc6Q3C3RUBpump,200,4000
life,2026-08-03T06:49:57.807Z,4FEphC5XxY2QRQ1ojKEyKgt3qHE2CTrc6Q3C3RUBpump,200,4000
life,2026-08-03T06:50:01.817Z,4FEphC5XxY2QRQ1ojKEyKgt3qHE2CTrc6Q3C3RUBpump,200,4000
life,2026-08-03T06:50:05.814Z,4FEphC5XxY2QRQ1ojKEyKgt3qHE2CTrc6Q3C3RUBpump,200,4000
life,2026-08-03T06:50:09.817Z,4FEphC5XxY2QRQ1ojKEyKgt3qHE2CTrc6Q3C3RUBpump,200,4000
life,2026-08-03T06:50:13.815Z,4FEphC5XxY2QRQ1ojKEyKgt3qHE2CTrc6Q3C3RUBpump,200,4000
life,2026-08-03T06:50:17.822Z,4FEphC5XxY2QRQ1ojKEyKgt3qHE2CTrc6Q3C3RUBpump,200,4000
life,2026-08-03T06:50:21.825Z,4FEphC5XxY2QRQ1ojKEyKgt3qHE2CTrc6Q3C3RUBpump,200,4000
life,2026-08-03T06:50:25.888Z,4FEphC5XxY2QRQ1ojKEyKgt3qHE2CTrc6Q3C3RUBpump,200,4000
life,2026-08-03T06:50:29.829Z,4FEphC5XxY2QRQ1ojKEyKgt3qHE2CTrc6Q3C3RUBpump,200,4000
life,2026-08-03T06:50:33.858Z,4FEphC5XxY2QRQ1ojKEyKgt3qHE2CTrc6Q3C3RUBpump,200,4000
life,2026-08-03T06:50:37.819Z,4FEphC5XxY2QRQ1ojKEyKgt3qHE2CTrc6Q3C3RUBpump,200,4000
life,2026-08-03T06:50:41.827Z,4FEphC5XxY2QRQ1ojKEyKgt3qHE2CTrc6Q3C3RUBpump,200,4000
life,2026-08-03T06:50:45.833Z,4FEphC5XxY2QRQ1ojKEyKgt3qHE2CTrc6Q3C3RUBpump,200,4000
life,2026-08-03T06:50:49.825Z,4FEphC5XxY2QRQ1ojKEyKgt3qHE2CTrc6Q3C3RUBpump,200,4000
life,2026-08-03T06:50:53.829Z,4FEphC5XxY2QRQ1ojKEyKgt3qHE2CTrc6Q3C3RUBpump,200,4000
life,2026-08-03T06:50:57.831Z,4FEphC5XxY2QRQ1ojKEyKgt3qHE2CTrc6Q3C3RUBpump,200,4000
life,2026-08-03T06:51:01.832Z,4FEphC5XxY2QRQ1ojKEyKgt3qHE2CTrc6Q3C3RUBpump,200,4000
life,2026-08-03T06:51:05.833Z,4FEphC5XxY2QRQ1ojKEyKgt3qHE2CTrc6Q3C3RUBpump,200,4000
life,2026-08-03T06:51:09.844Z,4FEphC5XxY2QRQ1ojKEyKgt3qHE2CTrc6Q3C3RUBpump,200,4000
life,2026-08-03T06:51:13.842Z,4FEphC5XxY2QRQ1ojKEyKgt3qHE2CTrc6Q3C3RUBpump,200,4000
life,2026-08-03T06:51:17.838Z,4FEphC5XxY2QRQ1ojKEyKgt3qHE2CTrc6Q3C3RUBpump,200,4000
life,2026-08-03T06:51:21.839Z,4FEphC5XxY2QRQ1ojKEyKgt3qHE2CTrc6Q3C3RUBpump,200,4000
life,2026-08-03T06:51:25.843Z,4FEphC5XxY2QRQ1ojKEyKgt3qHE2CTrc6Q3C3RUBpump,200,4000
life,2026-08-03T06:51:29.850Z,4FEphC5XxY2QRQ1ojKEyKgt3qHE2CTrc6Q3C3RUBpump,200,4000
life,2026-08-03T06:51:33.869Z,4FEphC5XxY2QRQ1ojKEyKgt3qHE2CTrc6Q3C3RUBpump,200,4000
life,2026-08-03T06:51:37.844Z,4FEphC5XxY2QRQ1ojKEyKgt3qHE2CTrc6Q3C3RUBpump,200,4000
life,2026-08-03T06:51:41.850Z,4FEphC5XxY2QRQ1ojKEyKgt3qHE2CTrc6Q3C3RUBpump,200,4000
life,2026-08-03T06:51:45.850Z,4FEphC5XxY2QRQ1ojKEyKgt3qHE2CTrc6Q3C3RUBpump,200,4000
life,2026-08-03T06:51:49.850Z,4FEphC5XxY2QRQ1ojKEyKgt3qHE2CTrc6Q3C3RUBpump,200,4000
life,2026-08-03T06:51:53.852Z,4FEphC5XxY2QRQ1ojKEyKgt3qHE2CTrc6Q3C3RUBpump,200,4000
life,2026-08-03T06:51:57.860Z,4FEphC5XxY2QRQ1ojKEyKgt3qHE2CTrc6Q3C3RUBpump,200,4000
life,2026-08-03T06:52:01.848Z,4FEphC5XxY2QRQ1ojKEyKgt3qHE2CTrc6Q3C3RUBpump,200,4000
life,2026-08-03T06:52:05.860Z,4FEphC5XxY2QRQ1ojKEyKgt3qHE2CTrc6Q3C3RUBpump,200,4000
life,2026-08-03T06:52:09.856Z,4FEphC5XxY2QRQ1ojKEyKgt3qHE2CTrc6Q3C3RUBpump,200,4000
life,2026-08-03T06:52:13.860Z,4FEphC5XxY2QRQ1ojKEyKgt3qHE2CTrc6Q3C3RUBpump,200,4000
life,2026-08-03T06:52:17.865Z,4FEphC5XxY2QRQ1ojKEyKgt3qHE2CTrc6Q3C3RUBpump,200,4000
life,2026-08-03T06:52:21.858Z,4FEphC5XxY2QRQ1ojKEyKgt3qHE2CTrc6Q3C3RUBpump,200,4000
life,2026-08-03T06:52:25.858Z,4FEphC5XxY2QRQ1ojKEyKgt3qHE2CTrc6Q3C3RUBpump,200,4000
life,2026-08-03T06:52:29.973Z,4FEphC5XxY2QRQ1ojKEyKgt3qHE2CTrc6Q3C3RUBpump,200,4000
life,2026-08-03T06:52:33.865Z,4FEphC5XxY2QRQ1ojKEyKgt3qHE2CTrc6Q3C3RUBpump,200,4000
life,2026-08-03T06:52:37.858Z,4FEphC5XxY2QRQ1ojKEyKgt3qHE2CTrc6Q3C3RUBpump,200,4000
life,2026-08-03T06:52:41.868Z,4FEphC5XxY2QRQ1ojKEyKgt3qHE2CTrc6Q3C3RUBpump,200,4000
life,2026-08-03T06:52:45.868Z,4FEphC5XxY2QRQ1ojKEyKgt3qHE2CTrc6Q3C3RUBpump,200,4000
life,2026-08-03T06:52:49.869Z,4FEphC5XxY2QRQ1ojKEyKgt3qHE2CTrc6Q3C3RUBpump,200,4000
life,2026-08-03T06:52:53.871Z,4FEphC5XxY2QRQ1ojKEyKgt3qHE2CTrc6Q3C3RUBpump,200,4000
life,2026-08-03T06:52:57.877Z,4FEphC5XxY2QRQ1ojKEyKgt3qHE2CTrc6Q3C3RUBpump,200,4000
life,2026-08-03T06:53:01.870Z,4FEphC5XxY2QRQ1ojKEyKgt3qHE2CTrc6Q3C3RUBpump,200,4000
life,2026-08-03T06:53:05.978Z,4FEphC5XxY2QRQ1ojKEyKgt3qHE2CTrc6Q3C3RUBpump,200,4000
life,2026-08-03T06:53:09.881Z,4FEphC5XxY2QRQ1ojKEyKgt3qHE2CTrc6Q3C3RUBpump,200,4000
life,2026-08-03T06:53:13.875Z,4FEphC5XxY2QRQ1ojKEyKgt3qHE2CTrc6Q3C3RUBpump,200,4000
life,2026-08-03T06:53:17.881Z,4FEphC5XxY2QRQ1ojKEyKgt3qHE2CTrc6Q3C3RUBpump,200,4000
life,2026-08-03T06:53:21.885Z,4FEphC5XxY2QRQ1ojKEyKgt3qHE2CTrc6Q3C3RUBpump,200,4000
life,2026-08-03T06:53:25.887Z,4FEphC5XxY2QRQ1ojKEyKgt3qHE2CTrc6Q3C3RUBpump,200,4000
life,2026-08-03T06:53:29.885Z,4FEphC5XxY2QRQ1ojKEyKgt3qHE2CTrc6Q3C3RUBpump,200,4000
life,2026-08-03T06:53:33.889Z,4FEphC5XxY2QRQ1ojKEyKgt3qHE2CTrc6Q3C3RUBpump,200,4000
life,2026-08-03T06:53:37.887Z,4FEphC5XxY2QRQ1ojKEyKgt3qHE2CTrc6Q3C3RUBpump,200,4000
life,2026-08-03T06:53:41.888Z,4FEphC5XxY2QRQ1ojKEyKgt3qHE2CTrc6Q3C3RUBpump,200,4000
life,2026-08-03T06:53:45.890Z,4FEphC5XxY2QRQ1ojKEyKgt3qHE2CTrc6Q3C3RUBpump,200,4000
life,2026-08-03T06:53:49.910Z,4FEphC5XxY2QRQ1ojKEyKgt3qHE2CTrc6Q3C3RUBpump,200,4000
life,2026-08-03T06:53:53.900Z,4FEphC5XxY2QRQ1ojKEyKgt3qHE2CTrc6Q3C3RUBpump,200,4000
life,2026-08-03T06:53:57.894Z,4FEphC5XxY2QRQ1ojKEyKgt3qHE2CTrc6Q3C3RUBpump,200,4000
life,2026-08-03T06:54:01.921Z,4FEphC5XxY2QRQ1ojKEyKgt3qHE2CTrc6Q3C3RUBpump,200,4000
life,2026-08-03T06:54:05.900Z,4FEphC5XxY2QRQ1ojKEyKgt3qHE2CTrc6Q3C3RUBpump,200,4000
life,2026-08-03T06:54:09.947Z,4FEphC5XxY2QRQ1ojKEyKgt3qHE2CTrc6Q3C3RUBpump,200,4000
life,2026-08-03T06:54:13.904Z,4FEphC5XxY2QRQ1ojKEyKgt3qHE2CTrc6Q3C3RUBpump,200,4000
life,2026-08-03T06:54:17.902Z,4FEphC5XxY2QRQ1ojKEyKgt3qHE2CTrc6Q3C3RUBpump,200,4000
life,2026-08-03T06:54:21.912Z,4FEphC5XxY2QRQ1ojKEyKgt3qHE2CTrc6Q3C3RUBpump,200,4000
life,2026-08-03T06:54:25.935Z,4FEphC5XxY2QRQ1ojKEyKgt3qHE2CTrc6Q3C3RUBpump,200,4000
life,2026-08-03T06:54:29.904Z,4FEphC5XxY2QRQ1ojKEyKgt3qHE2CTrc6Q3C3RUBpump,200,4000
life,2026-08-03T06:54:33.917Z,4FEphC5XxY2QRQ1ojKEyKgt3qHE2CTrc6Q3C3RUBpump,200,4000
life,2026-08-03T06:54:37.904Z,4FEphC5XxY2QRQ1ojKEyKgt3qHE2CTrc6Q3C3RUBpump,200,4000
life,2026-08-03T06:54:41.904Z,4FEphC5XxY2QRQ1ojKEyKgt3qHE2CTrc6Q3C3RUBpump,200,4000
life,2026-08-03T06:54:45.911Z,4FEphC5XxY2QRQ1ojKEyKgt3qHE2CTrc6Q3C3RUBpump,200,4000
life,2026-08-03T06:54:49.912Z,4FEphC5XxY2QRQ1ojKEyKgt3qHE2CTrc6Q3C3RUBpump,200,4000
life,2026-08-03T06:54:53.917Z,4FEphC5XxY2QRQ1ojKEyKgt3qHE2CTrc6Q3C3RUBpump,200,4000
life,2026-08-03T06:54:57.912Z,4FEphC5XxY2QRQ1ojKEyKgt3qHE2CTrc6Q3C3RUBpump,200,4000
life,2026-08-03T06:55:01.915Z,4FEphC5XxY2QRQ1ojKEyKgt3qHE2CTrc6Q3C3RUBpump,200,4000
life,2026-08-03T06:55:05.915Z,4FEphC5XxY2QRQ1ojKEyKgt3qHE2CTrc6Q3C3RUBpump,200,4000
