mint,symbol,wallet,first_t_s,first_slot,slots_after_create,in_create_slot,closed_in_window,first_buy_price_sol,fill_mult_vs_devbuy,sol_in,sol_out,residual_tokens,residual_mark_now_sol,realised_sol,pnl_sol_gross_of_fees
13JbNUE6PUmkhda8YyfMaHqUnYYYvtq1Tgp9SJjepump,civilization,Bs24o52sJ7krii8zcv3NEjNmm6B68ZQhUxxjmJErownt,0.0,411639965,0,1,1,6.801229115742691e-08,1.9559,9.876543,16.766734,0.0,0.0,6.890191,6.890191
13JbNUE6PUmkhda8YyfMaHqUnYYYvtq1Tgp9SJjepump,civilization,2CHrnc2LyagAbMaMFgthiDWh7ZZ9zT9TF8WEJf7MNE71,0.0,411639965,0,1,1,3.73870867145051e-08,1.0752,1.234568,3.138185,0.0,0.0,1.903617,1.903617
13JbNUE6PUmkhda8YyfMaHqUnYYYvtq1Tgp9SJjepump,civilization,Atgx1JXsp8pTQ9Qsi74wF5pLMVwHwyQc6jJCu84evN7c,0.0,411639965,0,1,1,3.9787393646277536e-08,1.1442,1.096296,2.430448,0.0,0.0,1.334151,1.334151
13JbNUE6PUmkhda8YyfMaHqUnYYYvtq1Tgp9SJjepump,civilization,7gEnRjDud56BVmBQMWLTticJoouzrpnyaAnN5A3EEqiy,0.0,411639965,0,1,1,7.537976457835133e-08,2.1677,2.469136,3.507153,0.0,0.0,1.038017,1.038017
13JbNUE6PUmkhda8YyfMaHqUnYYYvtq1Tgp9SJjepump,civilization,8kzFH4rgFzy4ccz97AhgqRT7Qbt7HnD5oJCDK1Sxdarb,0.0,411639965,0,1,1,4.233030152846853e-08,1.2173,1.125926,2.061372,0.0,0.0,0.935446,0.935446
13JbNUE6PUmkhda8YyfMaHqUnYYYvtq1Tgp9SJjepump,civilization,iE7qrNXzhwwt34FP2K2PXzCLxDrpbS2HuKs451JAkhM,1.0,411639968,3,0,1,1.0202732303474414e-07,2.9341,0.977778,1.238755,0.0,0.0,0.260977,0.260977
13JbNUE6PUmkhda8YyfMaHqUnYYYvtq1Tgp9SJjepump,civilization,9ZGrGSzAcWrGvzALFpUqiiXphrqH45opGC6uN6uZonE,1.0,411639968,3,0,1,9.85755110797005e-08,2.8348,1.975309,2.181565,0.0,0.0,0.206257,0.206257
13JbNUE6PUmkhda8YyfMaHqUnYYYvtq1Tgp9SJjepump,civilization,61ohufUkdgu8sxxP3Rj4zTMfN9qrNwg97SBzHNETng32,18.0,411640013,48,0,1,9.356017998189483e-08,2.6906,2.469136,2.664097,0.0,0.0,0.194961,0.194961
13JbNUE6PUmkhda8YyfMaHqUnYYYvtq1Tgp9SJjepump,civilization,7FovysP3MGZjFb2MRPtQPn27Ntejdjot2u2WAyL1fUaA,16.0,411640008,43,0,1,9.878847891206988e-08,2.8409,1.481481,1.640197,0.0,0.0,0.158715,0.158715
13JbNUE6PUmkhda8YyfMaHqUnYYYvtq1Tgp9SJjepump,civilization,8HjU8TmPPPskjMKDnYbdV8TBH6h9S1HdivLf6tQ8wbug,0.0,411639966,1,0,1,8.453911856436257e-08,2.4311,1.046612,1.192731,0.0,0.0,0.146118,0.146118
21oNMqonBPR2UFkShvQFpoLnHmaesnC8vRbz5fd3pump,feels,5brv79eFZ2rGprXNvqgVJBkBptkkw8GJX1XydJyZLyAr,1.0,411406070,1,0,1,6.239104150920553e-08,1.7942,7.901235,14.151351,0.0,0.0,6.250116,6.250116
21oNMqonBPR2UFkShvQFpoLnHmaesnC8vRbz5fd3pump,feels,2CHrnc2LyagAbMaMFgthiDWh7ZZ9zT9TF8WEJf7MNE71,0.0,411406069,0,1,1,3.73870867145051e-08,1.0752,1.234568,3.396774,0.0,0.0,2.162206,2.162206
21oNMqonBPR2UFkShvQFpoLnHmaesnC8vRbz5fd3pump,feels,DkioBQf1aZDx4cYARPKZKvGtwyvyABFdze8bAd5YX4j1,1.0,411406070,1,0,1,8.154647240823158e-08,2.3451,3.950617,5.398581,0.0,0.0,1.447964,1.447964
21oNMqonBPR2UFkShvQFpoLnHmaesnC8vRbz5fd3pump,feels,7FovysP3MGZjFb2MRPtQPn27Ntejdjot2u2WAyL1fUaA,6.0,411406083,14,0,1,8.337206831601929e-08,2.3976,2.469136,3.481732,0.0,0.0,1.012596,1.012596
21oNMqonBPR2UFkShvQFpoLnHmaesnC8vRbz5fd3pump,feels,7gEnRjDud56BVmBQMWLTticJoouzrpnyaAnN5A3EEqiy,1.0,411406070,1,0,1,6.945548260428679e-08,1.9974,2.469136,3.390387,0.0,0.0,0.921251,0.921251
21oNMqonBPR2UFkShvQFpoLnHmaesnC8vRbz5fd3pump,feels,9ZGrGSzAcWrGvzALFpUqiiXphrqH45opGC6uN6uZonE,1.0,411406070,1,0,1,8.795560609867506e-08,2.5294,1.975309,2.436624,0.0,0.0,0.461315,0.461315
21oNMqonBPR2UFkShvQFpoLnHmaesnC8vRbz5fd3pump,feels,ynAZkVZwZBXzKq9ixT5i2NANQDnX6VW2frwFsFTDBvP,6.0,411406083,14,0,1,8.593462862283208e-08,2.4713,0.790123,1.121366,0.0,0.0,0.331243,0.331243
21oNMqonBPR2UFkShvQFpoLnHmaesnC8vRbz5fd3pump,feels,DReGN3hKwQN5NqFRv1vFTAgKQUZkanYZKfuYi3RnRaSY,1.0,411406071,2,0,1,9.257954313959177e-08,2.6624,0.987654,1.255723,0.0,0.0,0.268069,0.268069
21oNMqonBPR2UFkShvQFpoLnHmaesnC8vRbz5fd3pump,feels,Ariad4z9mAeCXkxuAwRRhSGgNbNYCBDUCHNCRKy6XYVP,22.0,411406123,54,0,1,8.854974724905799e-08,2.5465,1.172056,1.348117,0.0,0.0,0.176061,0.176061
21oNMqonBPR2UFkShvQFpoLnHmaesnC8vRbz5fd3pump,feels,3RHCsZRxbQ8NnxwL1xwbbAZaFy2CkKZfozLDL46TCZXh,30.0,411406143,74,0,1,8.600920497722277e-08,2.4734,1.955556,2.041635,0.0,0.0,0.086079,0.086079
2CQ8xNWn7Y8r47V8omECuaYRUrYWyZtiDozckwPZpump,iGen,GoYiMg4YiiEHWyN8W32wgDftB7p9bpKWVrTTq4TD7kRC,0.0,412117737,1,0,1,7.507779286043225e-08,2.1591,9.876543,16.823221,127372.062,0.003535,6.946678,6.950213
2CQ8xNWn7Y8r47V8omECuaYRUrYWyZtiDozckwPZpump,iGen,2CHrnc2LyagAbMaMFgthiDWh7ZZ9zT9TF8WEJf7MNE71,0.0,412117736,0,1,1,3.73870867145051e-08,1.0752,1.234568,2.884264,0.0,0.0,1.649696,1.649696
2CQ8xNWn7Y8r47V8omECuaYRUrYWyZtiDozckwPZpump,iGen,Atgx1JXsp8pTQ9Qsi74wF5pLMVwHwyQc6jJCu84evN7c,0.0,412117736,0,1,1,3.9787393646277536e-08,1.1442,1.096296,2.008578,0.0,0.0,0.912282,0.912282
2CQ8xNWn7Y8r47V8omECuaYRUrYWyZtiDozckwPZpump,iGen,GfJA84gwT9LpeyzeckeXkCsf8vdQuA64ZYQ91xoBawvt,0.0,412117736,0,1,1,4.5209108621826235e-08,1.3001,1.234568,1.797844,0.0,0.0,0.563276,0.563276
2CQ8xNWn7Y8r47V8omECuaYRUrYWyZtiDozckwPZpump,iGen,8kzFH4rgFzy4ccz97AhgqRT7Qbt7HnD5oJCDK1Sxdarb,0.0,412117736,0,1,1,4.233030152846853e-08,1.2173,1.125926,1.594837,0.0,0.0,0.468911,0.468911
2CQ8xNWn7Y8r47V8omECuaYRUrYWyZtiDozckwPZpump,iGen,6bqbSJXwMrmu8BHPcMp3mHrqqMS9CTL5LM1SdT7Hs82K,11.0,412117765,29,0,1,8.851677557017458e-08,2.5455,2.933333,3.373271,0.0,0.0,0.439937,0.439937
2CQ8xNWn7Y8r47V8omECuaYRUrYWyZtiDozckwPZpump,iGen,7gEnRjDud56BVmBQMWLTticJoouzrpnyaAnN5A3EEqiy,0.0,412117737,1,0,1,9.767945889155271e-08,2.809,6.91358,7.301033,0.0,0.0,0.387453,0.387453
2CQ8xNWn7Y8r47V8omECuaYRUrYWyZtiDozckwPZpump,iGen,5P8A9bGUhroskpuA4hhRbybgt37TcTz7ft5zLAh8orpn,0.0,412117736,0,1,1,4.794124806934466e-08,1.3787,1.135802,1.4451,0.0,0.0,0.309297,0.309297
2CQ8xNWn7Y8r47V8omECuaYRUrYWyZtiDozckwPZpump,iGen,7kCo5vrQGVYZJf9qjABWTHeSeDafkdeFD7ttrQhxvxvJ,11.0,412117765,29,0,1,9.964469924058887e-08,2.8655,3.256,3.437161,0.0,0.0,0.181161,0.181161
2CQ8xNWn7Y8r47V8omECuaYRUrYWyZtiDozckwPZpump,iGen,CyBZ1M42J7m2z34VUDd3qVhbuH5GdcGnqgMGJJhAX8MR,7.0,412117755,19,0,1,8.41641938254364e-08,2.4204,0.872825,0.983062,0.0,0.0,0.110237,0.110237
2HXK4CBcYeJQezA1MxNgSCHgXDx3kYgpe4ivk1hZpump,Benben,2CHrnc2LyagAbMaMFgthiDWh7ZZ9zT9TF8WEJf7MNE71,0.0,432862986,0,1,1,7.194368105694149e-08,1.1531,3.308642,5.78869,0.0,0.0,2.480048,2.480048
2HXK4CBcYeJQezA1MxNgSCHgXDx3kYgpe4ivk1hZpump,Benben,Atgx1JXsp8pTQ9Qsi74wF5pLMVwHwyQc6jJCu84evN7c,0.0,432862986,0,1,1,8.186117150377942e-08,1.3121,3.209877,4.393443,0.0,0.0,1.183566,1.183566
2HXK4CBcYeJQezA1MxNgSCHgXDx3kYgpe4ivk1hZpump,Benben,8kzFH4rgFzy4ccz97AhgqRT7Qbt7HnD5oJCDK1Sxdarb,0.0,432862986,0,1,1,9.325745970029008e-08,1.4947,3.45679,4.382733,0.0,0.0,0.925943,0.925943
2HXK4CBcYeJQezA1MxNgSCHgXDx3kYgpe4ivk1hZpump,Benben,Gku8cuthhvfoPoG18rg1EULt58xB7j1fgPoifJcyh411,10.0,432863011,25,0,1,1.199612320166669e-07,1.9227,5.495698,5.968417,0.0,0.0,0.472719,0.472719
2HXK4CBcYeJQezA1MxNgSCHgXDx3kYgpe4ivk1hZpump,Benben,Anubis512ho5t7S6LNSwoxUWdeQmX2kf3RvZ8ApHHF5w,0.0,432862986,0,1,1,1.653936317206112e-07,2.6509,2.212346,2.631353,0.0,0.0,0.419008,0.419008
2HXK4CBcYeJQezA1MxNgSCHgXDx3kYgpe4ivk1hZpump,Benben,4yFAz7dp5WwuZs3vbWKedbRiUmSFxTVGCdsLAxfEQrG3,0.0,432862986,0,1,1,1.4151843510016392e-07,2.2682,2.926383,3.282796,0.0,0.0,0.356412,0.356412
2HXK4CBcYeJQezA1MxNgSCHgXDx3kYgpe4ivk1hZpump,Benben,8eMntzBDpLZjk6jxWryhU6AZand54sqRhmv81LHmguvZ,0.0,432862986,0,1,1,1.542163313109892e-07,2.4718,2.962963,3.272797,0.0,0.0,0.309834,0.309834
2HXK4CBcYeJQezA1MxNgSCHgXDx3kYgpe4ivk1hZpump,Benben,GhNgR53EzCuFrusWGvLW51P4bX6TSTtBzjf8qLEcFeMv,3.0,432862995,9,0,1,1.8487815939897382e-07,2.9632,5.925926,6.185991,0.0,0.0,0.260065,0.260065
2HXK4CBcYeJQezA1MxNgSCHgXDx3kYgpe4ivk1hZpump,Benben,DTbMwEZ6xfouMAbog188p6FGAk2k9LzJgY3Rd4i5MBRX,1.0,432862988,2,0,1,1.8329552201964925e-07,2.9379,1.866779,2.113742,0.0,0.0,0.246963,0.246963
2HXK4CBcYeJQezA1MxNgSCHgXDx3kYgpe4ivk1hZpump,Benben,9u5f8WMfyrHo5ondELytGiN9oNphVK1yVuyp2qomdZCs,15.0,432863022,36,0,1,1.3139325744468435e-07,2.106,1.481481,1.685591,0.0,0.0,0.20411,0.20411
2K3rNJbmK9JXqPQtLaCteUQJ2ps2bQ9fr5w8rtC7pump,luna,2CHrnc2LyagAbMaMFgthiDWh7ZZ9zT9TF8WEJf7MNE71,0.0,430347689,0,1,1,7.194368105694149e-08,1.1531,3.308642,4.08746,0.0,0.0,0.778818,0.778818
2K3rNJbmK9JXqPQtLaCteUQJ2ps2bQ9fr5w8rtC7pump,luna,5brv79eFZ2rGprXNvqgVJBkBptkkw8GJX1XydJyZLyAr,0.0,430347689,0,1,1,1.4584614409023218e-07,2.3376,3.950617,4.427538,0.0,0.0,0.476921,0.476921
2K3rNJbmK9JXqPQtLaCteUQJ2ps2bQ9fr5w8rtC7pump,luna,GmNi3xSt4zSB3PEuwDmT41V7KobZBaPnCeN26sJX8DUs,13.0,430347721,32,0,1,7.305038344454498e-08,1.1708,1.975309,2.387531,0.0,0.0,0.412222,0.412222
2K3rNJbmK9JXqPQtLaCteUQJ2ps2bQ9fr5w8rtC7pump,luna,8eMntzBDpLZjk6jxWryhU6AZand54sqRhmv81LHmguvZ,0.0,430347689,0,1,1,1.718284314648587e-07,2.7541,2.962963,3.28827,0.0,0.0,0.325307,0.325307
2K3rNJbmK9JXqPQtLaCteUQJ2ps2bQ9fr5w8rtC7pump,luna,2V6LVH3jY75M7XZgkhd2DCY7D8CQYZ6PAPayXbtrRgUA,0.0,430347689,0,1,1,1.5136330213085657e-07,2.426,1.283951,1.5623,0.0,0.0,0.27835,0.27835
2K3rNJbmK9JXqPQtLaCteUQJ2ps2bQ9fr5w8rtC7pump,luna,B8vYdiPJCJBUX2ZqSDXhs76vw6rMqstZgHQfwjmmtt21,11.0,430347716,27,0,1,7.895529243120947e-08,1.2655,2.765432,3.003309,0.0,0.0,0.237877,0.237877
2K3rNJbmK9JXqPQtLaCteUQJ2ps2bQ9fr5w8rtC7pump,luna,BaCiZEsPHBwaUde4BqAw55kwLjnWXHDUGixNVkMF22iQ,10.0,430347713,24,0,1,8.46194068089221e-08,1.3563,3.950617,4.165103,0.0,0.0,0.214485,0.214485
2K3rNJbmK9JXqPQtLaCteUQJ2ps2bQ9fr5w8rtC7pump,luna,8U3rggHbZK1VtFMA55JDyhPPy66eF8UZAQtENCo2Ur57,10.0,430347713,24,0,1,9.109606836874925e-08,1.4601,2.933333,3.140154,0.0,0.0,0.20682,0.20682
2K3rNJbmK9JXqPQtLaCteUQJ2ps2bQ9fr5w8rtC7pump,luna,DTbMwEZ6xfouMAbog188p6FGAk2k9LzJgY3Rd4i5MBRX,0.0,430347689,0,1,1,1.8453039433791516e-07,2.9576,2.210973,2.4108,0.0,0.0,0.199827,0.199827
2K3rNJbmK9JXqPQtLaCteUQJ2ps2bQ9fr5w8rtC7pump,luna,GRevWsvJCmmZ6cF6GdAkpKNW6TCLm5MBKyBc3XtUeMmB,0.0,430347689,0,1,1,1.5840990607986266e-07,2.539,1.112491,1.27911,0.0,0.0,0.16662,0.16662
2VzeNtYL2LLV48T2j7QydBNFFgAwBZyC3ag2NW4cpump,Shapes,2CHrnc2LyagAbMaMFgthiDWh7ZZ9zT9TF8WEJf7MNE71,0.0,425586871,0,1,1,7.194368105694149e-08,1.1531,3.308642,5.598915,0.0,0.0,2.290273,2.290273
2VzeNtYL2LLV48T2j7QydBNFFgAwBZyC3ag2NW4cpump,Shapes,4iubzbC4MFyS5zeK8wbr6WgX3T6gor5Qs3pyzyTcK5qp,14.0,425586909,38,0,1,1.226600102896594e-07,1.966,0.073644,1.789669,0.0,0.0,1.716025,1.716025
2VzeNtYL2LLV48T2j7QydBNFFgAwBZyC3ag2NW4cpump,Shapes,8Wnqm72wwKHcnvxXgb5j6LzH7wMxJv7utHyc5UzR9K9g,4.0,425586882,11,0,1,1.401085216018117e-07,2.2457,2.124944,3.758041,0.0,0.0,1.633097,1.633097
2VzeNtYL2LLV48T2j7QydBNFFgAwBZyC3ag2NW4cpump,Shapes,Atgx1JXsp8pTQ9Qsi74wF5pLMVwHwyQc6jJCu84evN7c,0.0,425586871,0,1,1,8.186117150377942e-08,1.3121,3.209877,4.441787,0.0,0.0,1.231911,1.231911
2VzeNtYL2LLV48T2j7QydBNFFgAwBZyC3ag2NW4cpump,Shapes,8kzFH4rgFzy4ccz97AhgqRT7Qbt7HnD5oJCDK1Sxdarb,0.0,425586871,0,1,1,9.258624310210086e-08,1.484,3.259259,4.299704,0.0,0.0,1.040445,1.040445
2VzeNtYL2LLV48T2j7QydBNFFgAwBZyC3ag2NW4cpump,Shapes,Anubis512ho5t7S6LNSwoxUWdeQmX2kf3RvZ8ApHHF5w,0.0,425586871,0,1,1,1.55076443792838e-07,2.4856,1.804748,2.491895,0.0,0.0,0.687147,0.687147
2VzeNtYL2LLV48T2j7QydBNFFgAwBZyC3ag2NW4cpump,Shapes,B8vYdiPJCJBUX2ZqSDXhs76vw6rMqstZgHQfwjmmtt21,5.0,425586886,15,0,1,1.1630961086700123e-07,1.8642,3.657284,4.044307,0.0,0.0,0.387023,0.387023
2VzeNtYL2LLV48T2j7QydBNFFgAwBZyC3ag2NW4cpump,Shapes,5brv79eFZ2rGprXNvqgVJBkBptkkw8GJX1XydJyZLyAr,0.0,425586871,0,1,1,1.45006441513512e-07,2.3242,1.975309,2.361431,0.0,0.0,0.386122,0.386122
2VzeNtYL2LLV48T2j7QydBNFFgAwBZyC3ag2NW4cpump,Shapes,2ccgxuZv5NEngCwWqj6zjwxHWVc8RDwXgMUfUnmpTYHQ,0.0,425586872,1,0,1,1.6001297988168694e-07,2.5647,1.975309,2.32009,0.0,0.0,0.344781,0.344781
2VzeNtYL2LLV48T2j7QydBNFFgAwBZyC3ag2NW4cpump,Shapes,Bv9rXTo1zTLs2C9kAzRbMER9tnbETWpvsZjVkAsZpwvp,4.0,425586882,11,0,1,1.302631804237372e-07,2.0879,5.925926,6.202991,0.0,0.0,0.277065,0.277065
2XXdGaoXw6jjenAZ4mUXrZU8BZzDXAzyoxXcsn5Spump,AI,Atgx1JXsp8pTQ9Qsi74wF5pLMVwHwyQc6jJCu84evN7c,0.0,433312025,0,1,1,8.186117150377942e-08,1.3121,3.209877,5.515286,0.0,0.0,2.305409,2.305409
2XXdGaoXw6jjenAZ4mUXrZU8BZzDXAzyoxXcsn5Spump,AI,G9XvGVG9gCLaihu7wyzXsG2Jrji8nzV2oy3biQAxW8ot,8.0,433312045,20,0,1,8.986447584282505e-08,1.4403,2.773136,3.637474,0.0,0.0,0.864339,0.864339
2XXdGaoXw6jjenAZ4mUXrZU8BZzDXAzyoxXcsn5Spump,AI,2CHrnc2LyagAbMaMFgthiDWh7ZZ9zT9TF8WEJf7MNE71,0.0,433312025,0,1,1,7.194368105694149e-08,1.1531,3.308642,4.16007,0.0,0.0,0.851428,0.851428
2XXdGaoXw6jjenAZ4mUXrZU8BZzDXAzyoxXcsn5Spump,AI,HA9d7VPoPrw61fsgDgC9nvgq79miMFEfX8pRfy4KSoBY,8.0,433312045,20,0,1,9.44635601047863e-08,1.5141,2.718222,3.465486,0.0,0.0,0.747264,0.747264
2XXdGaoXw6jjenAZ4mUXrZU8BZzDXAzyoxXcsn5Spump,AI,7jBcDMNmQoAZbYXeWwJNL7Pg36p2UtKRHWvgZDpf2TUR,16.0,433312063,38,0,1,7.916925869141146e-08,1.2689,1.178356,1.620488,0.0,0.0,0.442132,0.442132
2XXdGaoXw6jjenAZ4mUXrZU8BZzDXAzyoxXcsn5Spump,AI,8eMntzBDpLZjk6jxWryhU6AZand54sqRhmv81LHmguvZ,0.0,433312025,0,1,1,1.7145891988574105e-07,2.7481,2.962963,3.393824,0.0,0.0,0.430861,0.430861
2XXdGaoXw6jjenAZ4mUXrZU8BZzDXAzyoxXcsn5Spump,AI,8kzFH4rgFzy4ccz97AhgqRT7Qbt7HnD5oJCDK1Sxdarb,0.0,433312025,0,1,1,9.325745970029008e-08,1.4947,3.45679,3.868407,0.0,0.0,0.411616,0.411616
2XXdGaoXw6jjenAZ4mUXrZU8BZzDXAzyoxXcsn5Spump,AI,76ws2A2fvuMxw4Ko2ZaeV5fNPR71EXt2Vx2F9JpVU4YE,16.0,433312063,38,0,1,7.932208904361675e-08,1.2714,1.168311,1.571906,0.0,0.0,0.403595,0.403595
2XXdGaoXw6jjenAZ4mUXrZU8BZzDXAzyoxXcsn5Spump,AI,64hP97Bwr5PubotcTeGgfhkFrGiLVVxT2kVo9M9b4AEz,18.0,433312070,45,0,1,1.266430662470613e-07,2.0298,3.815542,4.188828,0.0,0.0,0.373286,0.373286
2XXdGaoXw6jjenAZ4mUXrZU8BZzDXAzyoxXcsn5Spump,AI,57stAMFvwctAjkBS76RXGoK4QKyS1QoxbGMbzFFe4DyZ,16.0,433312064,39,0,1,1.213089494337464e-07,1.9443,2.962963,3.329012,0.0,0.0,0.366049,0.366049
2aqfW4bNxHiZ3Ta5mo42kmrGisYbmo98ARxD3BFqpump,Potter,5brv79eFZ2rGprXNvqgVJBkBptkkw8GJX1XydJyZLyAr,0.0,423612907,0,1,1,9.630793460024437e-08,1.9496,8.888889,14.498806,0.0,0.0,5.609917,5.609917
2aqfW4bNxHiZ3Ta5mo42kmrGisYbmo98ARxD3BFqpump,Potter,2CHrnc2LyagAbMaMFgthiDWh7ZZ9zT9TF8WEJf7MNE71,0.0,423612907,0,1,1,5.275718932970118e-08,1.068,1.333333,3.654264,0.0,0.0,2.320931,2.320931
2aqfW4bNxHiZ3Ta5mo42kmrGisYbmo98ARxD3BFqpump,Potter,DtuCsfYR9LKe8RPck3dzpmbU9jeEWiz2RWxQYimWMu2S,2.0,423612912,5,0,1,1.1507974029835213e-07,2.3296,0.134107,2.230575,0.0,0.0,2.096468,2.096468
2aqfW4bNxHiZ3Ta5mo42kmrGisYbmo98ARxD3BFqpump,Potter,Atgx1JXsp8pTQ9Qsi74wF5pLMVwHwyQc6jJCu84evN7c,0.0,423612907,0,1,1,5.609584798034692e-08,1.1356,1.283951,2.996392,0.0,0.0,1.712441,1.712441
2aqfW4bNxHiZ3Ta5mo42kmrGisYbmo98ARxD3BFqpump,Potter,8kzFH4rgFzy4ccz97AhgqRT7Qbt7HnD5oJCDK1Sxdarb,0.0,423612907,0,1,1,5.932221497121143e-08,1.2009,1.204938,2.605999,0.0,0.0,1.401061,1.401061
2aqfW4bNxHiZ3Ta5mo42kmrGisYbmo98ARxD3BFqpump,Potter,6bqbSJXwMrmu8BHPcMp3mHrqqMS9CTL5LM1SdT7Hs82K,8.0,423612924,17,0,1,1.2211431571227494e-07,2.472,5.866667,6.93606,0.0,0.0,1.069394,1.069394
2aqfW4bNxHiZ3Ta5mo42kmrGisYbmo98ARxD3BFqpump,Potter,Hban7cRdSFBUEZn4sZJNQF6ReNccrQ2qUgd9Aw3rFUyU,0.0,423612907,0,1,1,1.0889172768646343e-07,2.2044,2.962963,3.571705,0.0,0.0,0.608742,0.608742
2aqfW4bNxHiZ3Ta5mo42kmrGisYbmo98ARxD3BFqpump,Potter,gWTmSBYYJhDf8kM9CKdej7pL96Jjq7rhTiBd6pyv2Yb,4.0,423612915,8,0,1,1.1804380292932775e-07,2.3896,4.938272,5.325652,0.0,0.0,0.38738,0.38738
2aqfW4bNxHiZ3Ta5mo42kmrGisYbmo98ARxD3BFqpump,Potter,4kiqwPb4ihe9hvMhqT58P4R4iS5mDPc4MushU85582pu,10.0,423612930,23,0,1,1.3062781593500549e-07,2.6444,2.102222,2.407442,0.0,0.0,0.30522,0.30522
2aqfW4bNxHiZ3Ta5mo42kmrGisYbmo98ARxD3BFqpump,Potter,ra1nXGNWYLgLG5VWMjPwBg4uijqJFwQtMXQ7vjuaPoE,2.0,423612912,5,0,1,1.226706660819399e-07,2.4833,1.975309,2.274818,0.0,0.0,0.299509,0.299509
2n16wWMsnEVHbE2WV9o66z3E4QfhSjcRg7rsTmYkpump,Rina ,GoYiMg4YiiEHWyN8W32wgDftB7p9bpKWVrTTq4TD7kRC,0.0,412297562,0,1,1,7.720432220940641e-08,2.1561,9.876543,14.472928,0.0,0.0,4.596385,4.596385
2n16wWMsnEVHbE2WV9o66z3E4QfhSjcRg7rsTmYkpump,Rina ,2CHrnc2LyagAbMaMFgthiDWh7ZZ9zT9TF8WEJf7MNE71,0.0,412297562,0,1,1,3.845906356913175e-08,1.074,1.234568,2.570655,0.0,0.0,1.336087,1.336087
2n16wWMsnEVHbE2WV9o66z3E4QfhSjcRg7rsTmYkpump,Rina ,7khnV9bwaBTNSP3RtKy9XsyJLYJJyEtG2uoupP39oa3K,28.0,412297631,69,0,1,,,0.0,1.136866,0.0,0.0,1.136866,1.136866
2n16wWMsnEVHbE2WV9o66z3E4QfhSjcRg7rsTmYkpump,Rina ,Atgx1JXsp8pTQ9Qsi74wF5pLMVwHwyQc6jJCu84evN7c,0.0,412297562,0,1,1,4.098211071237717e-08,1.1445,1.135802,2.223037,0.0,0.0,1.087235,1.087235
2n16wWMsnEVHbE2WV9o66z3E4QfhSjcRg7rsTmYkpump,Rina ,8kzFH4rgFzy4ccz97AhgqRT7Qbt7HnD5oJCDK1Sxdarb,0.0,412297562,0,1,1,4.3470460654150223e-08,1.214,1.08642,1.812486,0.0,0.0,0.726066,0.726066
2n16wWMsnEVHbE2WV9o66z3E4QfhSjcRg7rsTmYkpump,Rina ,Dogz5UoxqULHUE3CMWbCrNTwMsCBsnhcGe8Uuk2hwvv3,9.0,412297582,20,0,1,7.995579693062834e-08,2.2329,1.173333,1.410191,0.0,0.0,0.236858,0.236858
2n16wWMsnEVHbE2WV9o66z3E4QfhSjcRg7rsTmYkpump,Rina ,9oieEBu7gprdMmWrSKQFMk48DiCa3AH2edY2eZn8ortJ,0.0,412297562,0,1,1,8.108612634790017e-08,2.2645,0.647279,0.856171,0.0,0.0,0.208891,0.208891
2n16wWMsnEVHbE2WV9o66z3E4QfhSjcRg7rsTmYkpump,Rina ,2Xdd6ZqoFxkodNY3TqXnYHuptwDF6rmdwG5YMWsTsnaS,0.0,412297562,0,1,1,7.904450733808336e-08,2.2075,0.590617,0.794808,0.0,0.0,0.204191,0.204191
2n16wWMsnEVHbE2WV9o66z3E4QfhSjcRg7rsTmYkpump,Rina ,DuuRTor81GRbkNPPTmpwLDVhgtLvnbYpb1dcSuxHNFZW,3.0,412297568,6,0,1,8.551313339700021e-08,2.3881,0.780935,0.957004,0.0,0.0,0.176069,0.176069
2n16wWMsnEVHbE2WV9o66z3E4QfhSjcRg7rsTmYkpump,Rina ,3RHCsZRxbQ8NnxwL1xwbbAZaFy2CkKZfozLDL46TCZXh,3.0,412297568,6,0,1,9.764981688370154e-08,2.7271,3.891358,4.059527,0.0,0.0,0.168169,0.168169
2ozGLWmZG5w4ACkUjg4uR82Lj3rZoBh84pdUtdrepump,happiness,5brv79eFZ2rGprXNvqgVJBkBptkkw8GJX1XydJyZLyAr,0.0,409015551,0,1,1,7.998206803976101e-08,2.2337,13.333333,18.131931,0.0,0.0,4.798597,4.798597
2ozGLWmZG5w4ACkUjg4uR82Lj3rZoBh84pdUtdrepump,happiness,2CHrnc2LyagAbMaMFgthiDWh7ZZ9zT9TF8WEJf7MNE71,0.0,409015551,0,1,1,3.845906356913175e-08,1.074,1.234568,2.528624,0.0,0.0,1.294056,1.294056
2ozGLWmZG5w4ACkUjg4uR82Lj3rZoBh84pdUtdrepump,happiness,8EbyrY91t2CxymzsAehPYMJMn4uctgoLBk5CK5BbdovV,7.0,409015568,17,0,1,6.35940805572062e-08,1.776,1.975309,3.07562,0.0,0.0,1.100311,1.100311
2ozGLWmZG5w4ACkUjg4uR82Lj3rZoBh84pdUtdrepump,happiness,8kzFH4rgFzy4ccz97AhgqRT7Qbt7HnD5oJCDK1Sxdarb,0.0,409015551,0,1,1,4.347046065647312e-08,1.214,1.125926,1.862464,0.0,0.0,0.736539,0.736539
2ozGLWmZG5w4ACkUjg4uR82Lj3rZoBh84pdUtdrepump,happiness,7NBMEiAMXTSwAapRaajXE6L7qGodGszjsKsGt4Ea7fzJ,5.0,409015562,11,0,1,7.401309792813812e-08,2.067,2.962963,3.562845,0.0,0.0,0.599882,0.599882
2ozGLWmZG5w4ACkUjg4uR82Lj3rZoBh84pdUtdrepump,happiness,Atgx1JXsp8pTQ9Qsi74wF5pLMVwHwyQc6jJCu84evN7c,0.0,409015551,0,1,1,4.089300708911314e-08,1.142,1.096296,1.48826,0.0,0.0,0.391964,0.391964
2ozGLWmZG5w4ACkUjg4uR82Lj3rZoBh84pdUtdrepump,happiness,uvKtjudVb5Q5sZ9RxVCiE9PWsHkbHv1MxCzGbN2whj7,7.0,409015568,17,0,1,6.595070965463648e-08,1.8418,0.830701,1.199582,0.0,0.0,0.368881,0.368881
2ozGLWmZG5w4ACkUjg4uR82Lj3rZoBh84pdUtdrepump,happiness,2y9Cmwh1RG9CwDkikcSEM2URf8LeZwkT7oYuusD8HKU1,5.0,409015563,12,0,1,8.112232895220004e-08,2.2655,0.977778,1.238675,0.0,0.0,0.260897,0.260897
2ozGLWmZG5w4ACkUjg4uR82Lj3rZoBh84pdUtdrepump,happiness,Hdda7suq1AAuMChZbf2PY2uGyN9yGfFUc2YPUedee9iA,5.0,409015562,11,0,1,7.997365319344821e-08,2.2334,1.955556,2.145074,0.0,0.0,0.189519,0.189519
2ozGLWmZG5w4ACkUjg4uR82Lj3rZoBh84pdUtdrepump,happiness,BNwVduQq1AH3ee5hnLQtbJmPyrBJHaS29b6VQt3pzvsR,3.0,409015557,6,0,1,7.377541132605742e-08,2.0603,0.488748,0.644807,0.0,0.0,0.156059,0.156059
2rXsK5JneEyCX8BGuYa3GvjncvNVroqoVtgP8pmnpump,Rico,5brv79eFZ2rGprXNvqgVJBkBptkkw8GJX1XydJyZLyAr,0.0,418391711,0,1,0,1.0683073212232063e-07,2.1626,11.851852,13.742956,10439886.559,0.186141,1.891105,2.077245
2rXsK5JneEyCX8BGuYa3GvjncvNVroqoVtgP8pmnpump,Rico,Atgx1JXsp8pTQ9Qsi74wF5pLMVwHwyQc6jJCu84evN7c,0.0,418391711,0,1,1,5.609584798034692e-08,1.1356,1.283951,3.155689,0.0,0.0,1.871738,1.871738
2rXsK5JneEyCX8BGuYa3GvjncvNVroqoVtgP8pmnpump,Rico,2CHrnc2LyagAbMaMFgthiDWh7ZZ9zT9TF8WEJf7MNE71,0.0,418391711,0,1,1,5.275718932970118e-08,1.068,1.333333,3.191202,0.0,0.0,1.857869,1.857869
2rXsK5JneEyCX8BGuYa3GvjncvNVroqoVtgP8pmnpump,Rico,8kzFH4rgFzy4ccz97AhgqRT7Qbt7HnD5oJCDK1Sxdarb,0.0,418391711,0,1,1,5.932221497121143e-08,1.2009,1.204938,2.856755,0.0,0.0,1.651816,1.651816
2rXsK5JneEyCX8BGuYa3GvjncvNVroqoVtgP8pmnpump,Rico,AdmuNy6KJgYa8GoJXDqCknBte57WQEf8khQG9iu9cY5,7.0,418391729,18,0,1,1.0690372359041654e-07,2.1641,3.950617,4.620869,0.0,0.0,0.670252,0.670252
2rXsK5JneEyCX8BGuYa3GvjncvNVroqoVtgP8pmnpump,Rico,5oexkUsHN2wpi3G3WDX7C9hmWDygnQyfZDtYdkLsU3ao,12.0,418391740,29,0,1,1.2431308493267658e-07,2.5165,2.933333,3.308104,0.0,0.0,0.374771,0.374771
2rXsK5JneEyCX8BGuYa3GvjncvNVroqoVtgP8pmnpump,Rico,CiiormMvuitQv7XnkQW2gCPTvEP5h7MzZkVHAUjmfS4v,3.0,418391719,8,0,1,1.09939676067296e-07,2.2256,1.466667,1.80077,0.0,0.0,0.334104,0.334104
2rXsK5JneEyCX8BGuYa3GvjncvNVroqoVtgP8pmnpump,Rico,4VvdcB1Bde2qCPdbxkFcy79qk3cT1nMXFoGuhfhCa7gr,29.0,418391782,71,0,1,1.2106865917727287e-07,2.4509,0.977778,1.269363,0.0,0.0,0.291585,0.291585
2rXsK5JneEyCX8BGuYa3GvjncvNVroqoVtgP8pmnpump,Rico,52NUhyYcpwwycY2To1bLMtp6pjDjtUMFeUqQxZfBJgAt,22.0,418391765,54,0,1,1.2824133875973617e-07,2.5961,1.583232,1.837416,0.0,0.0,0.254184,0.254184
2rXsK5JneEyCX8BGuYa3GvjncvNVroqoVtgP8pmnpump,Rico,DuuRTor81GRbkNPPTmpwLDVhgtLvnbYpb1dcSuxHNFZW,6.0,418391726,15,0,1,1.0608164732782324e-07,2.1475,2.544727,2.770412,0.0,0.0,0.225686,0.225686
2wpWjjDCQSHkvx13ocwJTLuzzMxRRLcPjrKJ6JZZpump,Doug,7TNYdvwDzuRKvquzn24grcGwvrtpsYK58GAWdRBnm3UT,7.0,410539915,17,0,1,6.522606940272153e-08,1.9324,2.933333,12.373499,0.0,0.0,9.440166,9.440166
2wpWjjDCQSHkvx13ocwJTLuzzMxRRLcPjrKJ6JZZpump,Doug,Atgx1JXsp8pTQ9Qsi74wF5pLMVwHwyQc6jJCu84evN7c,0.0,410539898,0,1,1,3.8696931821971665e-08,1.1464,1.096296,6.346826,0.0,0.0,5.25053,5.25053
2wpWjjDCQSHkvx13ocwJTLuzzMxRRLcPjrKJ6JZZpump,Doug,Bi4rd5FH5bYEN8scZ7wevxNZyNmKHdaBcvewdPFxYdLt,16.0,410539936,38,0,1,1.0544867735158212e-07,3.124,2.962963,6.89064,0.0,0.0,3.927677,3.927677
2wpWjjDCQSHkvx13ocwJTLuzzMxRRLcPjrKJ6JZZpump,Doug,2CHrnc2LyagAbMaMFgthiDWh7ZZ9zT9TF8WEJf7MNE71,0.0,410539898,0,1,1,3.633026147834004e-08,1.0763,1.234568,4.088009,0.0,0.0,2.853441,2.853441
2wpWjjDCQSHkvx13ocwJTLuzzMxRRLcPjrKJ6JZZpump,Doug,EgQX9R3Qph1dPHE1Ysou1auSYqRGomCNmLDC28Yg77aq,0.0,410539898,0,1,1,5.125704691933909e-08,1.5185,4.2,6.860191,0.0,0.0,2.660191,2.660191
2wpWjjDCQSHkvx13ocwJTLuzzMxRRLcPjrKJ6JZZpump,Doug,6KR7SorsUQtNH6CB6JpAnWCAKeTysa95iyXeWihdNeGT,29.0,410539970,72,0,1,,,0.0,2.646277,0.0,0.0,2.646277,2.646277
2wpWjjDCQSHkvx13ocwJTLuzzMxRRLcPjrKJ6JZZpump,Doug,Hqu85svBmrKDaPyFgwKFXzz1XbfCQZeR5sWMaXbFcVEa,21.0,410539950,52,0,1,1.536724616754026e-07,4.5527,5.925926,8.269041,0.0,0.0,2.343115,2.343115
2wpWjjDCQSHkvx13ocwJTLuzzMxRRLcPjrKJ6JZZpump,Doug,9Ncqy15uqxcMm49S9Cazz7CBKyyx8oeoF2FDk5UyzP7s,3.0,410539904,6,0,0,6.509327238108296e-08,1.9284,1.728395,3.838359,9219166.83,0.168314,2.109964,2.278278
2wpWjjDCQSHkvx13ocwJTLuzzMxRRLcPjrKJ6JZZpump,Doug,57stAMFvwctAjkBS76RXGoK4QKyS1QoxbGMbzFFe4DyZ,8.0,410539917,19,0,1,8.746381420667867e-08,2.5912,3.45679,5.674613,0.0,0.0,2.217823,2.217823
2wpWjjDCQSHkvx13ocwJTLuzzMxRRLcPjrKJ6JZZpump,Doug,Cc7HgjrrRqLhgY1Am5d83kvcoiHmLkPz5zSRcKKej4Nf,7.0,410539915,17,0,1,6.531115767204487e-08,1.9349,1.481481,3.390379,0.0,0.0,1.908898,1.908898
2xEVzpcMoHQJVzJXUEXLmwqQeSxb2cyRQWA5N9Sxpump,zalgo,2CHrnc2LyagAbMaMFgthiDWh7ZZ9zT9TF8WEJf7MNE71,0.0,435119071,0,1,1,7.194368105694149e-08,1.1531,3.308642,4.45588,0.0,0.0,1.147238,1.147238
2xEVzpcMoHQJVzJXUEXLmwqQeSxb2cyRQWA5N9Sxpump,zalgo,8eMntzBDpLZjk6jxWryhU6AZand54sqRhmv81LHmguvZ,0.0,435119071,0,1,1,1.4167187380316767e-07,2.2707,2.962963,3.657547,0.0,0.0,0.694584,0.694584
2xEVzpcMoHQJVzJXUEXLmwqQeSxb2cyRQWA5N9Sxpump,zalgo,GDQeTnqkyeLyRSjWaeFY5HsxaWoQmmXFc1N6wyuuHiQD,0.0,435119071,0,1,1,1.6779567035540986e-07,2.6894,2.962963,3.643396,0.0,0.0,0.680433,0.680433
2xEVzpcMoHQJVzJXUEXLmwqQeSxb2cyRQWA5N9Sxpump,zalgo,Atgx1JXsp8pTQ9Qsi74wF5pLMVwHwyQc6jJCu84evN7c,0.0,435119071,0,1,1,8.186117150377942e-08,1.3121,3.209877,3.879087,0.0,0.0,0.669211,0.669211
2xEVzpcMoHQJVzJXUEXLmwqQeSxb2cyRQWA5N9Sxpump,zalgo,5Zuhg8NDdbpv6LMZBJp9rsZMrddj59SG8R1fLQZohTQX,7.0,435119088,17,0,1,1.1946826296184603e-07,1.9148,1.857778,2.419778,0.0,0.0,0.562,0.562
2xEVzpcMoHQJVzJXUEXLmwqQeSxb2cyRQWA5N9Sxpump,zalgo,CSK4x9WZntofUjvSF9dK7kTcrN4cV4EBPNiMMex5bFLF,5.0,435119082,11,0,1,1.353315441662115e-07,2.1691,2.281481,2.545217,0.0,0.0,0.263735,0.263735
2xEVzpcMoHQJVzJXUEXLmwqQeSxb2cyRQWA5N9Sxpump,zalgo,GuKhxddRMPMusqxZjnuagzNe7mpTgqESi6SSN62fHeFF,26.0,435119135,64,0,1,9.767386956217941e-08,1.5655,1.481481,1.680336,0.0,0.0,0.198855,0.198855
2xEVzpcMoHQJVzJXUEXLmwqQeSxb2cyRQWA5N9Sxpump,zalgo,AVRTrp1mkEgBK1rJKiPr22xoejEkJW4UhkA8T4GZsmd2,24.0,435119128,57,0,1,8.614288532382173e-08,1.3807,0.645333,0.833678,0.0,0.0,0.188345,0.188345
2xEVzpcMoHQJVzJXUEXLmwqQeSxb2cyRQWA5N9Sxpump,zalgo,5rvWutb1Lj2mw4jkkm1q3gNk1qtMeTEbu3Ebz6g11Nwy,17.0,435119112,41,0,1,1.0185402498820912e-07,1.6325,0.586667,0.773435,0.002,0.0,0.186768,0.186768
2xEVzpcMoHQJVzJXUEXLmwqQeSxb2cyRQWA5N9Sxpump,zalgo,Anubis512ho5t7S6LNSwoxUWdeQmX2kf3RvZ8ApHHF5w,1.0,435119072,1,0,1,1.8543098791951188e-07,2.9721,2.212346,2.37801,0.0,0.0,0.165664,0.165664
2yNV1pfrZh7UoHKuvrFnA5ozpCzb3w3ojEuqGX6cpump,one,5brv79eFZ2rGprXNvqgVJBkBptkkw8GJX1XydJyZLyAr,0.0,416004376,0,1,0,1.1639170502981904e-07,2.9029,19.753086,33.66165,49494134.987,1.376977,13.908563,15.285541
2yNV1pfrZh7UoHKuvrFnA5ozpCzb3w3ojEuqGX6cpump,one,2CHrnc2LyagAbMaMFgthiDWh7ZZ9zT9TF8WEJf7MNE71,0.0,416004376,0,1,1,4.289848714638901e-08,1.0699,1.234568,5.373331,0.0,0.0,4.138764,4.138764
2yNV1pfrZh7UoHKuvrFnA5ozpCzb3w3ojEuqGX6cpump,one,Atgx1JXsp8pTQ9Qsi74wF5pLMVwHwyQc6jJCu84evN7c,0.0,416004376,0,1,1,4.556092915944877e-08,1.1363,1.135802,4.47326,0.0,0.0,3.337457,3.337457
2yNV1pfrZh7UoHKuvrFnA5ozpCzb3w3ojEuqGX6cpump,one,8kzFH4rgFzy4ccz97AhgqRT7Qbt7HnD5oJCDK1Sxdarb,0.0,416004376,0,1,1,4.818261332452012e-08,1.2017,1.08642,3.908311,0.0,0.0,2.821891,2.821891
2yNV1pfrZh7UoHKuvrFnA5ozpCzb3w3ojEuqGX6cpump,one,FmE986sw39GkQvqe6k2CmrvPRQZb4ntWUiCmsFDvbCSr,7.0,416004395,19,0,1,1.5591924102717923e-07,3.8887,3.950617,4.661795,0.0,0.0,0.711178,0.711178
2yNV1pfrZh7UoHKuvrFnA5ozpCzb3w3ojEuqGX6cpump,one,E35uoEGT6mR2ae94KNuSfk4X86y7bcNeomDNV4T7GaFs,2.0,416004382,6,0,1,1.1718441066520183e-07,2.9226,0.491648,0.843192,0.0,0.0,0.351545,0.351545
2yNV1pfrZh7UoHKuvrFnA5ozpCzb3w3ojEuqGX6cpump,one,3N1KKNyjKBxmRN66zF2jZwdtLaR8D3zXcAgKvuuFAdiS,2.0,416004382,6,0,1,1.2554315556762717e-07,3.1311,0.877046,1.155364,0.0,0.0,0.278318,0.278318
2yNV1pfrZh7UoHKuvrFnA5ozpCzb3w3ojEuqGX6cpump,one,GfJA84gwT9LpeyzeckeXkCsf8vdQuA64ZYQ91xoBawvt,0.0,416004376,0,1,0,5.062959935364188e-08,1.2627,0.987654,0.835629,14997497.89,0.417246,-0.152025,0.26522
2yNV1pfrZh7UoHKuvrFnA5ozpCzb3w3ojEuqGX6cpump,one,CwECpxSLwWAABV5PneYevZXAtF5wnZCcykMtjUJDWvJf,3.0,416004384,8,0,1,1.5508361664696704e-07,3.8679,0.977778,1.241617,0.0,0.0,0.263839,0.263839
2yNV1pfrZh7UoHKuvrFnA5ozpCzb3w3ojEuqGX6cpump,one,5P8A9bGUhroskpuA4hhRbybgt37TcTz7ft5zLAh8orpn,0.0,416004376,0,1,0,5.3391284452884286e-08,1.3316,1.08642,0.851263,15671894.016,0.436008,-0.235156,0.200852
2ygGLkiJv7f8vaKKx5ZA8giXcG4YaQR6AyZP1nWjpump,Manchas,EgQX9R3Qph1dPHE1Ysou1auSYqRGomCNmLDC28Yg77aq,0.0,411422644,0,1,1,5.913465613132209e-08,1.7006,6.716049,10.491616,0.0,0.0,3.775567,3.775567
2ygGLkiJv7f8vaKKx5ZA8giXcG4YaQR6AyZP1nWjpump,Manchas,Atgx1JXsp8pTQ9Qsi74wF5pLMVwHwyQc6jJCu84evN7c,0.0,411422644,0,1,1,3.9787393646277536e-08,1.1442,1.096296,4.443247,0.0,0.0,3.34695,3.34695
2ygGLkiJv7f8vaKKx5ZA8giXcG4YaQR6AyZP1nWjpump,Manchas,8kzFH4rgFzy4ccz97AhgqRT7Qbt7HnD5oJCDK1Sxdarb,0.0,411422644,0,1,1,4.233030152846853e-08,1.2173,1.125926,3.457922,0.0,0.0,2.331996,2.331996
2ygGLkiJv7f8vaKKx5ZA8giXcG4YaQR6AyZP1nWjpump,Manchas,2CHrnc2LyagAbMaMFgthiDWh7ZZ9zT9TF8WEJf7MNE71,0.0,411422644,0,1,1,3.73870867145051e-08,1.0752,1.234568,2.924829,0.0,0.0,1.690261,1.690261
2ygGLkiJv7f8vaKKx5ZA8giXcG4YaQR6AyZP1nWjpump,Manchas,5s4F9of2LYCURsaSHGDAc35xfD5dmqyhgKuRFjSeqRNe,0.0,411422644,0,1,1,7.032867025082612e-08,2.0225,3.950617,4.87339,0.0,0.0,0.922772,0.922772
2ygGLkiJv7f8vaKKx5ZA8giXcG4YaQR6AyZP1nWjpump,Manchas,7FovysP3MGZjFb2MRPtQPn27Ntejdjot2u2WAyL1fUaA,10.0,411422670,26,0,1,6.832580637320757e-08,1.9649,2.469136,3.192993,0.0,0.0,0.723857,0.723857
2ygGLkiJv7f8vaKKx5ZA8giXcG4YaQR6AyZP1nWjpump,Manchas,6m4bqcJyyrvSoyi4hDs4UktW2VarSyJ8caTrPCU2NwR,2.0,411422650,6,0,1,1.0482631958806528e-07,3.0146,14.87559,15.591167,0.0,0.0,0.715577,0.715577
2ygGLkiJv7f8vaKKx5ZA8giXcG4YaQR6AyZP1nWjpump,Manchas,8Stx1qXxSbLxc5Dnz4m1ecCCEcTkxVU1LgJCY5cWe1k6,9.0,411422666,22,0,1,7.975643927366007e-08,2.2936,2.962963,3.659058,0.0,0.0,0.696095,0.696095
2ygGLkiJv7f8vaKKx5ZA8giXcG4YaQR6AyZP1nWjpump,Manchas,6cBKfWrS15ToPNUFZLb1maqkYUqYMyvPNNHC2yq16p7L,3.0,411422652,8,0,1,9.170934846639176e-08,2.6373,1.578225,2.259481,0.0,0.0,0.681256,0.681256
2ygGLkiJv7f8vaKKx5ZA8giXcG4YaQR6AyZP1nWjpump,Manchas,7gEnRjDud56BVmBQMWLTticJoouzrpnyaAnN5A3EEqiy,0.0,411422644,0,1,1,7.781735660164014e-08,2.2378,2.469136,3.027393,0.0,0.0,0.558257,0.558257
32CdQdBUxbCsLy5AUHWmyidfwhgGUr9N573NBUrDpump,maxxing,BBPKQwYLyiPjAX2KTFxanR7vxwa7majAF7c7yoaRX8oR,2.0,383821208,4,0,0,5.0045781788218424e-08,1.4793,1.955556,0.43768,38201306.657,227.568196,-1.517875,226.05032
32CdQdBUxbCsLy5AUHWmyidfwhgGUr9N573NBUrDpump,maxxing,CtWSzjURUGNRENnZwfRx4X5d4pG5sVy1QbsUhwWLS53r,10.0,383821231,27,0,0,7.072236935478698e-08,2.0905,1.188372,0.0,13168179.965,78.443886,-1.188372,77.255514
32CdQdBUxbCsLy5AUHWmyidfwhgGUr9N573NBUrDpump,maxxing,4GhmDZbXDx3iCq6wW6FeUNARsS66cLWHEfwimfwTcmUN,10.0,383821231,27,0,0,7.147101835329067e-08,2.1126,1.109405,0.0,12425256.45,74.018232,-1.109405,72.908827
32CdQdBUxbCsLy5AUHWmyidfwhgGUr9N573NBUrDpump,maxxing,G4VU3UkB8bDWWaNb16jnbuVUZctWfm8XfnLYFCMzSCSH,17.0,383821248,44,0,0,6.704898346442941e-08,1.9819,4.729511,4.610487,11199597.959,66.716888,-0.119024,66.597864
32CdQdBUxbCsLy5AUHWmyidfwhgGUr9N573NBUrDpump,maxxing,97ob4vXQLAFJBxPEub1dLcy1XnFFnxTuAx8nEqxMZ4B1,4.0,383821216,12,0,0,5.860542529365507e-08,1.7323,2.184535,1.873258,9739395.006,58.018344,-0.311277,57.707067
32CdQdBUxbCsLy5AUHWmyidfwhgGUr9N573NBUrDpump,maxxing,DSyg1YYUrJADLeR6bpwN7iJ4ZdWrtVuv1ZyXsJAnCu5d,4.0,383821216,12,0,0,6.126991723451921e-08,1.8111,1.922132,1.393637,8820317.502,52.543327,-0.528495,52.014832
32CdQdBUxbCsLy5AUHWmyidfwhgGUr9N573NBUrDpump,maxxing,A5w2kdXwmGp4Ci8cEXBpMncRZuHZ8gX6Chg2RAfQ6TRr,10.0,383821232,28,0,0,7.304096037762783e-08,2.159,0.579911,0.0,7711520.256,45.938134,-0.579911,45.358223
32CdQdBUxbCsLy5AUHWmyidfwhgGUr9N573NBUrDpump,maxxing,HV1KXxWFaSeriyFvXyx48FqG9BoFbfinB8njCJonqP7K,30.0,383821283,79,0,0,9.182744858960022e-08,2.7143,0.845847,0.362613,4234698.271,25.226431,-0.483234,24.743198
32CdQdBUxbCsLy5AUHWmyidfwhgGUr9N573NBUrDpump,maxxing,7TEDWGutCwgkC3DEdpayTED6fgNvPhF3RiyEPHnaFq9e,26.0,383821271,67,0,0,7.875135777496381e-08,2.3278,0.1,0.0,1256607.557,7.48571,-0.1,7.38571
32CdQdBUxbCsLy5AUHWmyidfwhgGUr9N573NBUrDpump,maxxing,4XdnvsZnpbw7N1S7q9rtHkDenmUbY1PZFg9zGLiknkwE,30.0,383821282,78,0,0,9.116716155741888e-08,2.6948,0.200015,0.190155,928996.832,5.534107,-0.00986,5.524248
3BhUv3FtuuqBgM1n6yYEhEvQ78dpdR99v4frjmXUpump,Dummy,DncTAHoJ9ALJAetZCbF7E7LW6BxKE5VfDncHtAsK8STB,8.0,434318824,20,0,0,1.3234952281378378e-07,2.1213,4.938272,17.85537,2055501.293,0.041948,12.917099,12.959047
3BhUv3FtuuqBgM1n6yYEhEvQ78dpdR99v4frjmXUpump,Dummy,43x1zWzjVWJbQErWM78m3Acx83FFuGSQEhmgyxUrPdQs,0.0,434318804,0,1,1,1.0468253597122784e-07,1.6778,3.259259,15.593803,0.0,0.0,12.334543,12.334543
3BhUv3FtuuqBgM1n6yYEhEvQ78dpdR99v4frjmXUpump,Dummy,2CHrnc2LyagAbMaMFgthiDWh7ZZ9zT9TF8WEJf7MNE71,0.0,434318804,0,1,1,7.194368105694149e-08,1.1531,3.308642,14.990653,0.0,0.0,11.682011,11.682011
3BhUv3FtuuqBgM1n6yYEhEvQ78dpdR99v4frjmXUpump,Dummy,5P8A9bGUhroskpuA4hhRbybgt37TcTz7ft5zLAh8orpn,0.0,434318804,0,1,1,1.1808808000746812e-07,1.8927,3.604938,14.937511,0.0,0.0,11.332573,11.332573
3BhUv3FtuuqBgM1n6yYEhEvQ78dpdR99v4frjmXUpump,Dummy,8kzFH4rgFzy4ccz97AhgqRT7Qbt7HnD5oJCDK1Sxdarb,0.0,434318804,0,1,1,9.325745970029008e-08,1.4947,3.45679,14.428116,0.0,0.0,10.971326,10.971326
3BhUv3FtuuqBgM1n6yYEhEvQ78dpdR99v4frjmXUpump,Dummy,Atgx1JXsp8pTQ9Qsi74wF5pLMVwHwyQc6jJCu84evN7c,0.0,434318804,0,1,1,8.186117150377942e-08,1.3121,3.209877,13.006372,0.0,0.0,9.796495,9.796495
3BhUv3FtuuqBgM1n6yYEhEvQ78dpdR99v4frjmXUpump,Dummy,4o9ndxqonUYamkzjHT6hCU6tNmg8VFcyhMqsxeTg4K37,2.0,434318807,3,0,1,1.6111311070595699e-07,2.5823,7.039822,14.605785,0.0,0.0,7.565963,7.565963
3BhUv3FtuuqBgM1n6yYEhEvQ78dpdR99v4frjmXUpump,Dummy,GfJA84gwT9LpeyzeckeXkCsf8vdQuA64ZYQ91xoBawvt,0.0,434318804,0,1,1,1.2951270172652703e-07,2.0758,2.91358,9.534904,0.0,0.0,6.621324,6.621324
3BhUv3FtuuqBgM1n6yYEhEvQ78dpdR99v4frjmXUpump,Dummy,2kW5wLFQw1wLuepZTJux1DZsTJSbNi2PGQ1E6hC7xeY8,8.0,434318824,20,0,0,1.7543290273561134e-07,2.8118,4.938272,11.224431,5684105.69,0.116,6.28616,6.402159
3BhUv3FtuuqBgM1n6yYEhEvQ78dpdR99v4frjmXUpump,Dummy,C989QoG39etYt32zfE7mHYqJwFh1kJK4fBrmsySFjzaS,2.0,434318807,3,0,1,1.7160384642886504e-07,2.7505,7.626845,13.187729,0.0,0.0,5.560884,5.560884
3C8Hz8sqdwn4gUJaWek23PsRfvyDsVZhaqoKooNMpump,Arnold,2CHrnc2LyagAbMaMFgthiDWh7ZZ9zT9TF8WEJf7MNE71,0.0,427091171,0,1,1,7.194368105694149e-08,1.1531,3.308642,5.464765,0.0,0.0,2.156123,2.156123
3C8Hz8sqdwn4gUJaWek23PsRfvyDsVZhaqoKooNMpump,Arnold,8kzFH4rgFzy4ccz97AhgqRT7Qbt7HnD5oJCDK1Sxdarb,0.0,427091171,0,1,1,9.325745970029008e-08,1.4947,3.45679,5.146919,0.0,0.0,1.690129,1.690129
3C8Hz8sqdwn4gUJaWek23PsRfvyDsVZhaqoKooNMpump,Arnold,Atgx1JXsp8pTQ9Qsi74wF5pLMVwHwyQc6jJCu84evN7c,0.0,427091171,0,1,1,8.186117150377942e-08,1.3121,3.209877,4.741554,0.0,0.0,1.531677,1.531677
3C8Hz8sqdwn4gUJaWek23PsRfvyDsVZhaqoKooNMpump,Arnold,5brv79eFZ2rGprXNvqgVJBkBptkkw8GJX1XydJyZLyAr,0.0,427091171,0,1,1,1.4167187379897385e-07,2.2707,2.962963,3.807436,0.0,0.0,0.844473,0.844473
3C8Hz8sqdwn4gUJaWek23PsRfvyDsVZhaqoKooNMpump,Arnold,Anubis512ho5t7S6LNSwoxUWdeQmX2kf3RvZ8ApHHF5w,0.0,427091171,0,1,1,1.6552814935499845e-07,2.6531,2.083951,2.70108,0.0,0.0,0.617129,0.617129
3C8Hz8sqdwn4gUJaWek23PsRfvyDsVZhaqoKooNMpump,Arnold,Bhv2qFE1KY8ZqqGUjcq88kX7GLNBA4rxiSM8Ad8ENPWy,0.0,427091171,0,1,1,1.5437650405070337e-07,2.4743,2.469136,3.023493,0.0,0.0,0.554357,0.554357
3C8Hz8sqdwn4gUJaWek23PsRfvyDsVZhaqoKooNMpump,Arnold,GfJA84gwT9LpeyzeckeXkCsf8vdQuA64ZYQ91xoBawvt,0.0,427091171,0,1,1,1.0255615813776074e-07,1.6438,2.666667,2.942446,0.0,0.0,0.275779,0.275779
3C8Hz8sqdwn4gUJaWek23PsRfvyDsVZhaqoKooNMpump,Arnold,6jjrNC9GSpcZiVqDS1z5d9HTi7aD8h3SP9XXYazzrP4C,0.0,427091171,0,1,1,1.4375143312798232e-07,2.304,0.493827,0.666057,0.0,0.0,0.17223,0.17223
3C8Hz8sqdwn4gUJaWek23PsRfvyDsVZhaqoKooNMpump,Arnold,Bv9rXTo1zTLs2C9kAzRbMER9tnbETWpvsZjVkAsZpwvp,4.0,427091183,12,0,1,1.313163423873771e-07,2.1047,2.469136,2.610976,0.0,0.0,0.14184,0.14184
3C8Hz8sqdwn4gUJaWek23PsRfvyDsVZhaqoKooNMpump,Arnold,7cp6zxvhxbfS7QgYTB7ts2RqFf7zDYwtjfuHcEHhKLAz,0.0,427091171,0,1,1,1.711470830944171e-07,2.7431,1.228596,1.36793,0.0,0.0,0.139334,0.139334
3KJJ6UdnEYWG7HK39NTKxpi8GzJWLRe2wYV1zBfcpump,bob,8eMntzBDpLZjk6jxWryhU6AZand54sqRhmv81LHmguvZ,0.0,431217647,0,1,1,1.6618726167922243e-07,2.6636,2.962963,3.912217,0.0,0.0,0.949254,0.949254
3KJJ6UdnEYWG7HK39NTKxpi8GzJWLRe2wYV1zBfcpump,bob,GmNi3xSt4zSB3PEuwDmT41V7KobZBaPnCeN26sJX8DUs,23.0,431217702,55,0,1,7.382264163025708e-08,1.1832,1.975309,2.793677,0.0,0.0,0.818368,0.818368
3KJJ6UdnEYWG7HK39NTKxpi8GzJWLRe2wYV1zBfcpump,bob,2CHrnc2LyagAbMaMFgthiDWh7ZZ9zT9TF8WEJf7MNE71,0.0,431217647,0,1,1,7.194368105694149e-08,1.1531,3.308642,3.968674,0.0,0.0,0.660032,0.660032
3KJJ6UdnEYWG7HK39NTKxpi8GzJWLRe2wYV1zBfcpump,bob,EHPfFYYRMbH3CCpusLV6vBeH9AVYj4eHybt3Z54QrMVZ,0.0,431217647,0,1,1,1.5084973506162813e-07,2.4178,1.481481,1.897403,0.0,0.0,0.415922,0.415922
3KJJ6UdnEYWG7HK39NTKxpi8GzJWLRe2wYV1zBfcpump,bob,4iubzbC4MFyS5zeK8wbr6WgX3T6gor5Qs3pyzyTcK5qp,23.0,431217702,55,0,1,8.134169944899904e-08,1.3037,2.42237,2.669542,0.0,0.0,0.247172,0.247172
3KJJ6UdnEYWG7HK39NTKxpi8GzJWLRe2wYV1zBfcpump,bob,7wJ4xxReWt1Hh55TSFDVZRvGmXi4QKsXTNetaiFPNpbg,0.0,431217647,0,1,1,1.4450378361449867e-07,2.3161,0.671605,0.856628,0.0,0.0,0.185023,0.185023
3KJJ6UdnEYWG7HK39NTKxpi8GzJWLRe2wYV1zBfcpump,bob,9CGPQ35yojUP4oP2tv5suWtUdhevp68BmUGoykgZX2Yv,0.0,431217647,0,1,1,1.5299535543736776e-07,2.4522,0.493827,0.647367,0.0,0.0,0.153539,0.153539
3KJJ6UdnEYWG7HK39NTKxpi8GzJWLRe2wYV1zBfcpump,bob,EwG65FXu3jQEVyxnF7egpTZ279qbudSQEVVhQfaNdhdb,19.0,431217692,45,0,1,7.789942632177218e-08,1.2486,0.244444,0.298834,0.0,0.0,0.054389,0.054389
3KJJ6UdnEYWG7HK39NTKxpi8GzJWLRe2wYV1zBfcpump,bob,2CQgjcdNEo7WtbQLpJTAVcC3Ga61pNvRDTgP5grzctFG,0.0,431217647,0,1,1,1.4167187380314387e-07,2.2707,2.962963,3.015461,0.0,0.0,0.052498,0.052498
3KJJ6UdnEYWG7HK39NTKxpi8GzJWLRe2wYV1zBfcpump,bob,GRevWsvJCmmZ6cF6GdAkpKNW6TCLm5MBKyBc3XtUeMmB,0.0,431217647,0,1,1,1.8497149967726299e-07,2.9647,0.592491,0.637496,0.0,0.0,0.045006,0.045006
3gEf38VM49swbxd3XynsgejSM3MSGKxkiCNBoeEbpump,Calitures,2CHrnc2LyagAbMaMFgthiDWh7ZZ9zT9TF8WEJf7MNE71,0.0,435172453,0,1,1,7.194368105694149e-08,1.1531,3.308642,11.432051,0.0,0.0,8.123409,8.123409
3gEf38VM49swbxd3XynsgejSM3MSGKxkiCNBoeEbpump,Calitures,Atgx1JXsp8pTQ9Qsi74wF5pLMVwHwyQc6jJCu84evN7c,0.0,435172453,0,1,1,8.186117150377942e-08,1.3121,3.209877,8.400664,0.0,0.0,5.190788,5.190788
3gEf38VM49swbxd3XynsgejSM3MSGKxkiCNBoeEbpump,Calitures,43x1zWzjVWJbQErWM78m3Acx83FFuGSQEhmgyxUrPdQs,0.0,435172453,0,1,1,1.0468253597122784e-07,1.6778,3.259259,7.540835,0.0,0.0,4.281575,4.281575
3gEf38VM49swbxd3XynsgejSM3MSGKxkiCNBoeEbpump,Calitures,8kzFH4rgFzy4ccz97AhgqRT7Qbt7HnD5oJCDK1Sxdarb,0.0,435172453,0,1,1,9.325745970029008e-08,1.4947,6.830096,10.57415,0.0,0.0,3.744054,3.744054
3gEf38VM49swbxd3XynsgejSM3MSGKxkiCNBoeEbpump,Calitures,5P8A9bGUhroskpuA4hhRbybgt37TcTz7ft5zLAh8orpn,0.0,435172453,0,1,1,1.1808808000746812e-07,1.8927,3.604938,6.010587,0.0,0.0,2.405648,2.405648
3gEf38VM49swbxd3XynsgejSM3MSGKxkiCNBoeEbpump,Calitures,GfJA84gwT9LpeyzeckeXkCsf8vdQuA64ZYQ91xoBawvt,0.0,435172453,0,1,1,1.2951270172652703e-07,2.0758,2.91358,5.14578,0.0,0.0,2.2322,2.2322
3gEf38VM49swbxd3XynsgejSM3MSGKxkiCNBoeEbpump,Calitures,HXF22jVNJyhauWJGLiRtXahjbzPQU7hr74Y2r2qX29ue,10.0,435172479,26,0,1,1.600500645385678e-07,2.5653,3.45679,5.402232,0.0,0.0,1.945441,1.945441
3gEf38VM49swbxd3XynsgejSM3MSGKxkiCNBoeEbpump,Calitures,5brv79eFZ2rGprXNvqgVJBkBptkkw8GJX1XydJyZLyAr,0.0,435172453,0,1,1,1.3960746607988168e-07,2.2376,2.469136,3.64334,0.0,0.0,1.174204,1.174204
3gEf38VM49swbxd3XynsgejSM3MSGKxkiCNBoeEbpump,Calitures,9nkXdTQJfJyc86joArh6dktWZdQ1TgwHzyyCrw6FEbuV,5.0,435172467,14,0,1,1.2611140929462833e-07,2.0213,1.564444,2.593864,0.0,0.0,1.02942,1.02942
3gEf38VM49swbxd3XynsgejSM3MSGKxkiCNBoeEbpump,Calitures,BLw4fXAc9P7NYhnRH9GyccXKUmvpUSiqc67BGbanxcDp,11.0,435172481,28,0,1,1.8511279520438746e-07,2.967,3.604938,4.577602,0.0,0.0,0.972664,0.972664
3gp8fDUxsLgL1R9kJZQzHMJHkJuVoy7e4w1JNqa9pump,retarded,EgQX9R3Qph1dPHE1Ysou1auSYqRGomCNmLDC28Yg77aq,1.0,411037997,1,0,1,5.93624447792431e-08,1.7071,6.8,13.763584,0.0,0.0,6.963584,6.963584
3gp8fDUxsLgL1R9kJZQzHMJHkJuVoy7e4w1JNqa9pump,retarded,7gEnRjDud56BVmBQMWLTticJoouzrpnyaAnN5A3EEqiy,1.0,411037997,1,0,1,7.353223634124053e-08,2.1146,4.938272,7.694291,0.0,0.0,2.756019,2.756019
3gp8fDUxsLgL1R9kJZQzHMJHkJuVoy7e4w1JNqa9pump,retarded,2CHrnc2LyagAbMaMFgthiDWh7ZZ9zT9TF8WEJf7MNE71,0.0,411037996,0,1,1,3.73870867145051e-08,1.0752,1.234568,3.653891,0.0,0.0,2.419323,2.419323
3gp8fDUxsLgL1R9kJZQzHMJHkJuVoy7e4w1JNqa9pump,retarded,Atgx1JXsp8pTQ9Qsi74wF5pLMVwHwyQc6jJCu84evN7c,0.0,411037996,0,1,1,3.9787393646277536e-08,1.1442,1.096296,2.72289,0.0,0.0,1.626594,1.626594
3gp8fDUxsLgL1R9kJZQzHMJHkJuVoy7e4w1JNqa9pump,retarded,Gj5PtdfcU3LF8k2wLegRGyCVcrdk1tUkt1WitL4YcMv5,6.0,411038011,15,0,1,8.194862798516298e-08,2.3566,3.161728,4.749062,0.0,0.0,1.587333,1.587333
3gp8fDUxsLgL1R9kJZQzHMJHkJuVoy7e4w1JNqa9pump,retarded,Aoc5Cd9bp2THAUPPx4bEr9JiFYma3kRJtzDcby9Cg84q,6.0,411038011,15,0,1,8.989345317905136e-08,2.5851,2.432099,3.540926,0.0,0.0,1.108827,1.108827
3gp8fDUxsLgL1R9kJZQzHMJHkJuVoy7e4w1JNqa9pump,retarded,Cpj4nJY8NxGm4uSwg1EbNpRUK5Ct3nDXa26wfPFhzPdV,1.0,411037997,1,0,0,8.921718953259123e-08,2.5657,4.938272,5.971922,3049029.309,0.058124,1.03365,1.091775
3gp8fDUxsLgL1R9kJZQzHMJHkJuVoy7e4w1JNqa9pump,retarded,8jNmckRveJyd4oXMdNrXXvQJRrrBRtYX414UrLcaK3BJ,4.0,411038006,10,0,1,7.78528440117054e-08,2.2389,1.466667,1.969306,0.0,0.0,0.50264,0.50264
3gp8fDUxsLgL1R9kJZQzHMJHkJuVoy7e4w1JNqa9pump,retarded,CkiUagPQeSdAZicJQmxsvQBx4cTXnV57JTC5ohBwSCkp,4.0,411038006,10,0,1,8.248148972040296e-08,2.372,1.466667,1.936308,0.0,0.0,0.469641,0.469641
3gp8fDUxsLgL1R9kJZQzHMJHkJuVoy7e4w1JNqa9pump,retarded,GmDdvAESNCNvBTdgXFnQaS6uA3tMLQJm1peQLkF9poxs,11.0,411038022,26,0,1,1.3567134369225758e-07,3.9016,2.962963,3.299624,0.0,0.0,0.336661,0.336661
3mu8DaX64bTjDpbYwjDnaQoEn9idP9LxVkGc3mLspump,Arc,BwjJzF8tbiob9msAJrM3uqF7rd5zzAnuGeHv96QmHvbo,0.0,384040061,1,0,1,4.6481798862258855e-08,1.374,2.681379,4.202751,0.0,0.0,1.521372,1.521372
3mu8DaX64bTjDpbYwjDnaQoEn9idP9LxVkGc3mLspump,Arc,2CHrnc2LyagAbMaMFgthiDWh7ZZ9zT9TF8WEJf7MNE71,0.0,384040060,0,1,1,3.612333022677848e-08,1.0678,1.1,2.336127,0.0,0.0,1.236127,1.236127
3mu8DaX64bTjDpbYwjDnaQoEn9idP9LxVkGc3mLspump,Arc,Atgx1JXsp8pTQ9Qsi74wF5pLMVwHwyQc6jJCu84evN7c,0.0,384040060,0,1,1,3.8273066169617854e-08,1.1313,1.0,1.840614,0.0,0.0,0.840614,0.840614
3mu8DaX64bTjDpbYwjDnaQoEn9idP9LxVkGc3mLspump,Arc,8kzFH4rgFzy4ccz97AhgqRT7Qbt7HnD5oJCDK1Sxdarb,0.0,384040060,0,1,1,4.0260950605778134e-08,1.1901,0.9,1.529705,0.0,0.0,0.629705,0.629705
3mu8DaX64bTjDpbYwjDnaQoEn9idP9LxVkGc3mLspump,Arc,7EKovqpjF36iiqF7SoVB87NdeGGPLBSj5Fy86TPcxeC4,5.0,384040073,13,0,0,5.0644909561080734e-08,1.497,1.2,1.535842,3217852.299,0.090042,0.335842,0.425885
3mu8DaX64bTjDpbYwjDnaQoEn9idP9LxVkGc3mLspump,Arc,3n8kpZQhF5L2BdoCdSAPgntHqqYgk5oQaQPiEKRqr3tZ,7.0,384040078,18,0,1,6.881131706285914e-08,2.034,1.8,2.206229,0.0,0.0,0.406229,0.406229
3mu8DaX64bTjDpbYwjDnaQoEn9idP9LxVkGc3mLspump,Arc,H4m6EJ86bGoyA64fFmucpQN8jRWFiKkcbq3MZpEDT6uY,0.0,384040061,1,0,1,5.160801979175203e-08,1.5255,2.077205,2.376605,0.0,0.0,0.2994,0.2994
3mu8DaX64bTjDpbYwjDnaQoEn9idP9LxVkGc3mLspump,Arc,4XsPXCfupWaAUMWJi7cCgibu2oqqCfvwFuzs2fbeoQrA,2.0,384040066,6,0,1,5.636176568455571e-08,1.666,1.302832,1.541078,0.0,0.0,0.238246,0.238246
3mu8DaX64bTjDpbYwjDnaQoEn9idP9LxVkGc3mLspump,Arc,Bd5uLgBbJqYjqExtCx5UP43aZxppPBFKDQcuSrxJ6Q5,2.0,384040066,6,0,1,5.929068404888443e-08,1.7526,1.092723,1.267288,0.0,0.0,0.174565,0.174565
3mu8DaX64bTjDpbYwjDnaQoEn9idP9LxVkGc3mLspump,Arc,5ChoyfdTiJ8XRMZrSZ65yVBMCVB5wtN4AVnFhSu2z1Nw,0.0,384040061,1,0,1,5.522686957022858e-08,1.6325,0.322047,0.393604,0.0,0.0,0.071556,0.071556
3ujG4J8UVbyi5Kke7cZVe3qRirnbQvnAup9TtmBdpump,Lala,2CHrnc2LyagAbMaMFgthiDWh7ZZ9zT9TF8WEJf7MNE71,0.0,433886177,0,1,1,7.194368105694149e-08,1.1531,3.308642,5.688247,0.0,0.0,2.379605,2.379605
3ujG4J8UVbyi5Kke7cZVe3qRirnbQvnAup9TtmBdpump,Lala,CUK1yKAUxJMPWWz27EqLsu7EwGk27At6PWqiHaSvWU2e,6.0,433886192,15,0,1,1.0401915033338187e-07,1.6672,1.711111,3.885708,0.0,0.0,2.174597,2.174597
3ujG4J8UVbyi5Kke7cZVe3qRirnbQvnAup9TtmBdpump,Lala,8CLkTAHZt1joF4Swh7YKjGAA8qge1T1SZdoWJJsoGgys,24.0,433886234,57,0,1,1.2182691898255215e-07,1.9526,1.991006,4.162085,0.0,0.0,2.171079,2.171079
3ujG4J8UVbyi5Kke7cZVe3qRirnbQvnAup9TtmBdpump,Lala,AiAGENTzB5Fo2F85twCrETmsJZ2JCVHBc8i6Fm7JCSyE,4.0,433886188,11,0,1,1.1579451109780315e-07,1.8559,1.975309,4.090199,0.0,0.0,2.114891,2.114891
3ujG4J8UVbyi5Kke7cZVe3qRirnbQvnAup9TtmBdpump,Lala,GU3gXLKWtnR88WMGNZ68pypaFUqUxAiPbLuawbXVTbQN,12.0,433886205,28,0,1,1.1368957858038561e-07,1.8222,1.075556,2.621704,0.0,0.0,1.546149,1.546149
3ujG4J8UVbyi5Kke7cZVe3qRirnbQvnAup9TtmBdpump,Lala,8kzFH4rgFzy4ccz97AhgqRT7Qbt7HnD5oJCDK1Sxdarb,0.0,433886177,0,1,1,9.325745970029008e-08,1.4947,3.45679,4.981133,0.0,0.0,1.524342,1.524342
3ujG4J8UVbyi5Kke7cZVe3qRirnbQvnAup9TtmBdpump,Lala,Atgx1JXsp8pTQ9Qsi74wF5pLMVwHwyQc6jJCu84evN7c,0.0,433886177,0,1,1,8.186117150377942e-08,1.3121,3.209877,4.612552,0.0,0.0,1.402676,1.402676
3ujG4J8UVbyi5Kke7cZVe3qRirnbQvnAup9TtmBdpump,Lala,BTPCYUN66YhiG2tnEVpvzdcRRi4JRNZFCZc9ccS61kkR,17.0,433886219,42,0,1,1.4060521812610137e-07,2.2536,1.048075,2.12371,0.0,0.0,1.075636,1.075636
3ujG4J8UVbyi5Kke7cZVe3qRirnbQvnAup9TtmBdpump,Lala,7WSDufZW7ScdYeWDooJaMLL51BmzM7zwaFu7TZGwq63k,6.0,433886193,16,0,1,1.24997538052074e-07,2.0035,0.977778,2.03083,0.0,0.0,1.053053,1.053053
3ujG4J8UVbyi5Kke7cZVe3qRirnbQvnAup9TtmBdpump,Lala,CCCCQCrL6zVjnDeucDzcxJgxAs5ahNmrhw1CDexPhqrd,30.0,433886248,71,0,1,1.114174526705079e-07,1.7858,1.847105,2.836443,0.0,0.0,0.989339,0.989339
3ySgaPqYE2XWsepKi6drYFnKhzsa4MUFPNk1uomepump,Bulls,Atgx1JXsp8pTQ9Qsi74wF5pLMVwHwyQc6jJCu84evN7c,0.0,430974409,0,1,1,2.120441880328416e-07,1.1787,3.209877,9.739279,0.0,0.0,6.529403,6.529403
3ySgaPqYE2XWsepKi6drYFnKhzsa4MUFPNk1uomepump,Bulls,8kzFH4rgFzy4ccz97AhgqRT7Qbt7HnD5oJCDK1Sxdarb,0.0,430974409,0,1,1,2.301595733077001e-07,1.2793,3.45679,8.64706,0.0,0.0,5.19027,5.19027
3ySgaPqYE2XWsepKi6drYFnKhzsa4MUFPNk1uomepump,Bulls,2CHrnc2LyagAbMaMFgthiDWh7ZZ9zT9TF8WEJf7MNE71,0.0,430974409,0,1,1,1.9588753601305778e-07,1.0888,3.308642,8.454157,0.0,0.0,5.145516,5.145516
3ySgaPqYE2XWsepKi6drYFnKhzsa4MUFPNk1uomepump,Bulls,43x1zWzjVWJbQErWM78m3Acx83FFuGSQEhmgyxUrPdQs,0.0,430974409,0,1,1,2.726267716992261e-07,1.5154,4.938272,9.319101,0.0,0.0,4.38083,4.38083
3ySgaPqYE2XWsepKi6drYFnKhzsa4MUFPNk1uomepump,Bulls,GfJA84gwT9LpeyzeckeXkCsf8vdQuA64ZYQ91xoBawvt,0.0,430974409,0,1,1,2.4464157520629085e-07,1.3598,5.266278,9.367845,0.0,0.0,4.101567,4.101567
3ySgaPqYE2XWsepKi6drYFnKhzsa4MUFPNk1uomepump,Bulls,2CQgjcdNEo7WtbQLpJTAVcC3Ga61pNvRDTgP5grzctFG,0.0,430974409,0,1,1,3.42098512067959e-07,1.9016,9.08642,12.736478,0.0,0.0,3.650058,3.650058
3ySgaPqYE2XWsepKi6drYFnKhzsa4MUFPNk1uomepump,Bulls,5P8A9bGUhroskpuA4hhRbybgt37TcTz7ft5zLAh8orpn,0.0,430974409,0,1,1,2.8542026135411305e-07,1.5865,4.462117,7.032831,0.0,0.0,2.570714,2.570714
3ySgaPqYE2XWsepKi6drYFnKhzsa4MUFPNk1uomepump,Bulls,Gx2TAgSvYqXS1mmFivtWAgVjBTiGJRjRtfApQcypmGsM,13.0,430974443,34,0,1,5.04801598891223e-07,2.806,3.952569,4.762696,0.0,0.0,0.810127,0.810127
3ySgaPqYE2XWsepKi6drYFnKhzsa4MUFPNk1uomepump,Bulls,485VRgQ1aCfqspezdjYjByAR1TfsmR1WYkhzyoEsQV8d,2.0,430974413,4,0,1,3.56145112121391e-07,1.9796,1.32,1.940986,0.0,0.0,0.620986,0.620986
3ySgaPqYE2XWsepKi6drYFnKhzsa4MUFPNk1uomepump,Bulls,6L9AJ9aGwRiP8AXzPf8NDewKVfNM6FjcmViRrFCCFcTv,1.0,430974410,1,0,1,3.5539470379672795e-07,1.9755,1.481481,2.067919,0.0,0.0,0.586438,0.586438
4CfMnSmxBsJQuDLSerRHFcA5zcbMdTHgM9Uz4nXvpump,Inkyy,DS593S1N4ag1S5KPhkb2bz6mJgcSpMkQJvQuRAbrAwBz,0.0,423163888,1,0,1,1.3321241617209173e-07,2.6967,0.201161,6.250054,0.0,0.0,6.048893,6.048893
4CfMnSmxBsJQuDLSerRHFcA5zcbMdTHgM9Uz4nXvpump,Inkyy,2CQgjcdNEo7WtbQLpJTAVcC3Ga61pNvRDTgP5grzctFG,0.0,423163887,0,1,1,1.1119257941684151e-07,2.2509,9.08642,14.16894,0.0,0.0,5.08252,5.08252
4CfMnSmxBsJQuDLSerRHFcA5zcbMdTHgM9Uz4nXvpump,Inkyy,ardinRsN1mNYVeoJWTBsWeYeXvuR9UUDGMsCDKpb6AT,9.0,423163911,24,0,1,1.6095226162146187e-07,3.2582,0.123669,4.536357,0.0,0.0,4.412688,4.412688
4CfMnSmxBsJQuDLSerRHFcA5zcbMdTHgM9Uz4nXvpump,Inkyy,5brv79eFZ2rGprXNvqgVJBkBptkkw8GJX1XydJyZLyAr,0.0,423163887,0,1,1,7.998206803444294e-08,1.6191,3.950617,7.911563,0.0,0.0,3.960946,3.960946
4CfMnSmxBsJQuDLSerRHFcA5zcbMdTHgM9Uz4nXvpump,Inkyy,2CHrnc2LyagAbMaMFgthiDWh7ZZ9zT9TF8WEJf7MNE71,0.0,423163887,0,1,1,5.275718932970118e-08,1.068,1.333333,3.867957,0.0,0.0,2.534624,2.534624
4CfMnSmxBsJQuDLSerRHFcA5zcbMdTHgM9Uz4nXvpump,Inkyy,Atgx1JXsp8pTQ9Qsi74wF5pLMVwHwyQc6jJCu84evN7c,0.0,423163887,0,1,1,5.609584798034692e-08,1.1356,1.283951,3.366367,0.0,0.0,2.082417,2.082417
4CfMnSmxBsJQuDLSerRHFcA5zcbMdTHgM9Uz4nXvpump,Inkyy,8kzFH4rgFzy4ccz97AhgqRT7Qbt7HnD5oJCDK1Sxdarb,0.0,423163887,0,1,1,5.932221497121143e-08,1.2009,1.204938,3.068763,0.0,0.0,1.863825,1.863825
4CfMnSmxBsJQuDLSerRHFcA5zcbMdTHgM9Uz4nXvpump,Inkyy,CKMM67PfiH82C7T3ywP1rGv3Zzr9EiA7Bv145iCwum6U,4.0,423163897,10,0,1,1.3622956620972293e-07,2.7578,0.698735,1.928522,0.0,0.0,1.229786,1.229786
4CfMnSmxBsJQuDLSerRHFcA5zcbMdTHgM9Uz4nXvpump,Inkyy,GBZC7v3SVRaNjFJEyLiRDcygH5ojPr2wRemmBpEgeGua,2.0,423163892,5,0,1,1.4086897822461182e-07,2.8517,14.814815,15.599473,0.0,0.0,0.784658,0.784658
4CfMnSmxBsJQuDLSerRHFcA5zcbMdTHgM9Uz4nXvpump,Inkyy,DuuRTor81GRbkNPPTmpwLDVhgtLvnbYpb1dcSuxHNFZW,11.0,423163915,28,0,1,1.4382198374584096e-07,2.9115,3.343963,3.66522,0.0,0.0,0.321257,0.321257
4FEphC5XxY2QRQ1ojKEyKgt3qHE2CTrc6Q3C3RUBpump,Glow,EgQX9R3Qph1dPHE1Ysou1auSYqRGomCNmLDC28Yg77aq,0.0,410799248,0,1,1,5.93624447792431e-08,1.7071,9.295171,18.417531,0.0,0.0,9.122359,9.122359
4FEphC5XxY2QRQ1ojKEyKgt3qHE2CTrc6Q3C3RUBpump,Glow,Atgx1JXsp8pTQ9Qsi74wF5pLMVwHwyQc6jJCu84evN7c,0.0,410799248,0,1,1,3.9787393646277536e-08,1.1442,1.096296,6.13505,0.0,0.0,5.038754,5.038754
4FEphC5XxY2QRQ1ojKEyKgt3qHE2CTrc6Q3C3RUBpump,Glow,2CHrnc2LyagAbMaMFgthiDWh7ZZ9zT9TF8WEJf7MNE71,0.0,410799248,0,1,1,3.73870867145051e-08,1.0752,1.234568,4.632914,0.0,0.0,3.398346,3.398346
4FEphC5XxY2QRQ1ojKEyKgt3qHE2CTrc6Q3C3RUBpump,Glow,6arEhJFirD1ueg2AZojCCZrcyEvEUgUSVi1q6i4DE9Vs,21.0,410799299,51,0,1,,,0.0,2.527181,0.0,0.0,2.527181,2.527181
4FEphC5XxY2QRQ1ojKEyKgt3qHE2CTrc6Q3C3RUBpump,Glow,5ANGpDywWMSpbHGzP61kLK2kMnWa64qpJ8b82Pwsah4T,21.0,410799299,51,0,1,,,0.0,2.469412,0.0,0.0,2.469412,2.469412
4FEphC5XxY2QRQ1ojKEyKgt3qHE2CTrc6Q3C3RUBpump,Glow,7khnV9bwaBTNSP3RtKy9XsyJLYJJyEtG2uoupP39oa3K,1.0,410799250,2,0,1,6.954540158833207e-08,2.0,1.244056,3.652177,0.0,0.0,2.408121,2.408121
4FEphC5XxY2QRQ1ojKEyKgt3qHE2CTrc6Q3C3RUBpump,Glow,CqXsTn8eyoLB4Pc6p5ZNZNHu1NF42hssHMprF3NmtgtX,4.0,410799258,10,0,0,9.244017351841912e-08,2.6584,1.955556,4.030093,6052194.774,0.123062,2.074537,2.197599
4FEphC5XxY2QRQ1ojKEyKgt3qHE2CTrc6Q3C3RUBpump,Glow,FTnL7mDFQ3Pdcu4kABPs6Wz9qvRpmFDZP8vfKbGBc5aV,1.0,410799250,2,0,1,6.593632348047748e-08,1.8962,0.918973,2.824125,0.0,0.0,1.905152,1.905152
4FEphC5XxY2QRQ1ojKEyKgt3qHE2CTrc6Q3C3RUBpump,Glow,HVcjg2sX7Y2rbaZtaQmZEMTmBn86G2QcqhWyfXm9wYEo,5.0,410799261,13,0,1,1.0621168176196786e-07,3.0544,1.985832,3.886939,0.0,0.0,1.901108,1.901108
4FEphC5XxY2QRQ1ojKEyKgt3qHE2CTrc6Q3C3RUBpump,Glow,3Lrr85rAx3S3hPSdmioRk1cC3Z47aoqZhyWkfPHwuZSJ,5.0,410799261,13,0,1,1.0255973808875012e-07,2.9494,1.842546,3.712088,0.0,0.0,1.869542,1.869542
4XQLHssUxvXLjXYLRsbANkgvCsRmtKMBsShzRFWipump,Moonbase,2CHrnc2LyagAbMaMFgthiDWh7ZZ9zT9TF8WEJf7MNE71,0.0,409019722,0,1,1,3.633026147834004e-08,1.0763,1.234568,1.870258,0.0,0.0,0.63569,0.63569
4XQLHssUxvXLjXYLRsbANkgvCsRmtKMBsShzRFWipump,Moonbase,Atgx1JXsp8pTQ9Qsi74wF5pLMVwHwyQc6jJCu84evN7c,0.0,409019722,0,1,1,3.8696931821971665e-08,1.1464,1.096296,1.244987,0.0,0.0,0.148691,0.148691
4XQLHssUxvXLjXYLRsbANkgvCsRmtKMBsShzRFWipump,Moonbase,A1YmBYsTN8rnnmMXmiRqe9bcf758ZtauiHhAY73CpGFN,1.0,409019723,1,0,1,7.166709893793775e-08,2.1232,3.111111,3.232364,0.0,0.0,0.121253,0.121253
4XQLHssUxvXLjXYLRsbANkgvCsRmtKMBsShzRFWipump,Moonbase,8kzFH4rgFzy4ccz97AhgqRT7Qbt7HnD5oJCDK1Sxdarb,0.0,409019722,0,1,1,4.120529401906362e-08,1.2207,1.125926,1.12504,0.0,0.0,-0.000886,-0.000886
4XQLHssUxvXLjXYLRsbANkgvCsRmtKMBsShzRFWipump,Moonbase,iVPxr7dVMgfVhzbjSV6eudjFdQLb7HxrPDLiY1JuuBh,1.0,409019723,1,0,1,7.49458708172916e-08,2.2203,0.098765,0.066841,0.0,0.0,-0.031924,-0.031924
4XQLHssUxvXLjXYLRsbANkgvCsRmtKMBsShzRFWipump,Moonbase,72PN9dogN9zmirA2QSYBaPqy6gUdp2tTPNcGD1e2BtXV,1.0,409019723,1,0,1,7.464477032721518e-08,2.2114,0.987654,0.92993,0.0,0.0,-0.057724,-0.057724
4XQLHssUxvXLjXYLRsbANkgvCsRmtKMBsShzRFWipump,Moonbase,2jrN4o1AQ299PDpUh1t1tkwzistGfCoC2hbr4M39E6Kz,1.0,409019723,1,0,1,7.58528086845171e-08,2.2472,0.296296,0.142312,0.0,0.0,-0.153984,-0.153984
4XQLHssUxvXLjXYLRsbANkgvCsRmtKMBsShzRFWipump,Moonbase,EgQX9R3Qph1dPHE1Ysou1auSYqRGomCNmLDC28Yg77aq,1.0,409019723,1,0,1,6.268357306010843e-08,1.857,8.5,7.838884,0.0,0.0,-0.661116,-0.661116
4dzXtEsnPDxGk1A7SsRtySwAmEKtT4wrn9o8STx4pump,Higher,EgQX9R3Qph1dPHE1Ysou1auSYqRGomCNmLDC28Yg77aq,0.0,419048374,0,1,1,1.2558085729753536e-07,2.3079,14.814815,18.423909,0.0,0.0,3.609094,3.609094
4dzXtEsnPDxGk1A7SsRtySwAmEKtT4wrn9o8STx4pump,Higher,2CHrnc2LyagAbMaMFgthiDWh7ZZ9zT9TF8WEJf7MNE71,0.0,419048374,0,1,1,5.793601178280913e-08,1.0647,1.333333,3.118161,0.0,0.0,1.784828,1.784828
4dzXtEsnPDxGk1A7SsRtySwAmEKtT4wrn9o8STx4pump,Higher,Atgx1JXsp8pTQ9Qsi74wF5pLMVwHwyQc6jJCu84evN7c,0.0,419048374,0,1,1,6.143224724294085e-08,1.129,1.283951,2.624912,0.0,0.0,1.340962,1.340962
4dzXtEsnPDxGk1A7SsRtySwAmEKtT4wrn9o8STx4pump,Higher,8kzFH4rgFzy4ccz97AhgqRT7Qbt7HnD5oJCDK1Sxdarb,0.0,419048374,0,1,1,6.480649400881638e-08,1.191,1.204938,2.401836,0.0,0.0,1.196897,1.196897
4dzXtEsnPDxGk1A7SsRtySwAmEKtT4wrn9o8STx4pump,Higher,LUXrU5tGWemJxvqDeqSXANqLc8F31vVLgeYNzFrozdc,11.0,419048404,30,0,1,1.0550794478579236e-07,1.939,1.975309,2.40022,0.0,0.0,0.424911,0.424911
4dzXtEsnPDxGk1A7SsRtySwAmEKtT4wrn9o8STx4pump,Higher,7FovysP3MGZjFb2MRPtQPn27Ntejdjot2u2WAyL1fUaA,8.0,419048394,20,0,1,1.206262546116707e-07,2.2168,2.469136,2.893801,0.0,0.0,0.424665,0.424665
4dzXtEsnPDxGk1A7SsRtySwAmEKtT4wrn9o8STx4pump,Higher,JBfdpG1jWubSkT2jTGRBXygVxs187kVvB5AH9iFYW1iJ,17.0,419048416,42,0,1,1.228456318638483e-07,2.2576,1.955556,2.248369,0.0,0.0,0.292814,0.292814
4dzXtEsnPDxGk1A7SsRtySwAmEKtT4wrn9o8STx4pump,Higher,AVMpb2bXMdNec6ykkEvf7krff7nXMZuKvadPELPNA9M6,0.0,419048374,0,1,1,1.3150135135970266e-07,2.4167,1.481481,1.764449,0.0,0.0,0.282967,0.282967
4dzXtEsnPDxGk1A7SsRtySwAmEKtT4wrn9o8STx4pump,Higher,7SNih6LjFyS8rbrj3RtVBqrVXtrbWiinP2yvZu6RToEB,16.0,419048415,41,0,1,1.1532397234131586e-07,2.1194,0.977778,1.163445,0.0,0.0,0.185667,0.185667
4dzXtEsnPDxGk1A7SsRtySwAmEKtT4wrn9o8STx4pump,Higher,CyBZ1M42J7m2z34VUDd3qVhbuH5GdcGnqgMGJJhAX8MR,4.0,419048385,11,0,1,1.1964935018801962e-07,2.1989,1.73955,1.871093,0.0,0.0,0.131543,0.131543
4fqNB5X22yq9uMkWX42UuVJaNaN18YSV4aUySRCvpump,Him,5brv79eFZ2rGprXNvqgVJBkBptkkw8GJX1XydJyZLyAr,0.0,423449186,0,1,1,9.630793460024437e-08,1.9496,8.888889,15.564549,0.0,0.0,6.675661,6.675661
4fqNB5X22yq9uMkWX42UuVJaNaN18YSV4aUySRCvpump,Him,2CHrnc2LyagAbMaMFgthiDWh7ZZ9zT9TF8WEJf7MNE71,0.0,423449186,0,1,1,5.275718932970118e-08,1.068,1.333333,3.657315,0.0,0.0,2.323981,2.323981
4fqNB5X22yq9uMkWX42UuVJaNaN18YSV4aUySRCvpump,Him,8kzFH4rgFzy4ccz97AhgqRT7Qbt7HnD5oJCDK1Sxdarb,0.0,423449186,0,1,1,5.932221497121143e-08,1.2009,1.204938,2.744957,0.0,0.0,1.540018,1.540018
4fqNB5X22yq9uMkWX42UuVJaNaN18YSV4aUySRCvpump,Him,4wwyjDYbzcgNJnNzzBGQbQE7RmwvbdJ8FXJwhXV2AkU9,3.0,423449192,6,0,1,1.3967273840503857e-07,2.8275,0.054819,1.515941,0.0,0.0,1.461122,1.461122
4fqNB5X22yq9uMkWX42UuVJaNaN18YSV4aUySRCvpump,Him,GBZC7v3SVRaNjFJEyLiRDcygH5ojPr2wRemmBpEgeGua,4.0,423449194,8,0,1,1.0755854269386507e-07,2.1774,9.876543,10.752017,0.0,0.0,0.875474,0.875474
4fqNB5X22yq9uMkWX42UuVJaNaN18YSV4aUySRCvpump,Him,Hban7cRdSFBUEZn4sZJNQF6ReNccrQ2qUgd9Aw3rFUyU,0.0,423449186,0,1,1,1.1620397649971693e-07,2.3524,2.962963,3.81508,0.0,0.0,0.852117,0.852117
4fqNB5X22yq9uMkWX42UuVJaNaN18YSV4aUySRCvpump,Him,MeskxyRYaBhYERcNP2zLVTqFVR43TMX4MihyH7AU4XN,9.0,423449209,23,0,1,1.4778246945011447e-07,2.9916,3.950617,4.588101,0.0,0.0,0.637483,0.637483
4fqNB5X22yq9uMkWX42UuVJaNaN18YSV4aUySRCvpump,Him,DGaCiYrUMCqtV2fG3vfvvHmwgFqrfKhEQeDXm2dmbvaA,0.0,423449186,0,1,1,1.3694638768379693e-07,2.7723,3.950617,4.445715,0.0,0.0,0.495098,0.495098
4fqNB5X22yq9uMkWX42UuVJaNaN18YSV4aUySRCvpump,Him,EY9UZTYGBXUxda5WeFHt8yqXm29fbKFjCBfrW5iJxUxB,4.0,423449195,9,0,1,1.1315393097650685e-07,2.2906,0.895411,1.186692,0.0,0.0,0.291281,0.291281
4fqNB5X22yq9uMkWX42UuVJaNaN18YSV4aUySRCvpump,Him,Bq5VTQ5dvWJgRA1wumMYkajnLQVFEXiHjCx1RZrERhKU,4.0,423449195,9,0,1,1.1670219300656381e-07,2.3625,0.938958,1.196843,0.0,0.0,0.257885,0.257885
4k9H1Xsy54cGzX7Z9TbvG1pRT4Guz7yFE2Pwc9Lnpump,Pulsar,GoAT1C5MgqKWUanJRFQxzk1rJMshwsPFzucVNQ3c6GYx,0.0,411868482,0,1,1,6.801229115742691e-08,1.9559,9.876543,17.089011,0.0,0.0,7.212468,7.212468
4k9H1Xsy54cGzX7Z9TbvG1pRT4Guz7yFE2Pwc9Lnpump,Pulsar,8kzFH4rgFzy4ccz97AhgqRT7Qbt7HnD5oJCDK1Sxdarb,0.0,411868482,0,1,1,4.233030152846853e-08,1.2173,1.125926,3.683842,0.0,0.0,2.557916,2.557916
4k9H1Xsy54cGzX7Z9TbvG1pRT4Guz7yFE2Pwc9Lnpump,Pulsar,2CHrnc2LyagAbMaMFgthiDWh7ZZ9zT9TF8WEJf7MNE71,0.0,411868482,0,1,0,3.73870867145051e-08,1.0752,1.234568,2.237585,19259850.463,0.539863,1.003017,1.54288
4k9H1Xsy54cGzX7Z9TbvG1pRT4Guz7yFE2Pwc9Lnpump,Pulsar,Atgx1JXsp8pTQ9Qsi74wF5pLMVwHwyQc6jJCu84evN7c,0.0,411868482,0,1,0,3.9787393646277536e-08,1.1442,1.096296,1.871789,15988838.476,0.448175,0.775492,1.223667
4k9H1Xsy54cGzX7Z9TbvG1pRT4Guz7yFE2Pwc9Lnpump,Pulsar,CDyrw8vcrEXtUH1TYwX3cU2mTqB4aQMY41Kc8RWfCLUa,6.0,411868498,16,0,1,7.808171253296755e-08,2.2454,0.977778,2.157511,0.0,0.0,1.179733,1.179733
4k9H1Xsy54cGzX7Z9TbvG1pRT4Guz7yFE2Pwc9Lnpump,Pulsar,7HHfZgTihdq52zH8gFpJerXQXAv3pbBL3sbQErG4o5M5,17.0,411868525,43,0,1,1.0850221497266863e-07,3.1203,1.955556,2.695779,0.0,0.0,0.740224,0.740224
4k9H1Xsy54cGzX7Z9TbvG1pRT4Guz7yFE2Pwc9Lnpump,Pulsar,5T229oePmJGE5Cefys8jE9Jq8C7qfGNNWy3RVA7SmwEP,22.0,411868539,57,0,1,1.5134881762748213e-07,4.3524,2.962963,3.697117,0.0,0.0,0.734154,0.734154
4k9H1Xsy54cGzX7Z9TbvG1pRT4Guz7yFE2Pwc9Lnpump,Pulsar,yFJY8xHkK4p3wvk8pTTFVpD9PxMmTgnnwucqS7WsGck,8.0,411868502,20,0,1,8.573924588595681e-08,2.4657,1.777778,2.413678,0.0,0.0,0.6359,0.6359
4k9H1Xsy54cGzX7Z9TbvG1pRT4Guz7yFE2Pwc9Lnpump,Pulsar,4htXhGA3ArNRyuiURUkbv97ERZHbqBidmpL61qZULsfx,0.0,411868482,0,1,1,7.893340692194851e-08,2.2699,2.962963,3.495889,0.0,0.0,0.532926,0.532926
4k9H1Xsy54cGzX7Z9TbvG1pRT4Guz7yFE2Pwc9Lnpump,Pulsar,6tUtwYpAzrdDULTzeUuRnprEgkQsseN9VjdFDaRCshDm,5.0,411868494,12,0,0,7.706100258882635e-08,2.2161,1.0942,1.403402,5060235.901,0.141841,0.309203,0.451043
4moo1vE7oReTVzhMwx7awW2Ue8vSZncKpvCS1PV6pump,Lele,2CHrnc2LyagAbMaMFgthiDWh7ZZ9zT9TF8WEJf7MNE71,0.0,434747052,0,1,1,7.194368105694149e-08,1.1531,3.308642,5.673368,0.0,0.0,2.364726,2.364726
4moo1vE7oReTVzhMwx7awW2Ue8vSZncKpvCS1PV6pump,Lele,Atgx1JXsp8pTQ9Qsi74wF5pLMVwHwyQc6jJCu84evN7c,0.0,434747052,0,1,1,8.186117150377942e-08,1.3121,3.209877,4.959734,0.0,0.0,1.749857,1.749857
4moo1vE7oReTVzhMwx7awW2Ue8vSZncKpvCS1PV6pump,Lele,8kzFH4rgFzy4ccz97AhgqRT7Qbt7HnD5oJCDK1Sxdarb,0.0,434747052,0,1,1,9.325745970029008e-08,1.4947,3.45679,4.699085,0.0,0.0,1.242295,1.242295
4moo1vE7oReTVzhMwx7awW2Ue8vSZncKpvCS1PV6pump,Lele,9qSCXyUAEDbtgZK4n4cCg5DAJA38KNjJrgDdK92ELyPi,0.0,434747052,0,1,1,1.500810208510234e-07,2.4055,4.938272,5.950351,0.0,0.0,1.01208,1.01208
4moo1vE7oReTVzhMwx7awW2Ue8vSZncKpvCS1PV6pump,Lele,8U3rggHbZK1VtFMA55JDyhPPy66eF8UZAQtENCo2Ur57,9.0,434747071,19,0,1,1.1530687052976148e-07,1.8481,4.4,5.032642,0.0,0.0,0.632642,0.632642
4moo1vE7oReTVzhMwx7awW2Ue8vSZncKpvCS1PV6pump,Lele,35RArQiyVX4sh8ijprpizqb8Lodxz83PKu4Z7E9usSbn,14.0,434747084,32,0,1,1.4122583606086285e-07,2.2636,1.232,1.813348,0.0,0.0,0.581348,0.581348
4moo1vE7oReTVzhMwx7awW2Ue8vSZncKpvCS1PV6pump,Lele,9B3R9F54rtugc1QoFa8o3z8uUCnxcTTAJqnkF6mRkf8b,19.0,434747097,45,0,1,1.1744164435281277e-07,1.8823,1.291078,1.823219,0.0,0.0,0.532142,0.532142
4moo1vE7oReTVzhMwx7awW2Ue8vSZncKpvCS1PV6pump,Lele,AfPWFykWPZZxU2CyF6BcPoY2v8VEkmYS7ZggvELK7Pv1,0.0,434747052,0,1,1,1.5961809064853928e-07,2.5583,1.975309,2.4377,0.0,0.0,0.462391,0.462391
4moo1vE7oReTVzhMwx7awW2Ue8vSZncKpvCS1PV6pump,Lele,Anubis512ho5t7S6LNSwoxUWdeQmX2kf3RvZ8ApHHF5w,0.0,434747052,0,1,1,1.8966389548827928e-07,3.0399,2.212346,2.584338,0.0,0.0,0.371993,0.371993
4moo1vE7oReTVzhMwx7awW2Ue8vSZncKpvCS1PV6pump,Lele,CFxV5thMrC2zePzDqtegAMPMENP1R5iayRWFq2TFM9kN,19.0,434747097,45,0,1,1.2188900477389332e-07,1.9536,1.153367,1.494263,0.0,0.0,0.340897,0.340897
4sVahM4U8js62mQV58ABSkNRhf6Ztc7Xs2LXUznNpump,Alveus,5brv79eFZ2rGprXNvqgVJBkBptkkw8GJX1XydJyZLyAr,0.0,418000592,0,1,1,1.339077310609391e-07,2.7108,17.777778,28.9486,0.0,0.0,11.170822,11.170822
4sVahM4U8js62mQV58ABSkNRhf6Ztc7Xs2LXUznNpump,Alveus,2CHrnc2LyagAbMaMFgthiDWh7ZZ9zT9TF8WEJf7MNE71,0.0,418000592,0,1,1,5.275718932970118e-08,1.068,1.333333,3.703233,0.0,0.0,2.369899,2.369899
4sVahM4U8js62mQV58ABSkNRhf6Ztc7Xs2LXUznNpump,Alveus,Atgx1JXsp8pTQ9Qsi74wF5pLMVwHwyQc6jJCu84evN7c,0.0,418000592,0,1,1,5.609584798034692e-08,1.1356,1.283951,3.331806,0.0,0.0,2.047856,2.047856
4sVahM4U8js62mQV58ABSkNRhf6Ztc7Xs2LXUznNpump,Alveus,ntPp1V2u5n8RLz1K3fttGjg9HcM78tJh3AyjK4vmoff,0.0,418000592,0,1,1,7.120731248503296e-08,1.4415,1.08642,2.564005,0.0,0.0,1.477586,1.477586
4sVahM4U8js62mQV58ABSkNRhf6Ztc7Xs2LXUznNpump,Alveus,GfJA84gwT9LpeyzeckeXkCsf8vdQuA64ZYQ91xoBawvt,0.0,418000592,0,1,1,6.363468618081393e-08,1.2882,1.560494,2.779979,0.0,0.0,1.219485,1.219485
4sVahM4U8js62mQV58ABSkNRhf6Ztc7Xs2LXUznNpump,Alveus,8kzFH4rgFzy4ccz97AhgqRT7Qbt7HnD5oJCDK1Sxdarb,0.0,418000592,0,1,1,5.932221497121143e-08,1.2009,1.204938,2.297733,0.0,0.0,1.092795,1.092795
4sVahM4U8js62mQV58ABSkNRhf6Ztc7Xs2LXUznNpump,Alveus,5P8A9bGUhroskpuA4hhRbybgt37TcTz7ft5zLAh8orpn,0.0,418000592,0,1,1,6.801229116005463e-08,1.3768,1.530864,2.621745,0.0,0.0,1.090881,1.090881
4sVahM4U8js62mQV58ABSkNRhf6Ztc7Xs2LXUznNpump,Alveus,Gku8cuthhvfoPoG18rg1EULt58xB7j1fgPoifJcyh411,5.0,418000606,14,0,1,1.4532375291463598e-07,2.9419,5.961217,6.437907,0.0,0.0,0.476691,0.476691
4sVahM4U8js62mQV58ABSkNRhf6Ztc7Xs2LXUznNpump,Alveus,rAiNMRjZyYXG1919DkGZJXhaHxN5h8iKMf4KiznnrLq,10.0,418000617,25,0,1,1.3559890597933557e-07,2.745,3.950617,4.422046,0.0,0.0,0.471428,0.471428
4sVahM4U8js62mQV58ABSkNRhf6Ztc7Xs2LXUznNpump,Alveus,EqfCCCcgYAqntbaNuE3Rz8UiJ5LGtfge5gPX4ng4Fg61,22.0,418000647,55,0,1,1.19639027282969e-07,2.4219,1.975309,2.311985,0.0,0.0,0.336676,0.336676
4ssNBY5ERmnPkdtXLZjuraRirf2ovL3BaVFsaYrppump,mentally,GP8Pzx9Kva9yQ38aBNpDUxp8o8EFevJwCSvPVbkV9jGW,1.0,407507427,1,0,1,7.67461373230061e-08,2.1433,6.91358,8.923281,0.0,0.0,2.009701,2.009701
4ssNBY5ERmnPkdtXLZjuraRirf2ovL3BaVFsaYrppump,mentally,7gEnRjDud56BVmBQMWLTticJoouzrpnyaAnN5A3EEqiy,1.0,407507427,1,0,1,5.688085319642662e-08,1.5885,2.962963,4.891427,0.0,0.0,1.928464,1.928464
4ssNBY5ERmnPkdtXLZjuraRirf2ovL3BaVFsaYrppump,mentally,2CHrnc2LyagAbMaMFgthiDWh7ZZ9zT9TF8WEJf7MNE71,0.0,407507426,0,1,1,3.845906356913175e-08,1.074,1.234568,3.06543,0.0,0.0,1.830863,1.830863
4ssNBY5ERmnPkdtXLZjuraRirf2ovL3BaVFsaYrppump,mentally,Atgx1JXsp8pTQ9Qsi74wF5pLMVwHwyQc6jJCu84evN7c,0.0,407507426,0,1,1,4.089300708911314e-08,1.142,1.096296,2.378428,0.0,0.0,1.282131,1.282131
4ssNBY5ERmnPkdtXLZjuraRirf2ovL3BaVFsaYrppump,mentally,B6Y8UxpTYhSjphE5F6F6yRd2VxhqurZLobGLDen3iK3Z,3.0,407507434,8,0,1,7.022434688054577e-08,1.9612,2.933333,4.211144,0.0,0.0,1.27781,1.27781
4ssNBY5ERmnPkdtXLZjuraRirf2ovL3BaVFsaYrppump,mentally,8kzFH4rgFzy4ccz97AhgqRT7Qbt7HnD5oJCDK1Sxdarb,0.0,407507426,0,1,1,4.347046065647312e-08,1.214,1.125926,2.193177,0.0,0.0,1.067251,1.067251
4ssNBY5ERmnPkdtXLZjuraRirf2ovL3BaVFsaYrppump,mentally,8EmHGWQkTKhbSvMEWDrvqT3YjALCtmqSXsuxLzLxgs8w,3.0,407507434,8,0,1,6.182652472511788e-08,1.7266,0.782222,1.278028,0.0,0.0,0.495806,0.495806
4ssNBY5ERmnPkdtXLZjuraRirf2ovL3BaVFsaYrppump,mentally,CKcAA28Fchixzo4sgxS8goh7kukd4yihYST6oA7gC8Te,3.0,407507434,8,0,1,7.674116415232095e-08,2.1432,1.179371,1.490525,0.0,0.0,0.311154,0.311154
4ssNBY5ERmnPkdtXLZjuraRirf2ovL3BaVFsaYrppump,mentally,xSd5G7e7Sce42BbwnVc4fswRj1A1EJTU54TaW9UxYyQ,3.0,407507432,6,0,1,9.146920150854176e-08,2.5545,2.053333,2.361104,0.0,0.0,0.307771,0.307771
4ssNBY5ERmnPkdtXLZjuraRirf2ovL3BaVFsaYrppump,mentally,2t2u46cL1tP99Hq5LyEC3fwtL1wNWrHSh2JxRhnQJ8tu,30.0,407507504,78,0,1,7.805230166114828e-08,2.1798,0.88,1.086277,0.0,0.0,0.206277,0.206277
4tY3WSKcKXio57oBoT25vLHXKEparqkX1QgX4wxgpump,Shrek,2CHrnc2LyagAbMaMFgthiDWh7ZZ9zT9TF8WEJf7MNE71,0.0,427060940,0,1,1,7.194368105694149e-08,1.1531,3.308642,4.825174,0.0,0.0,1.516532,1.516532
4tY3WSKcKXio57oBoT25vLHXKEparqkX1QgX4wxgpump,Shrek,Atgx1JXsp8pTQ9Qsi74wF5pLMVwHwyQc6jJCu84evN7c,0.0,427060940,0,1,1,8.186117150377942e-08,1.3121,3.209877,3.859207,0.0,0.0,0.649331,0.649331
4tY3WSKcKXio57oBoT25vLHXKEparqkX1QgX4wxgpump,Shrek,Bhv2qFE1KY8ZqqGUjcq88kX7GLNBA4rxiSM8Ad8ENPWy,0.0,427060940,0,1,1,1.676265924992964e-07,2.6867,2.469136,2.93519,0.0,0.0,0.466054,0.466054
4tY3WSKcKXio57oBoT25vLHXKEparqkX1QgX4wxgpump,Shrek,5brv79eFZ2rGprXNvqgVJBkBptkkw8GJX1XydJyZLyAr,0.0,427060940,0,1,1,1.543765040617328e-07,2.4743,2.962963,3.367347,0.0,0.0,0.404384,0.404384
4tY3WSKcKXio57oBoT25vLHXKEparqkX1QgX4wxgpump,Shrek,3UZK3D2CyYtNstRCQiRKhdk7hSoJJ2pGW17cSt1fEYGR,18.0,427060988,48,0,1,1.1859622013665638e-07,1.9009,2.469136,2.862742,0.0,0.0,0.393606,0.393606
4tY3WSKcKXio57oBoT25vLHXKEparqkX1QgX4wxgpump,Shrek,76ws2A2fvuMxw4Ko2ZaeV5fNPR71EXt2Vx2F9JpVU4YE,9.0,427060965,25,0,1,9.651746804323484e-08,1.547,0.977778,1.303524,0.0,0.0,0.325746,0.325746
4tY3WSKcKXio57oBoT25vLHXKEparqkX1QgX4wxgpump,Shrek,7cp6zxvhxbfS7QgYTB7ts2RqFf7zDYwtjfuHcEHhKLAz,0.0,427060941,1,0,1,1.6588834181835104e-07,2.6588,0.961154,1.221942,0.0,0.0,0.260789,0.260789
4tY3WSKcKXio57oBoT25vLHXKEparqkX1QgX4wxgpump,Shrek,2CQgjcdNEo7WtbQLpJTAVcC3Ga61pNvRDTgP5grzctFG,0.0,427060940,0,1,1,1.4167187379897385e-07,2.2707,2.962963,3.150087,0.0,0.0,0.187124,0.187124
4tY3WSKcKXio57oBoT25vLHXKEparqkX1QgX4wxgpump,Shrek,Bv9rXTo1zTLs2C9kAzRbMER9tnbETWpvsZjVkAsZpwvp,4.0,427060951,11,0,1,1.298556062337108e-07,2.0813,1.481481,1.655713,0.0,0.0,0.174231,0.174231
4tY3WSKcKXio57oBoT25vLHXKEparqkX1QgX4wxgpump,Shrek,B8vYdiPJCJBUX2ZqSDXhs76vw6rMqstZgHQfwjmmtt21,5.0,427060955,15,0,1,1.1845922112653068e-07,1.8987,2.765432,2.923863,0.0,0.0,0.158431,0.158431
4u1LwQQWgR6vyhjrp3sJvv4d6wXCNrVdS78HxWAypump,Gem,FcjLCZn9mmK4opSzAG8TU36XoiN3zi87M7tdarJcAWhr,0.0,423834257,0,1,1,1.1789898783133931e-07,2.3867,14.814815,22.4059,0.0,0.0,7.591085,7.591085
4u1LwQQWgR6vyhjrp3sJvv4d6wXCNrVdS78HxWAypump,Gem,DtuCsfYR9LKe8RPck3dzpmbU9jeEWiz2RWxQYimWMu2S,1.0,423834260,3,0,1,1.5665954462309002e-07,3.1713,0.201161,5.637861,0.0,0.0,5.4367,5.4367
4u1LwQQWgR6vyhjrp3sJvv4d6wXCNrVdS78HxWAypump,Gem,2CHrnc2LyagAbMaMFgthiDWh7ZZ9zT9TF8WEJf7MNE71,0.0,423834257,0,1,1,5.275718932970118e-08,1.068,1.333333,3.540057,0.0,0.0,2.206724,2.206724
4u1LwQQWgR6vyhjrp3sJvv4d6wXCNrVdS78HxWAypump,Gem,Atgx1JXsp8pTQ9Qsi74wF5pLMVwHwyQc6jJCu84evN7c,0.0,423834257,0,1,1,5.609584798034692e-08,1.1356,1.283951,2.962584,0.0,0.0,1.678633,1.678633
4u1LwQQWgR6vyhjrp3sJvv4d6wXCNrVdS78HxWAypump,Gem,8kzFH4rgFzy4ccz97AhgqRT7Qbt7HnD5oJCDK1Sxdarb,0.0,423834257,0,1,1,5.932221497121143e-08,1.2009,1.204938,2.795178,0.0,0.0,1.59024,1.59024
4u1LwQQWgR6vyhjrp3sJvv4d6wXCNrVdS78HxWAypump,Gem,8acHTKPssJZDjMrFM83ja5oaRRut7cc92Euv3GPPcxj1,2.0,423834263,6,0,1,1.2771973170792866e-07,2.5855,1.671876,2.232331,0.0,0.0,0.560455,0.560455
4u1LwQQWgR6vyhjrp3sJvv4d6wXCNrVdS78HxWAypump,Gem,AmdAbVa17PbsL8kqPmL4A1PyxnLveRfjM5eLrCMz3nKY,7.0,423834276,19,0,1,1.3896120936082088e-07,2.8131,2.20598,2.741775,0.0,0.0,0.535794,0.535794
4u1LwQQWgR6vyhjrp3sJvv4d6wXCNrVdS78HxWAypump,Gem,GBZC7v3SVRaNjFJEyLiRDcygH5ojPr2wRemmBpEgeGua,3.0,423834266,9,0,1,1.3582016305061609e-07,2.7495,7.407407,7.734022,0.0,0.0,0.326615,0.326615
4u1LwQQWgR6vyhjrp3sJvv4d6wXCNrVdS78HxWAypump,Gem,7z6nNXDGaYphcMSKZc1xG1gavAAqyyGTKdHNKdM9AuLb,2.0,423834263,6,0,1,1.3692967594213313e-07,2.7719,1.777778,2.086778,0.0,0.0,0.309,0.309
4u1LwQQWgR6vyhjrp3sJvv4d6wXCNrVdS78HxWAypump,Gem,2gSzFCwozvNBHH3sDNHAJxwqbAXvL93brVapmSWTExU3,7.0,423834276,19,0,1,1.5033346666353093e-07,3.0433,2.682909,2.980326,0.0,0.0,0.297417,0.297417
53RUohPnCrbRcVGjvfHHHUL4cmQX68yP8Ei6poepump,Duobao,5brv79eFZ2rGprXNvqgVJBkBptkkw8GJX1XydJyZLyAr,0.0,414677944,0,1,1,1.0803806967233442e-07,2.7702,12.839506,21.747698,0.0,0.0,8.908192,8.908192
53RUohPnCrbRcVGjvfHHHUL4cmQX68yP8Ei6poepump,Duobao,GoYiMg4YiiEHWyN8W32wgDftB7p9bpKWVrTTq4TD7kRC,0.0,414677944,0,1,1,6.611509994697388e-08,1.6952,5.169944,12.794986,0.0,0.0,7.625042,7.625042
53RUohPnCrbRcVGjvfHHHUL4cmQX68yP8Ei6poepump,Duobao,2CHrnc2LyagAbMaMFgthiDWh7ZZ9zT9TF8WEJf7MNE71,0.0,414677944,0,1,1,4.1765903826476434e-08,1.0709,1.234568,5.445781,0.0,0.0,4.211213,4.211213
53RUohPnCrbRcVGjvfHHHUL4cmQX68yP8Ei6poepump,Duobao,Atgx1JXsp8pTQ9Qsi74wF5pLMVwHwyQc6jJCu84evN7c,0.0,414677944,0,1,1,4.4393497122047325e-08,1.1383,1.135802,5.000676,0.0,0.0,3.864874,3.864874
53RUohPnCrbRcVGjvfHHHUL4cmQX68yP8Ei6poepump,Duobao,8kzFH4rgFzy4ccz97AhgqRT7Qbt7HnD5oJCDK1Sxdarb,0.0,414677944,0,1,1,4.69818477312604e-08,1.2046,1.08642,4.066864,0.0,0.0,2.980445,2.980445
53RUohPnCrbRcVGjvfHHHUL4cmQX68yP8Ei6poepump,Duobao,7msLC8zCJ8CW3cLLYqx9c8Vgu8ofbwE2i2Zk9wet1F5F,0.0,414677944,0,1,1,1.4725625140537527e-07,3.7757,5.925926,7.462184,0.0,0.0,1.536258,1.536258
53RUohPnCrbRcVGjvfHHHUL4cmQX68yP8Ei6poepump,Duobao,9AovjRT56JWY5giY8RzqfQaqbs8fR1g16fBk1CgnSsnp,4.0,414677954,10,0,1,1.2274907652957397e-07,3.1474,1.955556,2.873525,0.0,0.0,0.91797,0.91797
53RUohPnCrbRcVGjvfHHHUL4cmQX68yP8Ei6poepump,Duobao,8vG9WDXER7KSmvs6uZ1B1X4wodmMdfNco6aFSteUQ5y2,2.0,414677950,6,0,1,1.410934235874931e-07,3.6177,1.466667,2.202152,0.0,0.0,0.735485,0.735485
53RUohPnCrbRcVGjvfHHHUL4cmQX68yP8Ei6poepump,Duobao,5P8A9bGUhroskpuA4hhRbybgt37TcTz7ft5zLAh8orpn,0.0,414677944,0,1,0,5.2126882071168876e-08,1.3366,1.08642,1.532734,12042933.545,0.220988,0.446315,0.667303
53RUohPnCrbRcVGjvfHHHUL4cmQX68yP8Ei6poepump,Duobao,GfJA84gwT9LpeyzeckeXkCsf8vdQuA64ZYQ91xoBawvt,0.0,414677944,0,1,0,4.939853052778499e-08,1.2666,0.987654,1.436534,11532021.211,0.211613,0.448879,0.660492
54pRHAswCHhfytuqKfQ8gA6hyKYX2yroX9N1Q55hpump,Doodle,5brv79eFZ2rGprXNvqgVJBkBptkkw8GJX1XydJyZLyAr,0.0,417128408,0,1,1,9.975492729746731e-08,2.3566,12.839506,22.737655,0.0,0.0,9.898148,9.898148
54pRHAswCHhfytuqKfQ8gA6hyKYX2yroX9N1Q55hpump,Doodle,2CHrnc2LyagAbMaMFgthiDWh7ZZ9zT9TF8WEJf7MNE71,0.0,417128408,0,1,1,4.532623062914296e-08,1.0708,1.283951,3.613844,0.0,0.0,2.329894,2.329894
54pRHAswCHhfytuqKfQ8gA6hyKYX2yroX9N1Q55hpump,Doodle,8kzFH4rgFzy4ccz97AhgqRT7Qbt7HnD5oJCDK1Sxdarb,0.0,417128408,0,1,1,5.2001275182599004e-08,1.2285,1.481481,3.522388,0.0,0.0,2.040906,2.040906
54pRHAswCHhfytuqKfQ8gA6hyKYX2yroX9N1Q55hpump,Doodle,Atgx1JXsp8pTQ9Qsi74wF5pLMVwHwyQc6jJCu84evN7c,0.0,417128408,0,1,1,4.830352322872702e-08,1.1411,1.234568,3.082163,0.0,0.0,1.847595,1.847595
54pRHAswCHhfytuqKfQ8gA6hyKYX2yroX9N1Q55hpump,Doodle,J5xbgXFyv3zabwX67FUsitcxFhzAVBSj2tbdiimNUStC,5.0,417128421,13,0,1,1.405075362162313e-07,3.3193,2.988542,3.241018,0.0,0.0,0.252476,0.252476
54pRHAswCHhfytuqKfQ8gA6hyKYX2yroX9N1Q55hpump,Doodle,rYHuXQ6HhP1vBrEWditm5ZHB3WLBLhxPmg7dy8S7dxp,9.0,417128431,23,0,1,1.2334703468570686e-07,2.9139,1.975309,2.209034,0.0,0.0,0.233725,0.233725
54pRHAswCHhfytuqKfQ8gA6hyKYX2yroX9N1Q55hpump,Doodle,undwZZbXFTXAizTeeNpmygJDa4pWopEr1UCDSWpyo4y,7.0,417128425,17,0,1,1.3164833441030415e-07,3.11,1.975309,2.113164,0.0,0.0,0.137856,0.137856
54pRHAswCHhfytuqKfQ8gA6hyKYX2yroX9N1Q55hpump,Doodle,DcRXXBtifMsTTwtqzMcAZWfoLfsBMgyJqPDG4i86NN52,7.0,417128426,18,0,1,1.205476486257868e-07,2.8478,0.977778,1.076499,0.0,0.0,0.098721,0.098721
54pRHAswCHhfytuqKfQ8gA6hyKYX2yroX9N1Q55hpump,Doodle,E35uoEGT6mR2ae94KNuSfk4X86y7bcNeomDNV4T7GaFs,2.0,417128414,6,0,1,1.1743708605550603e-07,2.7743,0.48061,0.558752,0.0,0.0,0.078142,0.078142
54pRHAswCHhfytuqKfQ8gA6hyKYX2yroX9N1Q55hpump,Doodle,BNwVduQq1AH3ee5hnLQtbJmPyrBJHaS29b6VQt3pzvsR,2.0,417128414,6,0,1,1.1968230528186702e-07,2.8273,0.584959,0.661456,0.0,0.0,0.076496,0.076496
55ufobyJoksqFGvJC8Y8eqQC5aj6tepJHCWYCoT8pump,One,2CHrnc2LyagAbMaMFgthiDWh7ZZ9zT9TF8WEJf7MNE71,0.0,409882816,0,1,1,3.633026147834004e-08,1.0763,1.234568,2.089954,0.0,0.0,0.855386,0.855386
55ufobyJoksqFGvJC8Y8eqQC5aj6tepJHCWYCoT8pump,One,5s4F9of2LYCURsaSHGDAc35xfD5dmqyhgKuRFjSeqRNe,0.0,409882816,0,1,1,6.061633268903778e-08,1.7958,6.419753,7.266262,0.0,0.0,0.846509,0.846509
55ufobyJoksqFGvJC8Y8eqQC5aj6tepJHCWYCoT8pump,One,LoveGx96mepkVBYJ8SU4VFdgaYfz9tD5Fd49KrnxZpT,19.0,409882865,49,0,1,,,0.0,0.704971,0.0,0.0,0.704971,0.704971
55ufobyJoksqFGvJC8Y8eqQC5aj6tepJHCWYCoT8pump,One,3oUz5vBdhKzri46PwEeq8cGxvwv6tXXEv8bAU4Jwdugg,0.0,409882816,0,1,1,6.902093424722998e-08,2.0448,2.962963,3.577555,0.0,0.0,0.614592,0.614592
55ufobyJoksqFGvJC8Y8eqQC5aj6tepJHCWYCoT8pump,One,9n41LRRpbemienUzSzFMgR7LP6iriqFrKPwsZEV7CuB,19.0,409882864,48,0,1,3.5581134509784446e-08,1.0541,0.586667,0.930286,0.0,0.0,0.343619,0.343619
55ufobyJoksqFGvJC8Y8eqQC5aj6tepJHCWYCoT8pump,One,Atgx1JXsp8pTQ9Qsi74wF5pLMVwHwyQc6jJCu84evN7c,0.0,409882816,0,1,1,3.8696931821971665e-08,1.1464,1.096296,1.423306,0.0,0.0,0.32701,0.32701
55ufobyJoksqFGvJC8Y8eqQC5aj6tepJHCWYCoT8pump,One,B8vYdiPJCJBUX2ZqSDXhs76vw6rMqstZgHQfwjmmtt21,5.0,409882829,13,0,1,5.409127989657029e-08,1.6025,1.8,2.072962,0.0,0.0,0.272962,0.272962
55ufobyJoksqFGvJC8Y8eqQC5aj6tepJHCWYCoT8pump,One,8kzFH4rgFzy4ccz97AhgqRT7Qbt7HnD5oJCDK1Sxdarb,0.0,409882816,0,1,1,4.120529401906362e-08,1.2207,1.125926,1.295858,0.0,0.0,0.169932,0.169932
55ufobyJoksqFGvJC8Y8eqQC5aj6tepJHCWYCoT8pump,One,B5rMYyijZULWg8kvqXkenaYPwcgJVG8TwM1shJ9woeho,19.0,409882865,49,0,1,3.903691709056507e-08,1.1565,0.251763,0.349344,0.0,0.0,0.097581,0.097581
55ufobyJoksqFGvJC8Y8eqQC5aj6tepJHCWYCoT8pump,One,Fnt5DiJeMDthEdSy4mqEgBV4VJ3E6qMd2EQGF27G4d4Y,19.0,409882865,49,0,1,3.848438840073335e-08,1.1401,0.237126,0.328224,0.0,0.0,0.091098,0.091098
5K1ynvA5u4zvyUt2zDcP3UU5uJxUMNPmxj1wManmpump,Haru,2CHrnc2LyagAbMaMFgthiDWh7ZZ9zT9TF8WEJf7MNE71,0.0,432692267,0,1,1,7.194368105694149e-08,1.1531,3.308642,4.183104,0.0,0.0,0.874462,0.874462
5K1ynvA5u4zvyUt2zDcP3UU5uJxUMNPmxj1wManmpump,Haru,AdEauHEGRFeKsn3r6ywtqrVySYDJFX21LikL6F8XZWRb,7.0,432692284,17,0,1,8.872921835280755e-08,1.4221,2.726368,3.347049,0.0,0.0,0.620681,0.620681
5K1ynvA5u4zvyUt2zDcP3UU5uJxUMNPmxj1wManmpump,Haru,8eMntzBDpLZjk6jxWryhU6AZand54sqRhmv81LHmguvZ,0.0,432692267,0,1,1,1.6181791735925724e-07,2.5936,2.962963,3.379439,0.0,0.0,0.416476,0.416476
5K1ynvA5u4zvyUt2zDcP3UU5uJxUMNPmxj1wManmpump,Haru,5yL14nq42VuM3uJyUebA9wQJzVJzArA23bF3yqp3sqJ5,0.0,432692267,0,1,1,1.4668827091700641e-07,2.3511,1.185185,1.420645,0.0,0.0,0.23546,0.23546
5K1ynvA5u4zvyUt2zDcP3UU5uJxUMNPmxj1wManmpump,Haru,Anubis512ho5t7S6LNSwoxUWdeQmX2kf3RvZ8ApHHF5w,1.0,432692268,1,0,1,1.7510009497532897e-07,2.8065,2.212346,2.447491,0.0,0.0,0.235145,0.235145
5K1ynvA5u4zvyUt2zDcP3UU5uJxUMNPmxj1wManmpump,Haru,DzRqREhHeiSVpGSurhnHvyqoFrweh99u9yUSdXL6CQft,8.0,432692286,19,0,1,8.761015445628392e-08,1.4042,0.894957,1.08794,0.0,0.0,0.192984,0.192984
5K1ynvA5u4zvyUt2zDcP3UU5uJxUMNPmxj1wManmpump,Haru,2CQgjcdNEo7WtbQLpJTAVcC3Ga61pNvRDTgP5grzctFG,0.0,432692267,0,1,1,1.416718737989664e-07,2.2707,2.962963,3.141331,0.0,0.0,0.178368,0.178368
5K1ynvA5u4zvyUt2zDcP3UU5uJxUMNPmxj1wManmpump,Haru,9CGPQ35yojUP4oP2tv5suWtUdhevp68BmUGoykgZX2Yv,0.0,432692267,0,1,1,1.4880419412492934e-07,2.385,0.493827,0.627064,0.0,0.0,0.133237,0.133237
5K1ynvA5u4zvyUt2zDcP3UU5uJxUMNPmxj1wManmpump,Haru,Atgx1JXsp8pTQ9Qsi74wF5pLMVwHwyQc6jJCu84evN7c,0.0,432692267,0,1,1,8.186117150377942e-08,1.3121,3.209877,3.340994,0.0,0.0,0.131118,0.131118
5K1ynvA5u4zvyUt2zDcP3UU5uJxUMNPmxj1wManmpump,Haru,7cp6zxvhxbfS7QgYTB7ts2RqFf7zDYwtjfuHcEHhKLAz,1.0,432692268,1,0,1,1.8069694208977935e-07,2.8962,1.190423,1.320093,0.0,0.0,0.129671,0.129671
5RKEu9J3BcQWAno7c1xjkew4L3VJ8Mvaz5jU2kPrpump,escape,96hsvFcJewH5fEG1DWfeLBeDYwTd9wCvwLnE61FLRfBx,0.0,405967406,0,1,1,6.37736264983124e-08,1.781,7.901235,19.981926,0.0,0.0,12.080691,12.080691
5RKEu9J3BcQWAno7c1xjkew4L3VJ8Mvaz5jU2kPrpump,escape,2CHrnc2LyagAbMaMFgthiDWh7ZZ9zT9TF8WEJf7MNE71,0.0,405967406,0,1,1,3.845906356913175e-08,1.074,1.234568,4.903934,0.0,0.0,3.669366,3.669366
5RKEu9J3BcQWAno7c1xjkew4L3VJ8Mvaz5jU2kPrpump,escape,Atgx1JXsp8pTQ9Qsi74wF5pLMVwHwyQc6jJCu84evN7c,0.0,405967406,0,1,1,4.089300708911314e-08,1.142,1.096296,4.453701,0.0,0.0,3.357405,3.357405
5RKEu9J3BcQWAno7c1xjkew4L3VJ8Mvaz5jU2kPrpump,escape,8kzFH4rgFzy4ccz97AhgqRT7Qbt7HnD5oJCDK1Sxdarb,0.0,405967406,0,1,1,4.347046065647312e-08,1.214,1.125926,2.78235,0.0,0.0,1.656424,1.656424
5RKEu9J3BcQWAno7c1xjkew4L3VJ8Mvaz5jU2kPrpump,escape,B6Y8UxpTYhSjphE5F6F6yRd2VxhqurZLobGLDen3iK3Z,6.0,405967420,14,0,1,8.92472233371843e-08,2.4924,2.688889,3.921392,0.0,0.0,1.232503,1.232503
5RKEu9J3BcQWAno7c1xjkew4L3VJ8Mvaz5jU2kPrpump,escape,DEVqC5Daa26i63KTatemXLs9n3Wwk2CM32vb7x8Ndt3j,0.0,405967406,0,1,1,9.460716566377955e-08,2.6421,3.950617,4.952578,0.0,0.0,1.001961,1.001961
5RKEu9J3BcQWAno7c1xjkew4L3VJ8Mvaz5jU2kPrpump,escape,3e2nbkHHETdL4ZV3HD9zu7Ma324YmgBtpR5xgpMAgQNy,6.0,405967420,14,0,1,1.0659175805684711e-07,2.9768,2.444444,3.408463,0.0,0.0,0.964019,0.964019
5RKEu9J3BcQWAno7c1xjkew4L3VJ8Mvaz5jU2kPrpump,escape,2s1DSKMjecRbPs3gLeWLAXCd6RkRdu3Jv9ydNh31kAux,6.0,405967420,14,0,1,9.78810418686165e-08,2.7335,3.438006,4.210549,0.0,0.0,0.772543,0.772543
5RKEu9J3BcQWAno7c1xjkew4L3VJ8Mvaz5jU2kPrpump,escape,Fex4jwf4WYbbmpNiLYkYrXPHyWYR2UgzUYaDvTrn5tuj,6.0,405967420,14,0,1,7.974601612048734e-08,2.2271,0.54321,1.024725,0.0,0.0,0.481515,0.481515
5RKEu9J3BcQWAno7c1xjkew4L3VJ8Mvaz5jU2kPrpump,escape,8EbyrY91t2CxymzsAehPYMJMn4uctgoLBk5CK5BbdovV,6.0,405967420,14,0,1,1.1909027831198551e-07,3.3258,1.872378,2.351791,0.0,0.0,0.479413,0.479413
5TQo5BPJf2PtKadyHmGARQZSHvza7wmjJ49kzsBipump,Iceberg,64hP97Bwr5PubotcTeGgfhkFrGiLVVxT2kVo9M9b4AEz,25.0,425108322,62,0,1,1.1022695155536448e-07,1.7667,0.042035,1.256192,0.0,0.0,1.214157,1.214157
5TQo5BPJf2PtKadyHmGARQZSHvza7wmjJ49kzsBipump,Iceberg,B8vYdiPJCJBUX2ZqSDXhs76vw6rMqstZgHQfwjmmtt21,8.0,425108279,19,0,1,1.1357551584169369e-07,1.8204,2.765432,3.449875,0.0,0.0,0.684443,0.684443
5TQo5BPJf2PtKadyHmGARQZSHvza7wmjJ49kzsBipump,Iceberg,2CHrnc2LyagAbMaMFgthiDWh7ZZ9zT9TF8WEJf7MNE71,0.0,425108260,0,1,0,7.238732037890617e-08,1.1602,3.45679,3.410445,25718796.882,0.482201,-0.046345,0.435856
5TQo5BPJf2PtKadyHmGARQZSHvza7wmjJ49kzsBipump,Iceberg,4L2bgLAeRun4HKBGtfS8z62DtJCXTnQfb6ie361opotv,15.0,425108297,37,0,1,9.975212059757745e-08,1.5988,0.988631,1.310715,0.0,0.0,0.322084,0.322084
5TQo5BPJf2PtKadyHmGARQZSHvza7wmjJ49kzsBipump,Iceberg,Bv9rXTo1zTLs2C9kAzRbMER9tnbETWpvsZjVkAsZpwvp,6.0,425108274,14,0,1,1.3248607520631848e-07,2.1235,1.975309,2.27302,0.0,0.0,0.297711,0.297711
5TQo5BPJf2PtKadyHmGARQZSHvza7wmjJ49kzsBipump,Iceberg,8D3p9cA2ZezqnhFgPyHS27K84HesDnMBCTpkireywyqf,6.0,425108274,14,0,1,1.2459254537354148e-07,1.997,3.358025,3.634228,0.0,0.0,0.276203,0.276203
5TQo5BPJf2PtKadyHmGARQZSHvza7wmjJ49kzsBipump,Iceberg,8Vceaxp4Xc6VQ4onWWo6ag5zn9s4Zy4GnbEsnTdkyuVy,13.0,425108293,33,0,1,9.960115040255494e-08,1.5964,2.086818,2.34893,0.0,0.0,0.262112,0.262112
5TQo5BPJf2PtKadyHmGARQZSHvza7wmjJ49kzsBipump,Iceberg,Bhv2qFE1KY8ZqqGUjcq88kX7GLNBA4rxiSM8Ad8ENPWy,1.0,425108261,1,0,1,1.4291779118925233e-07,2.2907,1.975309,2.148923,0.0,0.0,0.173614,0.173614
5TQo5BPJf2PtKadyHmGARQZSHvza7wmjJ49kzsBipump,Iceberg,2CQgjcdNEo7WtbQLpJTAVcC3Ga61pNvRDTgP5grzctFG,1.0,425108261,1,0,1,1.3431091556215242e-07,2.1527,1.185185,1.342629,0.0,0.0,0.157443,0.157443
5TQo5BPJf2PtKadyHmGARQZSHvza7wmjJ49kzsBipump,Iceberg,5V9zsFPtN2nxoA53Xm6FKbx797NBnBZFxMdr84H1QXNL,27.0,425108329,69,0,1,1.1574779067811268e-07,1.8552,1.865201,2.011906,0.0,0.0,0.146705,0.146705
5W7mqg9hwvJsuhqug4QrsQZfvFPhrqBobuqiVSxYpump,Shift,4htXhGA3ArNRyuiURUkbv97ERZHbqBidmpL61qZULsfx,0.0,410090648,0,1,1,5.570539081313633e-08,1.5557,2.962963,4.168308,0.0,0.0,1.205345,1.205345
5W7mqg9hwvJsuhqug4QrsQZfvFPhrqBobuqiVSxYpump,Shift,2CHrnc2LyagAbMaMFgthiDWh7ZZ9zT9TF8WEJf7MNE71,0.0,410090648,0,1,1,3.845906356913175e-08,1.074,1.234568,2.372226,0.0,0.0,1.137659,1.137659
5W7mqg9hwvJsuhqug4QrsQZfvFPhrqBobuqiVSxYpump,Shift,3RHCsZRxbQ8NnxwL1xwbbAZaFy2CkKZfozLDL46TCZXh,7.0,410090666,18,0,1,7.161329548429031e-08,2.0,2.444444,2.988198,0.0,0.0,0.543754,0.543754
5W7mqg9hwvJsuhqug4QrsQZfvFPhrqBobuqiVSxYpump,Shift,3366ENTEWED2GovqYc4WmreoNQ9MwteP7wZmX6vwoefm,0.0,410090648,0,1,1,6.377362648955686e-08,1.781,2.962963,3.470456,0.0,0.0,0.507493,0.507493
5W7mqg9hwvJsuhqug4QrsQZfvFPhrqBobuqiVSxYpump,Shift,7gEnRjDud56BVmBQMWLTticJoouzrpnyaAnN5A3EEqiy,0.0,410090648,0,1,1,4.818261332301144e-08,1.3456,1.975309,2.425596,0.0,0.0,0.450287,0.450287
5W7mqg9hwvJsuhqug4QrsQZfvFPhrqBobuqiVSxYpump,Shift,Dogz5UoxqULHUE3CMWbCrNTwMsCBsnhcGe8Uuk2hwvv3,7.0,410090666,18,0,1,6.216506699210276e-08,1.7361,0.977778,1.277906,0.0,0.0,0.300129,0.300129
5W7mqg9hwvJsuhqug4QrsQZfvFPhrqBobuqiVSxYpump,Shift,61ohufUkdgu8sxxP3Rj4zTMfN9qrNwg97SBzHNETng32,11.0,410090676,28,0,1,6.477656256229599e-08,1.809,1.530401,1.810975,0.0,0.0,0.280574,0.280574
5W7mqg9hwvJsuhqug4QrsQZfvFPhrqBobuqiVSxYpump,Shift,Hh8AoWgoUQrf5XA8MoUGTzdUhUiugoWux9rnCnPx4EW7,2.0,410090651,3,0,1,6.700927346869103e-08,1.8714,1.466667,1.664873,0.0,0.0,0.198207,0.198207
5W7mqg9hwvJsuhqug4QrsQZfvFPhrqBobuqiVSxYpump,Shift,uvKtjudVb5Q5sZ9RxVCiE9PWsHkbHv1MxCzGbN2whj7,7.0,410090666,18,0,1,6.450692427666608e-08,1.8015,0.834803,1.001035,0.0,0.0,0.166232,0.166232
5W7mqg9hwvJsuhqug4QrsQZfvFPhrqBobuqiVSxYpump,Shift,72PN9dogN9zmirA2QSYBaPqy6gUdp2tTPNcGD1e2BtXV,0.0,410090648,0,1,1,6.945548259807155e-08,1.9397,1.975309,2.134113,0.0,0.0,0.158804,0.158804
5XtdwC6NwagPFuBkHKFGZw6apmRV1aR4LYydXsvppump,chill,GTwLQrMMAAE2XGWHcSVubfSMUeFUULxKkrrPVJPPJGrA,0.0,432055624,0,1,1,1.458461440902244e-07,2.3376,3.950617,4.933058,0.0,0.0,0.982441,0.982441
5XtdwC6NwagPFuBkHKFGZw6apmRV1aR4LYydXsvppump,chill,2CHrnc2LyagAbMaMFgthiDWh7ZZ9zT9TF8WEJf7MNE71,0.0,432055624,0,1,1,7.194368105694149e-08,1.1531,3.308642,3.793001,0.0,0.0,0.484359,0.484359
5XtdwC6NwagPFuBkHKFGZw6apmRV1aR4LYydXsvppump,chill,9u5f8WMfyrHo5ondELytGiN9oNphVK1yVuyp2qomdZCs,24.0,432055683,59,0,1,7.074146935984443e-08,1.1338,1.481481,1.798159,0.0,0.0,0.316677,0.316677
5XtdwC6NwagPFuBkHKFGZw6apmRV1aR4LYydXsvppump,chill,8eMntzBDpLZjk6jxWryhU6AZand54sqRhmv81LHmguvZ,0.0,432055624,0,1,1,1.5873259374854094e-07,2.5442,2.962963,3.174827,0.0,0.0,0.211864,0.211864
5XtdwC6NwagPFuBkHKFGZw6apmRV1aR4LYydXsvppump,chill,GhNgR53EzCuFrusWGvLW51P4bX6TSTtBzjf8qLEcFeMv,8.0,432055642,18,0,1,1.5130142940464848e-07,2.4251,5.925926,6.083755,0.0,0.0,0.157829,0.157829
5XtdwC6NwagPFuBkHKFGZw6apmRV1aR4LYydXsvppump,chill,Anubis512ho5t7S6LNSwoxUWdeQmX2kf3RvZ8ApHHF5w,0.0,432055624,0,1,1,1.8338939030848473e-07,2.9394,2.212346,2.360402,0.0,0.0,0.148057,0.148057
5XtdwC6NwagPFuBkHKFGZw6apmRV1aR4LYydXsvppump,chill,Gku8cuthhvfoPoG18rg1EULt58xB7j1fgPoifJcyh411,28.0,432055692,68,0,1,7.926633736268051e-08,1.2705,2.381025,2.524196,0.0,0.0,0.143171,0.143171
5XtdwC6NwagPFuBkHKFGZw6apmRV1aR4LYydXsvppump,chill,7cp6zxvhxbfS7QgYTB7ts2RqFf7zDYwtjfuHcEHhKLAz,1.0,432055625,1,0,1,1.614266398862486e-07,2.5873,0.736582,0.840723,0.0,0.0,0.104141,0.104141
5XtdwC6NwagPFuBkHKFGZw6apmRV1aR4LYydXsvppump,chill,2CQgjcdNEo7WtbQLpJTAVcC3Ga61pNvRDTgP5grzctFG,0.0,432055624,0,1,1,1.7233585217564973e-07,2.7622,3.0,3.093816,0.0,0.0,0.093816,0.093816
5XtdwC6NwagPFuBkHKFGZw6apmRV1aR4LYydXsvppump,chill,DuuRTor81GRbkNPPTmpwLDVhgtLvnbYpb1dcSuxHNFZW,28.0,432055692,68,0,1,7.670527538259447e-08,1.2294,0.850214,0.902816,0.0,0.0,0.052601,0.052601
5Yosn38PiL2nUHT4Sgoj3axjE85XcjrgMV2Utq6Ppump,MU,2CHrnc2LyagAbMaMFgthiDWh7ZZ9zT9TF8WEJf7MNE71,0.0,428817840,0,1,1,7.194368105694149e-08,1.1531,3.308642,5.538009,0.0,0.0,2.229367,2.229367
5Yosn38PiL2nUHT4Sgoj3axjE85XcjrgMV2Utq6Ppump,MU,Atgx1JXsp8pTQ9Qsi74wF5pLMVwHwyQc6jJCu84evN7c,0.0,428817840,0,1,1,8.186117150377942e-08,1.3121,3.209877,4.730246,0.0,0.0,1.520369,1.520369
5Yosn38PiL2nUHT4Sgoj3axjE85XcjrgMV2Utq6Ppump,MU,CmHmEyUgTTWWeETRq2wm3k1dzV6phBKmxHp4uh5jdd9U,20.0,428817888,48,0,1,1.0239979525630812e-07,1.6413,3.471012,4.492237,0.0,0.0,1.021225,1.021225
5Yosn38PiL2nUHT4Sgoj3axjE85XcjrgMV2Utq6Ppump,MU,8kzFH4rgFzy4ccz97AhgqRT7Qbt7HnD5oJCDK1Sxdarb,0.0,428817840,0,1,1,9.325745970029008e-08,1.4947,3.45679,4.103825,0.0,0.0,0.647035,0.647035
5Yosn38PiL2nUHT4Sgoj3axjE85XcjrgMV2Utq6Ppump,MU,Gku8cuthhvfoPoG18rg1EULt58xB7j1fgPoifJcyh411,22.0,428817894,54,0,1,1.0768443079663763e-07,1.726,6.462469,6.934238,0.0,0.0,0.471769,0.471769
5Yosn38PiL2nUHT4Sgoj3axjE85XcjrgMV2Utq6Ppump,MU,Bhv2qFE1KY8ZqqGUjcq88kX7GLNBA4rxiSM8Ad8ENPWy,0.0,428817840,0,1,1,1.6672628346415015e-07,2.6723,2.962963,3.427809,0.0,0.0,0.464846,0.464846
5Yosn38PiL2nUHT4Sgoj3axjE85XcjrgMV2Utq6Ppump,MU,8U3rggHbZK1VtFMA55JDyhPPy66eF8UZAQtENCo2Ur57,22.0,428817893,53,0,1,9.802152246725674e-08,1.5711,1.466667,1.906676,0.0,0.0,0.440009,0.440009
5Yosn38PiL2nUHT4Sgoj3axjE85XcjrgMV2Utq6Ppump,MU,5brv79eFZ2rGprXNvqgVJBkBptkkw8GJX1XydJyZLyAr,0.0,428817840,0,1,1,1.4584614409023218e-07,2.3376,3.950617,4.36791,0.0,0.0,0.417292,0.417292
5Yosn38PiL2nUHT4Sgoj3axjE85XcjrgMV2Utq6Ppump,MU,3ooJBsnBPYtZCd4cr32r6SFosMAK5ubge63SvYKGHBHk,0.0,428817840,0,1,1,1.5136330213085657e-07,2.426,1.283951,1.523233,0.0,0.0,0.239282,0.239282
5Yosn38PiL2nUHT4Sgoj3axjE85XcjrgMV2Utq6Ppump,MU,8U7yrkBhb46A4zNhAuvRhCDB5jJqiaefXwMPsiGBRXHa,8.0,428817858,18,0,1,1.321606003260217e-07,2.1183,3.555556,3.787373,0.0,0.0,0.231817,0.231817
5ZkT38ZUdvLFx4enBVeviAWoYgnvpoHqRuK9yRaopump,Replenish,2CHrnc2LyagAbMaMFgthiDWh7ZZ9zT9TF8WEJf7MNE71,0.0,385588383,0,1,1,3.612333022677848e-08,1.0678,1.1,1.277571,0.0,0.0,0.177571,0.177571
5ZkT38ZUdvLFx4enBVeviAWoYgnvpoHqRuK9yRaopump,Replenish,Atgx1JXsp8pTQ9Qsi74wF5pLMVwHwyQc6jJCu84evN7c,0.0,385588383,0,1,1,3.8273066169617854e-08,1.1313,1.0,1.167097,0.0,0.0,0.167097,0.167097
5ZkT38ZUdvLFx4enBVeviAWoYgnvpoHqRuK9yRaopump,Replenish,CKkghfEQTtjKoh82PJQdKPKRYmrv5BHzHMUfy3mftrG5,1.0,385588385,2,0,1,5.3204574556183256e-08,1.5727,1.93146,2.069413,0.0,0.0,0.137953,0.137953
5ZkT38ZUdvLFx4enBVeviAWoYgnvpoHqRuK9yRaopump,Replenish,BwQegJV2vXGH89AGUboJW2a7C7zP38qFEXTyqRpkmvMp,10.0,385588406,23,0,1,4.192238505032937e-08,1.2392,0.977778,1.103997,0.0,0.0,0.126219,0.126219
5ZkT38ZUdvLFx4enBVeviAWoYgnvpoHqRuK9yRaopump,Replenish,97jv9pjCf5D7VUZEyj6XnXBC5JF23Vsagc3bvSF6GRmL,0.0,385588383,0,1,1,4.5751213712064423e-08,1.3524,0.185019,0.233297,0.0,0.0,0.048278,0.048278
5ZkT38ZUdvLFx4enBVeviAWoYgnvpoHqRuK9yRaopump,Replenish,7nL3tR8qNu8dac3UWdwWi6egv8HnUmVzE6EfE3TAEjLC,0.0,385588383,0,1,1,4.136894897685791e-08,1.2228,0.5,0.518727,0.0,0.0,0.018727,0.018727
5ZkT38ZUdvLFx4enBVeviAWoYgnvpoHqRuK9yRaopump,Replenish,74qjomFqBMv4EqBUkMhFB7wvz4Ug56aMvcN1C6RJ2AWj,10.0,385588408,25,0,1,3.7335367436367907e-08,1.1036,0.293333,0.301589,0.0,0.0,0.008256,0.008256
5ZkT38ZUdvLFx4enBVeviAWoYgnvpoHqRuK9yRaopump,Replenish,7vfqVDpBFvDdgDu8aPLbgBYhXVi9XamFy4r58mNMJ89y,21.0,385588434,51,0,1,2.986967825048011e-08,0.8829,0.000195,0.000183,0.0,0.0,-1.2e-05,-1.2e-05
5ZkT38ZUdvLFx4enBVeviAWoYgnvpoHqRuK9yRaopump,Replenish,5ecxH9qwq2vE13wT7Y4Cethe2Wv6tLNESMQLnTCeg5ky,19.0,385588431,48,0,1,2.9873102904730865e-08,0.883,0.977778,0.977667,0.0,0.0,-0.00011,-0.00011
5ZkT38ZUdvLFx4enBVeviAWoYgnvpoHqRuK9yRaopump,Replenish,7qhXP1yiwo3m3VPr3qHuZ586HtBK69qk26cCnGTJruP7,6.0,385588397,14,0,1,3.785329957648469e-08,1.1189,0.004998,0.003822,0.0,0.0,-0.001176,-0.001176
5fLDAQA9r4e9WKRSt2PVUZF6hDpg3AicBz745uaYpump,AXM,2CHrnc2LyagAbMaMFgthiDWh7ZZ9zT9TF8WEJf7MNE71,0.0,413605819,0,1,1,3.73870867145051e-08,1.0752,1.234568,2.198149,0.0,0.0,0.963581,0.963581
5fLDAQA9r4e9WKRSt2PVUZF6hDpg3AicBz745uaYpump,AXM,68mHfcA12ujLryWmKUvp3RLTqd1LhniVmjFCNwAiiFDS,0.0,413605819,0,1,1,6.031177098047125e-08,1.7344,2.111111,2.640195,0.0,0.0,0.529084,0.529084
5fLDAQA9r4e9WKRSt2PVUZF6hDpg3AicBz745uaYpump,AXM,Atgx1JXsp8pTQ9Qsi74wF5pLMVwHwyQc6jJCu84evN7c,0.0,413605819,0,1,1,3.987528514026162e-08,1.1467,1.135802,1.61097,0.0,0.0,0.475167,0.475167
5fLDAQA9r4e9WKRSt2PVUZF6hDpg3AicBz745uaYpump,AXM,5brv79eFZ2rGprXNvqgVJBkBptkkw8GJX1XydJyZLyAr,0.0,413605819,0,1,1,5.467083844373327e-08,1.5722,2.962963,3.341333,0.0,0.0,0.37837,0.37837
5fLDAQA9r4e9WKRSt2PVUZF6hDpg3AicBz745uaYpump,AXM,7gEnRjDud56BVmBQMWLTticJoouzrpnyaAnN5A3EEqiy,0.0,413605819,0,1,1,6.726068099999418e-08,1.9343,2.469136,2.705042,0.0,0.0,0.235906,0.235906
5fLDAQA9r4e9WKRSt2PVUZF6hDpg3AicBz745uaYpump,AXM,74DVBE6KtL54jprcM8U78ZjEC6aWKnxMrHkXYrE5Uejx,6.0,413605835,16,0,1,5.397251819963225e-08,1.5521,0.488889,0.724103,0.0,0.0,0.235214,0.235214
5fLDAQA9r4e9WKRSt2PVUZF6hDpg3AicBz745uaYpump,AXM,8kzFH4rgFzy4ccz97AhgqRT7Qbt7HnD5oJCDK1Sxdarb,0.0,413605819,0,1,1,4.2330301526176347e-08,1.2173,1.08642,1.272111,0.0,0.0,0.185691,0.185691
5fLDAQA9r4e9WKRSt2PVUZF6hDpg3AicBz745uaYpump,AXM,AH4uG2UKU9mjZ6dEK6bKtB4hKKsQUWYSJvVeBzN92QaF,5.0,413605833,14,0,1,4.7612035977897504e-08,1.3692,0.244444,0.422712,0.0,0.0,0.178267,0.178267
5fLDAQA9r4e9WKRSt2PVUZF6hDpg3AicBz745uaYpump,AXM,C1amaLfPXBJnbNA6opNV1awzQtqUFKbowDb9fez8fV3h,7.0,413605838,19,0,1,6.30752104634468e-08,1.8139,1.646091,1.80073,0.0,0.0,0.154639,0.154639
5fLDAQA9r4e9WKRSt2PVUZF6hDpg3AicBz745uaYpump,AXM,EhkcWrzEdeFoCp28WFHd2YCmYZJjw2pfYcidBqPerTwJ,6.0,413605835,16,0,1,5.271384906418735e-08,1.5159,0.293333,0.386979,0.0,0.0,0.093646,0.093646
5oVXijfWo3CnJStQV9cxpa6DBzgMAk46vw3wpin6pump,Chadjak,E3MjAnpkj83hAdFrgTq7biRFgmFLM326WShDCHBycJPY,5.0,425999764,15,0,1,1.3328555592514796e-07,2.1363,0.067054,1.122564,0.0,0.0,1.05551,1.05551
5oVXijfWo3CnJStQV9cxpa6DBzgMAk46vw3wpin6pump,Chadjak,FC1dfS8CAhzMcvsfbJpKwvW3EPDj6QSNMvt4GTHwpvdg,4.0,425999760,11,0,1,1.400698289212197e-07,2.245,7.407407,8.280142,0.0,0.0,0.872734,0.872734
5oVXijfWo3CnJStQV9cxpa6DBzgMAk46vw3wpin6pump,Chadjak,Anubis512ho5t7S6LNSwoxUWdeQmX2kf3RvZ8ApHHF5w,0.0,425999749,0,1,1,1.6845233183579186e-07,2.6999,2.390123,2.946729,0.0,0.0,0.556606,0.556606
5oVXijfWo3CnJStQV9cxpa6DBzgMAk46vw3wpin6pump,Chadjak,DCCCiz3z5GGDWDrdKQGNLjiK8vMM6hqHS8GLtFKWsBht,8.0,425999771,22,0,1,1.2264305294261376e-07,1.9657,0.026765,0.501573,0.0,0.0,0.474809,0.474809
5oVXijfWo3CnJStQV9cxpa6DBzgMAk46vw3wpin6pump,Chadjak,7cp6zxvhxbfS7QgYTB7ts2RqFf7zDYwtjfuHcEHhKLAz,0.0,425999749,0,1,1,1.5498906220309317e-07,2.4842,1.031416,1.432279,0.0,0.0,0.400863,0.400863
5oVXijfWo3CnJStQV9cxpa6DBzgMAk46vw3wpin6pump,Chadjak,2mqrindMAjJEQPLhroYWyiYPo5h9iAsahfdd4QtsjwdY,0.0,425999749,0,1,1,1.4151843510017133e-07,2.2682,2.926383,3.287592,0.0,0.0,0.361209,0.361209
5oVXijfWo3CnJStQV9cxpa6DBzgMAk46vw3wpin6pump,Chadjak,2CHrnc2LyagAbMaMFgthiDWh7ZZ9zT9TF8WEJf7MNE71,0.0,425999749,0,1,1,7.194368105694149e-08,1.1531,3.308642,3.623254,0.0,0.0,0.314612,0.314612
5oVXijfWo3CnJStQV9cxpa6DBzgMAk46vw3wpin6pump,Chadjak,2ccgxuZv5NEngCwWqj6zjwxHWVc8RDwXgMUfUnmpTYHQ,0.0,425999749,0,1,1,1.4964269744540915e-07,2.3985,1.481481,1.789789,0.0,0.0,0.308307,0.308307
5oVXijfWo3CnJStQV9cxpa6DBzgMAk46vw3wpin6pump,Chadjak,8acHTKPssJZDjMrFM83ja5oaRRut7cc92Euv3GPPcxj1,20.0,425999799,50,0,1,9.036028747156319e-08,1.4483,1.975309,2.187809,0.0,0.0,0.2125,0.2125
5oVXijfWo3CnJStQV9cxpa6DBzgMAk46vw3wpin6pump,Chadjak,2CQgjcdNEo7WtbQLpJTAVcC3Ga61pNvRDTgP5grzctFG,0.0,425999749,0,1,1,1.4907171784257846e-07,2.3893,1.777778,1.881758,0.0,0.0,0.10398,0.10398
5wqbNRtu5eEuGLP1houqRMZdMqq2bvHZuVtY1yLcpump,Conspiracist,5brv79eFZ2rGprXNvqgVJBkBptkkw8GJX1XydJyZLyAr,0.0,415778886,0,1,1,1.0539617707971166e-07,2.6286,16.790123,26.326491,0.0,0.0,9.536368,9.536368
5wqbNRtu5eEuGLP1houqRMZdMqq2bvHZuVtY1yLcpump,Conspiracist,2CHrnc2LyagAbMaMFgthiDWh7ZZ9zT9TF8WEJf7MNE71,0.0,415778886,0,1,1,4.289848714638901e-08,1.0699,1.234568,3.595812,0.0,0.0,2.361244,2.361244
5wqbNRtu5eEuGLP1houqRMZdMqq2bvHZuVtY1yLcpump,Conspiracist,Atgx1JXsp8pTQ9Qsi74wF5pLMVwHwyQc6jJCu84evN7c,0.0,415778886,0,1,1,4.556092915944877e-08,1.1363,1.135802,3.284179,0.0,0.0,2.148376,2.148376
5wqbNRtu5eEuGLP1houqRMZdMqq2bvHZuVtY1yLcpump,Conspiracist,8kzFH4rgFzy4ccz97AhgqRT7Qbt7HnD5oJCDK1Sxdarb,0.0,415778886,0,1,1,4.818261332452012e-08,1.2017,1.08642,2.836949,0.0,0.0,1.750529,1.750529
5wqbNRtu5eEuGLP1houqRMZdMqq2bvHZuVtY1yLcpump,Conspiracist,B7phGQG4ZfB3hHApQSc1z778sSsTrtnW4iP7ov841xPh,1.0,415778890,4,0,1,1.0437669090277798e-07,2.6032,0.977778,1.175227,0.0,0.0,0.197449,0.197449
5wqbNRtu5eEuGLP1houqRMZdMqq2bvHZuVtY1yLcpump,Conspiracist,6bqbSJXwMrmu8BHPcMp3mHrqqMS9CTL5LM1SdT7Hs82K,12.0,415778914,28,0,1,1.2625868184576528e-07,3.149,2.444444,2.612132,0.0,0.0,0.167687,0.167687
5wqbNRtu5eEuGLP1houqRMZdMqq2bvHZuVtY1yLcpump,Conspiracist,7FovysP3MGZjFb2MRPtQPn27Ntejdjot2u2WAyL1fUaA,12.0,415778914,28,0,1,1.1676196865153687e-07,2.9121,2.469136,2.631537,0.0,0.0,0.162402,0.162402
5wqbNRtu5eEuGLP1houqRMZdMqq2bvHZuVtY1yLcpump,Conspiracist,E35uoEGT6mR2ae94KNuSfk4X86y7bcNeomDNV4T7GaFs,3.0,415778893,7,0,1,1.0391001218334657e-07,2.5916,1.013522,1.156415,0.0,0.0,0.142893,0.142893
5wqbNRtu5eEuGLP1houqRMZdMqq2bvHZuVtY1yLcpump,Conspiracist,F9Kkxs8NEsu71wsv7eKaqG4gcaAMysDFLPLTXq4yu8yL,7.0,415778902,16,0,1,1.043906094896871e-07,2.6036,0.547556,0.674762,0.0,0.0,0.127206,0.127206
5wqbNRtu5eEuGLP1houqRMZdMqq2bvHZuVtY1yLcpump,Conspiracist,BNwVduQq1AH3ee5hnLQtbJmPyrBJHaS29b6VQt3pzvsR,3.0,415778893,7,0,1,1.0209603504575637e-07,2.5463,0.498226,0.573918,0.0,0.0,0.075692,0.075692
5yWb5o2XT4J5dFCg3w6EZHxRAgYhyuj8H1RAEFeUpump,Hope,5brv79eFZ2rGprXNvqgVJBkBptkkw8GJX1XydJyZLyAr,0.0,413861800,0,1,1,5.727540128577809e-08,1.6471,3.950617,6.444898,0.0,0.0,2.494281,2.494281
5yWb5o2XT4J5dFCg3w6EZHxRAgYhyuj8H1RAEFeUpump,Hope,Atgx1JXsp8pTQ9Qsi74wF5pLMVwHwyQc6jJCu84evN7c,0.0,413861800,0,1,1,3.987528514026162e-08,1.1467,1.135802,3.165913,0.0,0.0,2.030111,2.030111
5yWb5o2XT4J5dFCg3w6EZHxRAgYhyuj8H1RAEFeUpump,Hope,2CHrnc2LyagAbMaMFgthiDWh7ZZ9zT9TF8WEJf7MNE71,0.0,413861800,0,1,1,3.73870867145051e-08,1.0752,1.234568,3.087165,0.0,0.0,1.852597,1.852597
5yWb5o2XT4J5dFCg3w6EZHxRAgYhyuj8H1RAEFeUpump,Hope,GfJA84gwT9LpeyzeckeXkCsf8vdQuA64ZYQ91xoBawvt,0.0,413861800,0,1,1,4.4625771392434985e-08,1.2833,0.987654,2.832886,0.0,0.0,1.845232,1.845232
5yWb5o2XT4J5dFCg3w6EZHxRAgYhyuj8H1RAEFeUpump,Hope,8kzFH4rgFzy4ccz97AhgqRT7Qbt7HnD5oJCDK1Sxdarb,0.0,413861800,0,1,1,4.2330301526176347e-08,1.2173,1.08642,2.549284,0.0,0.0,1.462865,1.462865
5yWb5o2XT4J5dFCg3w6EZHxRAgYhyuj8H1RAEFeUpump,Hope,7gEnRjDud56BVmBQMWLTticJoouzrpnyaAnN5A3EEqiy,0.0,413861800,0,1,1,7.720432219645997e-08,2.2202,2.962963,4.014626,0.0,0.0,1.051663,1.051663
5yWb5o2XT4J5dFCg3w6EZHxRAgYhyuj8H1RAEFeUpump,Hope,T7fwsF16v5cHQKafsxU5eJ9cA5H8SiU5s8bAaYoYGf8,4.0,413861808,8,0,0,7.604822513881538e-08,2.187,2.055309,2.833568,8782764.512,0.184026,0.77826,0.962286
5yWb5o2XT4J5dFCg3w6EZHxRAgYhyuj8H1RAEFeUpump,Hope,Aoc5Cd9bp2THAUPPx4bEr9JiFYma3kRJtzDcby9Cg84q,6.0,413861815,15,0,1,7.474889540979664e-08,2.1496,2.432099,3.219868,0.0,0.0,0.78777,0.78777
5yWb5o2XT4J5dFCg3w6EZHxRAgYhyuj8H1RAEFeUpump,Hope,GLjnQ8VT9yFHs78N5CZWGGn22a3pm4XHih5WxUpozYnq,26.0,413861865,65,0,1,1.0532140312290653e-07,3.0288,1.658354,2.320104,0.0,0.0,0.66175,0.66175
5yWb5o2XT4J5dFCg3w6EZHxRAgYhyuj8H1RAEFeUpump,Hope,5tzdWUH9AUSwzkyeeg7czJRyNuZtues8yQXxDzqwvKDD,0.0,413861800,0,1,1,6.829971730159899e-08,1.9641,3.950617,4.58945,0.0,0.0,0.638832,0.638832
5zyAoo2t5VjzKPzkazMkYfkoovMwAxcGY8bB9y8Hpump,Chompy,EgQX9R3Qph1dPHE1Ysou1auSYqRGomCNmLDC28Yg77aq,0.0,416916408,0,1,1,9.63079345957652e-08,2.2752,11.851852,20.247182,0.0,0.0,8.39533,8.39533
5zyAoo2t5VjzKPzkazMkYfkoovMwAxcGY8bB9y8Hpump,Chompy,2CHrnc2LyagAbMaMFgthiDWh7ZZ9zT9TF8WEJf7MNE71,0.0,416916408,0,1,1,4.520910863285459e-08,1.068,1.234568,3.813009,0.0,0.0,2.578441,2.578441
5zyAoo2t5VjzKPzkazMkYfkoovMwAxcGY8bB9y8Hpump,Chompy,Atgx1JXsp8pTQ9Qsi74wF5pLMVwHwyQc6jJCu84evN7c,0.0,416916408,0,1,1,4.8303523228725356e-08,1.1411,1.283951,3.399726,0.0,0.0,2.115776,2.115776
5zyAoo2t5VjzKPzkazMkYfkoovMwAxcGY8bB9y8Hpump,Chompy,8kzFH4rgFzy4ccz97AhgqRT7Qbt7HnD5oJCDK1Sxdarb,0.0,416916408,0,1,1,5.1126269341973817e-08,1.2078,1.135802,2.819252,0.0,0.0,1.68345,1.68345
5zyAoo2t5VjzKPzkazMkYfkoovMwAxcGY8bB9y8Hpump,Chompy,4kiqwPb4ihe9hvMhqT58P4R4iS5mDPc4MushU85582pu,9.0,416916430,22,0,1,1.3803555894659102e-07,3.2609,2.385778,4.021751,0.0,0.0,1.635973,1.635973
5zyAoo2t5VjzKPzkazMkYfkoovMwAxcGY8bB9y8Hpump,Chompy,5brv79eFZ2rGprXNvqgVJBkBptkkw8GJX1XydJyZLyAr,0.0,416916408,0,1,1,1.335051526111016e-07,3.1539,9.876543,11.163551,0.0,0.0,1.287008,1.287008
5zyAoo2t5VjzKPzkazMkYfkoovMwAxcGY8bB9y8Hpump,Chompy,CFdDzuaNZ7BcQCrmdJyDvH8MpCaFqPjfNumox5hBnpV2,7.0,416916424,16,0,1,1.620630957360269e-07,3.8285,4.888889,5.834405,0.0,0.0,0.945516,0.945516
5zyAoo2t5VjzKPzkazMkYfkoovMwAxcGY8bB9y8Hpump,Chompy,86PwpZLtatNFKAkAurS8tmFtLgZTrHAURiiuXcfYjcvt,5.0,416916420,12,0,1,1.0532000452943124e-07,2.4881,1.955556,2.823504,0.0,0.0,0.867948,0.867948
5zyAoo2t5VjzKPzkazMkYfkoovMwAxcGY8bB9y8Hpump,Chompy,5P8A9bGUhroskpuA4hhRbybgt37TcTz7ft5zLAh8orpn,0.0,416916408,0,1,0,5.531629731141607e-08,1.3068,1.62963,1.813452,17237045.808,0.478246,0.183822,0.662068
5zyAoo2t5VjzKPzkazMkYfkoovMwAxcGY8bB9y8Hpump,Chompy,76ws2A2fvuMxw4Ko2ZaeV5fNPR71EXt2Vx2F9JpVU4YE,5.0,416916421,13,0,1,1.2714474425780977e-07,3.0036,0.968,1.608587,0.0,0.0,0.640587,0.640587
66DAtgTnevAD8JTmnNqFNG5qDYztHLpyCSpy5hYRpump,ANI,EgQX9R3Qph1dPHE1Ysou1auSYqRGomCNmLDC28Yg77aq,1.0,413379509,1,0,1,6.630046153439472e-08,1.9066,6.716049,10.250812,0.0,0.0,3.534763,3.534763
66DAtgTnevAD8JTmnNqFNG5qDYztHLpyCSpy5hYRpump,ANI,Atgx1JXsp8pTQ9Qsi74wF5pLMVwHwyQc6jJCu84evN7c,0.0,413379508,0,1,0,3.987528514026162e-08,1.1467,1.135802,2.139606,14708219.366,0.408225,1.003803,1.412028
66DAtgTnevAD8JTmnNqFNG5qDYztHLpyCSpy5hYRpump,ANI,2CHrnc2LyagAbMaMFgthiDWh7ZZ9zT9TF8WEJf7MNE71,0.0,413379508,0,1,0,3.73870867145051e-08,1.0752,1.234568,2.150628,17119867.078,0.47516,0.91606,1.39122
66DAtgTnevAD8JTmnNqFNG5qDYztHLpyCSpy5hYRpump,ANI,8kzFH4rgFzy4ccz97AhgqRT7Qbt7HnD5oJCDK1Sxdarb,0.0,413379508,0,1,0,4.2330301526176347e-08,1.2173,1.08642,1.82395,13221784.517,0.366969,0.73753,1.104499
66DAtgTnevAD8JTmnNqFNG5qDYztHLpyCSpy5hYRpump,ANI,5P8A9bGUhroskpuA4hhRbybgt37TcTz7ft5zLAh8orpn,0.0,413379508,0,1,0,4.842458462886479e-08,1.3926,1.333333,1.909273,14248292.311,0.39546,0.57594,0.9714
66DAtgTnevAD8JTmnNqFNG5qDYztHLpyCSpy5hYRpump,ANI,NigaK3dmoQ2hLph39JAkPQoprnBX8doh9n71kAGcFNW,8.0,413379527,19,0,1,8.05631922600983e-08,2.3168,1.955556,2.812113,0.0,0.0,0.856558,0.856558
66DAtgTnevAD8JTmnNqFNG5qDYztHLpyCSpy5hYRpump,ANI,GfJA84gwT9LpeyzeckeXkCsf8vdQuA64ZYQ91xoBawvt,0.0,413379508,0,1,0,4.520910861945741e-08,1.3001,1.234568,1.651815,14110627.639,0.391639,0.417247,0.808886
66DAtgTnevAD8JTmnNqFNG5qDYztHLpyCSpy5hYRpump,ANI,7FovysP3MGZjFb2MRPtQPn27Ntejdjot2u2WAyL1fUaA,8.0,413379528,20,0,1,8.938870262829529e-08,2.5706,1.975309,2.562432,0.0,0.0,0.587123,0.587123
66DAtgTnevAD8JTmnNqFNG5qDYztHLpyCSpy5hYRpump,ANI,76yGatLCWsbBXLumYURqgb6mV2gzTwAvgPKhKBSnDimu,6.0,413379521,13,0,1,8.339654012914737e-08,2.3983,1.026667,1.593384,0.0,0.0,0.566717,0.566717
66DAtgTnevAD8JTmnNqFNG5qDYztHLpyCSpy5hYRpump,ANI,HbcfHAh8npmqUGDR5Wt5fYHTL2VgeWrD7nRx6gHg2JyJ,7.0,413379525,17,0,1,8.84679285897645e-08,2.5441,1.466667,1.757522,0.0,0.0,0.290855,0.290855
66PU1DYEoBYBGXV4eRQq8xjvRHeKbX4npbEESYqkpump,Bear,2CHrnc2LyagAbMaMFgthiDWh7ZZ9zT9TF8WEJf7MNE71,0.0,395842348,0,1,1,3.6335507921714764e-08,1.074,1.2,1.664779,0.0,0.0,0.464779,0.464779
66PU1DYEoBYBGXV4eRQq8xjvRHeKbX4npbEESYqkpump,Bear,4K6XZ5kYHe1jY2knNmHwoZAZ9QEM6GvnWo82AX5R1xQe,5.0,395842359,11,0,1,4.687293647342752e-08,1.3855,1.955556,2.05621,0.0,0.0,0.100654,0.100654
66PU1DYEoBYBGXV4eRQq8xjvRHeKbX4npbEESYqkpump,Bear,3zSrN2BTob4za5dyFZQpZk3r5kFmwU7G3T1dZMkumAZy,0.0,395842348,0,1,1,4.421113456272294e-08,1.3068,0.239355,0.27071,0.0,0.0,0.031355,0.031355
66PU1DYEoBYBGXV4eRQq8xjvRHeKbX4npbEESYqkpump,Bear,CRe8B9xFxw4VAjddnH6p4HfKpdQj1Wageyv9AcP1J39K,0.0,395842348,0,1,1,4.459611536233073e-08,1.3182,0.122012,0.147592,0.0,0.0,0.02558,0.02558
66PU1DYEoBYBGXV4eRQq8xjvRHeKbX4npbEESYqkpump,Bear,GBpzjfUg1tjPPFmyMVcjY63DyWUEqgdrrLMZd6eRh5U,22.0,395842404,56,0,1,4.342632929595001e-08,1.2836,0.992998,1.012565,0.0,0.0,0.019567,0.019567
66PU1DYEoBYBGXV4eRQq8xjvRHeKbX4npbEESYqkpump,Bear,fNrJmJ1aQMx1vgnGwJcLWkUCBrDy7GF7ZpVqiXuRFrJ,22.0,395842404,56,0,1,4.5699320092609666e-08,1.3508,0.966,0.985548,0.0,0.0,0.019548,0.019548
66PU1DYEoBYBGXV4eRQq8xjvRHeKbX4npbEESYqkpump,Bear,FuwYN9WNKiFHJh5ib6S8m5MXSRdUbJjcsg5tLHwGif6P,22.0,395842404,56,0,1,4.1150244222890393e-08,1.2164,0.974336,0.993015,0.0,0.0,0.01868,0.01868
66PU1DYEoBYBGXV4eRQq8xjvRHeKbX4npbEESYqkpump,Bear,DzkD2rgCRTQbmQcaWMavvzoBV9BrZRaydXNRs8X6kgym,0.0,395842348,0,1,1,4.4308391786785735e-08,1.3097,0.041471,0.05063,0.0,0.0,0.009158,0.009158
66PU1DYEoBYBGXV4eRQq8xjvRHeKbX4npbEESYqkpump,Bear,9PGpTLxTUV3HZgDbLokaCkP1n8oKNcPKk8uqzxsTKWJj,0.0,395842348,0,1,1,4.299860877263517e-08,1.271,0.288472,0.294997,0.0,0.0,0.006525,0.006525
66PU1DYEoBYBGXV4eRQq8xjvRHeKbX4npbEESYqkpump,Bear,DkpMvCWwdNZL5UScy1eKjMkQCsyeFjhMLG2WTtmE9zQ2,0.0,395842348,0,1,1,4.365189418593496e-08,1.2903,0.281557,0.287975,0.0,0.0,0.006418,0.006418
6CrQpw1gykHpXzCdJQNBG8MNMHcqjRFt3RxmgPFcpump,Mindset,DpXvKhy9hgfjwn6yZVK47NshY9111BPwZ6PkEtgGbPnG,3.0,395679687,8,0,1,5.488779560213633e-08,1.6224,3.68452,4.18713,0.0,0.0,0.50261,0.50261
6CrQpw1gykHpXzCdJQNBG8MNMHcqjRFt3RxmgPFcpump,Mindset,CRe8B9xFxw4VAjddnH6p4HfKpdQj1Wageyv9AcP1J39K,0.0,395679679,0,1,1,4.246214066949316e-08,1.2551,0.035003,0.051838,0.0,0.0,0.016836,0.016836
6CrQpw1gykHpXzCdJQNBG8MNMHcqjRFt3RxmgPFcpump,Mindset,GctG23MTCLuCcHpd9SooasS6RnR3XKaYqTza9TBGGiDU,6.0,395679694,15,0,1,4.4255762984168726e-08,1.3082,1.466667,1.4703,0.0,0.0,0.003633,0.003633
6CrQpw1gykHpXzCdJQNBG8MNMHcqjRFt3RxmgPFcpump,Mindset,CCRziceLdpZKCJseH1xW551QepfwY5NmP74k4UF331b4,6.0,395679694,15,0,1,4.540850435665056e-08,1.3422,0.488401,0.489643,0.0,0.0,0.001242,0.001242
6CrQpw1gykHpXzCdJQNBG8MNMHcqjRFt3RxmgPFcpump,Mindset,9oieEBu7gprdMmWrSKQFMk48DiCa3AH2edY2eZn8ortJ,0.0,395679679,0,1,1,4.175772078893568e-08,1.2343,0.313075,0.313831,0.0,0.0,0.000756,0.000756
6CrQpw1gykHpXzCdJQNBG8MNMHcqjRFt3RxmgPFcpump,Mindset,DkpMvCWwdNZL5UScy1eKjMkQCsyeFjhMLG2WTtmE9zQ2,0.0,395679679,0,1,1,4.238177618710966e-08,1.2528,0.272943,0.273608,0.0,0.0,0.000665,0.000665
6CrQpw1gykHpXzCdJQNBG8MNMHcqjRFt3RxmgPFcpump,Mindset,NSFWgm8M6KfWGosp5YjruY9csHy1eEyK1hyhMTid9Wf,2.0,395679684,5,0,1,4.2485382931215815e-08,1.2558,0.000117,0.000142,0.0,0.0,2.5e-05,2.5e-05
6CrQpw1gykHpXzCdJQNBG8MNMHcqjRFt3RxmgPFcpump,Mindset,6DskyYLmmA9j1Ht5gAKFBtf2dn8uPZgbVJ2zcmyTZfgp,6.0,395679694,15,0,1,4.5408506006585974e-08,1.3422,1e-06,0.0,0.0,0.0,-0.0,-0.0
6CrQpw1gykHpXzCdJQNBG8MNMHcqjRFt3RxmgPFcpump,Mindset,2HUBvVa2WvDbK5s4uRZUhdoqcnsWKpoJCYJaPTTtnz4z,10.0,395679705,26,0,1,3.414395420093316e-08,1.0093,0.009778,0.008586,0.0,0.0,-0.001191,-0.001191
6CrQpw1gykHpXzCdJQNBG8MNMHcqjRFt3RxmgPFcpump,Mindset,6BGH71HeQGoeaeHjgSetFADG1zvPikSgKjEVYFLY2tkp,0.0,395679681,2,0,0,4.24851142761044e-08,1.2558,0.01,0.0,235440.224,0.006532,-0.01,-0.003468
6DoLTBDEsvDswhUo6HwXPH5kDhY85k9x3pC7g6KVpump,Lockin,3RRrTmKfKFfgHgDYTGgoaa8QgWjagtQpid7atLtgGnCp,0.0,431229695,0,1,1,2.807901509014424e-07,2.864,11.851852,19.657521,0.0,0.0,7.80567,7.80567
6DoLTBDEsvDswhUo6HwXPH5kDhY85k9x3pC7g6KVpump,Lockin,2CHrnc2LyagAbMaMFgthiDWh7ZZ9zT9TF8WEJf7MNE71,0.0,431229695,0,1,1,1.0993046968340201e-07,1.1213,3.308642,10.796052,0.0,0.0,7.48741,7.48741
6DoLTBDEsvDswhUo6HwXPH5kDhY85k9x3pC7g6KVpump,Lockin,Atgx1JXsp8pTQ9Qsi74wF5pLMVwHwyQc6jJCu84evN7c,0.0,431229695,0,1,1,1.2211415802871576e-07,1.2455,3.209877,8.481523,0.0,0.0,5.271647,5.271647
6DoLTBDEsvDswhUo6HwXPH5kDhY85k9x3pC7g6KVpump,Lockin,8kzFH4rgFzy4ccz97AhgqRT7Qbt7HnD5oJCDK1Sxdarb,0.0,431229695,0,1,1,1.359509670388956e-07,1.3867,3.45679,8.005761,0.0,0.0,4.548971,4.548971
6DoLTBDEsvDswhUo6HwXPH5kDhY85k9x3pC7g6KVpump,Lockin,FEZ7FbH71TS57o2xgFkoD7nFPCqNUsHWyYJoD57KWmZC,0.0,431229695,0,1,1,3.1688498551681715e-07,3.2321,5.925926,10.281938,0.0,0.0,4.356012,4.356012
6DoLTBDEsvDswhUo6HwXPH5kDhY85k9x3pC7g6KVpump,Lockin,43x1zWzjVWJbQErWM78m3Acx83FFuGSQEhmgyxUrPdQs,0.0,431229695,0,1,1,1.4967710579206862e-07,1.5267,3.259259,6.210062,0.0,0.0,2.950803,2.950803
6DoLTBDEsvDswhUo6HwXPH5kDhY85k9x3pC7g6KVpump,Lockin,5P8A9bGUhroskpuA4hhRbybgt37TcTz7ft5zLAh8orpn,0.0,431229695,0,1,1,1.627281448419816e-07,1.6598,2.962963,5.807391,0.0,0.0,2.844428,2.844428
6DoLTBDEsvDswhUo6HwXPH5kDhY85k9x3pC7g6KVpump,Lockin,GfJA84gwT9LpeyzeckeXkCsf8vdQuA64ZYQ91xoBawvt,0.0,431229695,0,1,1,1.7910939651114518e-07,1.8269,3.555556,5.91352,0.0,0.0,2.357964,2.357964
6DoLTBDEsvDswhUo6HwXPH5kDhY85k9x3pC7g6KVpump,Lockin,EHPfFYYRMbH3CCpusLV6vBeH9AVYj4eHybt3Z54QrMVZ,0.0,431229695,0,1,1,2.056529855652173e-07,2.0976,1.481481,3.398372,0.0,0.0,1.916891,1.916891
6DoLTBDEsvDswhUo6HwXPH5kDhY85k9x3pC7g6KVpump,Lockin,4mAmxKn2MQLyXZ6zeC22aAg94JqFrwdUMQT6NPKyNnth,25.0,431229756,61,0,1,,,0.0,1.287074,0.0,0.0,1.287074,1.287074
6HWgQuKsq96UguqoZPfeLxN9TgNTq18yUrKv6EvEpump,Cracked,2CHrnc2LyagAbMaMFgthiDWh7ZZ9zT9TF8WEJf7MNE71,0.0,434709165,0,1,1,7.194368105694149e-08,1.1531,3.308642,5.550505,0.0,0.0,2.241863,2.241863
6HWgQuKsq96UguqoZPfeLxN9TgNTq18yUrKv6EvEpump,Cracked,Atgx1JXsp8pTQ9Qsi74wF5pLMVwHwyQc6jJCu84evN7c,0.0,434709165,0,1,1,8.186117150377942e-08,1.3121,3.209877,4.775731,0.0,0.0,1.565855,1.565855
6HWgQuKsq96UguqoZPfeLxN9TgNTq18yUrKv6EvEpump,Cracked,8kzFH4rgFzy4ccz97AhgqRT7Qbt7HnD5oJCDK1Sxdarb,0.0,434709165,0,1,1,9.325745970029008e-08,1.4947,3.45679,4.440067,0.0,0.0,0.983277,0.983277
6HWgQuKsq96UguqoZPfeLxN9TgNTq18yUrKv6EvEpump,Cracked,CX43WzgxqKW8AhgKzuhLP96uPEhot42wiXDhN9ETUr4q,1.0,434709166,1,0,1,1.5961108446529897e-07,2.5582,2.962963,3.842815,0.0,0.0,0.879852,0.879852
6HWgQuKsq96UguqoZPfeLxN9TgNTq18yUrKv6EvEpump,Cracked,8eMntzBDpLZjk6jxWryhU6AZand54sqRhmv81LHmguvZ,1.0,434709166,1,0,1,1.7307935618916946e-07,2.7741,2.962963,3.536508,0.0,0.0,0.573545,0.573545
6HWgQuKsq96UguqoZPfeLxN9TgNTq18yUrKv6EvEpump,Cracked,MeskxyRYaBhYERcNP2zLVTqFVR43TMX4MihyH7AU4XN,5.0,434709176,11,0,1,1.1704334505373546e-07,1.876,1.975309,2.430806,0.0,0.0,0.455497,0.455497
6HWgQuKsq96UguqoZPfeLxN9TgNTq18yUrKv6EvEpump,Cracked,9L3g3MTQ613HV6DKqK8xZRQ1oXZCJynkwKjzt6Tk4TAZ,5.0,434709177,12,0,1,1.3161008939459033e-07,2.1094,0.499302,0.878774,0.0,0.0,0.379473,0.379473
6HWgQuKsq96UguqoZPfeLxN9TgNTq18yUrKv6EvEpump,Cracked,GhNgR53EzCuFrusWGvLW51P4bX6TSTtBzjf8qLEcFeMv,5.0,434709176,11,0,1,1.2449735623926486e-07,1.9954,1.975309,2.33668,0.0,0.0,0.361371,0.361371
6HWgQuKsq96UguqoZPfeLxN9TgNTq18yUrKv6EvEpump,Cracked,4iubzbC4MFyS5zeK8wbr6WgX3T6gor5Qs3pyzyTcK5qp,17.0,434709206,41,0,1,1.0803717972012981e-07,1.7316,1.466667,1.699474,0.0,0.0,0.232807,0.232807
6HWgQuKsq96UguqoZPfeLxN9TgNTq18yUrKv6EvEpump,Cracked,Gku8cuthhvfoPoG18rg1EULt58xB7j1fgPoifJcyh411,7.0,434709181,16,0,1,1.2910248819946338e-07,2.0692,5.476802,5.701712,0.0,0.0,0.22491,0.22491
6K2Z5F9QqZ7n4jTjYoRC5Vc455231cTSbMmx776gpump,Underdog,EgQX9R3Qph1dPHE1Ysou1auSYqRGomCNmLDC28Yg77aq,1.0,409890943,1,0,1,4.818261332285723e-08,1.4274,5.923251,10.277304,0.0,0.0,4.354054,4.354054
6K2Z5F9QqZ7n4jTjYoRC5Vc455231cTSbMmx776gpump,Underdog,2CHrnc2LyagAbMaMFgthiDWh7ZZ9zT9TF8WEJf7MNE71,0.0,409890942,0,1,1,3.633026147834004e-08,1.0763,1.234568,4.004293,0.0,0.0,2.769725,2.769725
6K2Z5F9QqZ7n4jTjYoRC5Vc455231cTSbMmx776gpump,Underdog,3oUz5vBdhKzri46PwEeq8cGxvwv6tXXEv8bAU4Jwdugg,1.0,409890943,1,0,1,6.844365765033468e-08,2.0277,2.962963,5.389087,0.0,0.0,2.426124,2.426124
6K2Z5F9QqZ7n4jTjYoRC5Vc455231cTSbMmx776gpump,Underdog,Atgx1JXsp8pTQ9Qsi74wF5pLMVwHwyQc6jJCu84evN7c,0.0,409890942,0,1,1,3.8696931821971665e-08,1.1464,1.096296,3.078103,0.0,0.0,1.981807,1.981807
6K2Z5F9QqZ7n4jTjYoRC5Vc455231cTSbMmx776gpump,Underdog,9QbcuwBLEDXKgJLx6rJKMnYfeXmTovBPzUmkAu9s4a19,1.0,409890945,3,0,1,7.359246883748537e-08,2.1802,2.933333,4.767667,0.0,0.0,1.834334,1.834334
6K2Z5F9QqZ7n4jTjYoRC5Vc455231cTSbMmx776gpump,Underdog,8kzFH4rgFzy4ccz97AhgqRT7Qbt7HnD5oJCDK1Sxdarb,0.0,409890942,0,1,1,4.120529401906362e-08,1.2207,1.125926,2.612638,0.0,0.0,1.486712,1.486712
6K2Z5F9QqZ7n4jTjYoRC5Vc455231cTSbMmx776gpump,Underdog,J6MAkAtCjuhM5LorZ24dUxkkb2Z1BNgzQ5KryoqXGPfs,9.0,409890965,23,0,1,8.752436845799048e-08,2.593,4.938272,6.297294,0.0,0.0,1.359022,1.359022
6K2Z5F9QqZ7n4jTjYoRC5Vc455231cTSbMmx776gpump,Underdog,9Cyyp717kavbpe8tdowoLeheTwXFCkiV4djvnYCW3iPH,1.0,409890943,1,0,0,5.415719865821059e-08,1.6044,2.37037,3.459815,3829126.419,0.106697,1.089445,1.196142
6K2Z5F9QqZ7n4jTjYoRC5Vc455231cTSbMmx776gpump,Underdog,61ohufUkdgu8sxxP3Rj4zTMfN9qrNwg97SBzHNETng32,22.0,409890995,53,0,1,8.486565763068283e-08,2.5142,1.42986,2.278714,0.0,0.0,0.848854,0.848854
6K2Z5F9QqZ7n4jTjYoRC5Vc455231cTSbMmx776gpump,Underdog,CkLT4ADywSJkXPhwjfnQSd2ujWv8eb5FLKxN1FejvELr,2.0,409890946,4,0,1,9.17815920378755e-08,2.7191,2.739765,3.51129,0.0,0.0,0.771525,0.771525
6P33UYzYbjLYNMqn5EMUdi8v6QieQpz4pBr6pm7Vpump,Dax,5brv79eFZ2rGprXNvqgVJBkBptkkw8GJX1XydJyZLyAr,0.0,422978760,0,1,1,1.104595442267725e-07,2.2361,12.839506,17.891262,0.0,0.0,5.051756,5.051756
6P33UYzYbjLYNMqn5EMUdi8v6QieQpz4pBr6pm7Vpump,Dax,DS593S1N4ag1S5KPhkb2bz6mJgcSpMkQJvQuRAbrAwBz,1.0,422978762,2,0,1,1.3311155950751368e-07,2.6946,0.134107,3.830695,0.0,0.0,3.696587,3.696587
6P33UYzYbjLYNMqn5EMUdi8v6QieQpz4pBr6pm7Vpump,Dax,2CHrnc2LyagAbMaMFgthiDWh7ZZ9zT9TF8WEJf7MNE71,0.0,422978760,0,1,1,5.275718932970118e-08,1.068,1.333333,2.978805,0.0,0.0,1.645472,1.645472
6P33UYzYbjLYNMqn5EMUdi8v6QieQpz4pBr6pm7Vpump,Dax,DuuRTor81GRbkNPPTmpwLDVhgtLvnbYpb1dcSuxHNFZW,12.0,422978789,29,0,1,1.2505917565723312e-07,2.5316,4.367566,5.5751,0.0,0.0,1.207534,1.207534
6P33UYzYbjLYNMqn5EMUdi8v6QieQpz4pBr6pm7Vpump,Dax,Atgx1JXsp8pTQ9Qsi74wF5pLMVwHwyQc6jJCu84evN7c,0.0,422978760,0,1,1,5.609584798034692e-08,1.1356,1.283951,2.367168,0.0,0.0,1.083218,1.083218
6P33UYzYbjLYNMqn5EMUdi8v6QieQpz4pBr6pm7Vpump,Dax,GBZC7v3SVRaNjFJEyLiRDcygH5ojPr2wRemmBpEgeGua,2.0,422978765,5,0,1,1.2455026386192835e-07,2.5213,7.901235,8.582553,0.0,0.0,0.681319,0.681319
6P33UYzYbjLYNMqn5EMUdi8v6QieQpz4pBr6pm7Vpump,Dax,GfJA84gwT9LpeyzeckeXkCsf8vdQuA64ZYQ91xoBawvt,0.0,422978760,0,1,1,6.335726008658201e-08,1.2826,1.461728,1.903807,0.0,0.0,0.442079,0.442079
6P33UYzYbjLYNMqn5EMUdi8v6QieQpz4pBr6pm7Vpump,Dax,FuU4YuViuphyhsV1dFgW2gpZu81xBvmua8AcgggpXfJZ,0.0,422978760,0,1,1,1.2558085729070602e-07,2.5422,3.950617,4.17985,0.0,0.0,0.229233,0.229233
6P33UYzYbjLYNMqn5EMUdi8v6QieQpz4pBr6pm7Vpump,Dax,R2yYRbJ34LiCCYGMUGHx1x86px3L1QLrrx53EUzYdLy,2.0,422978765,5,0,1,1.1690047880197571e-07,2.3665,1.975309,2.203942,0.0,0.0,0.228634,0.228634
6P33UYzYbjLYNMqn5EMUdi8v6QieQpz4pBr6pm7Vpump,Dax,Ayh4WTzQojz4PeutmoszFCY4G8bqFTjvFVY2dbnuNFWr,20.0,422978810,50,0,1,1.1415294701554072e-07,2.3109,1.975309,2.197137,0.0,0.0,0.221828,0.221828
6PTmu947r7D2fu7HCpXiqPCLGcKBARhGSdMkL4Qjpump,PongPong,5brv79eFZ2rGprXNvqgVJBkBptkkw8GJX1XydJyZLyAr,0.0,420353521,0,1,1,1.1045954422678211e-07,2.2361,12.839506,19.364146,0.0,0.0,6.52464,6.52464
6PTmu947r7D2fu7HCpXiqPCLGcKBARhGSdMkL4Qjpump,PongPong,2CHrnc2LyagAbMaMFgthiDWh7ZZ9zT9TF8WEJf7MNE71,0.0,420353521,0,1,1,5.275718932970118e-08,1.068,1.333333,3.506574,0.0,0.0,2.17324,2.17324
6PTmu947r7D2fu7HCpXiqPCLGcKBARhGSdMkL4Qjpump,PongPong,Atgx1JXsp8pTQ9Qsi74wF5pLMVwHwyQc6jJCu84evN7c,0.0,420353521,0,1,1,5.609584798034692e-08,1.1356,1.283951,2.9055,0.0,0.0,1.621549,1.621549
6PTmu947r7D2fu7HCpXiqPCLGcKBARhGSdMkL4Qjpump,PongPong,8kzFH4rgFzy4ccz97AhgqRT7Qbt7HnD5oJCDK1Sxdarb,0.0,420353521,0,1,1,5.932221497121143e-08,1.2009,1.204938,2.638941,0.0,0.0,1.434002,1.434002
6PTmu947r7D2fu7HCpXiqPCLGcKBARhGSdMkL4Qjpump,PongPong,7FovysP3MGZjFb2MRPtQPn27Ntejdjot2u2WAyL1fUaA,4.0,420353531,10,0,1,1.300881493788654e-07,2.6334,7.901235,8.496326,0.0,0.0,0.595092,0.595092
6PTmu947r7D2fu7HCpXiqPCLGcKBARhGSdMkL4Qjpump,PongPong,AdmuNy6KJgYa8GoJXDqCknBte57WQEf8khQG9iu9cY5,6.0,420353536,15,0,1,1.444978813198539e-07,2.9251,3.950617,4.362889,0.0,0.0,0.412271,0.412271
6PTmu947r7D2fu7HCpXiqPCLGcKBARhGSdMkL4Qjpump,PongPong,8njAn7DmUemXTVpzACGPaLwxwGpYFToAzXqHurtsWYun,4.0,420353531,10,0,1,1.2035019417879333e-07,2.4363,2.688889,2.994324,0.0,0.0,0.305435,0.305435
6PTmu947r7D2fu7HCpXiqPCLGcKBARhGSdMkL4Qjpump,PongPong,8P3Geo9TWG3QGYYskx82z5TawVQydjymfAFWHcetVG6u,26.0,420353587,66,0,1,1.2079315375536804e-07,2.4453,3.911111,4.152638,0.0,0.0,0.241527,0.241527
6PTmu947r7D2fu7HCpXiqPCLGcKBARhGSdMkL4Qjpump,PongPong,RTYizu6bjvFTBfiS56cEoqkKRqk5xa5VBKsHQUeUNDs,5.0,420353532,11,0,1,1.4080464538759302e-07,2.8504,1.975309,2.21312,0.0,0.0,0.237811,0.237811
6PTmu947r7D2fu7HCpXiqPCLGcKBARhGSdMkL4Qjpump,PongPong,EG9xDCR4ggBmyqjkoFRemazzYx3LGBH87Gdf3NvV2c7z,0.0,420353521,0,1,1,1.1491787261771959e-07,2.3263,0.987654,1.173133,0.0,0.0,0.185479,0.185479
6Quog29HQ5tA5BdnCv3FWpW8WEpdxCsxEpt2TGCZpump,Gnomes,7EeHocJ2eLfDvmWNzsMDeZfWgtPwVRP7uY2RSJqQebBj,17.0,435571043,39,0,0,1.5082397773853626e-07,2.4174,3.950617,0.0,26628903.402,68.376946,-3.950617,64.426328
6Quog29HQ5tA5BdnCv3FWpW8WEpdxCsxEpt2TGCZpump,Gnomes,BEoTac8qt7ssSxFnk2sjv7aB4Y98srkqYj8VmP4TpwLi,8.0,435571024,20,0,0,1.52814613764865e-07,2.4493,3.158222,0.0,21641530.19,55.57051,-3.158222,52.412287
6Quog29HQ5tA5BdnCv3FWpW8WEpdxCsxEpt2TGCZpump,Gnomes,CECxGSBzUEfL4TGiL5nJjtcg7ZdS5JvnXJiFdTwtcEE1,25.0,435571063,59,0,0,1.6376638724714287e-07,2.6248,1.975309,0.0,13291681.568,34.130004,-1.975309,32.154696
6Quog29HQ5tA5BdnCv3FWpW8WEpdxCsxEpt2TGCZpump,Gnomes,G2mFT9KThEXfwA8FxwUAUo9Cnc6xzog4m2G42gg2emUu,6.0,435571019,15,0,0,1.398411124964185e-07,2.2414,0.987654,0.0,7613591.551,19.549965,-0.987654,18.562311
6Quog29HQ5tA5BdnCv3FWpW8WEpdxCsxEpt2TGCZpump,Gnomes,38YCAacCgGFCbwuMy8CzAqaLC3ebY4LmwX4dZ4YE2vqc,5.0,435571017,13,0,0,1.4294782471031144e-07,2.2912,4.106667,2.639014,7780177.149,19.977719,-1.467653,18.510066
6Quog29HQ5tA5BdnCv3FWpW8WEpdxCsxEpt2TGCZpump,Gnomes,5i87VG3hFiwkqMsrFffotCxDRn1i5bX9kJjMCvZY42qJ,9.0,435571025,21,0,0,1.50104186376594e-07,2.4059,0.987654,0.0,7318105.817,18.791225,-0.987654,17.803571
6Quog29HQ5tA5BdnCv3FWpW8WEpdxCsxEpt2TGCZpump,Gnomes,BWqqLyeqhAa1rqvQEBAUD5yrT4DS8kBzjTxnvKt15adu,9.0,435571025,21,0,0,1.529613272365292e-07,2.4517,0.987654,0.0,7266672.983,18.659158,-0.987654,17.671503
6Quog29HQ5tA5BdnCv3FWpW8WEpdxCsxEpt2TGCZpump,Gnomes,v7yF6C5TWHD8E3S6r98ZF79duA5PW5btsd3sJ8iuaAx,15.0,435571039,35,0,0,1.4298929532776434e-07,2.2918,0.493827,0.0,3478917.823,8.933067,-0.493827,8.43924
6Quog29HQ5tA5BdnCv3FWpW8WEpdxCsxEpt2TGCZpump,Gnomes,8CvenWxY38ipnPmDZLLmvDqVsuHXTXjtMBvi8HmF3f7D,8.0,435571023,19,0,0,1.537112664465797e-07,2.4637,0.782222,0.278938,2748756.932,7.05818,-0.503285,6.554896
6Quog29HQ5tA5BdnCv3FWpW8WEpdxCsxEpt2TGCZpump,Gnomes,CqohNMAZdk19teCRRsfWVaqDnBRzPboTAeQvYnpJBUZ9,24.0,435571060,56,0,0,1.4292321888114358e-07,2.2908,0.301925,0.0,2266792.891,5.820607,-0.301925,5.518682
6cmSs58irWKE2ayjUouJgawxgM6zvhqVdnZPRV7Zpump,Dale,2CHrnc2LyagAbMaMFgthiDWh7ZZ9zT9TF8WEJf7MNE71,0.0,434523146,0,1,1,7.194368105694149e-08,1.1531,3.308642,6.69195,0.0,0.0,3.383308,3.383308
6cmSs58irWKE2ayjUouJgawxgM6zvhqVdnZPRV7Zpump,Dale,Atgx1JXsp8pTQ9Qsi74wF5pLMVwHwyQc6jJCu84evN7c,0.0,434523146,0,1,1,8.186117150377942e-08,1.3121,3.209877,5.728313,0.0,0.0,2.518437,2.518437
6cmSs58irWKE2ayjUouJgawxgM6zvhqVdnZPRV7Zpump,Dale,8kzFH4rgFzy4ccz97AhgqRT7Qbt7HnD5oJCDK1Sxdarb,0.0,434523146,0,1,1,9.325745970029008e-08,1.4947,3.45679,5.629613,0.0,0.0,2.172823,2.172823
6cmSs58irWKE2ayjUouJgawxgM6zvhqVdnZPRV7Zpump,Dale,5P8A9bGUhroskpuA4hhRbybgt37TcTz7ft5zLAh8orpn,0.0,434523146,0,1,1,1.1808808000746812e-07,1.8927,3.604938,4.641267,0.0,0.0,1.036329,1.036329
6cmSs58irWKE2ayjUouJgawxgM6zvhqVdnZPRV7Zpump,Dale,43x1zWzjVWJbQErWM78m3Acx83FFuGSQEhmgyxUrPdQs,0.0,434523146,0,1,1,1.0468253597122784e-07,1.6778,3.259259,4.189267,0.0,0.0,0.930008,0.930008
6cmSs58irWKE2ayjUouJgawxgM6zvhqVdnZPRV7Zpump,Dale,74ryoDMNfhBYeKKody5LzaiVGogTYb2ow5H54YaJrFYE,6.0,434523158,12,0,1,1.3602204135871712e-07,2.1802,3.950617,4.749495,0.0,0.0,0.798878,0.798878
6cmSs58irWKE2ayjUouJgawxgM6zvhqVdnZPRV7Zpump,Dale,5brv79eFZ2rGprXNvqgVJBkBptkkw8GJX1XydJyZLyAr,0.0,434523146,0,1,1,1.4584614409448728e-07,2.3376,3.950617,4.705303,0.0,0.0,0.754686,0.754686
6cmSs58irWKE2ayjUouJgawxgM6zvhqVdnZPRV7Zpump,Dale,8eMntzBDpLZjk6jxWryhU6AZand54sqRhmv81LHmguvZ,0.0,434523146,0,1,1,1.5873259375298818e-07,2.5442,2.962963,3.685525,0.0,0.0,0.722562,0.722562
6cmSs58irWKE2ayjUouJgawxgM6zvhqVdnZPRV7Zpump,Dale,BoHSCCNHeUZikCqfUZaYbJKHbWFyyzaoDGFLEh8sJNt9,6.0,434523160,14,0,0,1.228041916890284e-07,1.9683,1.975309,2.345426,2023219.708,0.047107,0.370117,0.417224
6cmSs58irWKE2ayjUouJgawxgM6zvhqVdnZPRV7Zpump,Dale,MeskxyRYaBhYERcNP2zLVTqFVR43TMX4MihyH7AU4XN,5.0,434523156,10,0,1,1.309578125616071e-07,2.099,1.975309,2.303953,0.0,0.0,0.328644,0.328644
6drk82qT3nPJwFwyzXjjmX7Fav2eBsNQUw9nj1kbpump,Lore,Ba8FprLDSosmEYver5dC3fy3LWJ9gBTV3KkXeFu93Exf,4.0,384190016,10,0,1,3.997344799617928e-08,1.1816,0.962059,1.116788,0.0,0.0,0.154729,0.154729
6drk82qT3nPJwFwyzXjjmX7Fav2eBsNQUw9nj1kbpump,Lore,Atgx1JXsp8pTQ9Qsi74wF5pLMVwHwyQc6jJCu84evN7c,0.0,384190006,0,1,1,3.8273066169617854e-08,1.1313,1.0,1.128066,0.0,0.0,0.128066,0.128066
6drk82qT3nPJwFwyzXjjmX7Fav2eBsNQUw9nj1kbpump,Lore,4DnYhZysNoeC1LH5JxH1futTcqwdeqTunnbtXWyQGyfh,25.0,384190071,65,0,1,3.6923542693404656e-08,1.0914,0.939569,1.021858,0.0,0.0,0.082288,0.082288
6drk82qT3nPJwFwyzXjjmX7Fav2eBsNQUw9nj1kbpump,Lore,AZrKbHXJmMUQqa6ZU1CVMTRhtHM12ZEzpFsZUH5f4qsu,4.0,384190016,10,0,1,4.205053707855361e-08,1.243,0.920163,0.978573,0.0,0.0,0.058409,0.058409
6drk82qT3nPJwFwyzXjjmX7Fav2eBsNQUw9nj1kbpump,Lore,2CHrnc2LyagAbMaMFgthiDWh7ZZ9zT9TF8WEJf7MNE71,0.0,384190006,0,1,1,3.612333022677848e-08,1.0678,1.1,1.157672,0.0,0.0,0.057672,0.057672
6drk82qT3nPJwFwyzXjjmX7Fav2eBsNQUw9nj1kbpump,Lore,8kzFH4rgFzy4ccz97AhgqRT7Qbt7HnD5oJCDK1Sxdarb,0.0,384190006,0,1,1,4.0260950605778134e-08,1.1901,0.9,0.95366,0.0,0.0,0.05366,0.05366
6drk82qT3nPJwFwyzXjjmX7Fav2eBsNQUw9nj1kbpump,Lore,GGc63Jo8Mu5bASVX7no5BwkEnMruTssaY92r8haZCT6g,4.0,384190015,9,0,1,3.892166452635918e-08,1.1505,0.342222,0.391402,0.0,0.0,0.04918,0.04918
6drk82qT3nPJwFwyzXjjmX7Fav2eBsNQUw9nj1kbpump,Lore,BPH2XdUAfK3wVhzFcHqsgFez7VeCMPj33g4xGjA3WH7b,19.0,384190055,49,0,1,3.900655338631444e-08,1.153,0.195556,0.20383,0.0,0.0,0.008275,0.008275
6drk82qT3nPJwFwyzXjjmX7Fav2eBsNQUw9nj1kbpump,Lore,AhKMhfkRR3wNXZUC9rCHKAcibZUcdErdnkmJ6ewoVmBL,4.0,384190015,9,0,1,3.785804238563402e-08,1.1191,0.053616,0.059451,0.0,0.0,0.005835,0.005835
6drk82qT3nPJwFwyzXjjmX7Fav2eBsNQUw9nj1kbpump,Lore,Gg9FHbSb5PWPJfDGsk3rHr5eJHNiS3yiDzroCBAEkTFt,7.0,384190025,19,0,1,4.198175574162277e-08,1.2409,0.01975,0.019071,0.0,0.0,-0.000679,-0.000679
6kNFL3SmeqBJpiFtfUUZXxTacm48gCPx3aaqPhskpump,Kintaro,CoGpVJwGUJXV2Z9HC7rmnrgbo8VvAKijpctSNR33rpTe,0.0,421623071,0,1,0,9.975492730905308e-08,2.0194,9.876543,14.352203,14079625.636,0.252936,4.47566,4.728596
6kNFL3SmeqBJpiFtfUUZXxTacm48gCPx3aaqPhskpump,Kintaro,2CHrnc2LyagAbMaMFgthiDWh7ZZ9zT9TF8WEJf7MNE71,0.0,421623071,0,1,1,5.275718932970118e-08,1.068,1.333333,4.157379,0.0,0.0,2.824045,2.824045
6kNFL3SmeqBJpiFtfUUZXxTacm48gCPx3aaqPhskpump,Kintaro,Atgx1JXsp8pTQ9Qsi74wF5pLMVwHwyQc6jJCu84evN7c,0.0,421623071,0,1,1,5.609584798034692e-08,1.1356,1.283951,3.854493,0.0,0.0,2.570542,2.570542
6kNFL3SmeqBJpiFtfUUZXxTacm48gCPx3aaqPhskpump,Kintaro,8kzFH4rgFzy4ccz97AhgqRT7Qbt7HnD5oJCDK1Sxdarb,0.0,421623071,0,1,1,5.932221497121143e-08,1.2009,1.204938,3.356037,0.0,0.0,2.151098,2.151098
6kNFL3SmeqBJpiFtfUUZXxTacm48gCPx3aaqPhskpump,Kintaro,AdeaRQae4cjmgXiafNBGc6tbhJVSMzjC1z5GJAeAuXHh,21.0,421623122,51,0,1,1.3878177637166208e-07,2.8094,1.093532,2.400079,0.0,0.0,1.306547,1.306547
6kNFL3SmeqBJpiFtfUUZXxTacm48gCPx3aaqPhskpump,Kintaro,62dTXVyxza4msU2K2BiouQ5vWXtXBeanquKJRiSjmtjv,2.0,421623075,4,0,1,1.3446631473682711e-07,2.7221,5.037037,5.868403,0.0,0.0,0.831366,0.831366
6kNFL3SmeqBJpiFtfUUZXxTacm48gCPx3aaqPhskpump,Kintaro,Bi3J5mQHG6UVgzTSZatSyKcV7YEuqcLMKRoAeFsGfmZX,0.0,421623071,0,1,1,1.1156000611006291e-07,2.2584,2.962963,3.658407,0.0,0.0,0.695444,0.695444
6kNFL3SmeqBJpiFtfUUZXxTacm48gCPx3aaqPhskpump,Kintaro,4BKrTf5N5FSkAKYMg4H9oPu4ouPAV4SAQzdix33ex61X,5.0,421623082,11,0,1,1.1659856735062099e-07,2.3604,1.459259,1.950641,0.0,0.0,0.491382,0.491382
6kNFL3SmeqBJpiFtfUUZXxTacm48gCPx3aaqPhskpump,Kintaro,A7UDSrhC8V1eVrL61TEh3sHeWiU3X3dqh2iyH4qkobXH,6.0,421623086,15,0,1,1.2503047463891732e-07,2.5311,0.977778,1.382448,0.0,0.0,0.40467,0.40467
6kNFL3SmeqBJpiFtfUUZXxTacm48gCPx3aaqPhskpump,Kintaro,572gijC9dnNiSFgeSDaLMEmPzyZH9MqT7SCVMwKkeTqF,7.0,421623088,17,0,1,1.3969706184317148e-07,2.828,2.073414,2.30485,0.0,0.0,0.231437,0.231437
6mXDkq6ytS174mGXqBbLareojc89drKi1sZuG7WDpump,nobrainer,2CHrnc2LyagAbMaMFgthiDWh7ZZ9zT9TF8WEJf7MNE71,0.0,434514462,0,1,1,7.194368105694149e-08,1.1531,3.308642,8.46897,0.0,0.0,5.160328,5.160328
6mXDkq6ytS174mGXqBbLareojc89drKi1sZuG7WDpump,nobrainer,Atgx1JXsp8pTQ9Qsi74wF5pLMVwHwyQc6jJCu84evN7c,0.0,434514462,0,1,1,8.186117150377942e-08,1.3121,3.209877,6.869578,0.0,0.0,3.659702,3.659702
6mXDkq6ytS174mGXqBbLareojc89drKi1sZuG7WDpump,nobrainer,8kzFH4rgFzy4ccz97AhgqRT7Qbt7HnD5oJCDK1Sxdarb,0.0,434514462,0,1,1,9.325745970029008e-08,1.4947,3.45679,6.765036,0.0,0.0,3.308246,3.308246
6mXDkq6ytS174mGXqBbLareojc89drKi1sZuG7WDpump,nobrainer,2CQgjcdNEo7WtbQLpJTAVcC3Ga61pNvRDTgP5grzctFG,0.0,434514462,0,1,1,1.5785652730159165e-07,2.5301,6.716049,8.21775,0.0,0.0,1.5017,1.5017
6mXDkq6ytS174mGXqBbLareojc89drKi1sZuG7WDpump,nobrainer,43x1zWzjVWJbQErWM78m3Acx83FFuGSQEhmgyxUrPdQs,0.0,434514462,0,1,1,1.0468253597122784e-07,1.6778,3.259259,4.643692,0.0,0.0,1.384433,1.384433
6mXDkq6ytS174mGXqBbLareojc89drKi1sZuG7WDpump,nobrainer,5P8A9bGUhroskpuA4hhRbybgt37TcTz7ft5zLAh8orpn,0.0,434514462,0,1,1,1.1808808000746812e-07,1.8927,3.604938,4.976782,0.0,0.0,1.371844,1.371844
6mXDkq6ytS174mGXqBbLareojc89drKi1sZuG7WDpump,nobrainer,GfJA84gwT9LpeyzeckeXkCsf8vdQuA64ZYQ91xoBawvt,0.0,434514462,0,1,1,1.2951270172652703e-07,2.0758,2.91358,3.49936,0.0,0.0,0.58578,0.58578
6mXDkq6ytS174mGXqBbLareojc89drKi1sZuG7WDpump,nobrainer,9nkXdTQJfJyc86joArh6dktWZdQ1TgwHzyyCrw6FEbuV,6.0,434514476,14,0,1,1.3769856779316135e-07,2.207,1.955556,2.49088,0.0,0.0,0.535325,0.535325
6mXDkq6ytS174mGXqBbLareojc89drKi1sZuG7WDpump,nobrainer,Anubis512ho5t7S6LNSwoxUWdeQmX2kf3RvZ8ApHHF5w,1.0,434514463,1,0,1,2.089369758904041e-07,3.3488,2.212346,2.746282,0.0,0.0,0.533937,0.533937
6mXDkq6ytS174mGXqBbLareojc89drKi1sZuG7WDpump,nobrainer,Gku8cuthhvfoPoG18rg1EULt58xB7j1fgPoifJcyh411,9.0,434514483,21,0,1,1.4233832222168522e-07,2.2814,3.227347,3.554478,0.0,0.0,0.327132,0.327132
6tzmDHEFBUomQLhbJo2HN6ckca9F9JdTPLPfG6vypump,777,Dc5JSJA5Ha51cD1w2PMx1SheNNQZorqMk6zuviJ7HK98,0.0,415370023,0,1,0,9.836885743904948e-08,2.4534,14.814815,25.508116,32837141.687,0.913543,10.693301,11.606844
6tzmDHEFBUomQLhbJo2HN6ckca9F9JdTPLPfG6vypump,777,2CHrnc2LyagAbMaMFgthiDWh7ZZ9zT9TF8WEJf7MNE71,0.0,415370023,0,1,1,4.289848714638901e-08,1.0699,1.234568,4.534766,0.0,0.0,3.300198,3.300198
6tzmDHEFBUomQLhbJo2HN6ckca9F9JdTPLPfG6vypump,777,Atgx1JXsp8pTQ9Qsi74wF5pLMVwHwyQc6jJCu84evN7c,0.0,415370023,0,1,1,4.556092915944877e-08,1.1363,1.135802,3.85552,0.0,0.0,2.719717,2.719717
6tzmDHEFBUomQLhbJo2HN6ckca9F9JdTPLPfG6vypump,777,8kzFH4rgFzy4ccz97AhgqRT7Qbt7HnD5oJCDK1Sxdarb,0.0,415370023,0,1,1,4.818261332452012e-08,1.2017,1.08642,3.307021,0.0,0.0,2.220601,2.220601
6tzmDHEFBUomQLhbJo2HN6ckca9F9JdTPLPfG6vypump,777,7FovysP3MGZjFb2MRPtQPn27Ntejdjot2u2WAyL1fUaA,4.0,415370032,9,0,1,1.635422104158628e-07,4.0788,3.950617,4.40829,0.0,0.0,0.457673,0.457673
6tzmDHEFBUomQLhbJo2HN6ckca9F9JdTPLPfG6vypump,777,GfJA84gwT9LpeyzeckeXkCsf8vdQuA64ZYQ91xoBawvt,0.0,415370023,0,1,0,5.062959935364188e-08,1.2627,0.987654,0.849098,14997497.89,0.417237,-0.138556,0.278681
6tzmDHEFBUomQLhbJo2HN6ckca9F9JdTPLPfG6vypump,777,5P8A9bGUhroskpuA4hhRbybgt37TcTz7ft5zLAh8orpn,0.0,415370023,0,1,0,5.3391284452884286e-08,1.3316,1.08642,0.908492,15671894.016,0.435999,-0.177928,0.258071
6tzmDHEFBUomQLhbJo2HN6ckca9F9JdTPLPfG6vypump,777,BzHQjAyuwhSHvMGbcXJvEsYohhtx9ngJDmNJKykfaM2R,8.0,415370043,20,0,1,1.4479472677671776e-07,3.6113,1.459259,1.711097,0.0,0.0,0.251838,0.251838
6tzmDHEFBUomQLhbJo2HN6ckca9F9JdTPLPfG6vypump,777,5DZ6xyEB42gLpcQPy7hUEARgEgTXUFEDt38P8vgnHsZa,26.0,415370090,67,0,1,1.3876427201780444e-07,3.4608,1.466667,1.698679,0.0,0.0,0.232012,0.232012
6tzmDHEFBUomQLhbJo2HN6ckca9F9JdTPLPfG6vypump,777,D42aZNqdhfk8xjbwLTB4MEFeA6BkVCD7VYDEWBRvG2nm,5.0,415370037,14,0,1,1.5668617196519115e-07,3.9078,1.354079,1.557288,0.0,0.0,0.203209,0.203209
6v2KUBmf1JtbRz4aawmNBJrQpnWtwQBjyrSQNDbkpump,Herd,8EBQeFKNhuEQsDwH9LUUeZDMqQyAMgitH9n791Uz7K24,0.0,411415199,0,1,0,7.056244151394688e-08,2.0292,10.745679,11.241794,39746716.441,1.103399,0.496115,1.599514
6v2KUBmf1JtbRz4aawmNBJrQpnWtwQBjyrSQNDbkpump,Herd,2CHrnc2LyagAbMaMFgthiDWh7ZZ9zT9TF8WEJf7MNE71,0.0,411415199,0,1,1,3.73870867145051e-08,1.0752,1.234568,2.134598,0.0,0.0,0.90003,0.90003
6v2KUBmf1JtbRz4aawmNBJrQpnWtwQBjyrSQNDbkpump,Herd,Atgx1JXsp8pTQ9Qsi74wF5pLMVwHwyQc6jJCu84evN7c,0.0,411415199,0,1,1,3.9787393646277536e-08,1.1442,1.096296,1.807906,0.0,0.0,0.71161,0.71161
6v2KUBmf1JtbRz4aawmNBJrQpnWtwQBjyrSQNDbkpump,Herd,5s4F9of2LYCURsaSHGDAc35xfD5dmqyhgKuRFjSeqRNe,0.0,411415199,0,1,1,8.274555314550782e-08,2.3796,3.950617,4.592187,0.0,0.0,0.64157,0.64157
6v2KUBmf1JtbRz4aawmNBJrQpnWtwQBjyrSQNDbkpump,Herd,8Stx1qXxSbLxc5Dnz4m1ecCCEcTkxVU1LgJCY5cWe1k6,6.0,411415213,14,0,1,8.371603747608748e-08,2.4075,2.962963,3.393622,0.0,0.0,0.430659,0.430659
6v2KUBmf1JtbRz4aawmNBJrQpnWtwQBjyrSQNDbkpump,Herd,8kzFH4rgFzy4ccz97AhgqRT7Qbt7HnD5oJCDK1Sxdarb,0.0,411415199,0,1,1,4.233030152846853e-08,1.2173,1.125926,1.471455,0.0,0.0,0.345529,0.345529
6v2KUBmf1JtbRz4aawmNBJrQpnWtwQBjyrSQNDbkpump,Herd,2t2u46cL1tP99Hq5LyEC3fwtL1wNWrHSh2JxRhnQJ8tu,10.0,411415223,24,0,1,7.676729198890138e-08,2.2076,0.977778,1.192017,0.0,0.0,0.21424,0.21424
6v2KUBmf1JtbRz4aawmNBJrQpnWtwQBjyrSQNDbkpump,Herd,D42aZNqdhfk8xjbwLTB4MEFeA6BkVCD7VYDEWBRvG2nm,6.0,411415213,14,0,1,6.860373602009881e-08,1.9729,0.77731,0.967504,0.0,0.0,0.190194,0.190194
6v2KUBmf1JtbRz4aawmNBJrQpnWtwQBjyrSQNDbkpump,Herd,DbuoxEFfnTe2WhoNujGiCxNqd1B3Mrv8GdGBTht7stXv,6.0,411415213,14,0,1,6.635296750583348e-08,1.9082,0.689357,0.854916,0.0,0.0,0.165559,0.165559
6v2KUBmf1JtbRz4aawmNBJrQpnWtwQBjyrSQNDbkpump,Herd,CcuS6zjBQmMj86z3drYMCA12W8bhHWP1voMyKKj2C97D,6.0,411415213,14,0,1,7.155932718638157e-08,2.0579,1.001607,1.124075,0.0,0.0,0.122468,0.122468
71uFjah7v7CeQDXNkmrEKDunZkey6THq26aWwK3Tpump,happiness,5brv79eFZ2rGprXNvqgVJBkBptkkw8GJX1XydJyZLyAr,0.0,407738067,0,1,1,8.818431672618024e-08,2.3926,12.839506,21.008115,0.0,0.0,8.168609,8.168609
71uFjah7v7CeQDXNkmrEKDunZkey6THq26aWwK3Tpump,happiness,2CHrnc2LyagAbMaMFgthiDWh7ZZ9zT9TF8WEJf7MNE71,0.0,407738067,0,1,1,3.954619203787851e-08,1.073,1.234568,3.416528,0.0,0.0,2.18196,2.18196
71uFjah7v7CeQDXNkmrEKDunZkey6THq26aWwK3Tpump,happiness,Atgx1JXsp8pTQ9Qsi74wF5pLMVwHwyQc6jJCu84evN7c,0.0,407738067,0,1,1,4.201377214600072e-08,1.1399,1.096296,3.131319,0.0,0.0,2.035023,2.035023
71uFjah7v7CeQDXNkmrEKDunZkey6THq26aWwK3Tpump,happiness,8kzFH4rgFzy4ccz97AhgqRT7Qbt7HnD5oJCDK1Sxdarb,0.0,407738067,0,1,1,4.462577139845967e-08,1.2108,1.125926,2.59798,0.0,0.0,1.472054,1.472054
71uFjah7v7CeQDXNkmrEKDunZkey6THq26aWwK3Tpump,happiness,GfJA84gwT9LpeyzeckeXkCsf8vdQuA64ZYQ91xoBawvt,0.0,407738067,0,1,1,4.7508317912164854e-08,1.289,1.204938,2.631685,0.0,0.0,1.426746,1.426746
71uFjah7v7CeQDXNkmrEKDunZkey6THq26aWwK3Tpump,happiness,5P8A9bGUhroskpuA4hhRbybgt37TcTz7ft5zLAh8orpn,0.0,407738067,0,1,1,5.080315808786947e-08,1.3784,1.333333,2.468779,0.0,0.0,1.135446,1.135446
71uFjah7v7CeQDXNkmrEKDunZkey6THq26aWwK3Tpump,happiness,7NBMEiAMXTSwAapRaajXE6L7qGodGszjsKsGt4Ea7fzJ,14.0,407738105,38,0,1,1.0492298496783104e-07,2.8468,5.925926,6.499364,0.0,0.0,0.573438,0.573438
71uFjah7v7CeQDXNkmrEKDunZkey6THq26aWwK3Tpump,happiness,9tid6pXgWfWE5KY6kPiYjY1B8EQrzDrq6f7FoatjW57X,3.0,407738076,9,0,1,1.0056526179971936e-07,2.7285,1.173333,1.522805,0.0,0.0,0.349472,0.349472
71uFjah7v7CeQDXNkmrEKDunZkey6THq26aWwK3Tpump,happiness,3WSNsfKgybZTE9F8vLUYhe94q5oSZeaPkdSUUgrFdNhR,14.0,407738105,38,0,1,1.1210292838933206e-07,3.0416,1.955556,2.219398,0.0,0.0,0.263843,0.263843
71uFjah7v7CeQDXNkmrEKDunZkey6THq26aWwK3Tpump,happiness,7TNYdvwDzuRKvquzn24grcGwvrtpsYK58GAWdRBnm3UT,3.0,407738075,8,0,1,9.214263214836404e-08,2.5,2.933333,3.178875,0.0,0.0,0.245542,0.245542
7333nQt9wsxqaYipXdC96Jq3wNZZpVoFf4tiFraEpump,Sol,36DmBA2q956kwUcnfYnaDRtcKLTims7ZMhTncTAGyo8F,0.0,434500058,1,0,1,1.587325937597463e-07,2.5442,6.91358,10.687836,0.0,0.0,3.774256,3.774256
7333nQt9wsxqaYipXdC96Jq3wNZZpVoFf4tiFraEpump,Sol,2CHrnc2LyagAbMaMFgthiDWh7ZZ9zT9TF8WEJf7MNE71,0.0,434500057,0,1,1,7.194368105694149e-08,1.1531,3.308642,5.572027,0.0,0.0,2.263385,2.263385
7333nQt9wsxqaYipXdC96Jq3wNZZpVoFf4tiFraEpump,Sol,Atgx1JXsp8pTQ9Qsi74wF5pLMVwHwyQc6jJCu84evN7c,0.0,434500057,0,1,1,8.186117150377942e-08,1.3121,3.209877,3.836899,0.0,0.0,0.627023,0.627023
7333nQt9wsxqaYipXdC96Jq3wNZZpVoFf4tiFraEpump,Sol,8U3rggHbZK1VtFMA55JDyhPPy66eF8UZAQtENCo2Ur57,12.0,434500089,32,0,1,1.0633766372679915e-07,1.7044,1.955556,2.526318,0.0,0.0,0.570762,0.570762
7333nQt9wsxqaYipXdC96Jq3wNZZpVoFf4tiFraEpump,Sol,Anubis512ho5t7S6LNSwoxUWdeQmX2kf3RvZ8ApHHF5w,0.0,434500058,1,0,1,1.8254934668328103e-07,2.9259,2.212346,2.641778,0.0,0.0,0.429432,0.429432
7333nQt9wsxqaYipXdC96Jq3wNZZpVoFf4tiFraEpump,Sol,8eMntzBDpLZjk6jxWryhU6AZand54sqRhmv81LHmguvZ,0.0,434500058,1,0,1,1.7216450160492218e-07,2.7594,2.962963,3.391062,0.0,0.0,0.428099,0.428099
7333nQt9wsxqaYipXdC96Jq3wNZZpVoFf4tiFraEpump,Sol,9L3g3MTQ613HV6DKqK8xZRQ1oXZCJynkwKjzt6Tk4TAZ,11.0,434500085,28,0,1,1.4717900040983887e-07,2.359,0.451356,0.828002,0.0,0.0,0.376646,0.376646
7333nQt9wsxqaYipXdC96Jq3wNZZpVoFf4tiFraEpump,Sol,HjZmWHwQZLMKzJSTogCTqq9LieVUqh2F9Md2DCwgm927,14.0,434500092,35,0,1,1.1384267896923053e-07,1.8247,0.37037,0.460759,0.0,0.0,0.090389,0.090389
7333nQt9wsxqaYipXdC96Jq3wNZZpVoFf4tiFraEpump,Sol,AwRYcJ8ZF4MVWVF5M2i3u8c9xzq1cFbrzDKD7gGEAPAk,13.0,434500091,34,0,1,1.112398591385823e-07,1.7829,0.449778,0.504847,0.0,0.0,0.055069,0.055069
7333nQt9wsxqaYipXdC96Jq3wNZZpVoFf4tiFraEpump,Sol,AiwXvvb8aa7osebUKYwiCbx7Pqn5wpcmMT6j2BPnNv2B,0.0,434500058,1,0,1,1.844357835030323e-07,2.9561,0.098765,0.14498,0.0,0.0,0.046214,0.046214
74zht8bU78ktcL1TmFLJYQuJZCSQwBjosoWMjcm4pump,NHI,5brv79eFZ2rGprXNvqgVJBkBptkkw8GJX1XydJyZLyAr,0.0,409462779,0,1,1,5.1875819795536705e-08,1.4075,2.962963,4.47551,0.0,0.0,1.512547,1.512547
74zht8bU78ktcL1TmFLJYQuJZCSQwBjosoWMjcm4pump,NHI,3oUz5vBdhKzri46PwEeq8cGxvwv6tXXEv8bAU4Jwdugg,0.0,409462779,0,1,1,7.927372947053671e-08,2.1509,2.962963,3.482982,0.0,0.0,0.520019,0.520019
74zht8bU78ktcL1TmFLJYQuJZCSQwBjosoWMjcm4pump,NHI,2CHrnc2LyagAbMaMFgthiDWh7ZZ9zT9TF8WEJf7MNE71,0.0,409462779,0,1,1,3.954619203787851e-08,1.073,1.234568,1.694864,0.0,0.0,0.460296,0.460296
74zht8bU78ktcL1TmFLJYQuJZCSQwBjosoWMjcm4pump,NHI,72PN9dogN9zmirA2QSYBaPqy6gUdp2tTPNcGD1e2BtXV,0.0,409462779,0,1,1,6.239104150084772e-08,1.6928,1.975309,2.417041,0.0,0.0,0.441733,0.441733
74zht8bU78ktcL1TmFLJYQuJZCSQwBjosoWMjcm4pump,NHI,FaMuZUr4RMghKthNugoCkZSyHNZGVB1rkaL7hgaMqGV7,0.0,409462779,0,1,1,7.024694194155587e-08,1.9059,2.737778,3.077595,0.0,0.0,0.339818,0.339818
74zht8bU78ktcL1TmFLJYQuJZCSQwBjosoWMjcm4pump,NHI,6M69bE1v7nbNRFeX96vEMVgi2PvE8p7M39jmyo1qf3xV,7.0,409462797,18,0,1,6.117602723380767e-08,1.6598,2.444444,2.74744,0.0,0.0,0.302995,0.302995
74zht8bU78ktcL1TmFLJYQuJZCSQwBjosoWMjcm4pump,NHI,E35uoEGT6mR2ae94KNuSfk4X86y7bcNeomDNV4T7GaFs,2.0,409462786,7,0,1,7.123849948316206e-08,1.9328,1.190198,1.213941,0.0,0.0,0.023743,0.023743
74zht8bU78ktcL1TmFLJYQuJZCSQwBjosoWMjcm4pump,NHI,uvKtjudVb5Q5sZ9RxVCiE9PWsHkbHv1MxCzGbN2whj7,7.0,409462799,20,0,1,6.36822222765491e-08,1.7278,0.897102,0.919254,0.0,0.0,0.022152,0.022152
74zht8bU78ktcL1TmFLJYQuJZCSQwBjosoWMjcm4pump,NHI,7AC7bX1HUZzpRdSY1EaDRWnWrQrtxeDtKcygJqNwj1mm,0.0,409462780,1,0,1,6.711374342957502e-08,1.8209,0.045103,0.063524,0.0,0.0,0.018422,0.018422
74zht8bU78ktcL1TmFLJYQuJZCSQwBjosoWMjcm4pump,NHI,FDtNZGF7ujqaUpS22ydAabiPVuiqbt7GRHox96aeFoXb,16.0,409462821,42,0,1,4.927319500617627e-08,1.3369,0.296296,0.308994,0.0,0.0,0.012697,0.012697
7Gs7gFKec9xPQgoX4LnkaHMcUwHatdiRcwfUQ97Hpump,Bullieve,2CHrnc2LyagAbMaMFgthiDWh7ZZ9zT9TF8WEJf7MNE71,0.0,429548020,0,1,1,6.811745565978293e-08,1.1578,3.308642,11.104164,0.0,0.0,7.795522,7.795522
7Gs7gFKec9xPQgoX4LnkaHMcUwHatdiRcwfUQ97Hpump,Bullieve,ARMxNyBe1X3nT12usybG35Eg2LnRGmo6R4bYte8SCMuE,0.0,429548020,0,1,1,1.9095394922174516e-07,3.2458,6.91358,11.076804,0.0,0.0,4.163224,4.163224
7Gs7gFKec9xPQgoX4LnkaHMcUwHatdiRcwfUQ97Hpump,Bullieve,Atgx1JXsp8pTQ9Qsi74wF5pLMVwHwyQc6jJCu84evN7c,0.0,429548020,0,1,1,7.777624690409155e-08,1.322,3.209877,6.941915,0.0,0.0,3.732039,3.732039
7Gs7gFKec9xPQgoX4LnkaHMcUwHatdiRcwfUQ97Hpump,Bullieve,2CQgjcdNEo7WtbQLpJTAVcC3Ga61pNvRDTgP5grzctFG,0.0,429548020,0,1,1,1.362815132233506e-07,2.3165,2.962963,5.993814,0.0,0.0,3.030851,3.030851
7Gs7gFKec9xPQgoX4LnkaHMcUwHatdiRcwfUQ97Hpump,Bullieve,8kzFH4rgFzy4ccz97AhgqRT7Qbt7HnD5oJCDK1Sxdarb,0.0,429548020,0,1,1,8.889393595942503e-08,1.511,3.45679,5.631941,0.0,0.0,2.175151,2.175151
7Gs7gFKec9xPQgoX4LnkaHMcUwHatdiRcwfUQ97Hpump,Bullieve,5brv79eFZ2rGprXNvqgVJBkBptkkw8GJX1XydJyZLyAr,0.0,429548020,0,1,1,1.4874734422221817e-07,2.5284,2.962963,4.753458,0.0,0.0,1.790495,1.790495
7Gs7gFKec9xPQgoX4LnkaHMcUwHatdiRcwfUQ97Hpump,Bullieve,Anubis512ho5t7S6LNSwoxUWdeQmX2kf3RvZ8ApHHF5w,0.0,429548020,0,1,1,2.0932449092621928e-07,3.558,2.212346,3.988803,0.0,0.0,1.776458,1.776458
7Gs7gFKec9xPQgoX4LnkaHMcUwHatdiRcwfUQ97Hpump,Bullieve,GRevWsvJCmmZ6cF6GdAkpKNW6TCLm5MBKyBc3XtUeMmB,0.0,429548020,0,1,1,1.981933344768071e-07,3.3688,1.472343,3.031115,0.0,0.0,1.558772,1.558772
7Gs7gFKec9xPQgoX4LnkaHMcUwHatdiRcwfUQ97Hpump,Bullieve,GfJA84gwT9LpeyzeckeXkCsf8vdQuA64ZYQ91xoBawvt,0.0,429548020,0,1,1,9.797771505938758e-08,1.6654,2.666667,3.762102,0.0,0.0,1.095435,1.095435
7Gs7gFKec9xPQgoX4LnkaHMcUwHatdiRcwfUQ97Hpump,Bullieve,gWTmSBYYJhDf8kM9CKdej7pL96Jjq7rhTiBd6pyv2Yb,8.0,429548040,20,0,1,2.60039297200801e-07,4.4201,5.925926,6.488869,0.0,0.0,0.562943,0.562943
7LS4TVEVp5wadBoAzXw7Xsh59V87gQGxnEAKtc9jpump,Marley,2CHrnc2LyagAbMaMFgthiDWh7ZZ9zT9TF8WEJf7MNE71,0.0,426619240,0,1,1,7.194368105694149e-08,1.1531,3.308642,8.765033,0.0,0.0,5.456391,5.456391
7LS4TVEVp5wadBoAzXw7Xsh59V87gQGxnEAKtc9jpump,Marley,Atgx1JXsp8pTQ9Qsi74wF5pLMVwHwyQc6jJCu84evN7c,0.0,426619240,0,1,1,8.186117150377942e-08,1.3121,3.209877,6.774059,0.0,0.0,3.564183,3.564183
7LS4TVEVp5wadBoAzXw7Xsh59V87gQGxnEAKtc9jpump,Marley,86ZoL3QNAbDy9tgrn7TxemdGiBQioQ1E3xXujcGpGVHP,4.0,426619252,12,0,1,1.7133923011653012e-07,2.7462,4.740741,6.279348,0.0,0.0,1.538607,1.538607
7LS4TVEVp5wadBoAzXw7Xsh59V87gQGxnEAKtc9jpump,Marley,GfJA84gwT9LpeyzeckeXkCsf8vdQuA64ZYQ91xoBawvt,0.0,426619240,0,1,1,1.0255615813776074e-07,1.6438,2.666667,3.980982,0.0,0.0,1.314315,1.314315
7LS4TVEVp5wadBoAzXw7Xsh59V87gQGxnEAKtc9jpump,Marley,CJCUQo5EV7QGgWhG1RmgdYAFCWeXSAPKr4LMU6nqBqwT,10.0,426619265,25,0,1,1.6548817040032266e-07,2.6524,0.043941,1.050202,0.0,0.0,1.006261,1.006261
7LS4TVEVp5wadBoAzXw7Xsh59V87gQGxnEAKtc9jpump,Marley,BJugHjfMsmbK6973G35Y2GSsXNEYr2hABanqtjRGkbH9,5.0,426619255,15,0,1,1.5573778661548316e-07,2.4962,7.901235,8.724746,0.0,0.0,0.823512,0.823512
7LS4TVEVp5wadBoAzXw7Xsh59V87gQGxnEAKtc9jpump,Marley,4iubzbC4MFyS5zeK8wbr6WgX3T6gor5Qs3pyzyTcK5qp,10.0,426619267,27,0,0,1.643966557283911e-07,2.6349,2.019323,2.689543,8244770.346,0.145691,0.670219,0.81591
7LS4TVEVp5wadBoAzXw7Xsh59V87gQGxnEAKtc9jpump,Marley,2CQgjcdNEo7WtbQLpJTAVcC3Ga61pNvRDTgP5grzctFG,0.0,426619240,0,1,1,1.4167187379897385e-07,2.2707,2.962963,3.753418,0.0,0.0,0.790455,0.790455
7LS4TVEVp5wadBoAzXw7Xsh59V87gQGxnEAKtc9jpump,Marley,Bv9rXTo1zTLs2C9kAzRbMER9tnbETWpvsZjVkAsZpwvp,4.0,426619252,12,0,1,3.0838643565496093e-09,0.0494,2.962963,3.556595,0.0,0.0,0.593632,0.593632
7LS4TVEVp5wadBoAzXw7Xsh59V87gQGxnEAKtc9jpump,Marley,Bhv2qFE1KY8ZqqGUjcq88kX7GLNBA4rxiSM8Ad8ENPWy,0.0,426619240,0,1,1,1.6901594800698885e-07,2.709,1.975309,2.444252,0.0,0.0,0.468943,0.468943
7PfBNTnLC7tmCSW4cvibSsDbDzrx3mcRfFrRmuExpump,motion,5brv79eFZ2rGprXNvqgVJBkBptkkw8GJX1XydJyZLyAr,0.0,418496570,0,1,1,1.0326252648307936e-07,2.0904,10.864198,15.327831,0.0,0.0,4.463633,4.463633
7PfBNTnLC7tmCSW4cvibSsDbDzrx3mcRfFrRmuExpump,motion,2CHrnc2LyagAbMaMFgthiDWh7ZZ9zT9TF8WEJf7MNE71,0.0,418496570,0,1,1,5.275718932970118e-08,1.068,1.333333,3.869726,0.0,0.0,2.536393,2.536393
7PfBNTnLC7tmCSW4cvibSsDbDzrx3mcRfFrRmuExpump,motion,Atgx1JXsp8pTQ9Qsi74wF5pLMVwHwyQc6jJCu84evN7c,0.0,418496570,0,1,1,5.609584798034692e-08,1.1356,1.283951,3.520844,0.0,0.0,2.236894,2.236894
7PfBNTnLC7tmCSW4cvibSsDbDzrx3mcRfFrRmuExpump,motion,8kzFH4rgFzy4ccz97AhgqRT7Qbt7HnD5oJCDK1Sxdarb,0.0,418496570,0,1,1,5.932221497121143e-08,1.2009,1.204938,3.062916,0.0,0.0,1.857978,1.857978
7PfBNTnLC7tmCSW4cvibSsDbDzrx3mcRfFrRmuExpump,motion,GKjgm63HQqUQjL12DQdcS6Dh9matC1CnG23Y4gyYuWyR,12.0,418496600,30,0,1,1.1184516840339802e-07,2.2641,2.477488,3.431451,0.0,0.0,0.953963,0.953963
7PfBNTnLC7tmCSW4cvibSsDbDzrx3mcRfFrRmuExpump,motion,7Mirf2mCnBufrsUvas5ATfWZ1baT2vDcFPNY8XJSNR4o,3.0,418496579,9,0,1,1.2294746594720496e-07,2.4889,2.432099,3.134876,0.0,0.0,0.702778,0.702778
7PfBNTnLC7tmCSW4cvibSsDbDzrx3mcRfFrRmuExpump,motion,64hP97Bwr5PubotcTeGgfhkFrGiLVVxT2kVo9M9b4AEz,11.0,418496597,27,0,1,1.0599056315828387e-07,2.1456,1.078696,1.690978,0.0,0.0,0.612283,0.612283
7PfBNTnLC7tmCSW4cvibSsDbDzrx3mcRfFrRmuExpump,motion,CABALsnWXviJxrSSDhtXMspqYmo3G2SsUKRJpCgQy1WU,1.0,418496574,4,0,1,1.3287921494026045e-07,2.6899,1.955556,2.462965,0.0,0.0,0.50741,0.50741
7PfBNTnLC7tmCSW4cvibSsDbDzrx3mcRfFrRmuExpump,motion,6Y7VzR1dcfUyGCbUS9b5PiWhRCN7Hg5NAVUWV9gaMks1,12.0,418496600,30,0,1,1.2101555869584478e-07,2.4498,2.411401,2.902783,0.0,0.0,0.491382,0.491382
7PfBNTnLC7tmCSW4cvibSsDbDzrx3mcRfFrRmuExpump,motion,Gku8cuthhvfoPoG18rg1EULt58xB7j1fgPoifJcyh411,2.0,418496577,7,0,1,1.2029524801139382e-07,2.4352,7.738396,8.194828,0.0,0.0,0.456432,0.456432
7dMQWa2QW8U42BFQBHriMWxwJLufL939pezXBZfipump,Cozy,2CHrnc2LyagAbMaMFgthiDWh7ZZ9zT9TF8WEJf7MNE71,0.0,432256270,0,1,1,7.194368105694149e-08,1.1531,3.308642,4.683915,0.0,0.0,1.375273,1.375273
7dMQWa2QW8U42BFQBHriMWxwJLufL939pezXBZfipump,Cozy,5yL14nq42VuM3uJyUebA9wQJzVJzArA23bF3yqp3sqJ5,0.0,432256270,0,1,1,1.4668827091700641e-07,2.3511,1.185185,1.713866,0.0,0.0,0.52868,0.52868
7dMQWa2QW8U42BFQBHriMWxwJLufL939pezXBZfipump,Cozy,8eMntzBDpLZjk6jxWryhU6AZand54sqRhmv81LHmguvZ,0.0,432256270,0,1,1,1.5961108445402226e-07,2.5582,2.962963,3.438603,0.0,0.0,0.47564,0.47564
7dMQWa2QW8U42BFQBHriMWxwJLufL939pezXBZfipump,Cozy,Atgx1JXsp8pTQ9Qsi74wF5pLMVwHwyQc6jJCu84evN7c,0.0,432256270,0,1,1,8.186117150377942e-08,1.3121,3.209877,3.662295,0.0,0.0,0.452419,0.452419
7dMQWa2QW8U42BFQBHriMWxwJLufL939pezXBZfipump,Cozy,9u5f8WMfyrHo5ondELytGiN9oNphVK1yVuyp2qomdZCs,24.0,432256329,59,0,1,1.0312712817403219e-07,1.6529,1.481481,1.904725,0.0,0.0,0.423244,0.423244
7dMQWa2QW8U42BFQBHriMWxwJLufL939pezXBZfipump,Cozy,Anubis512ho5t7S6LNSwoxUWdeQmX2kf3RvZ8ApHHF5w,0.0,432256270,0,1,1,1.7326214581140518e-07,2.777,2.212346,2.600129,0.0,0.0,0.387784,0.387784
7dMQWa2QW8U42BFQBHriMWxwJLufL939pezXBZfipump,Cozy,2CQgjcdNEo7WtbQLpJTAVcC3Ga61pNvRDTgP5grzctFG,0.0,432256270,0,1,1,1.416718737989664e-07,2.2707,2.962963,3.268673,0.0,0.0,0.30571,0.30571
7dMQWa2QW8U42BFQBHriMWxwJLufL939pezXBZfipump,Cozy,AdEauHEGRFeKsn3r6ywtqrVySYDJFX21LikL6F8XZWRb,14.0,432256304,34,0,1,1.0307283073951248e-07,1.652,2.167519,2.470534,0.0,0.0,0.303015,0.303015
7dMQWa2QW8U42BFQBHriMWxwJLufL939pezXBZfipump,Cozy,Gku8cuthhvfoPoG18rg1EULt58xB7j1fgPoifJcyh411,23.0,432256327,57,0,1,9.468749986368809e-08,1.5176,3.953884,4.213013,0.0,0.0,0.259129,0.259129
7dMQWa2QW8U42BFQBHriMWxwJLufL939pezXBZfipump,Cozy,BzHQjAyuwhSHvMGbcXJvEsYohhtx9ngJDmNJKykfaM2R,10.0,432256294,24,0,1,1.096749726169221e-07,1.7579,1.459259,1.634712,0.0,0.0,0.175453,0.175453
7sg3WtyB8ceeJPxeLrKgYvGZqz95xaftdxdixCDWpump,bug,2CHrnc2LyagAbMaMFgthiDWh7ZZ9zT9TF8WEJf7MNE71,0.0,433099188,0,1,1,7.194368105694149e-08,1.1531,3.308642,4.30167,0.0,0.0,0.993028,0.993028
7sg3WtyB8ceeJPxeLrKgYvGZqz95xaftdxdixCDWpump,bug,4yFAz7dp5WwuZs3vbWKedbRiUmSFxTVGCdsLAxfEQrG3,0.0,433099188,0,1,1,1.4151843510436298e-07,2.2682,2.926383,3.480897,0.0,0.0,0.554514,0.554514
7sg3WtyB8ceeJPxeLrKgYvGZqz95xaftdxdixCDWpump,bug,Atgx1JXsp8pTQ9Qsi74wF5pLMVwHwyQc6jJCu84evN7c,0.0,433099188,0,1,1,8.186117150377942e-08,1.3121,3.209877,3.598788,0.0,0.0,0.388912,0.388912
7sg3WtyB8ceeJPxeLrKgYvGZqz95xaftdxdixCDWpump,bug,8eMntzBDpLZjk6jxWryhU6AZand54sqRhmv81LHmguvZ,0.0,433099188,0,1,1,1.7134068115548834e-07,2.7462,2.962963,3.31542,0.0,0.0,0.352457,0.352457
7sg3WtyB8ceeJPxeLrKgYvGZqz95xaftdxdixCDWpump,bug,HurJbsfi9t4kJZg6UwjC29A3gnB7rDwWwoj75xobsfhh,7.0,433099206,18,0,1,8.549095147638899e-08,1.3702,1.955556,2.252272,0.0,0.0,0.296716,0.296716
7sg3WtyB8ceeJPxeLrKgYvGZqz95xaftdxdixCDWpump,bug,4uBqztBzwjbb4HS7ZUspeordDkagY5fYENAeiqi8xcYU,15.0,433099226,38,0,1,7.669624625148051e-08,1.2293,1.173822,1.379303,0.0,0.0,0.20548,0.20548
7sg3WtyB8ceeJPxeLrKgYvGZqz95xaftdxdixCDWpump,bug,6GofQwh2VPeFtDQebwAWfD1ZB1b7L9oB8UA4UUL7QQ3V,2.0,433099191,3,0,1,1.8784228084676293e-07,3.0107,1.777778,1.945462,0.0,0.0,0.167685,0.167685
7sg3WtyB8ceeJPxeLrKgYvGZqz95xaftdxdixCDWpump,bug,Anubis512ho5t7S6LNSwoxUWdeQmX2kf3RvZ8ApHHF5w,0.0,433099188,0,1,1,1.824997050369707e-07,2.9251,2.212346,2.37422,0.0,0.0,0.161874,0.161874
7sg3WtyB8ceeJPxeLrKgYvGZqz95xaftdxdixCDWpump,bug,DTiLzEMn1ajSEc76kcEQVYjyvBhKbgAGsqeG69kJueEx,19.0,433099234,46,0,1,,,0.0,0.15848,0.0,0.0,0.15848,0.15848
7sg3WtyB8ceeJPxeLrKgYvGZqz95xaftdxdixCDWpump,bug,33yMXYAXdzMDYFVTbazGRyUvmF3JR94o4LphvV4ngB8a,15.0,433099226,38,0,1,8.324396145443117e-08,1.3342,0.88,1.018864,0.0,0.0,0.138864,0.138864
7wVuSgQV3TPJMQqyWQn31jj846V98GfEWHkVkGFDpump,Invasion,2CHrnc2LyagAbMaMFgthiDWh7ZZ9zT9TF8WEJf7MNE71,0.0,428628116,0,1,1,7.194368105694149e-08,1.1531,3.308642,5.568377,0.0,0.0,2.259736,2.259736
7wVuSgQV3TPJMQqyWQn31jj846V98GfEWHkVkGFDpump,Invasion,Atgx1JXsp8pTQ9Qsi74wF5pLMVwHwyQc6jJCu84evN7c,0.0,428628116,0,1,1,8.186117150377942e-08,1.3121,3.209877,5.030616,0.0,0.0,1.820739,1.820739
7wVuSgQV3TPJMQqyWQn31jj846V98GfEWHkVkGFDpump,Invasion,8kzFH4rgFzy4ccz97AhgqRT7Qbt7HnD5oJCDK1Sxdarb,0.0,428628116,0,1,1,9.325745970029008e-08,1.4947,3.45679,4.458378,0.0,0.0,1.001588,1.001588
7wVuSgQV3TPJMQqyWQn31jj846V98GfEWHkVkGFDpump,Invasion,Bhv2qFE1KY8ZqqGUjcq88kX7GLNBA4rxiSM8Ad8ENPWy,0.0,428628116,0,1,1,1.587325937485494e-07,2.5442,2.962963,3.845803,0.0,0.0,0.88284,0.88284
7wVuSgQV3TPJMQqyWQn31jj846V98GfEWHkVkGFDpump,Invasion,5brv79eFZ2rGprXNvqgVJBkBptkkw8GJX1XydJyZLyAr,0.0,428628116,0,1,1,1.4584614409023218e-07,2.3376,3.950617,4.304398,0.0,0.0,0.353781,0.353781
7wVuSgQV3TPJMQqyWQn31jj846V98GfEWHkVkGFDpump,Invasion,GfJA84gwT9LpeyzeckeXkCsf8vdQuA64ZYQ91xoBawvt,0.0,428628116,0,1,1,1.0255615813776074e-07,1.6438,2.666667,2.953407,0.0,0.0,0.28674,0.28674
7wVuSgQV3TPJMQqyWQn31jj846V98GfEWHkVkGFDpump,Invasion,HFB8kQaMQbQkqFSTNGHXXYEmyHNqZDmSWZ5YBKVB2hDi,15.0,428628154,38,0,1,9.394241632921956e-08,1.5057,0.488889,0.655024,0.0,0.0,0.166135,0.166135
7wVuSgQV3TPJMQqyWQn31jj846V98GfEWHkVkGFDpump,Invasion,haqqiUUXB5gp7gDbSjpEkw3phAjQb25r86uXJsZQgWq,22.0,428628171,55,0,1,1.0247683010696246e-07,1.6425,1.481481,1.599631,0.0,0.0,0.118149,0.118149
7wVuSgQV3TPJMQqyWQn31jj846V98GfEWHkVkGFDpump,Invasion,9Uemm2d9nUkXBpPPYS8v3ALwethTRxCtre3CeVtmJunb,24.0,428628177,61,0,1,1.0813943776008144e-07,1.7333,0.488889,0.602477,0.0,0.0,0.113588,0.113588
7wVuSgQV3TPJMQqyWQn31jj846V98GfEWHkVkGFDpump,Invasion,Gku8cuthhvfoPoG18rg1EULt58xB7j1fgPoifJcyh411,7.0,428628133,17,0,1,1.274960054296522e-07,2.0435,4.668281,4.776857,0.0,0.0,0.108577,0.108577
83KSngkonyyJCuEQ7vfBnCFKyfGk6FttQnuQToUppump,Ran-Chan,2CHrnc2LyagAbMaMFgthiDWh7ZZ9zT9TF8WEJf7MNE71,0.0,429056953,0,1,1,7.194368105694149e-08,1.1531,3.308642,5.774103,0.0,0.0,2.465462,2.465462
83KSngkonyyJCuEQ7vfBnCFKyfGk6FttQnuQToUppump,Ran-Chan,Atgx1JXsp8pTQ9Qsi74wF5pLMVwHwyQc6jJCu84evN7c,0.0,429056953,0,1,1,8.186117150377942e-08,1.3121,3.209877,4.092777,0.0,0.0,0.882901,0.882901
83KSngkonyyJCuEQ7vfBnCFKyfGk6FttQnuQToUppump,Ran-Chan,5brv79eFZ2rGprXNvqgVJBkBptkkw8GJX1XydJyZLyAr,1.0,429056954,1,0,1,1.4167187379897385e-07,2.2707,2.962963,3.69435,0.0,0.0,0.731387,0.731387
83KSngkonyyJCuEQ7vfBnCFKyfGk6FttQnuQToUppump,Ran-Chan,Gku8cuthhvfoPoG18rg1EULt58xB7j1fgPoifJcyh411,15.0,429056990,37,0,1,1.1830173834817673e-07,1.8961,6.354496,6.92091,0.0,0.0,0.566414,0.566414
83KSngkonyyJCuEQ7vfBnCFKyfGk6FttQnuQToUppump,Ran-Chan,DuuRTor81GRbkNPPTmpwLDVhgtLvnbYpb1dcSuxHNFZW,17.0,429056993,40,0,1,1.1226597194062324e-07,1.7994,5.958517,6.514659,0.0,0.0,0.556141,0.556141
83KSngkonyyJCuEQ7vfBnCFKyfGk6FttQnuQToUppump,Ran-Chan,8kzFH4rgFzy4ccz97AhgqRT7Qbt7HnD5oJCDK1Sxdarb,0.0,429056953,0,1,1,9.325745970029008e-08,1.4947,3.45679,3.990021,0.0,0.0,0.533231,0.533231
83KSngkonyyJCuEQ7vfBnCFKyfGk6FttQnuQToUppump,Ran-Chan,Anubis512ho5t7S6LNSwoxUWdeQmX2kf3RvZ8ApHHF5w,1.0,429056954,1,0,1,1.7461716870418445e-07,2.7988,2.212346,2.685801,0.0,0.0,0.473455,0.473455
83KSngkonyyJCuEQ7vfBnCFKyfGk6FttQnuQToUppump,Ran-Chan,Bhv2qFE1KY8ZqqGUjcq88kX7GLNBA4rxiSM8Ad8ENPWy,1.0,429056954,1,0,1,1.6226110214011473e-07,2.6007,2.962963,3.424563,0.0,0.0,0.4616,0.4616
83KSngkonyyJCuEQ7vfBnCFKyfGk6FttQnuQToUppump,Ran-Chan,3ooJBsnBPYtZCd4cr32r6SFosMAK5ubge63SvYKGHBHk,1.0,429056954,1,0,1,1.4711024343486548e-07,2.3579,1.283951,1.567843,0.0,0.0,0.283893,0.283893
83KSngkonyyJCuEQ7vfBnCFKyfGk6FttQnuQToUppump,Ran-Chan,Dogz5UoxqULHUE3CMWbCrNTwMsCBsnhcGe8Uuk2hwvv3,19.0,429056999,46,0,1,1.0151586918137629e-07,1.6271,0.684444,0.913579,0.0,0.0,0.229134,0.229134
87ECoUcsioYVxcV71JAwWMhiAEof3gKBV6XLb4szpump,Trencher,5brv79eFZ2rGprXNvqgVJBkBptkkw8GJX1XydJyZLyAr,0.0,422106120,0,1,1,1.1789898783133931e-07,2.3867,14.814815,22.704377,0.0,0.0,7.889562,7.889562
87ECoUcsioYVxcV71JAwWMhiAEof3gKBV6XLb4szpump,Trencher,2CHrnc2LyagAbMaMFgthiDWh7ZZ9zT9TF8WEJf7MNE71,0.0,422106120,0,1,1,5.275718932970118e-08,1.068,1.333333,4.130989,0.0,0.0,2.797656,2.797656
87ECoUcsioYVxcV71JAwWMhiAEof3gKBV6XLb4szpump,Trencher,Atgx1JXsp8pTQ9Qsi74wF5pLMVwHwyQc6jJCu84evN7c,0.0,422106120,0,1,1,5.609584798034692e-08,1.1356,1.283951,3.702171,0.0,0.0,2.41822,2.41822
87ECoUcsioYVxcV71JAwWMhiAEof3gKBV6XLb4szpump,Trencher,8kzFH4rgFzy4ccz97AhgqRT7Qbt7HnD5oJCDK1Sxdarb,0.0,422106120,0,1,1,5.932221497121143e-08,1.2009,1.204938,3.248216,0.0,0.0,2.043278,2.043278
87ECoUcsioYVxcV71JAwWMhiAEof3gKBV6XLb4szpump,Trencher,J5xbgXFyv3zabwX67FUsitcxFhzAVBSj2tbdiimNUStC,3.0,422106128,8,0,1,1.4096559772525437e-07,2.8536,0.953423,1.572986,0.0,0.0,0.619563,0.619563
87ECoUcsioYVxcV71JAwWMhiAEof3gKBV6XLb4szpump,Trencher,swag6aBGmqkAJFVB8w8GK67pjKoUgS5jcTcLy4MWb3m,2.0,422106125,5,0,1,1.4846054302252613e-07,3.0054,2.918519,3.495415,0.0,0.0,0.576896,0.576896
87ECoUcsioYVxcV71JAwWMhiAEof3gKBV6XLb4szpump,Trencher,R2RxpV94CYekeZiLE7XsLXagmjJiZU1AwtCAccEPfB5,2.0,422106125,5,0,1,1.1787644677398878e-07,2.3862,1.777778,2.235672,0.0,0.0,0.457894,0.457894
87ECoUcsioYVxcV71JAwWMhiAEof3gKBV6XLb4szpump,Trencher,RTYizu6bjvFTBfiS56cEoqkKRqk5xa5VBKsHQUeUNDs,5.0,422106132,12,0,1,1.4111507674488883e-07,2.8567,3.950617,4.312533,0.0,0.0,0.361916,0.361916
87ECoUcsioYVxcV71JAwWMhiAEof3gKBV6XLb4szpump,Trencher,3USuyHQVNyppevSmNiamBy8eFcjDJKqLWcCuJ6zJMG5H,4.0,422106130,10,0,1,1.4241123251794438e-07,2.8829,0.016735,0.338128,0.0,0.0,0.321394,0.321394
87ECoUcsioYVxcV71JAwWMhiAEof3gKBV6XLb4szpump,Trencher,GBZC7v3SVRaNjFJEyLiRDcygH5ojPr2wRemmBpEgeGua,5.0,422106132,12,0,1,1.3007750130408697e-07,2.6332,3.950617,4.249917,0.0,0.0,0.299299,0.299299
89kb3kMF44hkHZjmvdA8SXCHzPqpXrcSkdptjbT2pump,Last,3jYB5GfHVuhmD697Yo6FyE9VkmHBEFZ4HSaC1Bskrncm,0.0,408127839,0,1,1,7.53797645862025e-08,2.1051,11.851852,16.493063,0.0,0.0,4.641211,4.641211
89kb3kMF44hkHZjmvdA8SXCHzPqpXrcSkdptjbT2pump,Last,2CHrnc2LyagAbMaMFgthiDWh7ZZ9zT9TF8WEJf7MNE71,0.0,408127839,0,1,1,3.845906356913175e-08,1.074,1.234568,3.178889,0.0,0.0,1.944321,1.944321
89kb3kMF44hkHZjmvdA8SXCHzPqpXrcSkdptjbT2pump,Last,Atgx1JXsp8pTQ9Qsi74wF5pLMVwHwyQc6jJCu84evN7c,0.0,408127839,0,1,1,4.089300708911314e-08,1.142,1.096296,2.110797,0.0,0.0,1.014501,1.014501
89kb3kMF44hkHZjmvdA8SXCHzPqpXrcSkdptjbT2pump,Last,8kzFH4rgFzy4ccz97AhgqRT7Qbt7HnD5oJCDK1Sxdarb,0.0,408127839,0,1,1,4.347046065647312e-08,1.214,1.125926,2.066927,0.0,0.0,0.941001,0.941001
89kb3kMF44hkHZjmvdA8SXCHzPqpXrcSkdptjbT2pump,Last,BBBByrLHua2oYFKviRze4N9n7ay7FcXqy2NzQXfXYEMm,24.0,408127899,60,0,1,6.470063509512986e-08,1.8069,0.816966,1.088644,0.0,0.0,0.271679,0.271679
89kb3kMF44hkHZjmvdA8SXCHzPqpXrcSkdptjbT2pump,Last,8EbyrY91t2CxymzsAehPYMJMn4uctgoLBk5CK5BbdovV,9.0,408127861,22,0,1,9.644540133570244e-08,2.6934,2.469136,2.655371,0.0,0.0,0.186235,0.186235
89kb3kMF44hkHZjmvdA8SXCHzPqpXrcSkdptjbT2pump,Last,7BehgwFjpYiagq68hDAv8tKJhube5gYLde22t5awDoF4,18.0,408127885,46,0,1,7.958385839144519e-08,2.2225,0.977778,1.113179,0.0,0.0,0.135401,0.135401
89kb3kMF44hkHZjmvdA8SXCHzPqpXrcSkdptjbT2pump,Last,Gj5PtdfcU3LF8k2wLegRGyCVcrdk1tUkt1WitL4YcMv5,9.0,408127861,22,0,1,8.808697894484746e-08,2.46,2.933333,3.065957,0.0,0.0,0.132623,0.132623
89kb3kMF44hkHZjmvdA8SXCHzPqpXrcSkdptjbT2pump,Last,4NGX3sD6PQJLwPCSHdLTACFzLRqR1JhpUEtjpsmCAwGn,27.0,408127906,67,0,1,7.63294501127918e-08,2.1317,1.191768,1.314553,0.0,0.0,0.122785,0.122785
89kb3kMF44hkHZjmvdA8SXCHzPqpXrcSkdptjbT2pump,Last,oQqNjbs9gFiTh6y3nsw7mhqrUoLWwBCbphDfbMiByTD,28.0,408127910,71,0,1,7.382301788971326e-08,2.0617,0.488889,0.595046,0.0,0.0,0.106157,0.106157
89tHpU6nSR1BawzwhfxYLNwQKkZ6M7sidhpQDBRFpump,Chimera,CxQtmgayQDGrNZ3JwRFvA3AYGTiCWVtqmS9i4WLB1Ay7,0.0,416678389,0,1,0,1.1789898782626348e-07,2.7852,17.777778,24.989498,46384265.639,0.815723,7.21172,8.027443
89tHpU6nSR1BawzwhfxYLNwQKkZ6M7sidhpQDBRFpump,Chimera,Atgx1JXsp8pTQ9Qsi74wF5pLMVwHwyQc6jJCu84evN7c,0.0,416678389,0,1,1,4.8303523228725356e-08,1.1411,1.283951,4.222715,0.0,0.0,2.938764,2.938764
89tHpU6nSR1BawzwhfxYLNwQKkZ6M7sidhpQDBRFpump,Chimera,2CHrnc2LyagAbMaMFgthiDWh7ZZ9zT9TF8WEJf7MNE71,0.0,416678389,0,1,1,4.520910863285459e-08,1.068,1.234568,3.774561,0.0,0.0,2.539993,2.539993
89tHpU6nSR1BawzwhfxYLNwQKkZ6M7sidhpQDBRFpump,Chimera,8kzFH4rgFzy4ccz97AhgqRT7Qbt7HnD5oJCDK1Sxdarb,0.0,416678389,0,1,1,5.1126269341973817e-08,1.2078,1.135802,3.177143,0.0,0.0,2.04134,2.04134
89tHpU6nSR1BawzwhfxYLNwQKkZ6M7sidhpQDBRFpump,Chimera,5brv79eFZ2rGprXNvqgVJBkBptkkw8GJX1XydJyZLyAr,0.0,416678389,0,1,1,1.5008102084557526e-07,3.5455,7.901235,8.505182,0.0,0.0,0.603947,0.603947
89tHpU6nSR1BawzwhfxYLNwQKkZ6M7sidhpQDBRFpump,Chimera,7Mirf2mCnBufrsUvas5ATfWZ1baT2vDcFPNY8XJSNR4o,5.0,416678401,12,0,1,1.4301906585634704e-07,3.3786,2.432099,2.935614,0.0,0.0,0.503515,0.503515
89tHpU6nSR1BawzwhfxYLNwQKkZ6M7sidhpQDBRFpump,Chimera,2octNbV8QTtaFMJtbWhtkqMQt3deBe4D8mYcNworhv3t,5.0,416678401,12,0,1,1.4429152161475474e-07,3.4087,1.551953,1.741056,0.0,0.0,0.189103,0.189103
89tHpU6nSR1BawzwhfxYLNwQKkZ6M7sidhpQDBRFpump,Chimera,undwZZbXFTXAizTeeNpmygJDa4pWopEr1UCDSWpyo4y,8.0,416678409,20,0,1,1.4297334347968627e-07,3.3776,1.975309,2.148032,0.0,0.0,0.172723,0.172723
89tHpU6nSR1BawzwhfxYLNwQKkZ6M7sidhpQDBRFpump,Chimera,RTYizu6bjvFTBfiS56cEoqkKRqk5xa5VBKsHQUeUNDs,14.0,416678423,34,0,1,1.4590164351733192e-07,3.4467,1.975309,2.144881,0.0,0.0,0.169572,0.169572
89tHpU6nSR1BawzwhfxYLNwQKkZ6M7sidhpQDBRFpump,Chimera,2cdtFfLCauZYnBY7RA2hVZVNAuNH38dAbWsrUYYiUFGL,3.0,416678396,7,0,1,1.4071333118093154e-07,3.3242,1.214815,1.373395,0.0,0.0,0.15858,0.15858
8LKbhVZWvSimMDnZ7eEZKpu54GsqjK45NQr7BKkUpump,Sandy,2TAiPNMP9krCV4G1XXcqSm9N6zQpY9gzZwSV8eE1vGgy,0.0,413651328,0,1,1,6.2666346361227e-08,1.8021,2.962963,3.81277,0.0,0.0,0.849807,0.849807
8LKbhVZWvSimMDnZ7eEZKpu54GsqjK45NQr7BKkUpump,Sandy,5brv79eFZ2rGprXNvqgVJBkBptkkw8GJX1XydJyZLyAr,0.0,413651328,0,1,1,5.467083844373327e-08,1.5722,2.962963,3.661893,0.0,0.0,0.69893,0.69893
8LKbhVZWvSimMDnZ7eEZKpu54GsqjK45NQr7BKkUpump,Sandy,2CHrnc2LyagAbMaMFgthiDWh7ZZ9zT9TF8WEJf7MNE71,0.0,413651328,0,1,1,3.73870867145051e-08,1.0752,1.234568,1.801895,0.0,0.0,0.567328,0.567328
8LKbhVZWvSimMDnZ7eEZKpu54GsqjK45NQr7BKkUpump,Sandy,ERU14ALCqDHLouLsRcGsYdvW1AoA12c6raMzsi5KZvNC,5.0,413651339,11,0,1,5.833649386479587e-08,1.6776,0.977778,1.177684,0.0,0.0,0.199907,0.199907
8LKbhVZWvSimMDnZ7eEZKpu54GsqjK45NQr7BKkUpump,Sandy,Atgx1JXsp8pTQ9Qsi74wF5pLMVwHwyQc6jJCu84evN7c,0.0,413651328,0,1,1,3.987528514026162e-08,1.1467,1.135802,1.305148,0.0,0.0,0.169345,0.169345
8LKbhVZWvSimMDnZ7eEZKpu54GsqjK45NQr7BKkUpump,Sandy,8kzFH4rgFzy4ccz97AhgqRT7Qbt7HnD5oJCDK1Sxdarb,0.0,413651328,0,1,1,4.2330301526176347e-08,1.2173,1.08642,1.254083,0.0,0.0,0.167663,0.167663
8LKbhVZWvSimMDnZ7eEZKpu54GsqjK45NQr7BKkUpump,Sandy,5vPBqGSnwVyaXWVY6ye9spaADGXA1GsSsBKJSPfNtVi,0.0,413651328,0,1,1,7.076730952513139e-08,2.0351,2.814815,2.913538,0.0,0.0,0.098723,0.098723
8LKbhVZWvSimMDnZ7eEZKpu54GsqjK45NQr7BKkUpump,Sandy,97jv9pjCf5D7VUZEyj6XnXBC5JF23Vsagc3bvSF6GRmL,7.0,413651345,17,0,1,5.921310412252167e-08,1.7028,0.505654,0.51371,0.0,0.0,0.008056,0.008056
8LKbhVZWvSimMDnZ7eEZKpu54GsqjK45NQr7BKkUpump,Sandy,6ZJUWecpPoBJ63XtTi9aM7mra4HbwYxHgNerN9kdcoFD,5.0,413651340,12,0,1,5.846819658375383e-08,1.6814,0.048889,0.052942,0.0,0.0,0.004053,0.004053
8LKbhVZWvSimMDnZ7eEZKpu54GsqjK45NQr7BKkUpump,Sandy,Hn9B5qcoHAQZg6YsjT6twgugzw1YTNF9qahC1n7UKBao,5.0,413651340,12,0,1,6.251723221077535e-08,1.7978,0.2,0.20368,0.0,0.0,0.00368,0.00368
8RxXax9Npp8bb6RV9pTeC8QWdjf8fkwGWwboigempump,muu,HqXf7BH8F35yyZnRrCMgGgj2yWUqdr8nGvH7ZC9xW1HB,1.0,430328158,3,0,1,2.8301547566240766e-07,4.5362,19.753086,21.588466,0.0,0.0,1.835379,1.835379
8RxXax9Npp8bb6RV9pTeC8QWdjf8fkwGWwboigempump,muu,C3sZ9G7gUsvAKcud6MKVtcDPsq6Z28EvPGn3CATmYixo,0.0,430328155,0,1,1,1.4375143313433782e-07,2.304,3.45679,5.117956,0.0,0.0,1.661166,1.661166
8RxXax9Npp8bb6RV9pTeC8QWdjf8fkwGWwboigempump,muu,2CHrnc2LyagAbMaMFgthiDWh7ZZ9zT9TF8WEJf7MNE71,0.0,430328155,0,1,1,7.194368105694149e-08,1.1531,3.308642,4.83357,0.0,0.0,1.524928,1.524928
8RxXax9Npp8bb6RV9pTeC8QWdjf8fkwGWwboigempump,muu,Atgx1JXsp8pTQ9Qsi74wF5pLMVwHwyQc6jJCu84evN7c,0.0,430328155,0,1,1,8.186117150377942e-08,1.3121,3.209877,4.228688,0.0,0.0,1.018811,1.018811
8RxXax9Npp8bb6RV9pTeC8QWdjf8fkwGWwboigempump,muu,2Grfv182td8yFrWRSvp5UwLcX8SZk5D8sX4cHEHMRKo3,0.0,430328155,0,1,1,1.6988797124851237e-07,2.723,5.925926,6.609069,0.0,0.0,0.683143,0.683143
8RxXax9Npp8bb6RV9pTeC8QWdjf8fkwGWwboigempump,muu,GhNgR53EzCuFrusWGvLW51P4bX6TSTtBzjf8qLEcFeMv,16.0,430328195,40,0,1,1.1628697392629905e-07,1.8638,5.925926,6.447186,0.0,0.0,0.52126,0.52126
8RxXax9Npp8bb6RV9pTeC8QWdjf8fkwGWwboigempump,muu,8U3rggHbZK1VtFMA55JDyhPPy66eF8UZAQtENCo2Ur57,29.0,430328227,72,0,1,8.347491237806117e-08,1.3379,1.466667,1.846245,0.0,0.0,0.379578,0.379578
8RxXax9Npp8bb6RV9pTeC8QWdjf8fkwGWwboigempump,muu,DuuRTor81GRbkNPPTmpwLDVhgtLvnbYpb1dcSuxHNFZW,19.0,430328203,48,0,1,1.0583379832890128e-07,1.6963,3.414418,3.684664,0.0,0.0,0.270245,0.270245
8RxXax9Npp8bb6RV9pTeC8QWdjf8fkwGWwboigempump,muu,8kzFH4rgFzy4ccz97AhgqRT7Qbt7HnD5oJCDK1Sxdarb,0.0,430328155,0,1,1,9.325745970029008e-08,1.4947,3.45679,3.678826,0.0,0.0,0.222036,0.222036
8RxXax9Npp8bb6RV9pTeC8QWdjf8fkwGWwboigempump,muu,2fAXoG7mBS36GUEi45uh4TJ4e3JUwPsFGCVFS8q5oE2w,29.0,430328227,72,0,1,8.52159064828635e-08,1.3658,0.488889,0.625141,0.0,0.0,0.136252,0.136252
8gbB1eAuHhjjJbeHKH7Gy84WMpjZsuu2Z1pzvz41pump,Sol,5brv79eFZ2rGprXNvqgVJBkBptkkw8GJX1XydJyZLyAr,1.0,412712150,1,0,1,7.568234235024471e-08,2.1764,9.876543,14.722611,0.0,0.0,4.846067,4.846067
8gbB1eAuHhjjJbeHKH7Gy84WMpjZsuu2Z1pzvz41pump,Sol,2CHrnc2LyagAbMaMFgthiDWh7ZZ9zT9TF8WEJf7MNE71,0.0,412712149,0,1,1,3.73870867145051e-08,1.0752,1.234568,2.927171,0.0,0.0,1.692603,1.692603
8gbB1eAuHhjjJbeHKH7Gy84WMpjZsuu2Z1pzvz41pump,Sol,Atgx1JXsp8pTQ9Qsi74wF5pLMVwHwyQc6jJCu84evN7c,0.0,412712149,0,1,1,3.987528514026162e-08,1.1467,1.135802,2.453836,0.0,0.0,1.318033,1.318033
8gbB1eAuHhjjJbeHKH7Gy84WMpjZsuu2Z1pzvz41pump,Sol,8kzFH4rgFzy4ccz97AhgqRT7Qbt7HnD5oJCDK1Sxdarb,0.0,412712149,0,1,1,4.2330301526176347e-08,1.2173,1.08642,2.275763,0.0,0.0,1.189344,1.189344
8gbB1eAuHhjjJbeHKH7Gy84WMpjZsuu2Z1pzvz41pump,Sol,RTYizu6bjvFTBfiS56cEoqkKRqk5xa5VBKsHQUeUNDs,4.0,412712158,9,0,1,9.214232664963724e-08,2.6498,3.950617,4.349192,0.0,0.0,0.398574,0.398574
8gbB1eAuHhjjJbeHKH7Gy84WMpjZsuu2Z1pzvz41pump,Sol,HtHZw4ariZSZ9RcirZ5MmFVqEVPi7boxu8d3AkeYGQXH,6.0,412712163,14,0,1,9.661833543683346e-08,2.7785,2.444444,2.822198,0.0,0.0,0.377754,0.377754
8gbB1eAuHhjjJbeHKH7Gy84WMpjZsuu2Z1pzvz41pump,Sol,Ch8oySRyzhV8YC4DNn1tZWDbvKYHkGKNHivdahhAP7ge,5.0,412712159,10,0,1,9.950564584696235e-08,2.8615,4.111849,4.396731,0.0,0.0,0.284882,0.284882
8gbB1eAuHhjjJbeHKH7Gy84WMpjZsuu2Z1pzvz41pump,Sol,AiL1zYykdj5bjAFSFPXNZj61paERd9GQXY4dnV2Xq9VM,4.0,412712158,9,0,1,8.557957626150034e-08,2.4611,1.916401,2.176289,0.0,0.0,0.259888,0.259888
8gbB1eAuHhjjJbeHKH7Gy84WMpjZsuu2Z1pzvz41pump,Sol,4htXhGA3ArNRyuiURUkbv97ERZHbqBidmpL61qZULsfx,1.0,412712150,1,0,1,8.504149573447326e-08,2.4456,2.962963,3.21199,0.0,0.0,0.249027,0.249027
8gbB1eAuHhjjJbeHKH7Gy84WMpjZsuu2Z1pzvz41pump,Sol,AWoqw161VX3qckzFggC1xFFeFhpKS3dLrFM6Hze6ojXh,1.0,412712150,1,0,1,8.92665239371982e-08,2.5671,1.283951,1.501806,0.0,0.0,0.217856,0.217856
8mm6qx9GC8v16z8Ttfi5Zk1efmTPAETvYrshBCz6pump,Bull,2CHrnc2LyagAbMaMFgthiDWh7ZZ9zT9TF8WEJf7MNE71,0.0,429470671,0,1,1,7.194368105694149e-08,1.1531,3.308642,4.818848,0.0,0.0,1.510206,1.510206
8mm6qx9GC8v16z8Ttfi5Zk1efmTPAETvYrshBCz6pump,Bull,2mqrindMAjJEQPLhroYWyiYPo5h9iAsahfdd4QtsjwdY,0.0,429470671,0,1,1,1.4151843510017133e-07,2.2682,2.926383,3.896978,0.0,0.0,0.970595,0.970595
8mm6qx9GC8v16z8Ttfi5Zk1efmTPAETvYrshBCz6pump,Bull,Atgx1JXsp8pTQ9Qsi74wF5pLMVwHwyQc6jJCu84evN7c,0.0,429470671,0,1,1,8.186117150377942e-08,1.3121,3.209877,4.180117,0.0,0.0,0.97024,0.97024
8mm6qx9GC8v16z8Ttfi5Zk1efmTPAETvYrshBCz6pump,Bull,Anubis512ho5t7S6LNSwoxUWdeQmX2kf3RvZ8ApHHF5w,0.0,429470671,0,1,1,1.7217803728349867e-07,2.7597,2.212346,3.013438,0.0,0.0,0.801092,0.801092
8mm6qx9GC8v16z8Ttfi5Zk1efmTPAETvYrshBCz6pump,Bull,Bhv2qFE1KY8ZqqGUjcq88kX7GLNBA4rxiSM8Ad8ENPWy,0.0,429470671,0,1,1,1.5988814807169746e-07,2.5627,2.962963,3.687981,0.0,0.0,0.725018,0.725018
8mm6qx9GC8v16z8Ttfi5Zk1efmTPAETvYrshBCz6pump,Bull,8U3rggHbZK1VtFMA55JDyhPPy66eF8UZAQtENCo2Ur57,15.0,429470709,38,0,1,8.886022438593994e-08,1.4242,1.466667,1.797641,0.0,0.0,0.330975,0.330975
8mm6qx9GC8v16z8Ttfi5Zk1efmTPAETvYrshBCz6pump,Bull,8kzFH4rgFzy4ccz97AhgqRT7Qbt7HnD5oJCDK1Sxdarb,0.0,429470671,0,1,1,9.325745970029008e-08,1.4947,3.45679,3.669524,0.0,0.0,0.212734,0.212734
8mm6qx9GC8v16z8Ttfi5Zk1efmTPAETvYrshBCz6pump,Bull,3ooJBsnBPYtZCd4cr32r6SFosMAK5ubge63SvYKGHBHk,0.0,429470671,0,1,1,1.469538866468926e-07,2.3554,1.283951,1.462486,0.0,0.0,0.178536,0.178536
8mm6qx9GC8v16z8Ttfi5Zk1efmTPAETvYrshBCz6pump,Bull,DuuRTor81GRbkNPPTmpwLDVhgtLvnbYpb1dcSuxHNFZW,16.0,429470711,40,0,1,1.0456933895185898e-07,1.676,1.875128,2.047605,0.0,0.0,0.172477,0.172477
8mm6qx9GC8v16z8Ttfi5Zk1efmTPAETvYrshBCz6pump,Bull,485VRgQ1aCfqspezdjYjByAR1TfsmR1WYkhzyoEsQV8d,16.0,429470711,40,0,1,8.601570764633923e-08,1.3787,0.831111,0.966225,0.0,0.0,0.135114,0.135114
8nTq1yi11iJB4M6EC3SqPsj5eoaaRw9kex1ZXgrzpump,Whitepill,2PhCkECAjGdV5Rd3BsL9zs8cevP1LjnLqcoR5HeBFV1b,0.0,406165427,0,1,0,1.1519043532872055e-07,3.0376,17.382716,21.583762,23060897.118,0.538804,4.201046,4.73985
8nTq1yi11iJB4M6EC3SqPsj5eoaaRw9kex1ZXgrzpump,Whitepill,2CHrnc2LyagAbMaMFgthiDWh7ZZ9zT9TF8WEJf7MNE71,0.0,406165427,0,1,1,4.0648472125148085e-08,1.0719,1.234568,3.017972,0.0,0.0,1.783404,1.783404
8nTq1yi11iJB4M6EC3SqPsj5eoaaRw9kex1ZXgrzpump,Whitepill,Atgx1JXsp8pTQ9Qsi74wF5pLMVwHwyQc6jJCu84evN7c,0.0,406165427,0,1,1,4.314968882147919e-08,1.1379,1.096296,2.29655,0.0,0.0,1.200254,1.200254
8nTq1yi11iJB4M6EC3SqPsj5eoaaRw9kex1ZXgrzpump,Whitepill,Ez2jYoXp45DZxr7JVhiqbDNirgBT37MErjZGxA8jZkTf,0.0,406165427,0,1,1,5.8812084629866125e-08,1.5509,0.626217,1.63238,0.0,0.0,1.006163,1.006163
8nTq1yi11iJB4M6EC3SqPsj5eoaaRw9kex1ZXgrzpump,Whitepill,8kzFH4rgFzy4ccz97AhgqRT7Qbt7HnD5oJCDK1Sxdarb,0.0,406165427,0,1,1,4.579623375910713e-08,1.2077,1.125926,2.042672,0.0,0.0,0.916746,0.916746
8nTq1yi11iJB4M6EC3SqPsj5eoaaRw9kex1ZXgrzpump,Whitepill,GRevWsvJCmmZ6cF6GdAkpKNW6TCLm5MBKyBc3XtUeMmB,0.0,406165427,0,1,1,5.7131382044448385e-08,1.5066,0.469439,1.294532,0.0,0.0,0.825093,0.825093
8nTq1yi11iJB4M6EC3SqPsj5eoaaRw9kex1ZXgrzpump,Whitepill,GfJA84gwT9LpeyzeckeXkCsf8vdQuA64ZYQ91xoBawvt,0.0,406165427,0,1,1,5.5887434452894986e-08,1.4738,1.333333,1.948137,0.0,0.0,0.614804,0.614804
8nTq1yi11iJB4M6EC3SqPsj5eoaaRw9kex1ZXgrzpump,Whitepill,B6Y8UxpTYhSjphE5F6F6yRd2VxhqurZLobGLDen3iK3Z,17.0,406165471,44,0,1,9.921547096071802e-08,2.6164,3.177778,3.500399,0.0,0.0,0.322621,0.322621
8nTq1yi11iJB4M6EC3SqPsj5eoaaRw9kex1ZXgrzpump,Whitepill,7NBMEiAMXTSwAapRaajXE6L7qGodGszjsKsGt4Ea7fzJ,8.0,406165447,20,0,1,9.720139795722904e-08,2.5632,1.185185,1.254876,0.0,0.0,0.069691,0.069691
8nTq1yi11iJB4M6EC3SqPsj5eoaaRw9kex1ZXgrzpump,Whitepill,2t2u46cL1tP99Hq5LyEC3fwtL1wNWrHSh2JxRhnQJ8tu,15.0,406165465,38,0,1,9.351652508300317e-08,2.4661,0.88,0.913112,0.0,0.0,0.033112,0.033112
8nhvgnjHte3G12rLRSugsb98JBstoYzK2Q9y2Da1pump,wait,5brv79eFZ2rGprXNvqgVJBkBptkkw8GJX1XydJyZLyAr,0.0,414906768,0,1,0,9.1583963659248e-08,2.2841,12.839506,22.95074,15478898.062,0.440546,10.111234,10.55178
8nhvgnjHte3G12rLRSugsb98JBstoYzK2Q9y2Da1pump,wait,Atgx1JXsp8pTQ9Qsi74wF5pLMVwHwyQc6jJCu84evN7c,0.0,414906768,0,1,1,4.556092915944877e-08,1.1363,1.135802,4.64074,0.0,0.0,3.504938,3.504938
8nhvgnjHte3G12rLRSugsb98JBstoYzK2Q9y2Da1pump,wait,8kzFH4rgFzy4ccz97AhgqRT7Qbt7HnD5oJCDK1Sxdarb,0.0,414906768,0,1,1,4.818261332452012e-08,1.2017,1.08642,4.405938,0.0,0.0,3.319519,3.319519
8nhvgnjHte3G12rLRSugsb98JBstoYzK2Q9y2Da1pump,wait,2CHrnc2LyagAbMaMFgthiDWh7ZZ9zT9TF8WEJf7MNE71,0.0,414906768,0,1,1,4.289848714638901e-08,1.0699,1.234568,4.202409,0.0,0.0,2.967841,2.967841
8nhvgnjHte3G12rLRSugsb98JBstoYzK2Q9y2Da1pump,wait,3BwupfLy1TpX4kK1BjFDjSQQxjqgto67VbSstmicmCbU,0.0,414906768,0,1,1,1.0185221402133941e-07,2.5402,2.962963,4.323959,0.0,0.0,1.360996,1.360996
8nhvgnjHte3G12rLRSugsb98JBstoYzK2Q9y2Da1pump,wait,E1C6reyxgp2MgBov85RJMZDpHjiUV6ZCrWtDBfSwQsYB,2.0,414906774,6,0,1,1.4931342128779104e-07,3.724,0.598817,1.685591,0.0,0.0,1.086774,1.086774
8nhvgnjHte3G12rLRSugsb98JBstoYzK2Q9y2Da1pump,wait,Gj5PtdfcU3LF8k2wLegRGyCVcrdk1tUkt1WitL4YcMv5,6.0,414906784,16,0,1,1.2732944925410629e-07,3.1757,2.918519,3.740791,0.0,0.0,0.822272,0.822272
8nhvgnjHte3G12rLRSugsb98JBstoYzK2Q9y2Da1pump,wait,DuuRTor81GRbkNPPTmpwLDVhgtLvnbYpb1dcSuxHNFZW,3.0,414906776,8,0,1,1.1531529830101609e-07,2.876,7.785673,8.58357,0.0,0.0,0.797897,0.797897
8nhvgnjHte3G12rLRSugsb98JBstoYzK2Q9y2Da1pump,wait,meowLdYAc5j6vFwk94qGgdBqZWXEpRnGfZEx8eiSnD9,2.0,414906774,6,0,1,1.521780927037069e-07,3.7954,0.661893,1.239219,0.0,0.0,0.577326,0.577326
8nhvgnjHte3G12rLRSugsb98JBstoYzK2Q9y2Da1pump,wait,4kiqwPb4ihe9hvMhqT58P4R4iS5mDPc4MushU85582pu,6.0,414906784,16,0,0,1.3699622239745108e-07,3.4168,2.385778,2.785619,3338784.782,0.095025,0.399841,0.494866
8pa39xkpXTNdoAJWjX7bcanpkoExKtzvs1YZSGNDpump,Pluto,2CHrnc2LyagAbMaMFgthiDWh7ZZ9zT9TF8WEJf7MNE71,0.0,413810844,0,1,1,3.73870867145051e-08,1.0752,1.234568,5.202121,0.0,0.0,3.967553,3.967553
8pa39xkpXTNdoAJWjX7bcanpkoExKtzvs1YZSGNDpump,Pluto,5brv79eFZ2rGprXNvqgVJBkBptkkw8GJX1XydJyZLyAr,0.0,413810844,0,1,1,5.596554405528533e-08,1.6094,3.45679,6.964453,0.0,0.0,3.507663,3.507663
8pa39xkpXTNdoAJWjX7bcanpkoExKtzvs1YZSGNDpump,Pluto,Atgx1JXsp8pTQ9Qsi74wF5pLMVwHwyQc6jJCu84evN7c,0.0,413810844,0,1,1,3.987528514026162e-08,1.1467,1.135802,4.473555,0.0,0.0,3.337752,3.337752
8pa39xkpXTNdoAJWjX7bcanpkoExKtzvs1YZSGNDpump,Pluto,7gEnRjDud56BVmBQMWLTticJoouzrpnyaAnN5A3EEqiy,0.0,413810844,0,1,1,6.266634635845383e-08,1.8021,2.469136,5.60758,0.0,0.0,3.138444,3.138444
8pa39xkpXTNdoAJWjX7bcanpkoExKtzvs1YZSGNDpump,Pluto,8kzFH4rgFzy4ccz97AhgqRT7Qbt7HnD5oJCDK1Sxdarb,0.0,413810844,0,1,1,4.2330301526176347e-08,1.2173,1.08642,4.020329,0.0,0.0,2.933909,2.933909
8pa39xkpXTNdoAJWjX7bcanpkoExKtzvs1YZSGNDpump,Pluto,9tid6pXgWfWE5KY6kPiYjY1B8EQrzDrq6f7FoatjW57X,3.0,413810851,7,0,1,8.389748711649688e-08,2.4127,1.408,2.559978,0.0,0.0,1.151978,1.151978
8pa39xkpXTNdoAJWjX7bcanpkoExKtzvs1YZSGNDpump,Pluto,BtDaZUqHr2mKH5EYQCztuerHBuBEfQNYdquTDtEZp2Ym,8.0,413810866,22,0,1,9.880922347792963e-08,2.8415,2.327885,3.171995,0.0,0.0,0.84411,0.84411
8pa39xkpXTNdoAJWjX7bcanpkoExKtzvs1YZSGNDpump,Pluto,EgQX9R3Qph1dPHE1Ysou1auSYqRGomCNmLDC28Yg77aq,0.0,413810844,0,1,1,7.131752627032325e-08,2.0509,3.0,3.786441,0.0,0.0,0.786441,0.786441
8pa39xkpXTNdoAJWjX7bcanpkoExKtzvs1YZSGNDpump,Pluto,7aSFz9LpJDbP7bZ2cgicc5fX1okFZEPsUgFupgxVn1Wv,8.0,413810866,22,0,1,1.0698958196382267e-07,3.0768,1.923349,2.634275,0.0,0.0,0.710925,0.710925
8pa39xkpXTNdoAJWjX7bcanpkoExKtzvs1YZSGNDpump,Pluto,DvzzWLQ5QNmrMSyLK5STH6kD1KFfbgzg6o7KMGc3PKCj,8.0,413810866,22,0,1,1.221820974132521e-07,3.5137,1.777778,2.419811,0.0,0.0,0.642034,0.642034
8rfrBMHtQ6X6kVN79KfiFuohggrxh98nVdKhrne8pump,Crank,EgQX9R3Qph1dPHE1Ysou1auSYqRGomCNmLDC28Yg77aq,0.0,411865681,0,1,1,7.432551512632012e-08,2.1374,12.0,19.329832,0.0,0.0,7.329832,7.329832
8rfrBMHtQ6X6kVN79KfiFuohggrxh98nVdKhrne8pump,Crank,G9jA94MNvBs5EkCMWmLh9ZWi8c8tRoFZwbgvoxdtuBMK,29.0,411865753,72,0,1,,,0.0,0.97862,0.0,0.0,0.97862,0.97862
8rfrBMHtQ6X6kVN79KfiFuohggrxh98nVdKhrne8pump,Crank,DLH1pUoqqcg341kzhDiRKAXxkhx1V5c3yaRcP9PjDibc,29.0,411865753,72,0,1,,,0.0,0.842433,0.0,0.0,0.842433,0.842433
8rfrBMHtQ6X6kVN79KfiFuohggrxh98nVdKhrne8pump,Crank,8kzFH4rgFzy4ccz97AhgqRT7Qbt7HnD5oJCDK1Sxdarb,0.0,411865681,0,1,1,4.233030152846853e-08,1.2173,1.125926,1.936797,0.0,0.0,0.810871,0.810871
8rfrBMHtQ6X6kVN79KfiFuohggrxh98nVdKhrne8pump,Crank,qKpZbAeu97Ba4sgpRqEehXD7dSwxWW59pNQkWSxsySJ,6.0,411865696,15,0,1,8.430840842123151e-08,2.4245,4.938272,5.630599,0.0,0.0,0.692328,0.692328
8rfrBMHtQ6X6kVN79KfiFuohggrxh98nVdKhrne8pump,Crank,7gEnRjDud56BVmBQMWLTticJoouzrpnyaAnN5A3EEqiy,0.0,411865681,0,1,1,9.009077188466911e-08,2.5908,4.938272,5.564171,0.0,0.0,0.6259,0.6259
8rfrBMHtQ6X6kVN79KfiFuohggrxh98nVdKhrne8pump,Crank,2CHrnc2LyagAbMaMFgthiDWh7ZZ9zT9TF8WEJf7MNE71,0.0,411865681,0,1,1,3.73870867145051e-08,1.0752,1.234568,1.849317,0.0,0.0,0.614749,0.614749
8rfrBMHtQ6X6kVN79KfiFuohggrxh98nVdKhrne8pump,Crank,Atgx1JXsp8pTQ9Qsi74wF5pLMVwHwyQc6jJCu84evN7c,0.0,411865681,0,1,1,3.9787393646277536e-08,1.1442,1.096296,1.667632,0.0,0.0,0.571335,0.571335
8rfrBMHtQ6X6kVN79KfiFuohggrxh98nVdKhrne8pump,Crank,Dogz5UoxqULHUE3CMWbCrNTwMsCBsnhcGe8Uuk2hwvv3,8.0,411865700,19,0,1,9.81749196871891e-08,2.8233,1.173333,1.358231,0.0,0.0,0.184898,0.184898
8rfrBMHtQ6X6kVN79KfiFuohggrxh98nVdKhrne8pump,Crank,CyBZ1M42J7m2z34VUDd3qVhbuH5GdcGnqgMGJJhAX8MR,4.0,411865692,11,0,1,8.315997961421305e-08,2.3915,1.48066,1.628035,0.0,0.0,0.147375,0.147375
8vavjWD4yDfFWZC5JgpvHQ5AEURFdBidxF5XeEDdpump,Bag,EgQX9R3Qph1dPHE1Ysou1auSYqRGomCNmLDC28Yg77aq,1.0,409904472,1,0,1,6.207519016230722e-08,1.6842,6.8,8.776197,0.0,0.0,1.976197,1.976197
8vavjWD4yDfFWZC5JgpvHQ5AEURFdBidxF5XeEDdpump,Bag,2CHrnc2LyagAbMaMFgthiDWh7ZZ9zT9TF8WEJf7MNE71,0.0,409904471,0,1,1,3.954619203787851e-08,1.073,1.234568,2.749426,0.0,0.0,1.514858,1.514858
8vavjWD4yDfFWZC5JgpvHQ5AEURFdBidxF5XeEDdpump,Bag,4Avx62sV7RbJ98HThpvLeSwn9qWNyDY9CbBHNMUjKTVW,1.0,409904472,1,0,1,7.009528688434308e-08,1.9018,2.8,3.741695,0.0,0.0,0.941695,0.941695
8vavjWD4yDfFWZC5JgpvHQ5AEURFdBidxF5XeEDdpump,Bag,9QTHeFTWysTe4NEriJoQSbMP7enGFGKKUkrD4JJUFDxx,6.0,409904482,11,0,1,6.213933781196265e-08,1.686,0.977778,1.565924,0.0,0.0,0.588146,0.588146
8vavjWD4yDfFWZC5JgpvHQ5AEURFdBidxF5XeEDdpump,Bag,Adgc9YqXEzHKe9wfqZ8dsA9ijRkrdGsAMNGkYRgqoRCL,6.0,409904482,11,0,1,6.610727794141603e-08,1.7936,1.955556,2.489562,0.0,0.0,0.534007,0.534007
8vavjWD4yDfFWZC5JgpvHQ5AEURFdBidxF5XeEDdpump,Bag,EoZkvjGDqSroPnVXqUf7xQVKu3yosmuPaPGovcjgZVtF,21.0,409904523,52,0,1,4.370958071021254e-08,1.1859,0.977778,1.486587,0.0,0.0,0.508809,0.508809
8vavjWD4yDfFWZC5JgpvHQ5AEURFdBidxF5XeEDdpump,Bag,uvKtjudVb5Q5sZ9RxVCiE9PWsHkbHv1MxCzGbN2whj7,6.0,409904482,11,0,1,5.8475501386850664e-08,1.5866,0.834772,1.291657,0.0,0.0,0.456885,0.456885
8vavjWD4yDfFWZC5JgpvHQ5AEURFdBidxF5XeEDdpump,Bag,9fH2zjJwN2oJmR1ckE18tEF9LzpEwWGUQSXch17czKy8,6.0,409904485,14,0,1,7.863203061046549e-08,2.1334,2.253575,2.686105,0.0,0.0,0.43253,0.43253
8vavjWD4yDfFWZC5JgpvHQ5AEURFdBidxF5XeEDdpump,Bag,CPkUaB4jdLzjXuCQu72YwtbHVJM4bn1N9UmrptAkqsDG,22.0,409904524,53,0,1,4.7948308936437334e-08,1.3009,1.467924,1.770261,0.0,0.0,0.302337,0.302337
8vavjWD4yDfFWZC5JgpvHQ5AEURFdBidxF5XeEDdpump,Bag,6M69bE1v7nbNRFeX96vEMVgi2PvE8p7M39jmyo1qf3xV,5.0,409904481,10,0,1,5.945201710445188e-08,1.6131,2.432099,2.727258,0.0,0.0,0.29516,0.29516
93Roq1wh5otHi725CtU1eZQ9FkkfunYA1dWUpVTzpump,Doggo,9QbcuwBLEDXKgJLx6rJKMnYfeXmTovBPzUmkAu9s4a19,20.0,413636082,50,0,1,,,0.0,1.935252,0.0,0.0,1.935252,1.935252
93Roq1wh5otHi725CtU1eZQ9FkkfunYA1dWUpVTzpump,Doggo,2CHrnc2LyagAbMaMFgthiDWh7ZZ9zT9TF8WEJf7MNE71,0.0,413636032,0,1,1,3.73870867145051e-08,1.0752,1.234568,2.502493,0.0,0.0,1.267925,1.267925
93Roq1wh5otHi725CtU1eZQ9FkkfunYA1dWUpVTzpump,Doggo,68mHfcA12ujLryWmKUvp3RLTqd1LhniVmjFCNwAiiFDS,0.0,413636033,1,0,1,5.315128077036774e-08,1.5285,2.111111,3.10194,0.0,0.0,0.990829,0.990829
93Roq1wh5otHi725CtU1eZQ9FkkfunYA1dWUpVTzpump,Doggo,Atgx1JXsp8pTQ9Qsi74wF5pLMVwHwyQc6jJCu84evN7c,0.0,413636032,0,1,1,3.987528514026162e-08,1.1467,1.135802,1.715004,0.0,0.0,0.579201,0.579201
93Roq1wh5otHi725CtU1eZQ9FkkfunYA1dWUpVTzpump,Doggo,8kzFH4rgFzy4ccz97AhgqRT7Qbt7HnD5oJCDK1Sxdarb,0.0,413636032,0,1,1,4.2330301526176347e-08,1.2173,1.08642,1.6014,0.0,0.0,0.51498,0.51498
93Roq1wh5otHi725CtU1eZQ9FkkfunYA1dWUpVTzpump,Doggo,GfJA84gwT9LpeyzeckeXkCsf8vdQuA64ZYQ91xoBawvt,0.0,413636032,0,1,1,4.4625771392434985e-08,1.2833,0.987654,1.471828,0.0,0.0,0.484174,0.484174
93Roq1wh5otHi725CtU1eZQ9FkkfunYA1dWUpVTzpump,Doggo,4JefD4LmRkJ8r5jN4hzhKhipEjnWSU7xjBLu576Yom5Q,7.0,413636050,18,0,1,6.380802515569701e-08,1.835,1.173333,1.478084,0.0,0.0,0.304751,0.304751
93Roq1wh5otHi725CtU1eZQ9FkkfunYA1dWUpVTzpump,Doggo,2TAiPNMP9krCV4G1XXcqSm9N6zQpY9gzZwSV8eE1vGgy,0.0,413636033,1,0,1,6.103870633957131e-08,1.7553,2.962963,3.205071,0.0,0.0,0.242109,0.242109
93Roq1wh5otHi725CtU1eZQ9FkkfunYA1dWUpVTzpump,Doggo,HtHZw4ariZSZ9RcirZ5MmFVqEVPi7boxu8d3AkeYGQXH,8.0,413636052,20,0,1,6.643261537114897e-08,1.9104,0.977778,1.161006,0.0,0.0,0.183228,0.183228
93Roq1wh5otHi725CtU1eZQ9FkkfunYA1dWUpVTzpump,Doggo,3K729jKBwJu7pyVySCRXf23K6CWFRhqjoD2PJ7eX6QS5,8.0,413636052,20,0,1,6.618356011604405e-08,1.9033,0.493827,0.615544,0.0,0.0,0.121717,0.121717
95wWSUYGiKki4p31qRMJgHFFVdofhtbgiAj3yeWppump,Survive,EgQX9R3Qph1dPHE1Ysou1auSYqRGomCNmLDC28Yg77aq,0.0,410954880,0,1,1,6.406937776492077e-08,1.8425,8.5,9.538498,0.0,0.0,1.038498,1.038498
95wWSUYGiKki4p31qRMJgHFFVdofhtbgiAj3yeWppump,Survive,2CHrnc2LyagAbMaMFgthiDWh7ZZ9zT9TF8WEJf7MNE71,0.0,410954880,0,1,1,3.73870867145051e-08,1.0752,1.234568,1.609835,0.0,0.0,0.375267,0.375267
95wWSUYGiKki4p31qRMJgHFFVdofhtbgiAj3yeWppump,Survive,9d2UQivDMzhHKaW8iCpSqED6MTMBPeNPG4dKq42fZqHP,10.0,410954905,25,0,1,5.356612379592404e-08,1.5404,1.481481,1.818319,0.0,0.0,0.336837,0.336837
95wWSUYGiKki4p31qRMJgHFFVdofhtbgiAj3yeWppump,Survive,GCKFhKiAMTsLNrf2pvdsyhFQJRru7RpnZMMPStG2U9so,8.0,410954902,22,0,1,5.1190753149353616e-08,1.4721,1.310222,1.561039,0.0,0.0,0.250816,0.250816
95wWSUYGiKki4p31qRMJgHFFVdofhtbgiAj3yeWppump,Survive,DdFYKurtkJJnTWPn8YdW1X1TSTPP6B8muvVbKonEVbrf,11.0,410954908,28,0,1,5.9259674392765516e-08,1.7042,1.173333,1.373364,0.0,0.0,0.200031,0.200031
95wWSUYGiKki4p31qRMJgHFFVdofhtbgiAj3yeWppump,Survive,CxQPWdHGaZWj8D5Q8MQNCT6vLdSy9nc38hkUsodeQcqq,7.0,410954898,18,0,1,5.00067709996986e-08,1.4381,0.488889,0.685162,0.0,0.0,0.196273,0.196273
95wWSUYGiKki4p31qRMJgHFFVdofhtbgiAj3yeWppump,Survive,CcuS6zjBQmMj86z3drYMCA12W8bhHWP1voMyKKj2C97D,3.0,410954889,9,0,1,5.844544657886049e-08,1.6807,0.941335,1.095597,0.0,0.0,0.154262,0.154262
95wWSUYGiKki4p31qRMJgHFFVdofhtbgiAj3yeWppump,Survive,9vLNwyGUPqi7sKKLu6QzbiQoe8nB6x7Wmm8zWS5ZcQbz,3.0,410954889,9,0,1,6.133639291964368e-08,1.7639,1.111998,1.237822,0.0,0.0,0.125824,0.125824
95wWSUYGiKki4p31qRMJgHFFVdofhtbgiAj3yeWppump,Survive,qKpZbAeu97Ba4sgpRqEehXD7dSwxWW59pNQkWSxsySJ,5.0,410954893,13,0,1,6.56075033880687e-08,1.8867,4.938272,4.989476,0.0,0.0,0.051205,0.051205
95wWSUYGiKki4p31qRMJgHFFVdofhtbgiAj3yeWppump,Survive,haqqiUUXB5gp7gDbSjpEkw3phAjQb25r86uXJsZQgWq,2.0,410954886,6,0,1,6.701206401465949e-08,1.9271,1.388914,1.435617,0.0,0.0,0.046703,0.046703
97nnzgv9tmGPcc6bAytrsqx4GRavn3wnocPCGwUCpump,maxxing,Gr2m7oXexz2d3moyFUi3rcFQBmpLyNVdggErYJdYujxc,4.0,424475577,9,0,1,1.786834556963645e-07,1.9646,0.122355,1.951308,0.0,0.0,1.828952,1.828952
97nnzgv9tmGPcc6bAytrsqx4GRavn3wnocPCGwUCpump,maxxing,J2L495ZPcJ6Btuyd4YqXz5uw7hpKiQXGcLvALwumabED,15.0,424475604,36,0,1,1.5063813053406353e-07,1.6563,0.095808,1.190261,0.0,0.0,1.094453,1.094453
97nnzgv9tmGPcc6bAytrsqx4GRavn3wnocPCGwUCpump,maxxing,8EmHGWQkTKhbSvMEWDrvqT3YjALCtmqSXsuxLzLxgs8w,15.0,424475603,35,0,1,1.3142676562447668e-07,1.445,0.042459,0.797711,0.0,0.0,0.755252,0.755252
97nnzgv9tmGPcc6bAytrsqx4GRavn3wnocPCGwUCpump,maxxing,7j7AA3HZR2zEjwAQEKPFh2qucLY4fqZpB9iodf39w8xW,15.0,424475603,35,0,1,1.414899275816341e-07,1.5557,0.038128,0.68664,0.0,0.0,0.648512,0.648512
97nnzgv9tmGPcc6bAytrsqx4GRavn3wnocPCGwUCpump,maxxing,2CQgjcdNEo7WtbQLpJTAVcC3Ga61pNvRDTgP5grzctFG,0.0,424475569,1,0,1,1.241118773334273e-07,1.3646,1.74661,2.152808,0.0,0.0,0.406198,0.406198
97nnzgv9tmGPcc6bAytrsqx4GRavn3wnocPCGwUCpump,maxxing,6PSJr6HhnRxTGj4dkA4fnXQrnB8AWGVS6WZVdVR9SSXq,0.0,424475569,1,0,1,1.2852032858615666e-07,1.4131,1.649082,2.003481,0.0,0.0,0.354399,0.354399
97nnzgv9tmGPcc6bAytrsqx4GRavn3wnocPCGwUCpump,maxxing,CAwkpFhxxkw8vYNNhBt7HyPVsndHtjaRyys73KVr14J9,1.0,424475571,3,0,1,1.2714108613067612e-07,1.3979,0.985901,1.213559,0.0,0.0,0.227659,0.227659
97nnzgv9tmGPcc6bAytrsqx4GRavn3wnocPCGwUCpump,maxxing,3E6Eq28ZzG2gE1wna6BoDFaPVgbY8edJqQNF5mqcZv2c,1.0,424475571,3,0,1,1.2975164515053752e-07,1.4266,0.968383,1.194705,0.0,0.0,0.226322,0.226322
97nnzgv9tmGPcc6bAytrsqx4GRavn3wnocPCGwUCpump,maxxing,4TnX6yoKfJNMawZZxFdgn7uCeU3wbbNGDaSAVnpSPzaE,15.0,424475603,35,0,1,1.330339422151157e-07,1.4627,0.587583,0.735428,0.0,0.0,0.147845,0.147845
97nnzgv9tmGPcc6bAytrsqx4GRavn3wnocPCGwUCpump,maxxing,8RrhbNeV8vfbFPJNWyiho9uv6LmKhm7aJDWRAgxY61BC,15.0,424475603,35,0,1,1.3627937218922734e-07,1.4984,0.587872,0.728368,0.0,0.0,0.140496,0.140496
98hoah7rSYiaVNgW4H3sf6JbT3g3eLxJgqDz7Jk3pump,Era,BwjJzF8tbiob9msAJrM3uqF7rd5zzAnuGeHv96QmHvbo,0.0,384186478,0,1,1,4.6481798862258855e-08,1.374,2.681379,4.469323,0.0,0.0,1.787943,1.787943
98hoah7rSYiaVNgW4H3sf6JbT3g3eLxJgqDz7Jk3pump,Era,2CHrnc2LyagAbMaMFgthiDWh7ZZ9zT9TF8WEJf7MNE71,0.0,384186478,0,1,1,3.612333022677848e-08,1.0678,1.1,2.441829,0.0,0.0,1.341829,1.341829
98hoah7rSYiaVNgW4H3sf6JbT3g3eLxJgqDz7Jk3pump,Era,8kzFH4rgFzy4ccz97AhgqRT7Qbt7HnD5oJCDK1Sxdarb,0.0,384186478,0,1,1,4.0260950605778134e-08,1.1901,0.9,1.890908,0.0,0.0,0.990908,0.990908
98hoah7rSYiaVNgW4H3sf6JbT3g3eLxJgqDz7Jk3pump,Era,Atgx1JXsp8pTQ9Qsi74wF5pLMVwHwyQc6jJCu84evN7c,0.0,384186478,0,1,1,3.8273066169617854e-08,1.1313,1.0,1.866022,0.0,0.0,0.866022,0.866022
98hoah7rSYiaVNgW4H3sf6JbT3g3eLxJgqDz7Jk3pump,Era,5ThYXeRRHWkKTvMvHm3QsPku6KWTN1zAXxCMovSibvyK,0.0,384186478,0,1,1,4.936478686798591e-08,1.4592,0.7,1.067969,0.0,0.0,0.367969,0.367969
98hoah7rSYiaVNgW4H3sf6JbT3g3eLxJgqDz7Jk3pump,Era,DXtnWMEgkDQusKUpzvJd1McVe1zSb7qAj4oSqKUPmwpf,5.0,384186492,14,0,1,6.03383919863249e-08,1.7836,0.994743,1.357132,0.0,0.0,0.362389,0.362389
98hoah7rSYiaVNgW4H3sf6JbT3g3eLxJgqDz7Jk3pump,Era,CqdfXqbYbT8TLDU1ja59hUWz3PuvjwXQLVbqZ58UUZM7,5.0,384186492,14,0,1,5.7645319355171883e-08,1.704,0.887479,1.202051,0.0,0.0,0.314571,0.314571
98hoah7rSYiaVNgW4H3sf6JbT3g3eLxJgqDz7Jk3pump,Era,DjVr8wUZWD7dE6WjVdZcoyw2k1EA89yNUWfqXoUGL83B,5.0,384186492,14,0,1,5.5294534569376305e-08,1.6345,1.435438,1.655355,0.0,0.0,0.219917,0.219917
98hoah7rSYiaVNgW4H3sf6JbT3g3eLxJgqDz7Jk3pump,Era,25PuSE1RVeeau3XhVLY4Wrhu1D5osFf5DZkYqVqKHmDf,2.0,384186484,6,0,1,6.379438175503342e-08,1.8857,1.135885,1.290715,0.0,0.0,0.15483,0.15483
98hoah7rSYiaVNgW4H3sf6JbT3g3eLxJgqDz7Jk3pump,Era,Gp6VZk4fxmajvLWoG2mugTPW7YsW4kPwidTbu6Cc5XB5,0.0,384186478,0,1,1,5.034353914628118e-08,1.4881,0.4,0.53597,0.0,0.0,0.13597,0.13597
99hKZwdnirySMKgsiM5obGiMuU5sSEpLoaB7GBZepump,TruthGPT,7msLC8zCJ8CW3cLLYqx9c8Vgu8ofbwE2i2Zk9wet1F5F,0.0,416200462,0,1,1,1.1676761663614972e-07,2.3638,5.925926,11.328698,0.0,0.0,5.402772,5.402772
99hKZwdnirySMKgsiM5obGiMuU5sSEpLoaB7GBZepump,TruthGPT,haqqiUUXB5gp7gDbSjpEkw3phAjQb25r86uXJsZQgWq,0.0,416200462,0,1,1,1.3966612997442513e-07,2.8273,1.481481,2.698988,0.0,0.0,1.217506,1.217506
99hKZwdnirySMKgsiM5obGiMuU5sSEpLoaB7GBZepump,TruthGPT,GfJA84gwT9LpeyzeckeXkCsf8vdQuA64ZYQ91xoBawvt,0.0,416200462,0,1,1,7.720432222077785e-08,1.5629,6.419753,7.599845,0.0,0.0,1.180092,1.180092
99hKZwdnirySMKgsiM5obGiMuU5sSEpLoaB7GBZepump,TruthGPT,GPKuYwnfM6mG4ffZCiuJo7tJnQQ9PqSdPNVsCXarkDyf,0.0,416200462,0,1,1,1.347106652083345e-07,2.727,0.493827,1.577991,0.0,0.0,1.084164,1.084164
99hKZwdnirySMKgsiM5obGiMuU5sSEpLoaB7GBZepump,TruthGPT,GRevWsvJCmmZ6cF6GdAkpKNW6TCLm5MBKyBc3XtUeMmB,0.0,416200462,0,1,1,1.3673708795869676e-07,2.768,0.493441,1.356537,0.0,0.0,0.863096,0.863096
99hKZwdnirySMKgsiM5obGiMuU5sSEpLoaB7GBZepump,TruthGPT,9s3h6GKxG5xxpV3v8qFNsHHA4fgmMUW5sGcrNSH858Dz,0.0,416200463,1,0,1,1.4399247758894552e-07,2.9149,0.987654,1.614102,0.0,0.0,0.626448,0.626448
99hKZwdnirySMKgsiM5obGiMuU5sSEpLoaB7GBZepump,TruthGPT,DGaCiYrUMCqtV2fG3vfvvHmwgFqrfKhEQeDXm2dmbvaA,0.0,416200462,0,1,1,1.283267847070808e-07,2.5978,2.962963,3.49623,0.0,0.0,0.533267,0.533267
99hKZwdnirySMKgsiM5obGiMuU5sSEpLoaB7GBZepump,TruthGPT,2CHrnc2LyagAbMaMFgthiDWh7ZZ9zT9TF8WEJf7MNE71,0.0,416200462,0,1,1,5.275718932970118e-08,1.068,1.333333,1.805516,0.0,0.0,0.472183,0.472183
99hKZwdnirySMKgsiM5obGiMuU5sSEpLoaB7GBZepump,TruthGPT,BBBByrLHua2oYFKviRze4N9n7ay7FcXqy2NzQXfXYEMm,7.0,416200481,19,0,1,6.233540110242052e-08,1.2619,0.506178,0.894825,0.0,0.0,0.388648,0.388648
99hKZwdnirySMKgsiM5obGiMuU5sSEpLoaB7GBZepump,TruthGPT,8kzFH4rgFzy4ccz97AhgqRT7Qbt7HnD5oJCDK1Sxdarb,0.0,416200462,0,1,1,5.8600410148836864e-08,1.1863,1.08642,1.411092,0.0,0.0,0.324672,0.324672
9EisLvfTZqpXn9bBwEkcjipZbbwX8bJ6GA5fLf66pump,minning,EgQX9R3Qph1dPHE1Ysou1auSYqRGomCNmLDC28Yg77aq,0.0,406401236,1,0,1,7.957780471583516e-08,2.0985,8.395062,16.397941,0.0,0.0,8.00288,8.00288
9EisLvfTZqpXn9bBwEkcjipZbbwX8bJ6GA5fLf66pump,minning,2CHrnc2LyagAbMaMFgthiDWh7ZZ9zT9TF8WEJf7MNE71,0.0,406401235,0,1,1,4.0648472125148085e-08,1.0719,1.234568,4.22161,0.0,0.0,2.987042,2.987042
9EisLvfTZqpXn9bBwEkcjipZbbwX8bJ6GA5fLf66pump,minning,Atgx1JXsp8pTQ9Qsi74wF5pLMVwHwyQc6jJCu84evN7c,0.0,406401235,0,1,1,4.314968882147919e-08,1.1379,1.096296,3.386117,0.0,0.0,2.289821,2.289821
9EisLvfTZqpXn9bBwEkcjipZbbwX8bJ6GA5fLf66pump,minning,21wjHimbdRS1AgyooQx23GugMfjMXn8RPybLVwuf5rQS,0.0,406401236,1,0,1,9.416744756101118e-08,2.4832,4.444444,6.692299,0.0,0.0,2.247855,2.247855
9EisLvfTZqpXn9bBwEkcjipZbbwX8bJ6GA5fLf66pump,minning,GfJA84gwT9LpeyzeckeXkCsf8vdQuA64ZYQ91xoBawvt,0.0,406401235,0,1,1,4.891034545588897e-08,1.2898,1.283951,3.386204,0.0,0.0,2.102253,2.102253
9EisLvfTZqpXn9bBwEkcjipZbbwX8bJ6GA5fLf66pump,minning,8kzFH4rgFzy4ccz97AhgqRT7Qbt7HnD5oJCDK1Sxdarb,0.0,406401235,0,1,1,4.579623375910713e-08,1.2077,1.125926,2.980254,0.0,0.0,1.854328,1.854328
9EisLvfTZqpXn9bBwEkcjipZbbwX8bJ6GA5fLf66pump,minning,5P8A9bGUhroskpuA4hhRbybgt37TcTz7ft5zLAh8orpn,0.0,406401235,0,1,1,5.2001275177159596e-08,1.3713,1.234568,2.969076,0.0,0.0,1.734508,1.734508
9EisLvfTZqpXn9bBwEkcjipZbbwX8bJ6GA5fLf66pump,minning,43x1zWzjVWJbQErWM78m3Acx83FFuGSQEhmgyxUrPdQs,0.0,406401235,0,1,1,5.536809764781254e-08,1.4601,1.303704,2.963213,0.0,0.0,1.659509,1.659509
9EisLvfTZqpXn9bBwEkcjipZbbwX8bJ6GA5fLf66pump,minning,B8vYdiPJCJBUX2ZqSDXhs76vw6rMqstZgHQfwjmmtt21,18.0,406401283,48,0,1,1.1431535295487547e-07,3.0146,1.8,2.253183,0.0,0.0,0.453183,0.453183
9EisLvfTZqpXn9bBwEkcjipZbbwX8bJ6GA5fLf66pump,minning,2t2u46cL1tP99Hq5LyEC3fwtL1wNWrHSh2JxRhnQJ8tu,14.0,406401271,36,0,1,1.1579224303046113e-07,3.0535,1.76,2.210358,0.0,0.0,0.450358,0.450358
9M9FKSWdCVFN8GVTqhZ89hBxwoAKd8xxBezP6P1Ypump,Chikuwa-Kun,2CHrnc2LyagAbMaMFgthiDWh7ZZ9zT9TF8WEJf7MNE71,0.0,424757476,0,1,1,7.238732037890617e-08,1.1602,3.45679,5.466584,0.0,0.0,2.009794,2.009794
9M9FKSWdCVFN8GVTqhZ89hBxwoAKd8xxBezP6P1Ypump,Chikuwa-Kun,Atgx1JXsp8pTQ9Qsi74wF5pLMVwHwyQc6jJCu84evN7c,0.0,424757476,0,1,1,8.2334356477295e-08,1.3197,3.209877,4.084632,0.0,0.0,0.874756,0.874756
9M9FKSWdCVFN8GVTqhZ89hBxwoAKd8xxBezP6P1Ypump,Chikuwa-Kun,8kzFH4rgFzy4ccz97AhgqRT7Qbt7HnD5oJCDK1Sxdarb,0.0,424757476,0,1,1,9.325745970030119e-08,1.4947,3.308642,3.949477,0.0,0.0,0.640836,0.640836
9M9FKSWdCVFN8GVTqhZ89hBxwoAKd8xxBezP6P1Ypump,Chikuwa-Kun,8cKTsKRe8TN5QrQJE1pjzU3Ry6iFKF3ua1yf4BBHAv9g,2.0,424757481,5,0,1,1.1440172313608157e-07,1.8336,3.358025,3.823148,0.0,0.0,0.465124,0.465124
9M9FKSWdCVFN8GVTqhZ89hBxwoAKd8xxBezP6P1Ypump,Chikuwa-Kun,Bv9rXTo1zTLs2C9kAzRbMER9tnbETWpvsZjVkAsZpwvp,2.0,424757481,5,0,1,1.0852115890423021e-07,1.7394,4.938272,5.277369,0.0,0.0,0.339098,0.339098
9M9FKSWdCVFN8GVTqhZ89hBxwoAKd8xxBezP6P1Ypump,Chikuwa-Kun,3KXvE8nBimheg8GrDnhTXosugrc2T3iQ52jRAB19is5D,26.0,424757544,68,0,1,1.0659279374702014e-07,1.7085,0.010518,0.296102,0.0,0.0,0.285583,0.285583
9M9FKSWdCVFN8GVTqhZ89hBxwoAKd8xxBezP6P1Ypump,Chikuwa-Kun,DuuRTor81GRbkNPPTmpwLDVhgtLvnbYpb1dcSuxHNFZW,3.0,424757485,9,0,1,1.1581314165573856e-07,1.8562,4.27489,4.46222,0.0,0.0,0.18733,0.18733
9M9FKSWdCVFN8GVTqhZ89hBxwoAKd8xxBezP6P1Ypump,Chikuwa-Kun,CmHmEyUgTTWWeETRq2wm3k1dzV6phBKmxHp4uh5jdd9U,5.0,424757489,13,0,1,1.0355302296419702e-07,1.6597,1.702469,1.843088,0.0,0.0,0.140619,0.140619
9M9FKSWdCVFN8GVTqhZ89hBxwoAKd8xxBezP6P1Ypump,Chikuwa-Kun,GfJA84gwT9LpeyzeckeXkCsf8vdQuA64ZYQ91xoBawvt,0.0,424757476,0,1,1,1.0432662450102947e-07,1.6721,3.160494,3.292245,0.0,0.0,0.131751,0.131751
9M9FKSWdCVFN8GVTqhZ89hBxwoAKd8xxBezP6P1Ypump,Chikuwa-Kun,ardinRsN1mNYVeoJWTBsWeYeXvuR9UUDGMsCDKpb6AT,16.0,424757517,41,0,1,1.1015089907072436e-07,1.7655,1.955556,2.052187,0.0,0.0,0.096632,0.096632
9NmtfD8btjB2NdccihPdmYrnQKHnwb8JCrLxxoAJpump,Walk,2CHrnc2LyagAbMaMFgthiDWh7ZZ9zT9TF8WEJf7MNE71,0.0,409420085,0,1,1,3.633026147834004e-08,1.0763,1.234568,2.764232,0.0,0.0,1.529664,1.529664
9NmtfD8btjB2NdccihPdmYrnQKHnwb8JCrLxxoAJpump,Walk,5s4F9of2LYCURsaSHGDAc35xfD5dmqyhgKuRFjSeqRNe,1.0,409420086,1,0,1,7.290365033943636e-08,2.1598,6.91358,8.439688,0.0,0.0,1.526107,1.526107
9NmtfD8btjB2NdccihPdmYrnQKHnwb8JCrLxxoAJpump,Walk,48wqYzGexks1iDLZuxNVcnmEYXBMfAGypTZ2UgetjQPN,1.0,409420086,1,0,1,4.860403358355891e-08,1.4399,2.737778,4.162988,0.0,0.0,1.42521,1.42521
9NmtfD8btjB2NdccihPdmYrnQKHnwb8JCrLxxoAJpump,Walk,7gEnRjDud56BVmBQMWLTticJoouzrpnyaAnN5A3EEqiy,1.0,409420086,1,0,1,5.3579703159900705e-08,1.5873,1.975309,3.009412,0.0,0.0,1.034103,1.034103
9NmtfD8btjB2NdccihPdmYrnQKHnwb8JCrLxxoAJpump,Walk,8kzFH4rgFzy4ccz97AhgqRT7Qbt7HnD5oJCDK1Sxdarb,0.0,409420085,0,1,1,4.120529401906362e-08,1.2207,1.125926,2.136273,0.0,0.0,1.010347,1.010347
9NmtfD8btjB2NdccihPdmYrnQKHnwb8JCrLxxoAJpump,Walk,Atgx1JXsp8pTQ9Qsi74wF5pLMVwHwyQc6jJCu84evN7c,0.0,409420085,0,1,1,3.8696931821971665e-08,1.1464,1.096296,2.088053,0.0,0.0,0.991757,0.991757
9NmtfD8btjB2NdccihPdmYrnQKHnwb8JCrLxxoAJpump,Walk,meoriV2dBxQGhiBseswZvm2n759XT7bXunEdttidkDe,2.0,409420088,3,0,1,6.584609574458282e-08,1.9507,0.968,1.472754,0.0,0.0,0.504754,0.504754
9NmtfD8btjB2NdccihPdmYrnQKHnwb8JCrLxxoAJpump,Walk,E35uoEGT6mR2ae94KNuSfk4X86y7bcNeomDNV4T7GaFs,5.0,409420097,12,0,1,6.926639241075184e-08,2.0521,1.344939,1.837129,0.0,0.0,0.492191,0.492191
9NmtfD8btjB2NdccihPdmYrnQKHnwb8JCrLxxoAJpump,Walk,BQtH4sBz6NpPJ2DpdKaXiZKRfehKbVgSADPxg3c8SjCf,5.0,409420097,12,0,1,6.537680218619458e-08,1.9368,1.713597,2.139299,0.0,0.0,0.425703,0.425703
9NmtfD8btjB2NdccihPdmYrnQKHnwb8JCrLxxoAJpump,Walk,Gj5PtdfcU3LF8k2wLegRGyCVcrdk1tUkt1WitL4YcMv5,4.0,409420093,8,0,1,6.928878317254655e-08,2.0527,5.866667,6.218767,0.0,0.0,0.3521,0.3521
9QCFyDY9VsxRg9uLbxKXfpcEa6ZvPHVSDtMAVcUzpump,Illusion,27ELeSodytgrHUBEatJPBx16icC7T4xk6ENRqdshtnHs,0.0,409672879,0,1,1,6.624377632082008e-08,1.85,8.77037,12.429735,0.0,0.0,3.659365,3.659365
9QCFyDY9VsxRg9uLbxKXfpcEa6ZvPHVSDtMAVcUzpump,Illusion,2CHrnc2LyagAbMaMFgthiDWh7ZZ9zT9TF8WEJf7MNE71,0.0,409672879,0,1,1,3.845906356913175e-08,1.074,1.234568,2.257241,0.0,0.0,1.022673,1.022673
9QCFyDY9VsxRg9uLbxKXfpcEa6ZvPHVSDtMAVcUzpump,Illusion,Atgx1JXsp8pTQ9Qsi74wF5pLMVwHwyQc6jJCu84evN7c,0.0,409672879,0,1,1,4.089300708911314e-08,1.142,1.096296,1.699006,0.0,0.0,0.60271,0.60271
9QCFyDY9VsxRg9uLbxKXfpcEa6ZvPHVSDtMAVcUzpump,Illusion,AtkkpV7NxAUhXP58xpa6d43aizpBm13Khi9si8QP6B9g,7.0,409672895,16,0,1,7.114203419952479e-08,1.9868,2.64,3.138412,0.0,0.0,0.498412,0.498412
9QCFyDY9VsxRg9uLbxKXfpcEa6ZvPHVSDtMAVcUzpump,Illusion,AHhuKn3qMo93r3sehDnDqzpBCowkKJ7oTzN61D48s1ys,7.0,409672895,16,0,1,5.945576475867361e-08,1.6604,1.466667,1.847762,0.0,0.0,0.381095,0.381095
9QCFyDY9VsxRg9uLbxKXfpcEa6ZvPHVSDtMAVcUzpump,Illusion,5d7bpGCVaMGcFcX5hYtQyFyTNbdf9s6JDpchLddofVLj,25.0,409672944,65,0,1,,,0.0,0.351229,0.0,0.0,0.351229,0.351229
9QCFyDY9VsxRg9uLbxKXfpcEa6ZvPHVSDtMAVcUzpump,Illusion,8kzFH4rgFzy4ccz97AhgqRT7Qbt7HnD5oJCDK1Sxdarb,0.0,409672879,0,1,1,4.347046065647312e-08,1.214,1.125926,1.465302,0.0,0.0,0.339376,0.339376
9QCFyDY9VsxRg9uLbxKXfpcEa6ZvPHVSDtMAVcUzpump,Illusion,E1C6reyxgp2MgBov85RJMZDpHjiUV6ZCrWtDBfSwQsYB,25.0,409672944,65,0,1,,,0.0,0.31529,0.0,0.0,0.31529,0.31529
9QCFyDY9VsxRg9uLbxKXfpcEa6ZvPHVSDtMAVcUzpump,Illusion,G4jWDGKsniKifQTxPnuAxe7i193r7jxNigDYFW6RNqD,27.0,409672948,69,0,1,4.86428848942941e-08,1.3585,1.382716,1.598796,0.0,0.0,0.21608,0.21608
9QCFyDY9VsxRg9uLbxKXfpcEa6ZvPHVSDtMAVcUzpump,Illusion,76kQ41jRg7zCSjUH9keDr2tFGbVrQJ55rByzxhBg2Vz2,26.0,409672946,67,0,1,4.2444596251157694e-08,1.1854,0.293333,0.39652,0.0,0.0,0.103186,0.103186
9Qab65FhveQekBiwDEV6er1vhYoNJmwdQgqhoKmQpump,bullcoin,2CHrnc2LyagAbMaMFgthiDWh7ZZ9zT9TF8WEJf7MNE71,0.0,429537045,0,1,1,7.194368105694149e-08,1.1531,3.308642,10.166915,0.0,0.0,6.858274,6.858274
9Qab65FhveQekBiwDEV6er1vhYoNJmwdQgqhoKmQpump,bullcoin,Atgx1JXsp8pTQ9Qsi74wF5pLMVwHwyQc6jJCu84evN7c,0.0,429537045,0,1,1,8.186117150377942e-08,1.3121,3.209877,7.371789,0.0,0.0,4.161913,4.161913
9Qab65FhveQekBiwDEV6er1vhYoNJmwdQgqhoKmQpump,bullcoin,8kzFH4rgFzy4ccz97AhgqRT7Qbt7HnD5oJCDK1Sxdarb,0.0,429537045,0,1,1,9.325745970029008e-08,1.4947,3.45679,6.489702,0.0,0.0,3.032911,3.032911
9Qab65FhveQekBiwDEV6er1vhYoNJmwdQgqhoKmQpump,bullcoin,5P8A9bGUhroskpuA4hhRbybgt37TcTz7ft5zLAh8orpn,0.0,429537045,0,1,1,1.2951270172251725e-07,2.0758,2.17284,3.34693,0.0,0.0,1.17409,1.17409
9Qab65FhveQekBiwDEV6er1vhYoNJmwdQgqhoKmQpump,bullcoin,3tHbzfop86gABb4qYGxwHz6enFBstUnjxvSC6CgXYkUh,13.0,429537078,33,0,1,1.572345521177717e-07,2.5201,1.781287,2.534298,0.0,0.0,0.753011,0.753011
9Qab65FhveQekBiwDEV6er1vhYoNJmwdQgqhoKmQpump,bullcoin,Fr9B91h3MrqghrH1pfdw3RTAi34TJckcQMp25EKnXVxo,4.0,429537057,12,0,1,1.5333808274474525e-07,2.4577,1.414674,2.16201,0.0,0.0,0.747336,0.747336
9Qab65FhveQekBiwDEV6er1vhYoNJmwdQgqhoKmQpump,bullcoin,57stAMFvwctAjkBS76RXGoK4QKyS1QoxbGMbzFFe4DyZ,18.0,429537090,45,0,1,1.8159354921051025e-07,2.9106,2.962963,3.632375,0.0,0.0,0.669412,0.669412
9Qab65FhveQekBiwDEV6er1vhYoNJmwdQgqhoKmQpump,bullcoin,aaaj49Z93qyqQCyvj155MBWUQFpz2P757zgPSPb77bi,0.0,429537045,0,1,1,1.4182731518163483e-07,2.2732,3.0,3.657066,0.0,0.0,0.657066,0.657066
9Qab65FhveQekBiwDEV6er1vhYoNJmwdQgqhoKmQpump,bullcoin,Ap8DxKzY8sGxozCCyhMzDh1zWEESiYKMS1LdP7mRnVTF,13.0,429537078,33,0,1,1.6838843983876529e-07,2.6989,2.805758,3.358851,0.0,0.0,0.553092,0.553092
9Qab65FhveQekBiwDEV6er1vhYoNJmwdQgqhoKmQpump,bullcoin,D7MUPGjeY5W6CLYwT6u99yEs8n2NgCx4JPYvo5U5C66E,9.0,429537069,24,0,1,1.3859232981090993e-07,2.2213,0.987654,1.534925,0.0,0.0,0.547271,0.547271
9XzzR443dGXL1vCcsnPpJLYUfrd8upxExqtc4MxNpump,Wish,5brv79eFZ2rGprXNvqgVJBkBptkkw8GJX1XydJyZLyAr,0.0,416451650,1,0,1,8.201874829164063e-08,1.9376,7.901235,14.975083,0.0,0.0,7.073849,7.073849
9XzzR443dGXL1vCcsnPpJLYUfrd8upxExqtc4MxNpump,Wish,fCcpg6JFgnjDEQUp1aE5iXFikVctDdEYTn1jA1pKk78,0.0,416451650,1,0,1,1.1657958507008985e-07,2.754,9.876543,13.482714,0.0,0.0,3.606171,3.606171
9XzzR443dGXL1vCcsnPpJLYUfrd8upxExqtc4MxNpump,Wish,2CHrnc2LyagAbMaMFgthiDWh7ZZ9zT9TF8WEJf7MNE71,0.0,416451649,0,1,1,4.5443504139223934e-08,1.0735,1.333333,4.154477,0.0,0.0,2.821144,2.821144
9XzzR443dGXL1vCcsnPpJLYUfrd8upxExqtc4MxNpump,Wish,Atgx1JXsp8pTQ9Qsi74wF5pLMVwHwyQc6jJCu84evN7c,0.0,416451649,0,1,0,4.818261333074486e-08,1.1383,1.135802,2.158445,6826754.053,0.120926,1.022642,1.143568
9XzzR443dGXL1vCcsnPpJLYUfrd8upxExqtc4MxNpump,Wish,8kzFH4rgFzy4ccz97AhgqRT7Qbt7HnD5oJCDK1Sxdarb,0.0,416451649,0,1,0,5.087763131869086e-08,1.2019,1.08642,2.027276,6171369.727,0.109316,0.940857,1.050173
9XzzR443dGXL1vCcsnPpJLYUfrd8upxExqtc4MxNpump,Wish,EBBJmdCv4dVW3e8SjqTwwGMkVas4dyDdVSGJj6nKfhgu,6.0,416451664,15,0,1,1.1254131899313024e-07,2.6586,1.975309,2.560749,0.0,0.0,0.585441,0.585441
9XzzR443dGXL1vCcsnPpJLYUfrd8upxExqtc4MxNpump,Wish,7FovysP3MGZjFb2MRPtQPn27Ntejdjot2u2WAyL1fUaA,3.0,416451657,8,0,1,1.0825365047184355e-07,2.5574,4.938272,5.437029,0.0,0.0,0.498757,0.498757
9XzzR443dGXL1vCcsnPpJLYUfrd8upxExqtc4MxNpump,Wish,2CFywHXDPjDK2iRQsb95vnjgncDUZeQKJ6MceJ4ALpdc,4.0,416451660,11,0,1,1.243338687673689e-07,2.9372,2.933333,3.405963,0.0,0.0,0.47263,0.47263
9XzzR443dGXL1vCcsnPpJLYUfrd8upxExqtc4MxNpump,Wish,UFvt2qNA5WRxmMMSGHbUHEHYSiqkuJS6oH8BoKTZvwv,4.0,416451660,11,0,1,1.236480330418447e-07,2.921,1.466667,1.654899,0.0,0.0,0.188232,0.188232
9XzzR443dGXL1vCcsnPpJLYUfrd8upxExqtc4MxNpump,Wish,CC4Ud8MCMziQ6yVqvWqqYgnSGQ5UnEkfo6rh6BT4nap,12.0,416451681,32,0,1,1.298811252554837e-07,3.0683,1.955556,2.123472,0.0,0.0,0.167917,0.167917
9dXyJoRc8vXfE1YATFfh3FkK4d5yg5NEUodoPmfspump,Us,2CHrnc2LyagAbMaMFgthiDWh7ZZ9zT9TF8WEJf7MNE71,0.0,434145788,0,1,1,7.194368105694149e-08,1.1531,3.308642,6.943193,0.0,0.0,3.634551,3.634551
9dXyJoRc8vXfE1YATFfh3FkK4d5yg5NEUodoPmfspump,Us,8kzFH4rgFzy4ccz97AhgqRT7Qbt7HnD5oJCDK1Sxdarb,0.0,434145788,0,1,1,9.325745970029008e-08,1.4947,3.45679,5.582627,0.0,0.0,2.125837,2.125837
9dXyJoRc8vXfE1YATFfh3FkK4d5yg5NEUodoPmfspump,Us,Atgx1JXsp8pTQ9Qsi74wF5pLMVwHwyQc6jJCu84evN7c,0.0,434145788,0,1,1,8.186117150377942e-08,1.3121,3.209877,4.974385,0.0,0.0,1.764509,1.764509
9dXyJoRc8vXfE1YATFfh3FkK4d5yg5NEUodoPmfspump,Us,5P8A9bGUhroskpuA4hhRbybgt37TcTz7ft5zLAh8orpn,0.0,434145788,0,1,1,1.1808808000746812e-07,1.8927,3.604938,4.37651,0.0,0.0,0.771572,0.771572
9dXyJoRc8vXfE1YATFfh3FkK4d5yg5NEUodoPmfspump,Us,43x1zWzjVWJbQErWM78m3Acx83FFuGSQEhmgyxUrPdQs,0.0,434145788,0,1,1,1.0468253597122784e-07,1.6778,3.259259,3.976748,0.0,0.0,0.717489,0.717489
9dXyJoRc8vXfE1YATFfh3FkK4d5yg5NEUodoPmfspump,Us,Gku8cuthhvfoPoG18rg1EULt58xB7j1fgPoifJcyh411,8.0,434145809,21,0,1,1.499307062112036e-07,2.4031,4.5801,5.181457,0.0,0.0,0.601357,0.601357
9dXyJoRc8vXfE1YATFfh3FkK4d5yg5NEUodoPmfspump,Us,8eMntzBDpLZjk6jxWryhU6AZand54sqRhmv81LHmguvZ,0.0,434145788,0,1,1,1.5873259375298818e-07,2.5442,2.962963,3.511524,0.0,0.0,0.548561,0.548561
9dXyJoRc8vXfE1YATFfh3FkK4d5yg5NEUodoPmfspump,Us,6bqbSJXwMrmu8BHPcMp3mHrqqMS9CTL5LM1SdT7Hs82K,18.0,434145829,41,0,1,1.2346720686042344e-07,1.9789,5.866667,6.399776,0.0,0.0,0.53311,0.53311
9dXyJoRc8vXfE1YATFfh3FkK4d5yg5NEUodoPmfspump,Us,5brv79eFZ2rGprXNvqgVJBkBptkkw8GJX1XydJyZLyAr,0.0,434145788,0,1,1,1.4584614409448728e-07,2.3376,3.950617,4.468123,0.0,0.0,0.517505,0.517505
9dXyJoRc8vXfE1YATFfh3FkK4d5yg5NEUodoPmfspump,Us,2t2u46cL1tP99Hq5LyEC3fwtL1wNWrHSh2JxRhnQJ8tu,15.0,434145824,36,0,1,1.2333399370490994e-07,1.9768,0.977778,1.409354,0.0,0.0,0.431576,0.431576
9eRN6d8vTGVwG9M6XTj8sqX3rDBSZWfc2VXF66pnpump,Solana,5brv79eFZ2rGprXNvqgVJBkBptkkw8GJX1XydJyZLyAr,0.0,407056111,1,0,1,7.238732036662232e-08,1.9089,9.876543,21.00955,0.0,0.0,11.133007,11.133007
9eRN6d8vTGVwG9M6XTj8sqX3rDBSZWfc2VXF66pnpump,Solana,CyaE1VxvBrahnPWkqm5VsdCvyS2QmNht2UFrKJHga54o,8.0,407056131,21,0,1,1.1550283496407865e-07,3.0459,2.933333,4.532667,0.0,0.0,1.599334,1.599334
9eRN6d8vTGVwG9M6XTj8sqX3rDBSZWfc2VXF66pnpump,Solana,95L461h9TmizJyXTC7dowaPxUipbnLiLciFbZJcBHUYv,5.0,407056122,12,0,1,1.0364798274653997e-07,2.7332,4.938272,6.06548,0.0,0.0,1.127208,1.127208
9eRN6d8vTGVwG9M6XTj8sqX3rDBSZWfc2VXF66pnpump,Solana,2s1DSKMjecRbPs3gLeWLAXCd6RkRdu3Jv9ydNh31kAux,3.0,407056118,8,0,1,1.006417012330713e-07,2.654,3.276857,4.126139,0.0,0.0,0.849282,0.849282
9eRN6d8vTGVwG9M6XTj8sqX3rDBSZWfc2VXF66pnpump,Solana,BA36AnwpTfKeqNhExVUFFbzUAQTyKYvJrEokKJqVCTPi,5.0,407056122,12,0,1,1.1260624490132979e-07,2.9695,4.888889,5.403504,0.0,0.0,0.514615,0.514615
9eRN6d8vTGVwG9M6XTj8sqX3rDBSZWfc2VXF66pnpump,Solana,GmDdvAESNCNvBTdgXFnQaS6uA3tMLQJm1peQLkF9poxs,19.0,407056157,47,0,1,1.4928627026919343e-07,3.9368,2.962963,3.473128,0.0,0.0,0.510165,0.510165
9eRN6d8vTGVwG9M6XTj8sqX3rDBSZWfc2VXF66pnpump,Solana,2t2u46cL1tP99Hq5LyEC3fwtL1wNWrHSh2JxRhnQJ8tu,5.0,407056122,12,0,1,1.179402134049143e-07,3.1101,0.88,1.355713,0.0,0.0,0.475713,0.475713
9eRN6d8vTGVwG9M6XTj8sqX3rDBSZWfc2VXF66pnpump,Solana,8f6mju2E67Bawifm242gAPGzuvjtZWVktdN8eykxDbBj,5.0,407056122,12,0,1,8.47079120707449e-08,2.2338,0.488889,0.786626,0.0,0.0,0.297737,0.297737
9eRN6d8vTGVwG9M6XTj8sqX3rDBSZWfc2VXF66pnpump,Solana,Fex4jwf4WYbbmpNiLYkYrXPHyWYR2UgzUYaDvTrn5tuj,3.0,407056118,8,0,1,1.0702677519997265e-07,2.8223,1.777778,2.041669,0.0,0.0,0.263891,0.263891
9eRN6d8vTGVwG9M6XTj8sqX3rDBSZWfc2VXF66pnpump,Solana,6s8Z55Qtdks3EiwycXApooMDnXrxgJ464HuJFkGSzqAj,8.0,407056131,21,0,1,1.27000711436922e-07,3.3491,2.962963,3.166188,0.0,0.0,0.203225,0.203225
9eVnh8jQ4tkGLj2ASC4D8Qw1Tei5ST7EzamGU6X3pump,tits,5brv79eFZ2rGprXNvqgVJBkBptkkw8GJX1XydJyZLyAr,1.0,418856907,1,0,1,1.2170961933143615e-07,2.4638,15.802469,22.591957,0.0,0.0,6.789488,6.789488
9eVnh8jQ4tkGLj2ASC4D8Qw1Tei5ST7EzamGU6X3pump,tits,2CHrnc2LyagAbMaMFgthiDWh7ZZ9zT9TF8WEJf7MNE71,0.0,418856906,0,1,1,5.275718932970118e-08,1.068,1.333333,3.254233,0.0,0.0,1.9209,1.9209
9eVnh8jQ4tkGLj2ASC4D8Qw1Tei5ST7EzamGU6X3pump,tits,Atgx1JXsp8pTQ9Qsi74wF5pLMVwHwyQc6jJCu84evN7c,0.0,418856906,0,1,1,5.609584798034692e-08,1.1356,1.283951,2.750024,0.0,0.0,1.466073,1.466073
9eVnh8jQ4tkGLj2ASC4D8Qw1Tei5ST7EzamGU6X3pump,tits,8kzFH4rgFzy4ccz97AhgqRT7Qbt7HnD5oJCDK1Sxdarb,0.0,418856906,0,1,1,5.932221497121143e-08,1.2009,1.204938,2.496812,0.0,0.0,1.291874,1.291874
9eVnh8jQ4tkGLj2ASC4D8Qw1Tei5ST7EzamGU6X3pump,tits,6bqbSJXwMrmu8BHPcMp3mHrqqMS9CTL5LM1SdT7Hs82K,8.0,418856924,18,0,1,1.1011788351969303e-07,2.2292,2.444444,3.233752,0.0,0.0,0.789308,0.789308
9eVnh8jQ4tkGLj2ASC4D8Qw1Tei5ST7EzamGU6X3pump,tits,undwZZbXFTXAizTeeNpmygJDa4pWopEr1UCDSWpyo4y,10.0,418856931,25,0,1,1.3809518034219642e-07,2.7955,5.925926,6.505064,0.0,0.0,0.579138,0.579138
9eVnh8jQ4tkGLj2ASC4D8Qw1Tei5ST7EzamGU6X3pump,tits,J5xbgXFyv3zabwX67FUsitcxFhzAVBSj2tbdiimNUStC,6.0,418856919,13,0,1,1.3289841246712442e-07,2.6903,3.585735,3.926339,0.0,0.0,0.340604,0.340604
9eVnh8jQ4tkGLj2ASC4D8Qw1Tei5ST7EzamGU6X3pump,tits,61ohufUkdgu8sxxP3Rj4zTMfN9qrNwg97SBzHNETng32,10.0,418856931,25,0,1,1.245164885634287e-07,2.5207,2.469136,2.658923,0.0,0.0,0.189787,0.189787
9eVnh8jQ4tkGLj2ASC4D8Qw1Tei5ST7EzamGU6X3pump,tits,E35uoEGT6mR2ae94KNuSfk4X86y7bcNeomDNV4T7GaFs,8.0,418856924,18,0,1,1.412742674772315e-07,2.8599,1.212207,1.393948,0.0,0.0,0.181741,0.181741
9eVnh8jQ4tkGLj2ASC4D8Qw1Tei5ST7EzamGU6X3pump,tits,Gku8cuthhvfoPoG18rg1EULt58xB7j1fgPoifJcyh411,6.0,418856919,13,0,1,1.3832145600299654e-07,2.8001,5.923861,6.100606,0.0,0.0,0.176744,0.176744
9gGEYsopfiUWHkU6U47AxzrzazPTqGDTQaXmTHCppump,Trenchmade,BBPKQwYLyiPjAX2KTFxanR7vxwa7majAF7c7yoaRX8oR,4.0,384268435,11,0,1,4.230536507855447e-08,1.2505,1.955556,2.057668,0.0,0.0,0.102113,0.102113
9gGEYsopfiUWHkU6U47AxzrzazPTqGDTQaXmTHCppump,Trenchmade,HmnZtJPCcguuuZUxGhNd4hK1QNw11iBpRHzwJf6gaE1B,3.0,384268432,8,0,1,3.62610224579817e-08,1.0718,0.293333,0.322358,0.0,0.0,0.029025,0.029025
9gGEYsopfiUWHkU6U47AxzrzazPTqGDTQaXmTHCppump,Trenchmade,JDmzcB4LHV1Vo1n2ZqSpMr4ZMNzC7JdUWHnJwwzzhX26,3.0,384268433,9,0,1,3.730621412530288e-08,1.1027,0.488889,0.512892,0.0,0.0,0.024003,0.024003
9gGEYsopfiUWHkU6U47AxzrzazPTqGDTQaXmTHCppump,Trenchmade,BT3toQ6ALWy9DsmXzP88EQXUEVdg3buSBQgXZWQ8awXd,3.0,384268434,10,0,1,3.7940457173691495e-08,1.1215,0.293333,0.283224,0.0,0.0,-0.01011,-0.01011
9gGEYsopfiUWHkU6U47AxzrzazPTqGDTQaXmTHCppump,Trenchmade,9jTxXj5eGqNm6mvQyqbjyJpSURbnoqS36PKUUrKfqR25,19.0,384268473,49,0,0,3.1254089734638685e-08,0.9238,0.097778,0.0,3138153.309,0.087068,-0.097778,-0.010709
9gGEYsopfiUWHkU6U47AxzrzazPTqGDTQaXmTHCppump,Trenchmade,5D3gRV5917KtEdzsi6QV1D1xUijTuFz5eHF1GPXJ7jnm,8.0,384268446,22,0,1,3.8239689520174646e-08,1.1303,0.097127,0.072409,0.0,0.0,-0.024719,-0.024719
9gGEYsopfiUWHkU6U47AxzrzazPTqGDTQaXmTHCppump,Trenchmade,5PQiUPBw2TiZvEuTGE3Gha55KbKbd38geF9cdL4QzvEy,8.0,384268447,23,0,1,3.662746558947248e-08,1.0827,0.192557,0.165614,0.0,0.0,-0.026943,-0.026943
9gGEYsopfiUWHkU6U47AxzrzazPTqGDTQaXmTHCppump,Trenchmade,CHqtqbfUz6SvuWiUfAfqDtockfePFyspgz6yn33kH8dU,16.0,384268466,42,0,1,3.242257927910433e-08,0.9584,0.9875,0.952441,0.0,0.0,-0.035059,-0.035059
9gGEYsopfiUWHkU6U47AxzrzazPTqGDTQaXmTHCppump,Trenchmade,8kzFH4rgFzy4ccz97AhgqRT7Qbt7HnD5oJCDK1Sxdarb,0.0,384268424,0,1,1,4.0260950605778134e-08,1.1901,0.9,0.806415,0.0,0.0,-0.093585,-0.093585
9gGEYsopfiUWHkU6U47AxzrzazPTqGDTQaXmTHCppump,Trenchmade,Atgx1JXsp8pTQ9Qsi74wF5pLMVwHwyQc6jJCu84evN7c,0.0,384268424,0,1,1,3.8273066169617854e-08,1.1313,1.0,0.89858,0.0,0.0,-0.10142,-0.10142
9n89XRJz2hFQWTYjHpkuCSUwDze75KHUDVf9JojZpump,Rinko,EgQX9R3Qph1dPHE1Ysou1auSYqRGomCNmLDC28Yg77aq,0.0,422064103,0,1,1,1.1789898783133931e-07,2.3867,14.814815,22.884647,0.0,0.0,8.069832,8.069832
9n89XRJz2hFQWTYjHpkuCSUwDze75KHUDVf9JojZpump,Rinko,2CHrnc2LyagAbMaMFgthiDWh7ZZ9zT9TF8WEJf7MNE71,0.0,422064103,0,1,1,5.275718932970118e-08,1.068,1.333333,4.394337,0.0,0.0,3.061003,3.061003
9n89XRJz2hFQWTYjHpkuCSUwDze75KHUDVf9JojZpump,Rinko,Atgx1JXsp8pTQ9Qsi74wF5pLMVwHwyQc6jJCu84evN7c,0.0,422064103,0,1,1,5.609584798034692e-08,1.1356,1.283951,4.140474,0.0,0.0,2.856523,2.856523
9n89XRJz2hFQWTYjHpkuCSUwDze75KHUDVf9JojZpump,Rinko,8kzFH4rgFzy4ccz97AhgqRT7Qbt7HnD5oJCDK1Sxdarb,0.0,422064103,0,1,1,5.932221497121143e-08,1.2009,1.204938,3.569884,0.0,0.0,2.364946,2.364946
9n89XRJz2hFQWTYjHpkuCSUwDze75KHUDVf9JojZpump,Rinko,7EFVZJreVZZicpuWS4dCb6fR1EfEWP8AYLYEJ6n4YA1F,6.0,422064118,15,0,1,1.4218294499806462e-07,2.8783,0.088065,2.1664,0.0,0.0,2.078335,2.078335
9n89XRJz2hFQWTYjHpkuCSUwDze75KHUDVf9JojZpump,Rinko,BNwVduQq1AH3ee5hnLQtbJmPyrBJHaS29b6VQt3pzvsR,7.0,422064121,18,0,1,1.3747915922312222e-07,2.7831,0.02575,0.697384,0.0,0.0,0.671634,0.671634
9n89XRJz2hFQWTYjHpkuCSUwDze75KHUDVf9JojZpump,Rinko,DiBotq6hCMTw2kZTdzhwU3sU87548EC9DZhqtfEKVS3n,0.0,422064104,1,0,1,1.3110240928781476e-07,2.654,0.987654,1.451923,0.0,0.0,0.464269,0.464269
9n89XRJz2hFQWTYjHpkuCSUwDze75KHUDVf9JojZpump,Rinko,swag6aBGmqkAJFVB8w8GK67pjKoUgS5jcTcLy4MWb3m,2.0,422064108,5,0,1,1.4326191587795374e-07,2.9001,1.945679,2.381515,0.0,0.0,0.435836,0.435836
9n89XRJz2hFQWTYjHpkuCSUwDze75KHUDVf9JojZpump,Rinko,7cp6zxvhxbfS7QgYTB7ts2RqFf7zDYwtjfuHcEHhKLAz,0.0,422064105,2,0,1,1.1151732299069681e-07,2.2575,1.023082,1.451159,0.0,0.0,0.428077,0.428077
9n89XRJz2hFQWTYjHpkuCSUwDze75KHUDVf9JojZpump,Rinko,AdmuNy6KJgYa8GoJXDqCknBte57WQEf8khQG9iu9cY5,7.0,422064121,18,0,1,1.5020319180470599e-07,3.0406,5.925926,6.351141,0.0,0.0,0.425215,0.425215
9scRR26THWhktQDMnAJA256iDSY8kvCx7t2WjoSwpump,Thankful,EgQX9R3Qph1dPHE1Ysou1auSYqRGomCNmLDC28Yg77aq,1.0,410771378,1,0,1,5.93624447792431e-08,1.7071,6.8,9.026651,0.0,0.0,2.226651,2.226651
9scRR26THWhktQDMnAJA256iDSY8kvCx7t2WjoSwpump,Thankful,2CHrnc2LyagAbMaMFgthiDWh7ZZ9zT9TF8WEJf7MNE71,0.0,410771377,0,1,1,3.73870867145051e-08,1.0752,1.234568,2.720542,0.0,0.0,1.485974,1.485974
9scRR26THWhktQDMnAJA256iDSY8kvCx7t2WjoSwpump,Thankful,Atgx1JXsp8pTQ9Qsi74wF5pLMVwHwyQc6jJCu84evN7c,0.0,410771377,0,1,1,3.9787393646277536e-08,1.1442,1.096296,2.208362,0.0,0.0,1.112066,1.112066
9scRR26THWhktQDMnAJA256iDSY8kvCx7t2WjoSwpump,Thankful,niggerd597QYedtvjQDVHZTCCGyJrwHNm2i49dkm5zS,7.0,410771393,16,0,1,6.871937308300453e-08,1.9762,3.061728,3.643406,0.0,0.0,0.581678,0.581678
9scRR26THWhktQDMnAJA256iDSY8kvCx7t2WjoSwpump,Thankful,4vw54BmAogeRV3vPKWyFet5yf8DTLcREzdSzx4rw9Ud9,7.0,410771393,16,0,1,5.715212475304121e-08,1.6436,1.975111,2.452962,0.0,0.0,0.477851,0.477851
9scRR26THWhktQDMnAJA256iDSY8kvCx7t2WjoSwpump,Thankful,CyBZ1M42J7m2z34VUDd3qVhbuH5GdcGnqgMGJJhAX8MR,7.0,410771393,16,0,1,5.9302063625105796e-08,1.7054,0.799305,1.230716,0.0,0.0,0.431411,0.431411
9scRR26THWhktQDMnAJA256iDSY8kvCx7t2WjoSwpump,Thankful,FuKT5n2JT199c1wJWodhd1mWMgekUstr67UiWikYRWmY,2.0,410771381,4,0,1,5.6550814884730124e-08,1.6263,0.945306,1.304909,0.0,0.0,0.359603,0.359603
9scRR26THWhktQDMnAJA256iDSY8kvCx7t2WjoSwpump,Thankful,FmSMAbd3JWMgtKfZq9Yn9s6nwXh339zpuwDMD2j9u7Z7,2.0,410771381,4,0,1,5.3542818001189704e-08,1.5398,0.5,0.805318,0.0,0.0,0.305318,0.305318
9scRR26THWhktQDMnAJA256iDSY8kvCx7t2WjoSwpump,Thankful,CSAAH5t5F64V7wuVV6rLnWJt7JtrK9fhsj3coLMkgFPb,2.0,410771381,4,0,1,5.89626546604255e-08,1.6956,0.900329,1.198041,0.0,0.0,0.297712,0.297712
9scRR26THWhktQDMnAJA256iDSY8kvCx7t2WjoSwpump,Thankful,DrdsaNTG8Bz1vrX167DWrCURHBGbyJV8r5wk2t1wS3NE,4.0,410771385,8,0,1,6.596032810258484e-08,1.8969,1.130088,1.423537,0.0,0.0,0.293449,0.293449
9uyrFtA4gM4X7UZN9wS892anAKoAP9tjpdruBT85pump,Yui,2CHrnc2LyagAbMaMFgthiDWh7ZZ9zT9TF8WEJf7MNE71,0.0,431191557,0,1,1,7.194368105694149e-08,1.1531,3.308642,4.150605,0.0,0.0,0.841963,0.841963
9uyrFtA4gM4X7UZN9wS892anAKoAP9tjpdruBT85pump,Yui,GDQeTnqkyeLyRSjWaeFY5HsxaWoQmmXFc1N6wyuuHiQD,0.0,431191557,0,1,1,1.693665124755314e-07,2.7146,2.469136,3.245547,0.0,0.0,0.776411,0.776411
9uyrFtA4gM4X7UZN9wS892anAKoAP9tjpdruBT85pump,Yui,GhNgR53EzCuFrusWGvLW51P4bX6TSTtBzjf8qLEcFeMv,6.0,431191571,14,0,1,1.6726071751032132e-07,2.6808,9.876543,10.584106,0.0,0.0,0.707562,0.707562
9uyrFtA4gM4X7UZN9wS892anAKoAP9tjpdruBT85pump,Yui,8kzFH4rgFzy4ccz97AhgqRT7Qbt7HnD5oJCDK1Sxdarb,0.0,431191557,0,1,1,9.325745970029008e-08,1.4947,3.45679,3.874948,0.0,0.0,0.418158,0.418158
9uyrFtA4gM4X7UZN9wS892anAKoAP9tjpdruBT85pump,Yui,Atgx1JXsp8pTQ9Qsi74wF5pLMVwHwyQc6jJCu84evN7c,0.0,431191557,0,1,1,8.186117150377942e-08,1.3121,3.209877,3.620636,0.0,0.0,0.410759,0.410759
9uyrFtA4gM4X7UZN9wS892anAKoAP9tjpdruBT85pump,Yui,43x1zWzjVWJbQErWM78m3Acx83FFuGSQEhmgyxUrPdQs,0.0,431191557,0,1,1,1.0468253597122784e-07,1.6778,3.259259,3.639282,0.0,0.0,0.380023,0.380023
9uyrFtA4gM4X7UZN9wS892anAKoAP9tjpdruBT85pump,Yui,HurJbsfi9t4kJZg6UwjC29A3gnB7rDwWwoj75xobsfhh,18.0,431191598,41,0,1,8.486131341712302e-08,1.3602,1.955556,2.313388,0.0,0.0,0.357832,0.357832
9uyrFtA4gM4X7UZN9wS892anAKoAP9tjpdruBT85pump,Yui,EHPfFYYRMbH3CCpusLV6vBeH9AVYj4eHybt3Z54QrMVZ,0.0,431191557,0,1,1,1.7623110374811878e-07,2.8246,1.481481,1.834561,0.0,0.0,0.353079,0.353079
9uyrFtA4gM4X7UZN9wS892anAKoAP9tjpdruBT85pump,Yui,4ibeCP6SfuTn6QyVCkV99xjHt3XSTbqGiw1WyWdq5DRy,18.0,431191599,42,0,1,8.129588326414956e-08,1.303,0.586667,0.81587,0.0,0.0,0.229203,0.229203
9uyrFtA4gM4X7UZN9wS892anAKoAP9tjpdruBT85pump,Yui,2XPe15xRJd9MajdfY2f2duqidsXja1FzNv7AamecuHwB,23.0,431191612,55,0,1,9.042098167320312e-08,1.4493,0.733333,0.917731,0.0,0.0,0.184398,0.184398
9y2VWxWB8JPYbQoPRt7DXpEeqiDubeVZD25adVHBpump,Viltrumite,5brv79eFZ2rGprXNvqgVJBkBptkkw8GJX1XydJyZLyAr,0.0,419539570,0,1,1,1.068307321223247e-07,2.1626,11.851852,17.768091,0.0,0.0,5.916239,5.916239
9y2VWxWB8JPYbQoPRt7DXpEeqiDubeVZD25adVHBpump,Viltrumite,2CHrnc2LyagAbMaMFgthiDWh7ZZ9zT9TF8WEJf7MNE71,0.0,419539570,0,1,1,5.275718932970118e-08,1.068,1.333333,2.887926,0.0,0.0,1.554592,1.554592
9y2VWxWB8JPYbQoPRt7DXpEeqiDubeVZD25adVHBpump,Viltrumite,Atgx1JXsp8pTQ9Qsi74wF5pLMVwHwyQc6jJCu84evN7c,0.0,419539570,0,1,1,5.609584798034692e-08,1.1356,1.283951,2.832872,0.0,0.0,1.548921,1.548921
9y2VWxWB8JPYbQoPRt7DXpEeqiDubeVZD25adVHBpump,Viltrumite,8kzFH4rgFzy4ccz97AhgqRT7Qbt7HnD5oJCDK1Sxdarb,0.0,419539570,0,1,1,5.932221497121143e-08,1.2009,1.204938,2.372412,0.0,0.0,1.167473,1.167473
9y2VWxWB8JPYbQoPRt7DXpEeqiDubeVZD25adVHBpump,Viltrumite,7FovysP3MGZjFb2MRPtQPn27Ntejdjot2u2WAyL1fUaA,2.0,419539575,5,0,1,1.4285236741151684e-07,2.8918,7.407407,8.174359,0.0,0.0,0.766952,0.766952
9y2VWxWB8JPYbQoPRt7DXpEeqiDubeVZD25adVHBpump,Viltrumite,JBfdpG1jWubSkT2jTGRBXygVxs187kVvB5AH9iFYW1iJ,4.0,419539579,9,0,1,1.269074655719362e-07,2.5691,2.933333,3.609094,0.0,0.0,0.67576,0.67576
9y2VWxWB8JPYbQoPRt7DXpEeqiDubeVZD25adVHBpump,Viltrumite,8Stx1qXxSbLxc5Dnz4m1ecCCEcTkxVU1LgJCY5cWe1k6,6.0,419539585,15,0,1,1.0769128660355879e-07,2.1801,2.271605,2.861877,0.0,0.0,0.590272,0.590272
9y2VWxWB8JPYbQoPRt7DXpEeqiDubeVZD25adVHBpump,Viltrumite,CyBZ1M42J7m2z34VUDd3qVhbuH5GdcGnqgMGJJhAX8MR,6.0,419539585,15,0,1,1.28408643775637e-07,2.5994,5.083934,5.321554,0.0,0.0,0.23762,0.23762
9y2VWxWB8JPYbQoPRt7DXpEeqiDubeVZD25adVHBpump,Viltrumite,Gku8cuthhvfoPoG18rg1EULt58xB7j1fgPoifJcyh411,6.0,419539584,14,0,1,1.2519635533105345e-07,2.5344,4.167899,4.329295,0.0,0.0,0.161397,0.161397
9y2VWxWB8JPYbQoPRt7DXpEeqiDubeVZD25adVHBpump,Viltrumite,RTYizu6bjvFTBfiS56cEoqkKRqk5xa5VBKsHQUeUNDs,6.0,419539585,15,0,1,1.1317892889375339e-07,2.2911,1.481481,1.631656,0.0,0.0,0.150174,0.150174
9yMgJHG75fhHhEKAGeMSWAMrTWnCnfwTGzELZ34spump,Bingus,5brv79eFZ2rGprXNvqgVJBkBptkkw8GJX1XydJyZLyAr,0.0,422511252,0,1,1,1.1045954422677618e-07,2.2361,12.839506,20.918356,0.0,0.0,8.07885,8.07885
9yMgJHG75fhHhEKAGeMSWAMrTWnCnfwTGzELZ34spump,Bingus,7TNYdvwDzuRKvquzn24grcGwvrtpsYK58GAWdRBnm3UT,9.0,422511276,24,0,1,1.4275566616953742e-07,2.8899,0.123669,6.059541,0.0,0.0,5.935873,5.935873
9yMgJHG75fhHhEKAGeMSWAMrTWnCnfwTGzELZ34spump,Bingus,2CHrnc2LyagAbMaMFgthiDWh7ZZ9zT9TF8WEJf7MNE71,0.0,422511252,0,1,1,5.275718932970118e-08,1.068,1.333333,4.719156,0.0,0.0,3.385822,3.385822
9yMgJHG75fhHhEKAGeMSWAMrTWnCnfwTGzELZ34spump,Bingus,Atgx1JXsp8pTQ9Qsi74wF5pLMVwHwyQc6jJCu84evN7c,0.0,422511252,0,1,1,5.609584798034692e-08,1.1356,1.283951,4.444677,0.0,0.0,3.160726,3.160726
9yMgJHG75fhHhEKAGeMSWAMrTWnCnfwTGzELZ34spump,Bingus,AamsxzZQrHoxhXRtVu1w1uZuhGrEmwDMHdtJyMNa2iaz,2.0,422511259,7,0,1,1.3864374689651133e-07,2.8066,0.085956,2.742427,0.0,0.0,2.656471,2.656471
9yMgJHG75fhHhEKAGeMSWAMrTWnCnfwTGzELZ34spump,Bingus,8kzFH4rgFzy4ccz97AhgqRT7Qbt7HnD5oJCDK1Sxdarb,0.0,422511252,0,1,1,5.932221497121143e-08,1.2009,1.204938,2.443196,0.0,0.0,1.238258,1.238258
9yMgJHG75fhHhEKAGeMSWAMrTWnCnfwTGzELZ34spump,Bingus,GWJaS84RZ392uack89DRiUarwmvUhWcRynB1GwpFniqG,6.0,422511270,18,0,1,1.4055778349602807e-07,2.8454,0.042132,1.237791,0.0,0.0,1.195659,1.195659
9yMgJHG75fhHhEKAGeMSWAMrTWnCnfwTGzELZ34spump,Bingus,GBZC7v3SVRaNjFJEyLiRDcygH5ojPr2wRemmBpEgeGua,5.0,422511267,15,0,1,1.3828012151597455e-07,2.7993,3.950617,4.549845,0.0,0.0,0.599227,0.599227
9yMgJHG75fhHhEKAGeMSWAMrTWnCnfwTGzELZ34spump,Bingus,CeUbjEQ3hdkDyvjkzewn4iQ1YYrWP2aa1Tt4723Eda8V,3.0,422511261,9,0,1,1.2259157500805368e-07,2.4817,0.796671,1.310377,0.0,0.0,0.513705,0.513705
9yMgJHG75fhHhEKAGeMSWAMrTWnCnfwTGzELZ34spump,Bingus,FuU4YuViuphyhsV1dFgW2gpZu81xBvmua8AcgggpXfJZ,0.0,422511252,0,1,1,1.217096193255148e-07,2.4638,2.962963,3.444138,0.0,0.0,0.481175,0.481175
A1QVojutHPnDh5KfRZpssWezRr6HQLGoWgSpmRGbpump,mogged,E8oha6AYKZhSjAMS6Ek8CkWkaNu34qfipidYf6uqruVe,0.0,398754834,0,1,1,4.221231608951081e-08,1.2506,0.590496,0.637873,0.0,0.0,0.047378,0.047378
A1QVojutHPnDh5KfRZpssWezRr6HQLGoWgSpmRGbpump,mogged,E7QWcf4nnYWTZ9JT4QAYA8yHD2fAWFpsuBiaSdC1f6H2,0.0,398754834,0,1,1,4.351351657734643e-08,1.2891,0.563828,0.571651,0.0,0.0,0.007823,0.007823
A1QVojutHPnDh5KfRZpssWezRr6HQLGoWgSpmRGbpump,mogged,MEMETt2jEDEHxSJcnCsj1Ccq6RNdgKEUBGCytcQL6Sy,0.0,398754834,0,1,1,4.46409216281342e-08,1.3225,0.13322,0.137351,0.0,0.0,0.00413,0.00413
A1QVojutHPnDh5KfRZpssWezRr6HQLGoWgSpmRGbpump,mogged,6C63sNr8NXovUDWVKr2eaEkwKqXPgKTFandGVUqV4qvL,1.0,398754835,1,0,1,4.472051148422209e-08,1.3249,0.029333,0.029975,0.0,0.0,0.000642,0.000642
A1QVojutHPnDh5KfRZpssWezRr6HQLGoWgSpmRGbpump,mogged,5Q7an5dLhbs7SZwt8eJrPbRdqopUkPVTei4u3TyGM9pE,0.0,398754834,0,1,1,4.465138946965243e-08,1.3228,0.004444,0.004582,0.0,0.0,0.000138,0.000138
A1QVojutHPnDh5KfRZpssWezRr6HQLGoWgSpmRGbpump,mogged,8uCXyaaKsPbNr2LnGZFavBkm2SZ6mDzKFyTsYNfN1uyr,0.0,398754834,0,1,1,4.351355276776809e-08,1.2891,1.6e-05,1.5e-05,0.0,0.0,-0.0,-0.0
A1QVojutHPnDh5KfRZpssWezRr6HQLGoWgSpmRGbpump,mogged,5wudanESbjvHa2rzFmfBAwR4DfpsA71wE2QtKs2HfshC,0.0,398754834,0,1,1,4.351379560750893e-08,1.2891,0.000104,9.5e-05,0.0,0.0,-9e-06,-9e-06
A1QVojutHPnDh5KfRZpssWezRr6HQLGoWgSpmRGbpump,mogged,3RHCsZRxbQ8NnxwL1xwbbAZaFy2CkKZfozLDL46TCZXh,5.0,398754844,10,0,1,3.971117299369994e-08,1.1765,2.444444,2.444432,0.0,0.0,-1.3e-05,-1.3e-05
A1QVojutHPnDh5KfRZpssWezRr6HQLGoWgSpmRGbpump,mogged,GZBLZNqicYGxJiagH7s7B7ybpJ8XZfpPiswD4fRKf3d6,0.0,398754834,0,1,1,4.401994940127259e-08,1.3041,0.217041,0.211011,0.0,0.0,-0.00603,-0.00603
A1QVojutHPnDh5KfRZpssWezRr6HQLGoWgSpmRGbpump,mogged,78Rhgh7JyKB494Xez26KobUPxcqFSeJbxs9Vio5cE2wr,4.0,398754843,9,0,1,4.253279077225465e-08,1.2601,0.097778,0.076822,0.0,0.0,-0.020956,-0.020956
A9YTBnsbweCwcAg6s4exHDa6PK1eHePRahGF9giNpump,Universal,2mqrindMAjJEQPLhroYWyiYPo5h9iAsahfdd4QtsjwdY,0.0,421030756,0,1,1,1.2374706206957025e-07,1.9834,11.385929,14.866472,0.0,0.0,3.480543,3.480543
A9YTBnsbweCwcAg6s4exHDa6PK1eHePRahGF9giNpump,Universal,2CHrnc2LyagAbMaMFgthiDWh7ZZ9zT9TF8WEJf7MNE71,0.0,421030756,0,1,1,6.615879395165538e-08,1.0604,1.333333,3.577462,0.0,0.0,2.244129,2.244129
A9YTBnsbweCwcAg6s4exHDa6PK1eHePRahGF9giNpump,Universal,D6aogv3VBzaNAwMHffbfTskagpth4TFXaPFfxaEYnMz9,11.0,421030785,29,0,1,1.9392902880204672e-07,3.1083,0.095556,1.965981,0.0,0.0,1.870425,1.870425
A9YTBnsbweCwcAg6s4exHDa6PK1eHePRahGF9giNpump,Universal,Atgx1JXsp8pTQ9Qsi74wF5pLMVwHwyQc6jJCu84evN7c,0.0,421030756,0,1,1,6.989139462601616e-08,1.1202,1.283951,2.984259,0.0,0.0,1.700308,1.700308
A9YTBnsbweCwcAg6s4exHDa6PK1eHePRahGF9giNpump,Universal,DGaCiYrUMCqtV2fG3vfvvHmwgFqrfKhEQeDXm2dmbvaA,0.0,421030757,1,0,1,1.3563864205673558e-07,2.174,2.962963,4.234958,0.0,0.0,1.271995,1.271995
A9YTBnsbweCwcAg6s4exHDa6PK1eHePRahGF9giNpump,Universal,8kzFH4rgFzy4ccz97AhgqRT7Qbt7HnD5oJCDK1Sxdarb,0.0,421030756,0,1,1,7.34874610544082e-08,1.1779,1.204938,2.448026,0.0,0.0,1.243088,1.243088
A9YTBnsbweCwcAg6s4exHDa6PK1eHePRahGF9giNpump,Universal,7bWimGRToZRULUjo4iynrwGRUgdmLsCWZTGh3JvxEGdj,2.0,421030763,7,0,1,1.2225333979164688e-07,1.9595,1.955556,2.8351,0.0,0.0,0.879544,0.879544
A9YTBnsbweCwcAg6s4exHDa6PK1eHePRahGF9giNpump,Universal,RTYizu6bjvFTBfiS56cEoqkKRqk5xa5VBKsHQUeUNDs,5.0,421030769,13,0,1,1.6300332759060742e-07,2.6126,3.950617,4.793592,0.0,0.0,0.842975,0.842975
A9YTBnsbweCwcAg6s4exHDa6PK1eHePRahGF9giNpump,Universal,CyBZ1M42J7m2z34VUDd3qVhbuH5GdcGnqgMGJJhAX8MR,5.0,421030770,14,0,1,1.718720133076738e-07,2.7548,3.56582,4.211191,0.0,0.0,0.645372,0.645372
A9YTBnsbweCwcAg6s4exHDa6PK1eHePRahGF9giNpump,Universal,JBfdpG1jWubSkT2jTGRBXygVxs187kVvB5AH9iFYW1iJ,30.0,421030833,77,0,1,2.381614645013157e-09,0.0382,5.866667,6.297746,0.0,0.0,0.43108,0.43108
AKV6w9QZKr1zmoZ13szWeRYQRnAEBPbnnBorUwxPpump,Badger,DS593S1N4ag1S5KPhkb2bz6mJgcSpMkQJvQuRAbrAwBz,2.0,422935775,5,0,1,1.7301591316080218e-07,3.5025,0.335269,7.728747,0.0,0.0,7.393479,7.393479
AKV6w9QZKr1zmoZ13szWeRYQRnAEBPbnnBorUwxPpump,Badger,GrnDRJfv4bYtQus5YYCitEow5zzewyfHnwJ85NdCnm8S,0.0,422935770,0,1,0,1.0683073212231538e-07,2.1626,11.851852,17.299525,32161775.711,0.97249,5.447673,6.420162
AKV6w9QZKr1zmoZ13szWeRYQRnAEBPbnnBorUwxPpump,Badger,2CHrnc2LyagAbMaMFgthiDWh7ZZ9zT9TF8WEJf7MNE71,0.0,422935770,0,1,1,5.275718932970118e-08,1.068,1.333333,4.466794,0.0,0.0,3.13346,3.13346
AKV6w9QZKr1zmoZ13szWeRYQRnAEBPbnnBorUwxPpump,Badger,Atgx1JXsp8pTQ9Qsi74wF5pLMVwHwyQc6jJCu84evN7c,0.0,422935770,0,1,1,5.609584798034692e-08,1.1356,1.283951,3.574879,0.0,0.0,2.290928,2.290928
AKV6w9QZKr1zmoZ13szWeRYQRnAEBPbnnBorUwxPpump,Badger,8kzFH4rgFzy4ccz97AhgqRT7Qbt7HnD5oJCDK1Sxdarb,0.0,422935770,0,1,1,5.932221497121143e-08,1.2009,1.204938,3.210611,0.0,0.0,2.005672,2.005672
AKV6w9QZKr1zmoZ13szWeRYQRnAEBPbnnBorUwxPpump,Badger,6rLvfMMpewTpKs3qmeU85SFjp7tNzQik6U9Uts167siF,21.0,422935824,54,0,1,1.7737230742717532e-07,3.5906,0.060867,1.172819,0.0,0.0,1.111953,1.111953
AKV6w9QZKr1zmoZ13szWeRYQRnAEBPbnnBorUwxPpump,Badger,64hP97Bwr5PubotcTeGgfhkFrGiLVVxT2kVo9M9b4AEz,18.0,422935815,45,0,1,1.5945825700643015e-07,3.228,4.072564,4.443303,0.0,0.0,0.370739,0.370739
AKV6w9QZKr1zmoZ13szWeRYQRnAEBPbnnBorUwxPpump,Badger,Bv9rXTo1zTLs2C9kAzRbMER9tnbETWpvsZjVkAsZpwvp,8.0,422935792,22,0,1,1.3858395172473118e-07,2.8054,1.8168,2.147164,0.0,0.0,0.330364,0.330364
AKV6w9QZKr1zmoZ13szWeRYQRnAEBPbnnBorUwxPpump,Badger,DuuRTor81GRbkNPPTmpwLDVhgtLvnbYpb1dcSuxHNFZW,8.0,422935792,22,0,1,1.4965470820877144e-07,3.0295,4.156248,4.416238,0.0,0.0,0.25999,0.25999
AKV6w9QZKr1zmoZ13szWeRYQRnAEBPbnnBorUwxPpump,Badger,9Y57ei7ysfCacBkkTTd1MuTyBmqT6Tfe1VWefMrTv6Qo,3.0,422935779,9,0,1,1.4771293073171744e-07,2.9902,1.173333,1.284342,0.0,0.0,0.111009,0.111009
AKvo9h7sKSW8je7psL4nZLCGpTK2ZSKQD2AFNDR9pump,relax,2CHrnc2LyagAbMaMFgthiDWh7ZZ9zT9TF8WEJf7MNE71,0.0,430081147,0,1,1,7.194368105694149e-08,1.1531,3.308642,5.896781,0.0,0.0,2.588139,2.588139
AKvo9h7sKSW8je7psL4nZLCGpTK2ZSKQD2AFNDR9pump,relax,Atgx1JXsp8pTQ9Qsi74wF5pLMVwHwyQc6jJCu84evN7c,0.0,430081147,0,1,1,8.186117150377942e-08,1.3121,3.209877,4.543876,0.0,0.0,1.333999,1.333999
AKvo9h7sKSW8je7psL4nZLCGpTK2ZSKQD2AFNDR9pump,relax,9QTHeFTWysTe4NEriJoQSbMP7enGFGKKUkrD4JJUFDxx,20.0,430081196,49,0,1,1.0901101982601332e-07,1.7472,1.955556,2.788498,0.0,0.0,0.832942,0.832942
AKvo9h7sKSW8je7psL4nZLCGpTK2ZSKQD2AFNDR9pump,relax,8kzFH4rgFzy4ccz97AhgqRT7Qbt7HnD5oJCDK1Sxdarb,0.0,430081147,0,1,1,9.325745970029008e-08,1.4947,3.45679,4.14564,0.0,0.0,0.68885,0.68885
AKvo9h7sKSW8je7psL4nZLCGpTK2ZSKQD2AFNDR9pump,relax,8eMntzBDpLZjk6jxWryhU6AZand54sqRhmv81LHmguvZ,0.0,430081147,0,1,1,1.6526930025261622e-07,2.6489,2.962963,3.50677,0.0,0.0,0.543807,0.543807
AKvo9h7sKSW8je7psL4nZLCGpTK2ZSKQD2AFNDR9pump,relax,GfJA84gwT9LpeyzeckeXkCsf8vdQuA64ZYQ91xoBawvt,0.0,430081147,0,1,1,1.0255615813776074e-07,1.6438,2.666667,3.168215,0.0,0.0,0.501549,0.501549
AKvo9h7sKSW8je7psL4nZLCGpTK2ZSKQD2AFNDR9pump,relax,5brv79eFZ2rGprXNvqgVJBkBptkkw8GJX1XydJyZLyAr,0.0,430081147,0,1,1,1.4167187379897385e-07,2.2707,2.962963,3.422564,0.0,0.0,0.459601,0.459601
AKvo9h7sKSW8je7psL4nZLCGpTK2ZSKQD2AFNDR9pump,relax,5fLXLj4vkhBG4Sj8Zw9P2vCfafJm2m3jEV1TsjpQtfmD,20.0,430081196,49,0,1,1.1336992269183851e-07,1.8171,1.172721,1.522834,0.0,0.0,0.350113,0.350113
AKvo9h7sKSW8je7psL4nZLCGpTK2ZSKQD2AFNDR9pump,relax,5DC3tMyFSXeujJn9KWnh1MkM8QCgXXm2tDEGpjhcwFck,0.0,430081147,0,1,1,1.7492533915012613e-07,2.8037,1.61162,1.886903,0.0,0.0,0.275283,0.275283
AKvo9h7sKSW8je7psL4nZLCGpTK2ZSKQD2AFNDR9pump,relax,6tUtwYpAzrdDULTzeUuRnprEgkQsseN9VjdFDaRCshDm,20.0,430081196,49,0,1,1.1710919141278643e-07,1.877,0.988168,1.25358,0.0,0.0,0.265412,0.265412
AL7D9X5gUcjy2v2yRDQDbGKCcREcrLffKPhNTNhmpump,Larry,2CHrnc2LyagAbMaMFgthiDWh7ZZ9zT9TF8WEJf7MNE71,0.0,426663133,0,1,1,7.194368105694149e-08,1.1531,3.308642,4.65081,0.0,0.0,1.342169,1.342169
AL7D9X5gUcjy2v2yRDQDbGKCcREcrLffKPhNTNhmpump,Larry,8Wnqm72wwKHcnvxXgb5j6LzH7wMxJv7utHyc5UzR9K9g,8.0,426663153,20,0,1,1.0860699782871517e-07,1.7407,3.950617,4.599127,0.0,0.0,0.64851,0.64851
AL7D9X5gUcjy2v2yRDQDbGKCcREcrLffKPhNTNhmpump,Larry,5brv79eFZ2rGprXNvqgVJBkBptkkw8GJX1XydJyZLyAr,0.0,426663133,0,1,1,1.4167187379897385e-07,2.2707,2.962963,3.509465,0.0,0.0,0.546502,0.546502
AL7D9X5gUcjy2v2yRDQDbGKCcREcrLffKPhNTNhmpump,Larry,Bv9rXTo1zTLs2C9kAzRbMER9tnbETWpvsZjVkAsZpwvp,6.0,426663147,14,0,1,1.3178170679347918e-07,2.1122,5.925926,6.373666,0.0,0.0,0.44774,0.44774
AL7D9X5gUcjy2v2yRDQDbGKCcREcrLffKPhNTNhmpump,Larry,Atgx1JXsp8pTQ9Qsi74wF5pLMVwHwyQc6jJCu84evN7c,0.0,426663133,0,1,1,8.186117150377942e-08,1.3121,3.209877,3.632877,0.0,0.0,0.423001,0.423001
AL7D9X5gUcjy2v2yRDQDbGKCcREcrLffKPhNTNhmpump,Larry,86ZoL3QNAbDy9tgrn7TxemdGiBQioQ1E3xXujcGpGVHP,6.0,426663147,14,0,1,1.390739573601652e-07,2.2291,4.938272,5.338311,0.0,0.0,0.40004,0.40004
AL7D9X5gUcjy2v2yRDQDbGKCcREcrLffKPhNTNhmpump,Larry,FLxWS3pBv82zeHRgjoJVAfpQirfpp2Vn2WMbTwPRrX4v,23.0,426663192,59,0,1,8.927797714628998e-08,1.4309,1.975309,2.213096,0.0,0.0,0.237787,0.237787
AL7D9X5gUcjy2v2yRDQDbGKCcREcrLffKPhNTNhmpump,Larry,9nkXdTQJfJyc86joArh6dktWZdQ1TgwHzyyCrw6FEbuV,23.0,426663192,59,0,1,9.60790900391561e-08,1.54,1.564444,1.757323,0.0,0.0,0.192879,0.192879
AL7D9X5gUcjy2v2yRDQDbGKCcREcrLffKPhNTNhmpump,Larry,gWTmSBYYJhDf8kM9CKdej7pL96Jjq7rhTiBd6pyv2Yb,12.0,426663164,31,0,1,1.1113444640979345e-07,1.7813,1.975309,2.101146,0.0,0.0,0.125837,0.125837
AL7D9X5gUcjy2v2yRDQDbGKCcREcrLffKPhNTNhmpump,Larry,2omUWkUei1zs19JpygAxFGaC2LJqTiqmSMxN5hNGEJqp,0.0,426663134,1,0,1,1.5623163717675656e-07,2.5041,0.386173,0.487056,0.0,0.0,0.100883,0.100883
AR9QXRPfM8KJyUV6EUVqxTn1j9hqcLjuqaQjBBkzpump,Mold,EgQX9R3Qph1dPHE1Ysou1auSYqRGomCNmLDC28Yg77aq,0.0,420167601,0,1,1,1.068307321223247e-07,2.1626,11.851852,20.206163,0.0,0.0,8.354311,8.354311
AR9QXRPfM8KJyUV6EUVqxTn1j9hqcLjuqaQjBBkzpump,Mold,2CHrnc2LyagAbMaMFgthiDWh7ZZ9zT9TF8WEJf7MNE71,0.0,420167601,0,1,1,5.275718932970118e-08,1.068,1.333333,4.024305,0.0,0.0,2.690972,2.690972
AR9QXRPfM8KJyUV6EUVqxTn1j9hqcLjuqaQjBBkzpump,Mold,Atgx1JXsp8pTQ9Qsi74wF5pLMVwHwyQc6jJCu84evN7c,0.0,420167601,0,1,1,5.609584798034692e-08,1.1356,1.283951,3.441328,0.0,0.0,2.157378,2.157378
AR9QXRPfM8KJyUV6EUVqxTn1j9hqcLjuqaQjBBkzpump,Mold,8kzFH4rgFzy4ccz97AhgqRT7Qbt7HnD5oJCDK1Sxdarb,0.0,420167601,0,1,1,5.932221497121143e-08,1.2009,1.204938,3.101377,0.0,0.0,1.896439,1.896439
AR9QXRPfM8KJyUV6EUVqxTn1j9hqcLjuqaQjBBkzpump,Mold,8Stx1qXxSbLxc5Dnz4m1ecCCEcTkxVU1LgJCY5cWe1k6,3.0,420167609,8,0,1,1.1624602519988759e-07,2.3532,4.54321,5.708494,0.0,0.0,1.165284,1.165284
AR9QXRPfM8KJyUV6EUVqxTn1j9hqcLjuqaQjBBkzpump,Mold,LUXrU5tGWemJxvqDeqSXANqLc8F31vVLgeYNzFrozdc,3.0,420167609,8,0,1,1.3048173780805547e-07,2.6414,5.925926,6.752172,0.0,0.0,0.826246,0.826246
AR9QXRPfM8KJyUV6EUVqxTn1j9hqcLjuqaQjBBkzpump,Mold,8P3Geo9TWG3QGYYskx82z5TawVQydjymfAFWHcetVG6u,6.0,420167618,17,0,1,1.2700533033621353e-07,2.571,1.955556,2.523861,0.0,0.0,0.568305,0.568305
AR9QXRPfM8KJyUV6EUVqxTn1j9hqcLjuqaQjBBkzpump,Mold,8CnrSG1ZqsexYd9eZeMLN9Ku4S9cwtyy9McmLD3yhEqp,7.0,420167619,18,0,1,1.2577337060634291e-07,2.5461,1.553441,2.067634,0.0,0.0,0.514193,0.514193
AR9QXRPfM8KJyUV6EUVqxTn1j9hqcLjuqaQjBBkzpump,Mold,GnQCPpSoDnPPGhMwvDjiZFGUY6qQ31x1ViKNkN91ZA3p,7.0,420167619,18,0,1,1.1970706084591056e-07,2.4233,1.379892,1.888507,0.0,0.0,0.508615,0.508615
AR9QXRPfM8KJyUV6EUVqxTn1j9hqcLjuqaQjBBkzpump,Mold,AVMpb2bXMdNec6ykkEvf7krff7nXMZuKvadPELPNA9M6,0.0,420167601,0,1,1,1.1045954422119356e-07,2.2361,0.987654,1.381283,0.0,0.0,0.393629,0.393629
AXWqvGRy7q4e4xpZY1F3N7fjfZ1QgiY3weZCLxefpump,Trump,8kzFH4rgFzy4ccz97AhgqRT7Qbt7HnD5oJCDK1Sxdarb,0.0,431184042,0,1,1,2.8794615332222393e-07,1.2445,3.45679,9.64918,0.0,0.0,6.19239,6.19239
AXWqvGRy7q4e4xpZY1F3N7fjfZ1QgiY3weZCLxefpump,Trump,Atgx1JXsp8pTQ9Qsi74wF5pLMVwHwyQc6jJCu84evN7c,0.0,431184042,0,1,1,2.6763986170259224e-07,1.1568,3.209877,7.872734,0.0,0.0,4.662857,4.662857
AXWqvGRy7q4e4xpZY1F3N7fjfZ1QgiY3weZCLxefpump,Trump,1uFKGEeEB4UexcNUN8TgaBwj2TXeHWireDZ4fhDcA7R,0.0,431184042,0,1,1,3.3034292536151975e-07,1.4278,6.844444,10.697196,0.0,0.0,3.852752,3.852752
AXWqvGRy7q4e4xpZY1F3N7fjfZ1QgiY3weZCLxefpump,Trump,2CQgjcdNEo7WtbQLpJTAVcC3Ga61pNvRDTgP5grzctFG,0.0,431184042,0,1,1,3.6940101207615983e-07,1.5966,2.962963,6.784281,0.0,0.0,3.821318,3.821318
AXWqvGRy7q4e4xpZY1F3N7fjfZ1QgiY3weZCLxefpump,Trump,2CHrnc2LyagAbMaMFgthiDWh7ZZ9zT9TF8WEJf7MNE71,0.0,431184042,0,1,1,2.494487966483105e-07,1.0781,3.308642,6.518824,0.0,0.0,3.210183,3.210183
AXWqvGRy7q4e4xpZY1F3N7fjfZ1QgiY3weZCLxefpump,Trump,9QTHeFTWysTe4NEriJoQSbMP7enGFGKKUkrD4JJUFDxx,8.0,431184061,19,0,1,5.495520663603322e-07,2.3752,4.891304,7.441949,0.0,0.0,2.550645,2.550645
AXWqvGRy7q4e4xpZY1F3N7fjfZ1QgiY3weZCLxefpump,Trump,CyaE1VxvBrahnPWkqm5VsdCvyS2QmNht2UFrKJHga54o,8.0,431184061,19,0,1,5.938598394370811e-07,2.5667,4.891304,7.248745,0.0,0.0,2.35744,2.35744
AXWqvGRy7q4e4xpZY1F3N7fjfZ1QgiY3weZCLxefpump,Trump,BTf4A2exGK9BCVDNzy65b9dUzXgMqB4weVkvTMFQsadd,12.0,431184071,29,0,1,7.599169388051587e-07,3.2845,5.187747,7.393641,0.0,0.0,2.205894,2.205894
AXWqvGRy7q4e4xpZY1F3N7fjfZ1QgiY3weZCLxefpump,Trump,FEZ7FbH71TS57o2xgFkoD7nFPCqNUsHWyYJoD57KWmZC,0.0,431184042,0,1,1,4.036160954704248e-07,1.7445,4.938272,7.017036,0.0,0.0,2.078765,2.078765
AXWqvGRy7q4e4xpZY1F3N7fjfZ1QgiY3weZCLxefpump,Trump,8mv3Gqyauy6USihwcKsCBeRWFkvZfidc19UVw8SLcV8p,3.0,431184049,7,0,1,5.667923121008037e-07,2.4497,4.891304,6.802678,0.0,0.0,1.911373,1.911373
Af5AjoF6QGf42RAzxLasYLUJr5uCmfFDRnqVcbtfpump,Brandy,GoAT1C5MgqKWUanJRFQxzk1rJMshwsPFzucVNQ3c6GYx,1.0,411828569,1,0,1,7.032867025659614e-08,1.9641,9.876543,20.373182,17972.347,0.0005,10.496639,10.497139
Af5AjoF6QGf42RAzxLasYLUJr5uCmfFDRnqVcbtfpump,Brandy,7gEnRjDud56BVmBQMWLTticJoouzrpnyaAnN5A3EEqiy,1.0,411828569,1,0,1,7.781735660770184e-08,2.1732,2.469136,3.876845,0.0,0.0,1.407709,1.407709
Af5AjoF6QGf42RAzxLasYLUJr5uCmfFDRnqVcbtfpump,Brandy,5Dk5kyAJKoDt5VEkmb3UgMKjP1RUTwwaEKHAN2ZEtB1W,1.0,411828569,1,0,1,8.249238781110668e-08,2.3038,1.481481,2.127181,0.0,0.0,0.6457,0.6457
Af5AjoF6QGf42RAzxLasYLUJr5uCmfFDRnqVcbtfpump,Brandy,AWoqw161VX3qckzFggC1xFFeFhpKS3dLrFM6Hze6ojXh,1.0,411828569,1,0,1,4.4161828906499776e-08,1.2333,0.296296,0.784702,0.0,0.0,0.488406,0.488406
Af5AjoF6QGf42RAzxLasYLUJr5uCmfFDRnqVcbtfpump,Brandy,Lu1ZXGeZzscUEhNBqKoXoFhxuVhgE3DZTLULToJTSoU,2.0,411828573,5,0,1,1.1826907344487207e-07,3.3029,1.41959,1.88698,0.0,0.0,0.467391,0.467391
Af5AjoF6QGf42RAzxLasYLUJr5uCmfFDRnqVcbtfpump,Brandy,2CHrnc2LyagAbMaMFgthiDWh7ZZ9zT9TF8WEJf7MNE71,0.0,411828568,0,1,0,3.845906356913175e-08,1.074,1.234568,0.985739,24951100.437,0.69413,-0.248829,0.445301
Af5AjoF6QGf42RAzxLasYLUJr5uCmfFDRnqVcbtfpump,Brandy,Hdda7suq1AAuMChZbf2PY2uGyN9yGfFUc2YPUedee9iA,5.0,411828578,10,0,1,1.107369597678759e-07,3.0926,2.444444,2.876292,0.0,0.0,0.431847,0.431847
Af5AjoF6QGf42RAzxLasYLUJr5uCmfFDRnqVcbtfpump,Brandy,DiLov4SZWXN7EbyKRgN14wHx7kBLKRvo95rCsADD3jwZ,1.0,411828569,1,0,1,9.218145101975257e-08,2.5744,1.276407,1.659786,0.0,0.0,0.383379,0.383379
Af5AjoF6QGf42RAzxLasYLUJr5uCmfFDRnqVcbtfpump,Brandy,8HjU8TmPPPskjMKDnYbdV8TBH6h9S1HdivLf6tQ8wbug,1.0,411828569,1,0,1,8.791209650955078e-08,2.4551,1.075233,1.447466,0.0,0.0,0.372234,0.372234
Af5AjoF6QGf42RAzxLasYLUJr5uCmfFDRnqVcbtfpump,Brandy,qKpZbAeu97Ba4sgpRqEehXD7dSwxWW59pNQkWSxsySJ,8.0,411828586,18,0,1,1.250994576087754e-07,3.4937,2.962963,3.333664,0.0,0.0,0.370701,0.370701
AxshJi4UveAFeB7gz1XJmPbqQz86mLSSGTLJKyrNpump,papoi,4PS8Y5GoZAbyoKDV3CDuvwT7E36uWm9bERvqZogdhKC3,23.0,433472076,52,0,0,1.324943691649364e-07,2.1236,5.866667,12.432874,4900204.356,0.980913,6.566207,7.547121
AxshJi4UveAFeB7gz1XJmPbqQz86mLSSGTLJKyrNpump,papoi,EjtQrPTbcMevStBkpnjsH23NfUCMhGHusTYsHuGVQZp2,9.0,433472045,21,0,1,1.2509432346122215e-07,2.005,2.387654,6.119101,0.0,0.0,3.731447,3.731447
AxshJi4UveAFeB7gz1XJmPbqQz86mLSSGTLJKyrNpump,papoi,2SaShcvKTBfhetQxYyu9oNjSg43HkTSD87R8AJpfGLBm,22.0,433472075,51,0,1,1.1464704034851866e-07,1.8376,1.642667,4.500314,0.0,0.0,2.857648,2.857648
AxshJi4UveAFeB7gz1XJmPbqQz86mLSSGTLJKyrNpump,papoi,isnAwSc7uNo3wQRNeHAR573SLXDVbv7uXJwbyUyGyqQ,23.0,433472076,52,0,1,1.1897222012897133e-07,1.9069,2.222222,4.941583,0.0,0.0,2.719361,2.719361
AxshJi4UveAFeB7gz1XJmPbqQz86mLSSGTLJKyrNpump,papoi,2CHrnc2LyagAbMaMFgthiDWh7ZZ9zT9TF8WEJf7MNE71,0.0,433472024,0,1,1,7.194368105694149e-08,1.1531,3.308642,5.692492,0.0,0.0,2.38385,2.38385
AxshJi4UveAFeB7gz1XJmPbqQz86mLSSGTLJKyrNpump,papoi,3firtMAKkeqK3p4pB7WMT4YE8v6hyFWy5LWyHS9pvwtK,9.0,433472045,21,0,1,1.0515107657402946e-07,1.6854,2.589302,4.932866,0.0,0.0,2.343563,2.343563
AxshJi4UveAFeB7gz1XJmPbqQz86mLSSGTLJKyrNpump,papoi,EFChfXjVUuWRqBkrMDRGNahsUCZKr33pCPnyFoLH4rj1,29.0,433472088,64,0,1,1.302761374490435e-07,2.0881,1.955556,4.168667,0.0,0.0,2.213111,2.213111
AxshJi4UveAFeB7gz1XJmPbqQz86mLSSGTLJKyrNpump,papoi,75SeDT9h24LsfqabUmqvBUGgzHo2HpgsFuQx6dRyee1W,9.0,433472045,21,0,1,1.1963550087952136e-07,1.9175,1.562963,3.73861,0.0,0.0,2.175647,2.175647
AxshJi4UveAFeB7gz1XJmPbqQz86mLSSGTLJKyrNpump,papoi,DBHkgFz9kcvCJcbMaoWRsd8ERNXgbZgcjENcLy92EMh2,7.0,433472042,18,0,0,1.0857013064107259e-07,1.7402,1.955556,2.145058,9038472.483,1.809304,0.189502,1.998806
AxshJi4UveAFeB7gz1XJmPbqQz86mLSSGTLJKyrNpump,papoi,Atgx1JXsp8pTQ9Qsi74wF5pLMVwHwyQc6jJCu84evN7c,0.0,433472024,0,1,1,8.186117150377942e-08,1.3121,3.209877,4.899294,0.0,0.0,1.689417,1.689417
B8oVNMRvRBuD1p78T5PdifECFstbiRfGfNVwZokepump,🤨,EgQX9R3Qph1dPHE1Ysou1auSYqRGomCNmLDC28Yg77aq,0.0,420587368,0,1,1,9.460716566858671e-08,1.9152,8.395062,16.004706,0.0,0.0,7.609644,7.609644
B8oVNMRvRBuD1p78T5PdifECFstbiRfGfNVwZokepump,🤨,Atgx1JXsp8pTQ9Qsi74wF5pLMVwHwyQc6jJCu84evN7c,0.0,420587368,0,1,1,5.609584798034692e-08,1.1356,1.283951,7.385714,0.0,0.0,6.101763,6.101763
B8oVNMRvRBuD1p78T5PdifECFstbiRfGfNVwZokepump,🤨,8kzFH4rgFzy4ccz97AhgqRT7Qbt7HnD5oJCDK1Sxdarb,0.0,420587368,0,1,1,5.932221497121143e-08,1.2009,1.204938,7.005341,0.0,0.0,5.800403,5.800403
B8oVNMRvRBuD1p78T5PdifECFstbiRfGfNVwZokepump,🤨,A1i5Jkxo2oAncsKtjStGq98fGk7v1drJRjTjDvDaZAL1,5.0,420587381,13,0,1,1.4749032658632036e-07,2.9857,2.933333,7.330374,0.0,0.0,4.397041,4.397041
B8oVNMRvRBuD1p78T5PdifECFstbiRfGfNVwZokepump,🤨,HtHZw4ariZSZ9RcirZ5MmFVqEVPi7boxu8d3AkeYGQXH,3.0,420587377,9,0,0,1.283409779844253e-07,2.5981,7.040145,10.965687,5961942.615,0.13161,3.925542,4.057152
B8oVNMRvRBuD1p78T5PdifECFstbiRfGfNVwZokepump,🤨,ARPMcYt4dkaQ1sATimcRrAnToR6iHVzLRwhxJNb4n4hs,7.0,420587388,20,0,1,1.1359964901874846e-07,2.2997,1.67373,5.506261,0.0,0.0,3.832531,3.832531
B8oVNMRvRBuD1p78T5PdifECFstbiRfGfNVwZokepump,🤨,2CHrnc2LyagAbMaMFgthiDWh7ZZ9zT9TF8WEJf7MNE71,0.0,420587368,0,1,1,5.275718932970118e-08,1.068,1.333333,4.956496,0.0,0.0,3.623163,3.623163
B8oVNMRvRBuD1p78T5PdifECFstbiRfGfNVwZokepump,🤨,9a5EUUHscK6c37p25gZbRm1Q9bhYmhFfx3k6ZhMNRa4n,7.0,420587388,20,0,1,1.2600059976521308e-07,2.5507,1.656492,4.876272,0.0,0.0,3.21978,3.21978
B8oVNMRvRBuD1p78T5PdifECFstbiRfGfNVwZokepump,🤨,FqLNMNV9vG3cmZEVyueWXGrizZ6eBJwXxBfrz8s1vcqA,16.0,420587412,44,0,1,1.6902946558418747e-07,3.4218,2.307556,4.976961,0.0,0.0,2.669406,2.669406
B8oVNMRvRBuD1p78T5PdifECFstbiRfGfNVwZokepump,🤨,2DcYQBjFps6F7sY4gJgsVzuzM7VSrUnC7JQS6dWcaU35,5.0,420587383,15,0,1,1.3330741209270845e-07,2.6986,1.466667,4.124618,0.0,0.0,2.657951,2.657951
B9HjCLSVvnLssdrMwQJriwQKn254LPeEAB4rXyyYpump,SMARTMONEY,9QbcuwBLEDXKgJLx6rJKMnYfeXmTovBPzUmkAu9s4a19,29.0,413405023,73,0,1,,,0.0,1.102934,0.0,0.0,1.102934,1.102934
B9HjCLSVvnLssdrMwQJriwQKn254LPeEAB4rXyyYpump,SMARTMONEY,2CHrnc2LyagAbMaMFgthiDWh7ZZ9zT9TF8WEJf7MNE71,0.0,413404950,0,1,1,3.73870867145051e-08,1.0752,1.234568,2.082711,0.0,0.0,0.848143,0.848143
B9HjCLSVvnLssdrMwQJriwQKn254LPeEAB4rXyyYpump,SMARTMONEY,Atgx1JXsp8pTQ9Qsi74wF5pLMVwHwyQc6jJCu84evN7c,0.0,413404950,0,1,1,3.987528514026162e-08,1.1467,1.135802,1.728198,0.0,0.0,0.592396,0.592396
B9HjCLSVvnLssdrMwQJriwQKn254LPeEAB4rXyyYpump,SMARTMONEY,8kzFH4rgFzy4ccz97AhgqRT7Qbt7HnD5oJCDK1Sxdarb,0.0,413404950,0,1,1,4.2330301526176347e-08,1.2173,1.08642,1.485937,0.0,0.0,0.399517,0.399517
B9HjCLSVvnLssdrMwQJriwQKn254LPeEAB4rXyyYpump,SMARTMONEY,GfJA84gwT9LpeyzeckeXkCsf8vdQuA64ZYQ91xoBawvt,0.0,413404950,0,1,1,4.520910861945741e-08,1.3001,1.234568,1.44982,0.0,0.0,0.215252,0.215252
B9HjCLSVvnLssdrMwQJriwQKn254LPeEAB4rXyyYpump,SMARTMONEY,5P8A9bGUhroskpuA4hhRbybgt37TcTz7ft5zLAh8orpn,0.0,413404950,0,1,1,4.842458462886479e-08,1.3926,1.333333,1.41287,0.0,0.0,0.079537,0.079537
B9HjCLSVvnLssdrMwQJriwQKn254LPeEAB4rXyyYpump,SMARTMONEY,8Stx1qXxSbLxc5Dnz4m1ecCCEcTkxVU1LgJCY5cWe1k6,7.0,413404967,17,0,1,7.544889398910413e-08,2.1697,3.950617,3.982617,0.0,0.0,0.031999,0.031999
B9HjCLSVvnLssdrMwQJriwQKn254LPeEAB4rXyyYpump,SMARTMONEY,ZYmc7QviEforrtZjqESkq5E9ERfEncSh5vQU7ZQAY3C,7.0,413404967,17,0,1,6.383721296559877e-08,1.8358,1.777778,1.797753,0.0,0.0,0.019975,0.019975
B9HjCLSVvnLssdrMwQJriwQKn254LPeEAB4rXyyYpump,SMARTMONEY,GEcF6sHyGDLrJ6NYzj2uEv2hRbSpwvLmmvm1k8A9VGhc,0.0,413404950,0,1,1,8.43922011792373e-08,2.4269,0.293708,0.304041,0.0,0.0,0.010333,0.010333
B9HjCLSVvnLssdrMwQJriwQKn254LPeEAB4rXyyYpump,SMARTMONEY,2Hbe4tvgVwGBRbkCqsLb9YZVDV8cVnhH9FyPs5qAHh2R,8.0,413404970,20,0,1,6.847935091298584e-08,1.9693,0.195556,0.201128,0.0,0.0,0.005573,0.005573
BB55VR9sdrXLZjEx94gToBMnMNF2qoT7PmkHqbuWpump,doug,5brv79eFZ2rGprXNvqgVJBkBptkkw8GJX1XydJyZLyAr,0.0,429914933,0,1,1,1.4167187379897385e-07,2.2707,2.962963,3.743021,0.0,0.0,0.780058,0.780058
BB55VR9sdrXLZjEx94gToBMnMNF2qoT7PmkHqbuWpump,doug,8eMntzBDpLZjk6jxWryhU6AZand54sqRhmv81LHmguvZ,0.0,429914933,0,1,1,1.6226110214011473e-07,2.6007,2.962963,3.678852,0.0,0.0,0.715889,0.715889
BB55VR9sdrXLZjEx94gToBMnMNF2qoT7PmkHqbuWpump,doug,Anubis512ho5t7S6LNSwoxUWdeQmX2kf3RvZ8ApHHF5w,0.0,429914934,1,0,1,1.792497478985193e-07,2.873,2.212346,2.752656,0.0,0.0,0.540311,0.540311
BB55VR9sdrXLZjEx94gToBMnMNF2qoT7PmkHqbuWpump,doug,73ykZggozxCqsdER7zSi3d1NjnZmpRhQgeKQCavWErYT,0.0,429914933,0,1,1,1.4711024343486548e-07,2.3579,1.283951,1.658076,0.0,0.0,0.374125,0.374125
BB55VR9sdrXLZjEx94gToBMnMNF2qoT7PmkHqbuWpump,doug,GRevWsvJCmmZ6cF6GdAkpKNW6TCLm5MBKyBc3XtUeMmB,0.0,429914933,0,1,1,1.6896056480975043e-07,2.7081,1.476891,1.778455,0.0,0.0,0.301564,0.301564
BB55VR9sdrXLZjEx94gToBMnMNF2qoT7PmkHqbuWpump,doug,8118iMWuZ6f1kxnqQScY9ueNxSY9EVtpV8kVqc9wJczF,4.0,429914943,10,0,1,1.6762554319178724e-07,2.6867,5.925926,6.182677,0.0,0.0,0.256751,0.256751
BB55VR9sdrXLZjEx94gToBMnMNF2qoT7PmkHqbuWpump,doug,2CHrnc2LyagAbMaMFgthiDWh7ZZ9zT9TF8WEJf7MNE71,0.0,429914933,0,1,1,7.194368105694149e-08,1.1531,3.308642,3.504896,0.0,0.0,0.196254,0.196254
BB55VR9sdrXLZjEx94gToBMnMNF2qoT7PmkHqbuWpump,doug,9CGPQ35yojUP4oP2tv5suWtUdhevp68BmUGoykgZX2Yv,0.0,429914933,0,1,1,1.492291969660647e-07,2.3918,0.493827,0.661412,0.0,0.0,0.167585,0.167585
BB55VR9sdrXLZjEx94gToBMnMNF2qoT7PmkHqbuWpump,doug,7cp6zxvhxbfS7QgYTB7ts2RqFf7zDYwtjfuHcEHhKLAz,0.0,429914934,1,0,1,1.8769575549832947e-07,3.0084,1.086828,1.212176,0.0,0.0,0.125348,0.125348
BB55VR9sdrXLZjEx94gToBMnMNF2qoT7PmkHqbuWpump,doug,F8ePdsExXQn7Cc6tDVAuUbCzqBgc6rYVuoq5FuyGBoTc,0.0,429914934,1,0,1,1.8203392839441041e-07,2.9176,0.488889,0.562055,0.0,0.0,0.073166,0.073166
BLs49DufsjJjuGCHQ5s1ov7rRAKDyrbATDu8v624pump,Luka,2CHrnc2LyagAbMaMFgthiDWh7ZZ9zT9TF8WEJf7MNE71,0.0,435754995,0,1,1,7.194368105694149e-08,1.1531,3.308642,6.977188,0.0,0.0,3.668546,3.668546
BLs49DufsjJjuGCHQ5s1ov7rRAKDyrbATDu8v624pump,Luka,Atgx1JXsp8pTQ9Qsi74wF5pLMVwHwyQc6jJCu84evN7c,0.0,435754995,0,1,1,8.186117150377942e-08,1.3121,3.209877,5.606611,0.0,0.0,2.396735,2.396735
BLs49DufsjJjuGCHQ5s1ov7rRAKDyrbATDu8v624pump,Luka,8kzFH4rgFzy4ccz97AhgqRT7Qbt7HnD5oJCDK1Sxdarb,0.0,435754995,0,1,1,9.258624310210086e-08,1.484,3.259259,5.024794,0.0,0.0,1.765535,1.765535
BLs49DufsjJjuGCHQ5s1ov7rRAKDyrbATDu8v624pump,Luka,8U3rggHbZK1VtFMA55JDyhPPy66eF8UZAQtENCo2Ur57,18.0,435755039,44,0,1,1.4606345069778182e-07,2.3411,2.933333,4.22266,0.0,0.0,1.289327,1.289327
BLs49DufsjJjuGCHQ5s1ov7rRAKDyrbATDu8v624pump,Luka,DAtaMPNWqyvP7x9KJWLSFJ8i8wWSBshjNiBPm495Ne4s,17.0,435755037,42,0,1,1.5164257079168975e-07,2.4305,1.955556,3.209396,0.0,0.0,1.25384,1.25384
BLs49DufsjJjuGCHQ5s1ov7rRAKDyrbATDu8v624pump,Luka,4Bf9D68XCsqVUQf7akzfEFJSYbpRBrSnwV8Qr8DkCXzn,0.0,435754995,0,1,1,1.565469731035369e-07,2.5091,3.45679,4.640679,0.0,0.0,1.183889,1.183889
BLs49DufsjJjuGCHQ5s1ov7rRAKDyrbATDu8v624pump,Luka,5brv79eFZ2rGprXNvqgVJBkBptkkw8GJX1XydJyZLyAr,0.0,435754995,0,1,1,1.4167187380731927e-07,2.2707,2.962963,4.14261,0.0,0.0,1.179647,1.179647
BLs49DufsjJjuGCHQ5s1ov7rRAKDyrbATDu8v624pump,Luka,GTak962xhuv3JHVj74pwJW3inWBmNyXDUJSXtaGsVcQo,0.0,435754995,0,1,1,1.7216450159767674e-07,2.7594,3.45679,4.209042,0.0,0.0,0.752252,0.752252
BLs49DufsjJjuGCHQ5s1ov7rRAKDyrbATDu8v624pump,Luka,GfJA84gwT9LpeyzeckeXkCsf8vdQuA64ZYQ91xoBawvt,0.0,435754995,0,1,1,1.0361661976534297e-07,1.6608,3.160494,3.893731,0.0,0.0,0.733237,0.733237
BLs49DufsjJjuGCHQ5s1ov7rRAKDyrbATDu8v624pump,Luka,FC1dfS8CAhzMcvsfbJpKwvW3EPDj6QSNMvt4GTHwpvdg,4.0,435755005,10,0,1,1.739000301893324e-07,2.7873,8.395062,9.063984,0.0,0.0,0.668922,0.668922
BQDTXj9bvYRY9hksEmnXVMxsPu5VwFDW3bwiXpiDpump,Sagawa,2CHrnc2LyagAbMaMFgthiDWh7ZZ9zT9TF8WEJf7MNE71,0.0,433518732,0,1,1,7.194368105694149e-08,1.1531,3.308642,7.868996,0.0,0.0,4.560354,4.560354
BQDTXj9bvYRY9hksEmnXVMxsPu5VwFDW3bwiXpiDpump,Sagawa,Atgx1JXsp8pTQ9Qsi74wF5pLMVwHwyQc6jJCu84evN7c,0.0,433518732,0,1,1,8.186117150377942e-08,1.3121,3.209877,5.59803,0.0,0.0,2.388153,2.388153
BQDTXj9bvYRY9hksEmnXVMxsPu5VwFDW3bwiXpiDpump,Sagawa,HjiY4xjdGXfxiupvZbBt7UiycWG5s2VgzDGSUvCG5XGL,18.0,433518777,45,0,1,1.4599930365425428e-07,2.3401,0.489928,1.863974,0.0,0.0,1.374046,1.374046
BQDTXj9bvYRY9hksEmnXVMxsPu5VwFDW3bwiXpiDpump,Sagawa,8kzFH4rgFzy4ccz97AhgqRT7Qbt7HnD5oJCDK1Sxdarb,0.0,433518732,0,1,1,9.325745970029008e-08,1.4947,3.45679,4.823463,0.0,0.0,1.366673,1.366673
BQDTXj9bvYRY9hksEmnXVMxsPu5VwFDW3bwiXpiDpump,Sagawa,43x1zWzjVWJbQErWM78m3Acx83FFuGSQEhmgyxUrPdQs,0.0,433518732,0,1,1,1.0468253597122784e-07,1.6778,3.259259,4.177703,0.0,0.0,0.918444,0.918444
BQDTXj9bvYRY9hksEmnXVMxsPu5VwFDW3bwiXpiDpump,Sagawa,365ox2yoGYXQfzubohqCgzhg2MrG5PKxBRi4p9gpNQGi,5.0,433518746,14,0,1,1.0671817352178283e-07,1.7105,1.955556,2.712592,0.0,0.0,0.757036,0.757036
BQDTXj9bvYRY9hksEmnXVMxsPu5VwFDW3bwiXpiDpump,Sagawa,FTWyXCVC7e8evMsUbDM7Yz6R7KyCqgkXXJJzEFWYfzQE,16.0,433518771,39,0,1,1.5109194021567704e-07,2.4217,1.271111,1.996433,0.0,0.0,0.725322,0.725322
BQDTXj9bvYRY9hksEmnXVMxsPu5VwFDW3bwiXpiDpump,Sagawa,AtCXbahvjTZDxoUffbWBmtYhUx3ctLEfgpMCFZ3sTt9U,21.0,433518785,53,0,1,1.2335108419527944e-07,1.9771,0.586667,1.278607,0.0,0.0,0.69194,0.69194
BQDTXj9bvYRY9hksEmnXVMxsPu5VwFDW3bwiXpiDpump,Sagawa,5yL14nq42VuM3uJyUebA9wQJzVJzArA23bF3yqp3sqJ5,0.0,433518732,0,1,1,1.5179194135560932e-07,2.4329,1.185185,1.864966,0.0,0.0,0.679781,0.679781
BQDTXj9bvYRY9hksEmnXVMxsPu5VwFDW3bwiXpiDpump,Sagawa,9H2mJaoP9EDsigiBcuPszBULoh5ED3Y6Vq1NsifjozuY,22.0,433518787,55,0,1,1.3269010053326224e-07,2.1267,2.943111,3.572317,0.0,0.0,0.629206,0.629206
BhpFrL1P674W73udftHSZUfqvgRkFpdxQk3tdUmFpump,Ronaldo,2CHrnc2LyagAbMaMFgthiDWh7ZZ9zT9TF8WEJf7MNE71,0.0,427311480,0,1,1,7.194368105694149e-08,1.1531,3.308642,5.433573,0.0,0.0,2.124931,2.124931
BhpFrL1P674W73udftHSZUfqvgRkFpdxQk3tdUmFpump,Ronaldo,Atgx1JXsp8pTQ9Qsi74wF5pLMVwHwyQc6jJCu84evN7c,0.0,427311480,0,1,1,8.186117150377942e-08,1.3121,3.209877,4.537057,0.0,0.0,1.327181,1.327181
BhpFrL1P674W73udftHSZUfqvgRkFpdxQk3tdUmFpump,Ronaldo,FC1dfS8CAhzMcvsfbJpKwvW3EPDj6QSNMvt4GTHwpvdg,8.0,427311499,19,0,1,1.4072329502904155e-07,2.2555,4.938272,5.496842,0.0,0.0,0.55857,0.55857
BhpFrL1P674W73udftHSZUfqvgRkFpdxQk3tdUmFpump,Ronaldo,2mqrindMAjJEQPLhroYWyiYPo5h9iAsahfdd4QtsjwdY,0.0,427311480,0,1,1,1.4420106393462367e-07,2.3112,3.563092,4.102815,0.0,0.0,0.539723,0.539723
BhpFrL1P674W73udftHSZUfqvgRkFpdxQk3tdUmFpump,Ronaldo,B8vYdiPJCJBUX2ZqSDXhs76vw6rMqstZgHQfwjmmtt21,11.0,427311507,27,0,1,1.1443907820190531e-07,1.8342,2.765432,3.173264,0.0,0.0,0.407832,0.407832
BhpFrL1P674W73udftHSZUfqvgRkFpdxQk3tdUmFpump,Ronaldo,8kzFH4rgFzy4ccz97AhgqRT7Qbt7HnD5oJCDK1Sxdarb,0.0,427311480,0,1,1,9.325745970029008e-08,1.4947,3.45679,3.799126,0.0,0.0,0.342336,0.342336
BhpFrL1P674W73udftHSZUfqvgRkFpdxQk3tdUmFpump,Ronaldo,66dT7yd292edXvNz82aCJ6af9qmKdqbCqD3QSHHpJXoo,11.0,427311507,27,0,1,1.2200918259305072e-07,1.9556,3.950617,4.154503,0.0,0.0,0.203886,0.203886
BhpFrL1P674W73udftHSZUfqvgRkFpdxQk3tdUmFpump,Ronaldo,5brv79eFZ2rGprXNvqgVJBkBptkkw8GJX1XydJyZLyAr,0.0,427311480,0,1,1,1.5701617324923905e-07,2.5166,2.962963,3.079033,0.0,0.0,0.11607,0.11607
BhpFrL1P674W73udftHSZUfqvgRkFpdxQk3tdUmFpump,Ronaldo,gWTmSBYYJhDf8kM9CKdej7pL96Jjq7rhTiBd6pyv2Yb,8.0,427311499,19,0,1,1.4488366883177685e-07,2.3222,4.938272,5.005428,0.0,0.0,0.067156,0.067156
BhpFrL1P674W73udftHSZUfqvgRkFpdxQk3tdUmFpump,Ronaldo,D9vqMRd9hztjN9YGNzQHBUJvdcBLf33Tru2StJ3JnKM7,15.0,427311517,37,0,1,1.0704548906323752e-07,1.7157,1.041078,1.107509,0.0,0.0,0.06643,0.06643
Br2QU7n8ELDNP5xD7c8v5PHisUT736paXVucqRM4pump,Pufferfish,2CHrnc2LyagAbMaMFgthiDWh7ZZ9zT9TF8WEJf7MNE71,0.0,428168935,0,1,1,7.194368105694149e-08,1.1531,3.308642,5.549223,0.0,0.0,2.240581,2.240581
Br2QU7n8ELDNP5xD7c8v5PHisUT736paXVucqRM4pump,Pufferfish,Atgx1JXsp8pTQ9Qsi74wF5pLMVwHwyQc6jJCu84evN7c,0.0,428168935,0,1,1,8.186117150377942e-08,1.3121,3.209877,4.620076,0.0,0.0,1.4102,1.4102
Br2QU7n8ELDNP5xD7c8v5PHisUT736paXVucqRM4pump,Pufferfish,2mqrindMAjJEQPLhroYWyiYPo5h9iAsahfdd4QtsjwdY,0.0,428168935,0,1,1,1.4308676190916006e-07,2.2934,3.299343,4.4489,0.0,0.0,1.149557,1.149557
Br2QU7n8ELDNP5xD7c8v5PHisUT736paXVucqRM4pump,Pufferfish,Anubis512ho5t7S6LNSwoxUWdeQmX2kf3RvZ8ApHHF5w,0.0,428168935,0,1,1,1.5386037236067282e-07,2.4661,2.212346,3.05939,0.0,0.0,0.847044,0.847044
Br2QU7n8ELDNP5xD7c8v5PHisUT736paXVucqRM4pump,Pufferfish,8kzFH4rgFzy4ccz97AhgqRT7Qbt7HnD5oJCDK1Sxdarb,0.0,428168935,0,1,1,9.325745970029008e-08,1.4947,3.45679,4.028645,0.0,0.0,0.571855,0.571855
Br2QU7n8ELDNP5xD7c8v5PHisUT736paXVucqRM4pump,Pufferfish,Bhv2qFE1KY8ZqqGUjcq88kX7GLNBA4rxiSM8Ad8ENPWy,0.0,428168935,0,1,1,1.670887938439153e-07,2.6781,2.962963,3.491,0.0,0.0,0.528037,0.528037
Br2QU7n8ELDNP5xD7c8v5PHisUT736paXVucqRM4pump,Pufferfish,DVDiUa47uEUYLaVTHfHAuBLf43gPBvok3JdyFPd7nEBZ,1.0,428168938,3,0,1,1.9753769134619493e-07,3.1661,2.377222,2.731812,0.0,0.0,0.354591,0.354591
Br2QU7n8ELDNP5xD7c8v5PHisUT736paXVucqRM4pump,Pufferfish,61ohufUkdgu8sxxP3Rj4zTMfN9qrNwg97SBzHNETng32,24.0,428168994,59,0,1,1.0917038603190978e-07,1.7498,1.728395,1.985674,0.0,0.0,0.257279,0.257279
Br2QU7n8ELDNP5xD7c8v5PHisUT736paXVucqRM4pump,Pufferfish,NULLioEUhd89Jo5Acm9sX88bwjNjrsAVy6KWkXD7qZh,0.0,428168935,0,1,1,1.443388718100517e-07,2.3135,0.296296,0.405378,0.0,0.0,0.109082,0.109082
Br2QU7n8ELDNP5xD7c8v5PHisUT736paXVucqRM4pump,Pufferfish,8hRReT1T9SCpG4opxnCVgyvWYyTqii9j4c4z1RUuR8hy,24.0,428168993,58,0,1,1.0418186058079549e-07,1.6698,1.975309,2.070932,0.0,0.0,0.095624,0.095624
Br89EN3uVz9Zwv4jyMMKHzkXaXRo1fAadctYQNVUpump,Natty,DtCJtwcoD6h3mS193e8Kf9Q2B1guBiHnMtLeAsMLVwGe,0.0,419259474,0,1,1,9.29215483566517e-08,1.8811,7.901235,10.584619,0.0,0.0,2.683385,2.683385
Br89EN3uVz9Zwv4jyMMKHzkXaXRo1fAadctYQNVUpump,Natty,2CHrnc2LyagAbMaMFgthiDWh7ZZ9zT9TF8WEJf7MNE71,0.0,419259474,0,1,1,5.275718932970118e-08,1.068,1.333333,3.176892,0.0,0.0,1.843559,1.843559
Br89EN3uVz9Zwv4jyMMKHzkXaXRo1fAadctYQNVUpump,Natty,Atgx1JXsp8pTQ9Qsi74wF5pLMVwHwyQc6jJCu84evN7c,0.0,419259474,0,1,1,5.609584798034692e-08,1.1356,1.283951,2.827142,0.0,0.0,1.543191,1.543191
Br89EN3uVz9Zwv4jyMMKHzkXaXRo1fAadctYQNVUpump,Natty,8kzFH4rgFzy4ccz97AhgqRT7Qbt7HnD5oJCDK1Sxdarb,0.0,419259474,0,1,1,5.932221497121143e-08,1.2009,1.204938,2.438406,0.0,0.0,1.233468,1.233468
Br89EN3uVz9Zwv4jyMMKHzkXaXRo1fAadctYQNVUpump,Natty,7FovysP3MGZjFb2MRPtQPn27Ntejdjot2u2WAyL1fUaA,3.0,419259483,9,0,1,1.244372151092616e-07,2.519,7.407407,8.564537,0.0,0.0,1.15713,1.15713
Br89EN3uVz9Zwv4jyMMKHzkXaXRo1fAadctYQNVUpump,Natty,EgQX9R3Qph1dPHE1Ysou1auSYqRGomCNmLDC28Yg77aq,0.0,419259474,0,1,1,1.1746465084026591e-07,2.3779,6.8,7.776926,0.0,0.0,0.976926,0.976926
Br89EN3uVz9Zwv4jyMMKHzkXaXRo1fAadctYQNVUpump,Natty,6bqbSJXwMrmu8BHPcMp3mHrqqMS9CTL5LM1SdT7Hs82K,3.0,419259483,9,0,1,1.3423508608382106e-07,2.7174,7.333333,8.050624,0.0,0.0,0.717291,0.717291
Br89EN3uVz9Zwv4jyMMKHzkXaXRo1fAadctYQNVUpump,Natty,Gku8cuthhvfoPoG18rg1EULt58xB7j1fgPoifJcyh411,2.0,419259480,6,0,1,1.3773732364296605e-07,2.7883,4.397,4.826887,0.0,0.0,0.429886,0.429886
Br89EN3uVz9Zwv4jyMMKHzkXaXRo1fAadctYQNVUpump,Natty,CCCCQCrL6zVjnDeucDzcxJgxAs5ahNmrhw1CDexPhqrd,8.0,419259494,20,0,1,9.577559919519658e-08,1.9388,1.528571,1.926214,0.0,0.0,0.397643,0.397643
Br89EN3uVz9Zwv4jyMMKHzkXaXRo1fAadctYQNVUpump,Natty,CyBZ1M42J7m2z34VUDd3qVhbuH5GdcGnqgMGJJhAX8MR,6.0,419259490,16,0,1,1.1835582599838371e-07,2.3959,2.534368,2.841239,0.0,0.0,0.306871,0.306871
BroixebY3yiiqK7ibEuEufVmqFrLTJhiDoWiFUATpump,Puma,2CHrnc2LyagAbMaMFgthiDWh7ZZ9zT9TF8WEJf7MNE71,0.0,403538607,0,1,0,3.633026147834004e-08,1.0763,1.700263,2.381676,8059176.195,0.150789,0.681413,0.832202
BroixebY3yiiqK7ibEuEufVmqFrLTJhiDoWiFUATpump,Puma,Atgx1JXsp8pTQ9Qsi74wF5pLMVwHwyQc6jJCu84evN7c,0.0,403538607,0,1,0,3.8696931821971665e-08,1.1464,1.628313,1.783855,8997654.832,0.168348,0.155542,0.32389
BroixebY3yiiqK7ibEuEufVmqFrLTJhiDoWiFUATpump,Puma,3wjyaSegfV7SZzjv9Ut1p6AcY5ZdoZjmu6i6QPCVvnmz,9.0,403538627,20,0,1,4.5781438078543544e-08,1.3563,1.373566,1.62367,0.0,0.0,0.250103,0.250103
BroixebY3yiiqK7ibEuEufVmqFrLTJhiDoWiFUATpump,Puma,Gr2m7oXexz2d3moyFUi3rcFQBmpLyNVdggErYJdYujxc,5.0,403538620,13,0,1,4.477213746954806e-08,1.3264,0.977778,1.122674,0.0,0.0,0.144896,0.144896
BroixebY3yiiqK7ibEuEufVmqFrLTJhiDoWiFUATpump,Puma,EmChroh7cwZ3qaCon3Eu2tH4d1P2KQWH9ZE6pvtNDjpH,9.0,403538627,20,0,1,4.2563898499035917e-08,1.261,1.242369,1.366531,0.0,0.0,0.124162,0.124162
BroixebY3yiiqK7ibEuEufVmqFrLTJhiDoWiFUATpump,Puma,3s1YTjcrgqyGPzge7Za45Lezbkhjnp5YqqioYmXf8jiB,10.0,403538630,23,0,1,5.047781873505353e-08,1.4954,0.528,0.644215,0.0,0.0,0.116215,0.116215
BroixebY3yiiqK7ibEuEufVmqFrLTJhiDoWiFUATpump,Puma,HKVWNVvThgGpRTQiALg3VQ4F9dQGLUhdm3jJFhdZrx1j,3.0,403538615,8,0,1,3.759582419255448e-08,1.1138,0.5,0.59466,0.0,0.0,0.09466,0.09466
BroixebY3yiiqK7ibEuEufVmqFrLTJhiDoWiFUATpump,Puma,6Md9pFPP8iM9ZHsZ3K3zLMg9qTwZBE3r6mZ6CukQXuvH,21.0,403538659,52,0,1,5.67472893274721e-08,1.6812,0.977778,1.05144,0.0,0.0,0.073662,0.073662
BroixebY3yiiqK7ibEuEufVmqFrLTJhiDoWiFUATpump,Puma,BFGz74Q89sFzDwRMZ8ZtDL6paYQALR78uhk2WGz2VkMB,3.0,403538615,8,0,1,3.942024049696368e-08,1.1679,0.834083,0.894348,0.0,0.0,0.060265,0.060265
BroixebY3yiiqK7ibEuEufVmqFrLTJhiDoWiFUATpump,Puma,nya666pQkP3PzWxi7JngU3rRMHuc7zbLK8c8wxQ4qpT,3.0,403538615,8,0,1,3.860463118113873e-08,1.1437,0.091936,0.138419,0.0,0.0,0.046482,0.046482
BwBFxTNL7kA1wr4dwFw8tZRE1zQM68gKQcfVGEzEpump,Killswitch,7WSDufZW7ScdYeWDooJaMLL51BmzM7zwaFu7TZGwq63k,5.0,434933555,12,0,1,1.2795859683303346e-07,2.0509,2.933333,5.704884,0.0,0.0,2.771551,2.771551
BwBFxTNL7kA1wr4dwFw8tZRE1zQM68gKQcfVGEzEpump,Killswitch,2CHrnc2LyagAbMaMFgthiDWh7ZZ9zT9TF8WEJf7MNE71,0.0,434933543,0,1,1,7.194368105694149e-08,1.1531,8.276997,10.531661,0.0,0.0,2.254663,2.254663
BwBFxTNL7kA1wr4dwFw8tZRE1zQM68gKQcfVGEzEpump,Killswitch,cqakon1K22iRvSAnzyNGE44KRk52p7ucRoJtvR6UFem,20.0,434933592,49,0,0,1.3947315737498613e-07,2.2355,2.30053,3.603863,572976.727,0.012926,1.303333,1.316259
BwBFxTNL7kA1wr4dwFw8tZRE1zQM68gKQcfVGEzEpump,Killswitch,2UpB92MDsdNPED7KFBHSiLds16FJcB2wPKkcuFWFmxrN,19.0,434933589,46,0,0,1.53967794870762e-07,2.4678,4.888889,5.969129,2132641.132,0.048113,1.080241,1.128353
BwBFxTNL7kA1wr4dwFw8tZRE1zQM68gKQcfVGEzEpump,Killswitch,GDQeTnqkyeLyRSjWaeFY5HsxaWoQmmXFc1N6wyuuHiQD,0.0,434933543,0,1,1,1.5437650406611043e-07,2.4743,2.962963,3.921292,0.0,0.0,0.958329,0.958329
BwBFxTNL7kA1wr4dwFw8tZRE1zQM68gKQcfVGEzEpump,Killswitch,8eMntzBDpLZjk6jxWryhU6AZand54sqRhmv81LHmguvZ,0.0,434933543,0,1,1,1.7537709878469046e-07,2.8109,2.962963,3.726037,0.0,0.0,0.763074,0.763074
BwBFxTNL7kA1wr4dwFw8tZRE1zQM68gKQcfVGEzEpump,Killswitch,F35VF7nWWMRcGrEPXgjsZmNxcz8GLLVGS1S88NkrR5rb,17.0,434933584,41,0,1,1.2386488022974362e-07,1.9853,0.966575,1.638915,0.0,0.0,0.67234,0.67234
BwBFxTNL7kA1wr4dwFw8tZRE1zQM68gKQcfVGEzEpump,Killswitch,8hGRwXvWXz6ungB1WFgj47rLbTL3Gxmk9KHJ4Ten25LG,17.0,434933584,41,0,1,1.258795169894132e-07,2.0176,1.02833,1.69996,0.0,0.0,0.67163,0.67163
BwBFxTNL7kA1wr4dwFw8tZRE1zQM68gKQcfVGEzEpump,Killswitch,GcNY3SXi9JfP3Wj9538vwDenhA6CxURAwZF2rCPXgrCC,17.0,434933584,41,0,1,1.2146932498200844e-07,1.9469,0.938428,1.545872,0.0,0.0,0.607444,0.607444
BwBFxTNL7kA1wr4dwFw8tZRE1zQM68gKQcfVGEzEpump,Killswitch,Atgx1JXsp8pTQ9Qsi74wF5pLMVwHwyQc6jJCu84evN7c,0.0,434933543,0,1,1,8.186117150377942e-08,1.3121,7.821429,8.41854,0.0,0.0,0.59711,0.59711
BweRjKus784r75xj8YrUHBKc8vtgfifxhUrtsu6Epump,Chokdee,EgQX9R3Qph1dPHE1Ysou1auSYqRGomCNmLDC28Yg77aq,0.0,420549744,0,1,1,9.460716566858671e-08,1.9152,8.395062,13.822279,0.0,0.0,5.427217,5.427217
BweRjKus784r75xj8YrUHBKc8vtgfifxhUrtsu6Epump,Chokdee,8kzFH4rgFzy4ccz97AhgqRT7Qbt7HnD5oJCDK1Sxdarb,0.0,420549744,0,1,1,5.932221497121143e-08,1.2009,1.204938,4.40838,0.0,0.0,3.203442,3.203442
BweRjKus784r75xj8YrUHBKc8vtgfifxhUrtsu6Epump,Chokdee,Atgx1JXsp8pTQ9Qsi74wF5pLMVwHwyQc6jJCu84evN7c,0.0,420549744,0,1,1,5.609584798034692e-08,1.1356,1.283951,4.280583,0.0,0.0,2.996632,2.996632
BweRjKus784r75xj8YrUHBKc8vtgfifxhUrtsu6Epump,Chokdee,2CHrnc2LyagAbMaMFgthiDWh7ZZ9zT9TF8WEJf7MNE71,0.0,420549744,0,1,1,5.275718932970118e-08,1.068,1.333333,3.995084,0.0,0.0,2.661751,2.661751
BweRjKus784r75xj8YrUHBKc8vtgfifxhUrtsu6Epump,Chokdee,DGaCiYrUMCqtV2fG3vfvvHmwgFqrfKhEQeDXm2dmbvaA,0.0,420549744,0,1,0,1.0503905348722946e-07,2.1264,2.962963,4.593939,1188909.503,0.021222,1.630976,1.652198
BweRjKus784r75xj8YrUHBKc8vtgfifxhUrtsu6Epump,Chokdee,GQZg8WfTKcn1Axgc9mk1ihLhaSX9Mgb6A94UL2VkQ7sY,0.0,420549744,0,1,1,1.2675404692951366e-07,2.5659,5.728395,7.039314,0.0,0.0,1.310919,1.310919
BweRjKus784r75xj8YrUHBKc8vtgfifxhUrtsu6Epump,Chokdee,8njAn7DmUemXTVpzACGPaLwxwGpYFToAzXqHurtsWYun,4.0,420549754,10,0,1,1.3709772553306696e-07,2.7753,2.688889,3.890729,0.0,0.0,1.20184,1.20184
BweRjKus784r75xj8YrUHBKc8vtgfifxhUrtsu6Epump,Chokdee,7FovysP3MGZjFb2MRPtQPn27Ntejdjot2u2WAyL1fUaA,2.0,420549751,7,0,1,1.2656314025393913e-07,2.5621,7.407407,8.238057,0.0,0.0,0.830649,0.830649
BweRjKus784r75xj8YrUHBKc8vtgfifxhUrtsu6Epump,Chokdee,4QTKZSb5ARRAKLFvEARERA7Zv68pmGZSLUp1Nwc6mJLH,12.0,420549776,32,0,1,1.4551110482114425e-07,2.9457,2.412642,3.035854,0.0,0.0,0.623212,0.623212
BweRjKus784r75xj8YrUHBKc8vtgfifxhUrtsu6Epump,Chokdee,EJwYzqMrGpof8Am7K6pmf9XFiRCJiALb4mxhFrDwpGrD,4.0,420549756,12,0,1,1.3633777708501532e-07,2.76,0.977778,1.517556,0.0,0.0,0.539778,0.539778
BykNFEmVTQag6kytQ8PYfdrFQroUi8HuRXNanyvJpump,Diamond,2CHrnc2LyagAbMaMFgthiDWh7ZZ9zT9TF8WEJf7MNE71,0.0,424904579,0,1,1,7.238732037890617e-08,1.1602,3.45679,6.236522,0.0,0.0,2.779732,2.779732
BykNFEmVTQag6kytQ8PYfdrFQroUi8HuRXNanyvJpump,Diamond,Atgx1JXsp8pTQ9Qsi74wF5pLMVwHwyQc6jJCu84evN7c,0.0,424904579,0,1,1,8.2334356477295e-08,1.3197,3.209877,4.787775,0.0,0.0,1.577899,1.577899
BykNFEmVTQag6kytQ8PYfdrFQroUi8HuRXNanyvJpump,Diamond,DqhDuYbRfLoiyMZJdqEKXAA5yaUPwUGHzdD3L8K4btSL,10.0,424904602,23,0,1,1.1489011729709893e-07,1.8415,0.054819,1.294272,0.0,0.0,1.239453,1.239453
BykNFEmVTQag6kytQ8PYfdrFQroUi8HuRXNanyvJpump,Diamond,8kzFH4rgFzy4ccz97AhgqRT7Qbt7HnD5oJCDK1Sxdarb,0.0,424904579,0,1,1,9.325745970030119e-08,1.4947,3.308642,3.896391,0.0,0.0,0.587749,0.587749
BykNFEmVTQag6kytQ8PYfdrFQroUi8HuRXNanyvJpump,Diamond,EBNpfTHHU3bJdxHA3ktiKs2MUA66UwEFsmhNGDJbkaPb,28.0,424904647,68,0,0,1.2414650224218985e-07,1.9898,0.060541,0.0,13359403.586,0.373357,-0.060541,0.312816
BykNFEmVTQag6kytQ8PYfdrFQroUi8HuRXNanyvJpump,Diamond,7HwqTbpxyHvaEtdwzYomrhtWCF1XpHcqqQkEVnq9jCML,3.0,424904585,6,0,1,1.3216518185035185e-07,2.1183,0.015555,0.295223,0.0,0.0,0.279668,0.279668
BykNFEmVTQag6kytQ8PYfdrFQroUi8HuRXNanyvJpump,Diamond,D9vqMRd9hztjN9YGNzQHBUJvdcBLf33Tru2StJ3JnKM7,4.0,424904588,9,0,1,1.2212432810162713e-07,1.9574,0.325864,0.603257,0.0,0.0,0.277393,0.277393
BykNFEmVTQag6kytQ8PYfdrFQroUi8HuRXNanyvJpump,Diamond,G4vqy6HB8G3fh2uqRs74sgbTTNjZa5MmsSDkkuKVAM44,5.0,424904590,11,0,1,1.212274738106157e-07,1.943,1.629089,1.804049,0.0,0.0,0.17496,0.17496
BykNFEmVTQag6kytQ8PYfdrFQroUi8HuRXNanyvJpump,Diamond,BZBtzdgryCcu5jfXtmLVpcJSfvrErPo7PFMmF9fxxZE9,10.0,424904602,23,0,1,1.0959559450561152e-07,1.7566,0.486545,0.627759,0.0,0.0,0.141214,0.141214
BykNFEmVTQag6kytQ8PYfdrFQroUi8HuRXNanyvJpump,Diamond,777vG72T3XHACdzXdP1RLmDj5cwhhABwShcT27XFiBbj,10.0,424904602,23,0,1,1.0780743177717091e-07,1.7279,0.491232,0.632385,0.0,0.0,0.141153,0.141153
C2F7zkyVymJUpGNvC5RzaJdTESQQ62Ai3AXZ5Cvipump,Abrams,5brv79eFZ2rGprXNvqgVJBkBptkkw8GJX1XydJyZLyAr,0.0,412268134,0,1,1,7.720432220940641e-08,2.1561,9.876543,15.073997,0.0,0.0,5.197454,5.197454
C2F7zkyVymJUpGNvC5RzaJdTESQQ62Ai3AXZ5Cvipump,Abrams,2CHrnc2LyagAbMaMFgthiDWh7ZZ9zT9TF8WEJf7MNE71,0.0,412268134,0,1,1,3.845906356913175e-08,1.074,1.234568,3.803119,0.0,0.0,2.568551,2.568551
C2F7zkyVymJUpGNvC5RzaJdTESQQ62Ai3AXZ5Cvipump,Abrams,Atgx1JXsp8pTQ9Qsi74wF5pLMVwHwyQc6jJCu84evN7c,0.0,412268134,0,1,1,4.098211071237717e-08,1.1445,1.135802,2.738642,0.0,0.0,1.60284,1.60284
C2F7zkyVymJUpGNvC5RzaJdTESQQ62Ai3AXZ5Cvipump,Abrams,qKpZbAeu97Ba4sgpRqEehXD7dSwxWW59pNQkWSxsySJ,6.0,412268150,16,0,1,8.145786923948262e-08,2.2749,5.925926,7.172734,0.0,0.0,1.246808,1.246808
C2F7zkyVymJUpGNvC5RzaJdTESQQ62Ai3AXZ5Cvipump,Abrams,8kzFH4rgFzy4ccz97AhgqRT7Qbt7HnD5oJCDK1Sxdarb,0.0,412268134,0,1,1,4.3470460654150223e-08,1.214,1.08642,2.297496,0.0,0.0,1.211076,1.211076
C2F7zkyVymJUpGNvC5RzaJdTESQQ62Ai3AXZ5Cvipump,Abrams,3RHCsZRxbQ8NnxwL1xwbbAZaFy2CkKZfozLDL46TCZXh,5.0,412268149,15,0,1,7.186488665326099e-08,2.007,1.945679,2.817431,0.0,0.0,0.871752,0.871752
C2F7zkyVymJUpGNvC5RzaJdTESQQ62Ai3AXZ5Cvipump,Abrams,BzHQjAyuwhSHvMGbcXJvEsYohhtx9ngJDmNJKykfaM2R,7.0,412268153,19,0,1,1.0367488886589874e-07,2.8953,3.404938,4.04589,0.0,0.0,0.640952,0.640952
C2F7zkyVymJUpGNvC5RzaJdTESQQ62Ai3AXZ5Cvipump,Abrams,AWoqw161VX3qckzFggC1xFFeFhpKS3dLrFM6Hze6ojXh,0.0,412268134,0,1,1,8.21764766064614e-08,2.2949,0.592593,1.040695,0.0,0.0,0.448102,0.448102
C2F7zkyVymJUpGNvC5RzaJdTESQQ62Ai3AXZ5Cvipump,Abrams,A7UDSrhC8V1eVrL61TEh3sHeWiU3X3dqh2iyH4qkobXH,6.0,412268150,16,0,1,8.459839881928554e-08,2.3626,0.977778,1.397715,0.0,0.0,0.419938,0.419938
C2F7zkyVymJUpGNvC5RzaJdTESQQ62Ai3AXZ5Cvipump,Abrams,GfJA84gwT9LpeyzeckeXkCsf8vdQuA64ZYQ91xoBawvt,0.0,412268134,0,1,0,4.638714678818164e-08,1.2955,1.234568,1.222456,13746401.777,0.389778,-0.012112,0.377666
C34Zcw52YyAsVcBfFhmaVpsGnHKEPZQHg2pqujdspump,Fox,5brv79eFZ2rGprXNvqgVJBkBptkkw8GJX1XydJyZLyAr,0.0,417986616,0,1,1,1.3960746608794614e-07,2.5062,17.777778,45.26039,0.0,0.0,27.482612,27.482612
C34Zcw52YyAsVcBfFhmaVpsGnHKEPZQHg2pqujdspump,Fox,7GUM3yQmVzJcg1agM2bfUy29cAnVKCXmbkByJPuVJ2fV,0.0,417986616,0,1,0,1.8377442760312722e-07,3.299,9.876543,13.2622,10363305.632,0.181509,3.385657,3.567166
C34Zcw52YyAsVcBfFhmaVpsGnHKEPZQHg2pqujdspump,Fox,7ZXKyMYZYx1eieUYCt6X7z43V7rukPJVW7nqcGqf9LyA,0.0,417986617,1,0,1,1.9376326377909226e-07,3.4784,0.987654,1.66915,0.0,0.0,0.681496,0.681496
C34Zcw52YyAsVcBfFhmaVpsGnHKEPZQHg2pqujdspump,Fox,29HCXPUTJFSvJAAoWYYap64amtg364Rj9CPg512Arm1d,0.0,417986617,1,0,1,1.8767236396545372e-07,3.369,0.493827,1.068544,0.0,0.0,0.574716,0.574716
C34Zcw52YyAsVcBfFhmaVpsGnHKEPZQHg2pqujdspump,Fox,7cp6zxvhxbfS7QgYTB7ts2RqFf7zDYwtjfuHcEHhKLAz,0.0,417986616,0,1,1,1.8524779085903956e-07,3.3255,0.307702,0.679938,0.0,0.0,0.372236,0.372236
C34Zcw52YyAsVcBfFhmaVpsGnHKEPZQHg2pqujdspump,Fox,GrrSuECHUwcEXwSwPLdvdgVx8Ekyso5gUmMAmyRuM5J,0.0,417986617,1,0,1,1.888666378085229e-07,3.3905,0.246914,0.523827,0.0,0.0,0.276913,0.276913
C34Zcw52YyAsVcBfFhmaVpsGnHKEPZQHg2pqujdspump,Fox,Gku8cuthhvfoPoG18rg1EULt58xB7j1fgPoifJcyh411,5.0,417986629,13,0,1,3.14810179577724e-07,5.6513,0.782698,1.009332,0.0,0.0,0.226635,0.226635
C34Zcw52YyAsVcBfFhmaVpsGnHKEPZQHg2pqujdspump,Fox,4QTKZSb5ARRAKLFvEARERA7Zv68pmGZSLUp1Nwc6mJLH,14.0,417986652,36,0,1,2.727038454280848e-07,4.8955,3.891358,4.011772,0.0,0.0,0.120414,0.120414
C34Zcw52YyAsVcBfFhmaVpsGnHKEPZQHg2pqujdspump,Fox,DULTc1MzmAEN2o8p4kWhdZ3X3MjDvqb7Dxfmcn1ctpmM,18.0,417986661,45,0,1,2.209773450531503e-07,3.9669,0.987654,1.068595,0.0,0.0,0.080941,0.080941
C34Zcw52YyAsVcBfFhmaVpsGnHKEPZQHg2pqujdspump,Fox,J5xbgXFyv3zabwX67FUsitcxFhzAVBSj2tbdiimNUStC,3.0,417986624,8,0,1,3.3489541988306977e-07,6.0119,4.671168,4.71742,0.0,0.0,0.046252,0.046252
C62QnxGVAa9AV4br5BpUzonaKxXc8jAczp6hFL47pump,Horse,2CHrnc2LyagAbMaMFgthiDWh7ZZ9zT9TF8WEJf7MNE71,0.0,427532169,0,1,1,7.194368105694149e-08,1.1531,3.308642,5.976717,0.0,0.0,2.668075,2.668075
C62QnxGVAa9AV4br5BpUzonaKxXc8jAczp6hFL47pump,Horse,Atgx1JXsp8pTQ9Qsi74wF5pLMVwHwyQc6jJCu84evN7c,0.0,427532169,0,1,1,8.186117150377942e-08,1.3121,3.209877,5.108787,0.0,0.0,1.898911,1.898911
C62QnxGVAa9AV4br5BpUzonaKxXc8jAczp6hFL47pump,Horse,8kzFH4rgFzy4ccz97AhgqRT7Qbt7HnD5oJCDK1Sxdarb,0.0,427532169,0,1,1,9.325745970029008e-08,1.4947,3.45679,5.278045,0.0,0.0,1.821255,1.821255
C62QnxGVAa9AV4br5BpUzonaKxXc8jAczp6hFL47pump,Horse,GfJA84gwT9LpeyzeckeXkCsf8vdQuA64ZYQ91xoBawvt,0.0,427532169,0,1,1,1.0255615813776074e-07,1.6438,2.666667,3.513082,0.0,0.0,0.846415,0.846415
C62QnxGVAa9AV4br5BpUzonaKxXc8jAczp6hFL47pump,Horse,Bhv2qFE1KY8ZqqGUjcq88kX7GLNBA4rxiSM8Ad8ENPWy,0.0,427532170,1,0,1,1.5671036907179358e-07,2.5117,2.962963,3.580655,0.0,0.0,0.617692,0.617692
C62QnxGVAa9AV4br5BpUzonaKxXc8jAczp6hFL47pump,Horse,Anubis512ho5t7S6LNSwoxUWdeQmX2kf3RvZ8ApHHF5w,0.0,427532170,1,0,1,1.6663413876146852e-07,2.6708,2.212346,2.641669,0.0,0.0,0.429323,0.429323
C62QnxGVAa9AV4br5BpUzonaKxXc8jAczp6hFL47pump,Horse,DuuRTor81GRbkNPPTmpwLDVhgtLvnbYpb1dcSuxHNFZW,14.0,427532203,34,0,1,1.1923008476531873e-07,1.911,4.235724,4.618685,0.0,0.0,0.38296,0.38296
C62QnxGVAa9AV4br5BpUzonaKxXc8jAczp6hFL47pump,Horse,2CQgjcdNEo7WtbQLpJTAVcC3Ga61pNvRDTgP5grzctFG,0.0,427532169,0,1,1,1.418273151837339e-07,2.2732,3.0,3.373945,0.0,0.0,0.373945,0.373945
C62QnxGVAa9AV4br5BpUzonaKxXc8jAczp6hFL47pump,Horse,88zcYDQaY5c8oVr4kucV9AkZ4B3YtxSBWfxcBhTY5H3d,8.0,427532188,19,0,1,1.366609947073309e-07,2.1904,8.888889,9.256202,0.0,0.0,0.367314,0.367314
C62QnxGVAa9AV4br5BpUzonaKxXc8jAczp6hFL47pump,Horse,B8vYdiPJCJBUX2ZqSDXhs76vw6rMqstZgHQfwjmmtt21,5.0,427532181,12,0,1,1.7160307144378756e-07,2.7504,2.765432,3.105417,0.0,0.0,0.339985,0.339985
C7PyU8RGXy1MH7qx1jMS3Mua7siRr4ksBC3nMHaUpump,Lockdown,EgQX9R3Qph1dPHE1Ysou1auSYqRGomCNmLDC28Yg77aq,0.0,418243313,0,1,1,1.1657958508782832e-07,2.0928,12.0,20.548933,0.0,0.0,8.548933,8.548933
C7PyU8RGXy1MH7qx1jMS3Mua7siRr4ksBC3nMHaUpump,Lockdown,2CHrnc2LyagAbMaMFgthiDWh7ZZ9zT9TF8WEJf7MNE71,0.0,418243313,0,1,1,5.926859643549451e-08,1.064,1.333333,3.719966,0.0,0.0,2.386633,2.386633
C7PyU8RGXy1MH7qx1jMS3Mua7siRr4ksBC3nMHaUpump,Lockdown,Atgx1JXsp8pTQ9Qsi74wF5pLMVwHwyQc6jJCu84evN7c,0.0,418243313,0,1,1,6.280422609795786e-08,1.1274,1.283951,3.329155,0.0,0.0,2.045204,2.045204
C7PyU8RGXy1MH7qx1jMS3Mua7siRr4ksBC3nMHaUpump,Lockdown,7FovysP3MGZjFb2MRPtQPn27Ntejdjot2u2WAyL1fUaA,3.0,418243320,7,0,1,1.3421892762823454e-07,2.4094,9.382716,10.97441,0.0,0.0,1.591694,1.591694
C7PyU8RGXy1MH7qx1jMS3Mua7siRr4ksBC3nMHaUpump,Lockdown,8kzFH4rgFzy4ccz97AhgqRT7Qbt7HnD5oJCDK1Sxdarb,0.0,418243313,0,1,1,6.621544280754877e-08,1.1887,1.204938,2.742341,0.0,0.0,1.537403,1.537403
C7PyU8RGXy1MH7qx1jMS3Mua7siRr4ksBC3nMHaUpump,Lockdown,J3SxFu8sc9dDBNX2d3xZmZz3fjGkNXaa1MrFG6GMwphp,26.0,418243378,65,0,1,,,0.0,1.320089,0.0,0.0,1.320089,1.320089
C7PyU8RGXy1MH7qx1jMS3Mua7siRr4ksBC3nMHaUpump,Lockdown,DuuRTor81GRbkNPPTmpwLDVhgtLvnbYpb1dcSuxHNFZW,5.0,418243324,11,0,1,1.2178461132797554e-07,2.1862,1.73022,2.233237,0.0,0.0,0.503017,0.503017
C7PyU8RGXy1MH7qx1jMS3Mua7siRr4ksBC3nMHaUpump,Lockdown,Gku8cuthhvfoPoG18rg1EULt58xB7j1fgPoifJcyh411,1.0,418243315,2,0,1,1.4434066585807567e-07,2.5911,5.857491,6.305155,0.0,0.0,0.447664,0.447664
C7PyU8RGXy1MH7qx1jMS3Mua7siRr4ksBC3nMHaUpump,Lockdown,FyuqUnbzHDmTcWm6K5UmRNVegxWAcgfER4Mm3S6x5Jsv,0.0,418243313,0,1,1,1.9406192053110227e-07,3.4837,17.777778,18.185662,0.0,0.0,0.407884,0.407884
C7PyU8RGXy1MH7qx1jMS3Mua7siRr4ksBC3nMHaUpump,Lockdown,undwZZbXFTXAizTeeNpmygJDa4pWopEr1UCDSWpyo4y,7.0,418243329,16,0,1,1.4221458845007527e-07,2.553,1.975309,2.291894,0.0,0.0,0.316586,0.316586
CCdYjtrXzLStqTNeBgBSkDuZ5iVjqPtsq7n2buLKpump,Molly,5brv79eFZ2rGprXNvqgVJBkBptkkw8GJX1XydJyZLyAr,0.0,417785496,0,1,1,1.1045954422676472e-07,2.2361,12.839506,25.02977,0.0,0.0,12.190264,12.190264
CCdYjtrXzLStqTNeBgBSkDuZ5iVjqPtsq7n2buLKpump,Molly,2CHrnc2LyagAbMaMFgthiDWh7ZZ9zT9TF8WEJf7MNE71,0.0,417785496,0,1,1,5.263082484984575e-08,1.0654,1.283951,4.801841,0.0,0.0,3.51789,3.51789
CCdYjtrXzLStqTNeBgBSkDuZ5iVjqPtsq7n2buLKpump,Molly,8kzFH4rgFzy4ccz97AhgqRT7Qbt7HnD5oJCDK1Sxdarb,0.0,417785496,0,1,1,5.926859642985591e-08,1.1998,1.283951,4.08393,0.0,0.0,2.799979,2.799979
CCdYjtrXzLStqTNeBgBSkDuZ5iVjqPtsq7n2buLKpump,Molly,Atgx1JXsp8pTQ9Qsi74wF5pLMVwHwyQc6jJCu84evN7c,0.0,417785496,0,1,1,5.583539169370023e-08,1.1303,1.234568,3.908181,0.0,0.0,2.673613,2.673613
CCdYjtrXzLStqTNeBgBSkDuZ5iVjqPtsq7n2buLKpump,Molly,nnLJ6MXWT1UYZnTuxM25tRCi86UhGsoFYEW6L55eDoS,0.0,417785496,0,1,0,1.5008102085138638e-07,3.0382,9.876543,11.880209,15180569.541,0.271629,2.003666,2.275295
CCdYjtrXzLStqTNeBgBSkDuZ5iVjqPtsq7n2buLKpump,Molly,Gku8cuthhvfoPoG18rg1EULt58xB7j1fgPoifJcyh411,2.0,417785501,5,0,1,1.575990991251566e-07,3.1904,5.189791,5.847031,0.0,0.0,0.657239,0.657239
CCdYjtrXzLStqTNeBgBSkDuZ5iVjqPtsq7n2buLKpump,Molly,J5xbgXFyv3zabwX67FUsitcxFhzAVBSj2tbdiimNUStC,3.0,417785503,7,0,1,1.4781711559119369e-07,2.9923,1.980717,2.369585,0.0,0.0,0.388868,0.388868
CCdYjtrXzLStqTNeBgBSkDuZ5iVjqPtsq7n2buLKpump,Molly,rFo5GRxVpCaqsET8x8U3qBjgGApxs56xN5aN62y6SPQ,5.0,417785509,13,0,1,1.4626215905601033e-07,2.9609,0.977778,1.277582,0.0,0.0,0.299805,0.299805
CCdYjtrXzLStqTNeBgBSkDuZ5iVjqPtsq7n2buLKpump,Molly,5iBeTSRgoGW479RgrMmJfSvQGyji37eDfiYwzLoBkeHo,4.0,417785505,9,0,1,1.571350719444552e-07,3.181,0.805348,0.993275,0.0,0.0,0.187927,0.187927
CCdYjtrXzLStqTNeBgBSkDuZ5iVjqPtsq7n2buLKpump,Molly,8U3rggHbZK1VtFMA55JDyhPPy66eF8UZAQtENCo2Ur57,5.0,417785509,13,0,1,1.4613167495789972e-07,2.9582,0.531444,0.714151,0.0,0.0,0.182706,0.182706
CDEzCk9WKW1B5xQChVWLxGsv5cfY4SzLwBTJ6UyHpump,symphony,5brv79eFZ2rGprXNvqgVJBkBptkkw8GJX1XydJyZLyAr,0.0,413182575,0,1,1,6.686864714797372e-08,1.923,6.91358,9.564767,0.0,0.0,2.651187,2.651187
CDEzCk9WKW1B5xQChVWLxGsv5cfY4SzLwBTJ6UyHpump,symphony,2CHrnc2LyagAbMaMFgthiDWh7ZZ9zT9TF8WEJf7MNE71,0.0,413182575,0,1,1,3.73870867145051e-08,1.0752,1.234568,2.763457,0.0,0.0,1.528889,1.528889
CDEzCk9WKW1B5xQChVWLxGsv5cfY4SzLwBTJ6UyHpump,symphony,Atgx1JXsp8pTQ9Qsi74wF5pLMVwHwyQc6jJCu84evN7c,0.0,413182575,0,1,1,3.987528514026162e-08,1.1467,1.135802,2.450133,0.0,0.0,1.314331,1.314331
CDEzCk9WKW1B5xQChVWLxGsv5cfY4SzLwBTJ6UyHpump,symphony,8kzFH4rgFzy4ccz97AhgqRT7Qbt7HnD5oJCDK1Sxdarb,0.0,413182575,0,1,1,4.2330301526176347e-08,1.2173,1.08642,2.135668,0.0,0.0,1.049248,1.049248
CDEzCk9WKW1B5xQChVWLxGsv5cfY4SzLwBTJ6UyHpump,symphony,EgQX9R3Qph1dPHE1Ysou1auSYqRGomCNmLDC28Yg77aq,0.0,413182575,0,1,1,8.790663532066962e-08,2.528,6.8,7.394602,0.0,0.0,0.594602,0.594602
CDEzCk9WKW1B5xQChVWLxGsv5cfY4SzLwBTJ6UyHpump,symphony,GfJA84gwT9LpeyzeckeXkCsf8vdQuA64ZYQ91xoBawvt,0.0,413182575,0,1,1,4.520910861945741e-08,1.3001,1.234568,1.61663,0.0,0.0,0.382063,0.382063
CDEzCk9WKW1B5xQChVWLxGsv5cfY4SzLwBTJ6UyHpump,symphony,2t2u46cL1tP99Hq5LyEC3fwtL1wNWrHSh2JxRhnQJ8tu,19.0,413182622,47,0,1,8.129868451853103e-08,2.338,1.955556,2.259175,0.0,0.0,0.303619,0.303619
CDEzCk9WKW1B5xQChVWLxGsv5cfY4SzLwBTJ6UyHpump,symphony,PMJA8UQDyWTFw2Smhyp9jGA6aTaP7jKHR7BPudrgyYN,4.0,413182585,10,0,1,7.630183741297251e-08,2.1943,1.089025,1.303749,0.0,0.0,0.214725,0.214725
CDEzCk9WKW1B5xQChVWLxGsv5cfY4SzLwBTJ6UyHpump,symphony,5P8A9bGUhroskpuA4hhRbybgt37TcTz7ft5zLAh8orpn,0.0,413182575,0,1,1,4.842458462886479e-08,1.3926,1.333333,1.515554,0.0,0.0,0.182221,0.182221
CDEzCk9WKW1B5xQChVWLxGsv5cfY4SzLwBTJ6UyHpump,symphony,7FovysP3MGZjFb2MRPtQPn27Ntejdjot2u2WAyL1fUaA,6.0,413182590,15,0,1,9.126974148956619e-08,2.6247,1.975309,2.15626,0.0,0.0,0.180952,0.180952
CEHMrrvU6CEJofgXUq9gwRACRwSCG2SwVzRoi5BPpump,Mary,DtuCsfYR9LKe8RPck3dzpmbU9jeEWiz2RWxQYimWMu2S,2.0,424003373,4,0,1,1.2139594423261477e-07,2.4575,0.268215,7.611732,0.0,0.0,7.343517,7.343517
CEHMrrvU6CEJofgXUq9gwRACRwSCG2SwVzRoi5BPpump,Mary,2CQgjcdNEo7WtbQLpJTAVcC3Ga61pNvRDTgP5grzctFG,0.0,424003369,0,1,1,1.0683073212231907e-07,2.1626,11.851852,19.009665,0.0,0.0,7.157813,7.157813
CEHMrrvU6CEJofgXUq9gwRACRwSCG2SwVzRoi5BPpump,Mary,2CHrnc2LyagAbMaMFgthiDWh7ZZ9zT9TF8WEJf7MNE71,0.0,424003369,0,1,1,5.275718932970118e-08,1.068,1.333333,3.881032,0.0,0.0,2.547699,2.547699
CEHMrrvU6CEJofgXUq9gwRACRwSCG2SwVzRoi5BPpump,Mary,Atgx1JXsp8pTQ9Qsi74wF5pLMVwHwyQc6jJCu84evN7c,0.0,424003369,0,1,1,5.609584798034692e-08,1.1356,1.283951,3.542627,0.0,0.0,2.258677,2.258677
CEHMrrvU6CEJofgXUq9gwRACRwSCG2SwVzRoi5BPpump,Mary,8kzFH4rgFzy4ccz97AhgqRT7Qbt7HnD5oJCDK1Sxdarb,0.0,424003369,0,1,1,5.932221497121143e-08,1.2009,1.204938,3.133711,0.0,0.0,1.928773,1.928773
CEHMrrvU6CEJofgXUq9gwRACRwSCG2SwVzRoi5BPpump,Mary,7z6nNXDGaYphcMSKZc1xG1gavAAqyyGTKdHNKdM9AuLb,4.0,424003377,8,0,1,1.1633156076700472e-07,2.355,3.74321,4.250471,0.0,0.0,0.507261,0.507261
CEHMrrvU6CEJofgXUq9gwRACRwSCG2SwVzRoi5BPpump,Mary,DGaCiYrUMCqtV2fG3vfvvHmwgFqrfKhEQeDXm2dmbvaA,0.0,424003369,0,1,0,1.275195452213532e-07,2.5814,3.950617,4.216433,6603266.053,0.126403,0.265815,0.392219
CEHMrrvU6CEJofgXUq9gwRACRwSCG2SwVzRoi5BPpump,Mary,2LcNMt4VAnAVR6G2t8AkPJhy7GmGA3nz3ohy8psASkY5,0.0,424003369,0,1,1,1.4214883074359768e-07,2.8776,2.469136,2.748739,0.0,0.0,0.279603,0.279603
CEHMrrvU6CEJofgXUq9gwRACRwSCG2SwVzRoi5BPpump,Mary,E35uoEGT6mR2ae94KNuSfk4X86y7bcNeomDNV4T7GaFs,3.0,424003374,5,0,1,1.334956857263553e-07,2.7024,0.56027,0.79275,0.0,0.0,0.23248,0.23248
CEHMrrvU6CEJofgXUq9gwRACRwSCG2SwVzRoi5BPpump,Mary,FuU4YuViuphyhsV1dFgW2gpZu81xBvmua8AcgggpXfJZ,0.0,424003369,0,1,1,1.1045954422118763e-07,2.2361,0.987654,1.158288,0.0,0.0,0.170634,0.170634
CHvvXd41zuLzTwc3eiKZgkxE99tXZP5uMLUzEW3Wpump,Pringle,EgQX9R3Qph1dPHE1Ysou1auSYqRGomCNmLDC28Yg77aq,0.0,410536946,0,1,1,6.268357306010843e-08,1.857,8.5,9.899456,0.0,0.0,1.399456,1.399456
CHvvXd41zuLzTwc3eiKZgkxE99tXZP5uMLUzEW3Wpump,Pringle,2CHrnc2LyagAbMaMFgthiDWh7ZZ9zT9TF8WEJf7MNE71,0.0,410536946,0,1,1,3.633026147834004e-08,1.0763,1.234568,1.560298,0.0,0.0,0.32573,0.32573
CHvvXd41zuLzTwc3eiKZgkxE99tXZP5uMLUzEW3Wpump,Pringle,3xENFFik5bWrXM1HjhNVavwTnZPtPEvBTZ9aUJRctZw2,13.0,410536979,33,0,1,5.0700888179278675e-08,1.502,0.977778,1.090514,0.0,0.0,0.112736,0.112736
CHvvXd41zuLzTwc3eiKZgkxE99tXZP5uMLUzEW3Wpump,Pringle,7Y1V8nseJ9WaGvJtKrgU4pXp8HkQB32kxxj5bomaomGG,13.0,410536980,34,0,1,4.934657961741485e-08,1.4619,0.977778,1.080639,0.0,0.0,0.102861,0.102861
CHvvXd41zuLzTwc3eiKZgkxE99tXZP5uMLUzEW3Wpump,Pringle,Atgx1JXsp8pTQ9Qsi74wF5pLMVwHwyQc6jJCu84evN7c,0.0,410536946,0,1,1,3.8696931821971665e-08,1.1464,1.096296,1.181841,0.0,0.0,0.085544,0.085544
CHvvXd41zuLzTwc3eiKZgkxE99tXZP5uMLUzEW3Wpump,Pringle,4yEAPyBHRoKabMM9aASUB8jy6k2W1XeMfv61Z2xbLL9z,7.0,410536964,18,0,1,5.6299881370820185e-08,1.6679,2.933333,3.017874,0.0,0.0,0.08454,0.08454
CHvvXd41zuLzTwc3eiKZgkxE99tXZP5uMLUzEW3Wpump,Pringle,8kzFH4rgFzy4ccz97AhgqRT7Qbt7HnD5oJCDK1Sxdarb,0.0,410536946,0,1,1,4.120529401906362e-08,1.2207,1.125926,1.1568,0.0,0.0,0.030874,0.030874
CHvvXd41zuLzTwc3eiKZgkxE99tXZP5uMLUzEW3Wpump,Pringle,CvsgSgEvPUJ4mTZPJS7BhLDNoU6w3sWFZAV1bzvbww97,11.0,410536976,30,0,1,4.9610450650174023e-08,1.4697,0.195556,0.223705,0.0,0.0,0.028149,0.028149
CHvvXd41zuLzTwc3eiKZgkxE99tXZP5uMLUzEW3Wpump,Pringle,deadP52mGuNcYZqPTNhYjdtGZ1C7e7gs4EvwLFguPJ3,5.0,410536959,13,0,1,5.563491836070242e-08,1.6482,0.108533,0.1221,0.0,0.0,0.013567,0.013567
CHvvXd41zuLzTwc3eiKZgkxE99tXZP5uMLUzEW3Wpump,Pringle,C7HxZfXEFYQHTa4PcQA4ZWEqs9tUx7ce6zdpRJDpJ1kZ,7.0,410536964,18,0,1,5.990135742144312e-08,1.7746,0.242871,0.252403,0.0,0.0,0.009532,0.009532
CK2KZAcfDfU3taZVoLMJoPMLRLMC62qKePiywMRzpump,Popo-Chan,GK2AvuGrQSt6KDV3LLNsi3Sckhe5BPNERZxxEyj4G6eB,0.0,412488761,1,0,1,8.186117147783161e-08,2.3541,11.851852,15.943651,0.0,0.0,4.091799,4.091799
CK2KZAcfDfU3taZVoLMJoPMLRLMC62qKePiywMRzpump,Popo-Chan,BhS656GPqown6jhLbUVeYALgdnRGrX3cgANARbBzqpxc,17.0,412488803,43,0,1,6.85280891207887e-08,1.9707,0.098045,1.908985,0.0,0.0,1.81094,1.81094
CK2KZAcfDfU3taZVoLMJoPMLRLMC62qKePiywMRzpump,Popo-Chan,2CHrnc2LyagAbMaMFgthiDWh7ZZ9zT9TF8WEJf7MNE71,0.0,412488760,0,1,1,3.73870867145051e-08,1.0752,1.234568,2.553068,0.0,0.0,1.3185,1.3185
CK2KZAcfDfU3taZVoLMJoPMLRLMC62qKePiywMRzpump,Popo-Chan,Atgx1JXsp8pTQ9Qsi74wF5pLMVwHwyQc6jJCu84evN7c,0.0,412488760,0,1,1,3.987528514026162e-08,1.1467,1.135802,2.195917,0.0,0.0,1.060115,1.060115
CK2KZAcfDfU3taZVoLMJoPMLRLMC62qKePiywMRzpump,Popo-Chan,8kzFH4rgFzy4ccz97AhgqRT7Qbt7HnD5oJCDK1Sxdarb,0.0,412488760,0,1,1,4.2330301526176347e-08,1.2173,1.08642,1.975861,0.0,0.0,0.889442,0.889442
CK2KZAcfDfU3taZVoLMJoPMLRLMC62qKePiywMRzpump,Popo-Chan,4htXhGA3ArNRyuiURUkbv97ERZHbqBidmpL61qZULsfx,0.0,412488761,1,0,0,9.158396365316371e-08,2.6337,2.962963,3.434311,2463825.942,0.072907,0.471348,0.544255
CK2KZAcfDfU3taZVoLMJoPMLRLMC62qKePiywMRzpump,Popo-Chan,meoriV2dBxQGhiBseswZvm2n759XT7bXunEdttidkDe,1.0,412488763,3,0,1,9.90302972131057e-08,2.8479,0.968,1.227696,0.0,0.0,0.259696,0.259696
CK2KZAcfDfU3taZVoLMJoPMLRLMC62qKePiywMRzpump,Popo-Chan,3RHCsZRxbQ8NnxwL1xwbbAZaFy2CkKZfozLDL46TCZXh,3.0,412488769,9,0,1,1.1148648362908612e-07,3.2061,5.846914,6.023437,0.0,0.0,0.176524,0.176524
CK2KZAcfDfU3taZVoLMJoPMLRLMC62qKePiywMRzpump,Popo-Chan,9oieEBu7gprdMmWrSKQFMk48DiCa3AH2edY2eZn8ortJ,0.0,412488761,1,0,1,9.566370957400713e-08,2.7511,0.603586,0.762812,0.0,0.0,0.159226,0.159226
CK2KZAcfDfU3taZVoLMJoPMLRLMC62qKePiywMRzpump,Popo-Chan,CyBZ1M42J7m2z34VUDd3qVhbuH5GdcGnqgMGJJhAX8MR,27.0,412488831,71,0,1,7.34245747081161e-08,2.1115,0.829315,0.982982,0.0,0.0,0.153667,0.153667
CP1Y8TMA1FL4TWfFFuDsi3ncw1VkTYi2gGzuEXoCpump,Imagine,EgQX9R3Qph1dPHE1Ysou1auSYqRGomCNmLDC28Yg77aq,0.0,414241484,0,1,1,8.504149573996065e-08,2.2426,11.851852,25.23526,0.0,0.0,13.383408,13.383408
CP1Y8TMA1FL4TWfFFuDsi3ncw1VkTYi2gGzuEXoCpump,Imagine,2CHrnc2LyagAbMaMFgthiDWh7ZZ9zT9TF8WEJf7MNE71,0.0,414241484,0,1,1,4.0648472125148085e-08,1.0719,1.234568,4.408773,0.0,0.0,3.174205,3.174205
CP1Y8TMA1FL4TWfFFuDsi3ncw1VkTYi2gGzuEXoCpump,Imagine,Atgx1JXsp8pTQ9Qsi74wF5pLMVwHwyQc6jJCu84evN7c,0.0,414241484,0,1,1,4.324121670330064e-08,1.1403,1.135802,3.723427,0.0,0.0,2.587625,2.587625
CP1Y8TMA1FL4TWfFFuDsi3ncw1VkTYi2gGzuEXoCpump,Imagine,8kzFH4rgFzy4ccz97AhgqRT7Qbt7HnD5oJCDK1Sxdarb,0.0,414241484,0,1,1,4.579623375672285e-08,1.2077,1.08642,3.299236,0.0,0.0,2.212816,2.212816
CP1Y8TMA1FL4TWfFFuDsi3ncw1VkTYi2gGzuEXoCpump,Imagine,E9A63aqLByYGHT1StvJxu9hESmKfFzTfJ8PfZrnN153e,0.0,414241484,0,1,0,1.2017809393696712e-07,3.1692,9.876543,10.148613,27354885.324,0.580913,0.272069,0.852982
CP1Y8TMA1FL4TWfFFuDsi3ncw1VkTYi2gGzuEXoCpump,Imagine,DuuRTor81GRbkNPPTmpwLDVhgtLvnbYpb1dcSuxHNFZW,7.0,414241502,18,0,1,1.3818900818154155e-07,3.6441,2.972475,3.307726,0.0,0.0,0.335251,0.335251
CP1Y8TMA1FL4TWfFFuDsi3ncw1VkTYi2gGzuEXoCpump,Imagine,haqqiUUXB5gp7gDbSjpEkw3phAjQb25r86uXJsZQgWq,3.0,414241492,8,0,1,1.1389527311732145e-07,3.0035,1.762412,2.078691,0.0,0.0,0.316279,0.316279
CP1Y8TMA1FL4TWfFFuDsi3ncw1VkTYi2gGzuEXoCpump,Imagine,61ohufUkdgu8sxxP3Rj4zTMfN9qrNwg97SBzHNETng32,10.0,414241510,26,0,1,1.4065856685300435e-07,3.7092,2.469136,2.64047,0.0,0.0,0.171334,0.171334
CP1Y8TMA1FL4TWfFFuDsi3ncw1VkTYi2gGzuEXoCpump,Imagine,CyBZ1M42J7m2z34VUDd3qVhbuH5GdcGnqgMGJJhAX8MR,7.0,414241502,18,0,1,1.4027282935436263e-07,3.6991,1.513549,1.655091,0.0,0.0,0.141542,0.141542
CP1Y8TMA1FL4TWfFFuDsi3ncw1VkTYi2gGzuEXoCpump,Imagine,undwZZbXFTXAizTeeNpmygJDa4pWopEr1UCDSWpyo4y,7.0,414241502,18,0,1,1.4334194203680354e-07,3.78,1.975309,2.089773,0.0,0.0,0.114465,0.114465
CbUZMbDLM7qRn2yDDhXA4kWTSwjtezhWH9YTC3qmpump,Rupert,2CHrnc2LyagAbMaMFgthiDWh7ZZ9zT9TF8WEJf7MNE71,0.0,427779663,0,1,1,7.194368105694149e-08,1.1531,3.308642,4.663748,0.0,0.0,1.355106,1.355106
CbUZMbDLM7qRn2yDDhXA4kWTSwjtezhWH9YTC3qmpump,Rupert,Atgx1JXsp8pTQ9Qsi74wF5pLMVwHwyQc6jJCu84evN7c,0.0,427779663,0,1,1,8.186117150377942e-08,1.3121,3.209877,3.792077,0.0,0.0,0.5822,0.5822
CbUZMbDLM7qRn2yDDhXA4kWTSwjtezhWH9YTC3qmpump,Rupert,2CQgjcdNEo7WtbQLpJTAVcC3Ga61pNvRDTgP5grzctFG,0.0,427779663,0,1,1,1.418273151837339e-07,2.2732,3.0,3.551364,0.0,0.0,0.551364,0.551364
CbUZMbDLM7qRn2yDDhXA4kWTSwjtezhWH9YTC3qmpump,Rupert,Bhv2qFE1KY8ZqqGUjcq88kX7GLNBA4rxiSM8Ad8ENPWy,0.0,427779663,0,1,1,1.5453876367419158e-07,2.4769,2.962963,3.472529,0.0,0.0,0.509566,0.509566
CbUZMbDLM7qRn2yDDhXA4kWTSwjtezhWH9YTC3qmpump,Rupert,8kzFH4rgFzy4ccz97AhgqRT7Qbt7HnD5oJCDK1Sxdarb,0.0,427779663,0,1,1,9.325745970029008e-08,1.4947,3.45679,3.876235,0.0,0.0,0.419445,0.419445
CbUZMbDLM7qRn2yDDhXA4kWTSwjtezhWH9YTC3qmpump,Rupert,CmHmEyUgTTWWeETRq2wm3k1dzV6phBKmxHp4uh5jdd9U,23.0,427779723,60,0,1,1.0159304249390679e-07,1.6283,1.945679,2.170773,0.0,0.0,0.225094,0.225094
CbUZMbDLM7qRn2yDDhXA4kWTSwjtezhWH9YTC3qmpump,Rupert,61fQwSMrXJg1tmvWPPRR5h4vffjka4VZEssMEs5xut2H,7.0,427779681,18,0,1,1.4049816637438937e-07,2.2519,1.975309,2.109346,0.0,0.0,0.134037,0.134037
CbUZMbDLM7qRn2yDDhXA4kWTSwjtezhWH9YTC3qmpump,Rupert,Bv9rXTo1zTLs2C9kAzRbMER9tnbETWpvsZjVkAsZpwvp,4.0,427779675,12,0,1,1.7155049621044057e-07,2.7496,7.407407,7.500617,0.0,0.0,0.09321,0.09321
CbUZMbDLM7qRn2yDDhXA4kWTSwjtezhWH9YTC3qmpump,Rupert,B8vYdiPJCJBUX2ZqSDXhs76vw6rMqstZgHQfwjmmtt21,4.0,427779675,12,0,1,1.6033974384748708e-07,2.5699,2.765432,2.848036,0.0,0.0,0.082603,0.082603
CbUZMbDLM7qRn2yDDhXA4kWTSwjtezhWH9YTC3qmpump,Rupert,NULLioEUhd89Jo5Acm9sX88bwjNjrsAVy6KWkXD7qZh,0.0,427779663,0,1,1,1.5583990872061938e-07,2.4978,0.296296,0.358836,0.0,0.0,0.062539,0.062539
CccTALHeFndQhWsN1KdPPiDZPtSzvv2KeQfjasqBpump,Tortoise ,8kzFH4rgFzy4ccz97AhgqRT7Qbt7HnD5oJCDK1Sxdarb,0.0,425800512,0,1,1,9.258624310210086e-08,1.484,3.259259,5.341395,0.0,0.0,2.082136,2.082136
CccTALHeFndQhWsN1KdPPiDZPtSzvv2KeQfjasqBpump,Tortoise ,61ohufUkdgu8sxxP3Rj4zTMfN9qrNwg97SBzHNETng32,15.0,425800548,36,0,1,1.018498968793447e-07,1.6324,0.067054,1.614413,0.0,0.0,1.54736,1.54736
CccTALHeFndQhWsN1KdPPiDZPtSzvv2KeQfjasqBpump,Tortoise ,E3MjAnpkj83hAdFrgTq7biRFgmFLM326WShDCHBycJPY,15.0,425800548,36,0,1,1.0809153526029524e-07,1.7325,0.067054,1.6111,0.0,0.0,1.544046,1.544046
CccTALHeFndQhWsN1KdPPiDZPtSzvv2KeQfjasqBpump,Tortoise ,2CHrnc2LyagAbMaMFgthiDWh7ZZ9zT9TF8WEJf7MNE71,0.0,425800512,0,1,1,7.194368105694149e-08,1.1531,3.308642,4.691626,0.0,0.0,1.382984,1.382984
CccTALHeFndQhWsN1KdPPiDZPtSzvv2KeQfjasqBpump,Tortoise ,Atgx1JXsp8pTQ9Qsi74wF5pLMVwHwyQc6jJCu84evN7c,0.0,425800512,0,1,1,8.186117150377942e-08,1.3121,3.209877,4.390478,0.0,0.0,1.180601,1.180601
CccTALHeFndQhWsN1KdPPiDZPtSzvv2KeQfjasqBpump,Tortoise ,8Wnqm72wwKHcnvxXgb5j6LzH7wMxJv7utHyc5UzR9K9g,5.0,425800523,11,0,1,1.574946259428677e-07,2.5243,6.752296,7.723944,0.0,0.0,0.971648,0.971648
CccTALHeFndQhWsN1KdPPiDZPtSzvv2KeQfjasqBpump,Tortoise ,Anubis512ho5t7S6LNSwoxUWdeQmX2kf3RvZ8ApHHF5w,0.0,425800512,0,1,1,1.6225639793880122e-07,2.6006,1.866667,2.680515,0.0,0.0,0.813849,0.813849
CccTALHeFndQhWsN1KdPPiDZPtSzvv2KeQfjasqBpump,Tortoise ,8Sedc32o1ibLJHf5KJzfKaT1Cv6PMkEkXiQzd7fYftmq,0.0,425800512,0,1,1,1.5321393663700985e-07,2.4557,1.413076,1.913836,0.0,0.0,0.50076,0.50076
CccTALHeFndQhWsN1KdPPiDZPtSzvv2KeQfjasqBpump,Tortoise ,C9KxYWnSc9GzdbQY8rxaf6d2mCHwbWPX64ZM94Daa9ti,21.0,425800565,53,0,1,9.389488932516478e-08,1.5049,0.013684,0.360248,0.0,0.0,0.346564,0.346564
CccTALHeFndQhWsN1KdPPiDZPtSzvv2KeQfjasqBpump,Tortoise ,6bqbSJXwMrmu8BHPcMp3mHrqqMS9CTL5LM1SdT7Hs82K,10.0,425800537,25,0,1,1.0910354136295104e-07,1.7487,2.933333,3.243827,0.0,0.0,0.310494,0.310494
CfSY4fPPNfgfsm4dds46CLaZre6USKTKabhdLE2tpump,Goblin,2CHrnc2LyagAbMaMFgthiDWh7ZZ9zT9TF8WEJf7MNE71,0.0,425980520,0,1,1,7.194368105694149e-08,1.1531,3.308642,5.770378,0.0,0.0,2.461736,2.461736
CfSY4fPPNfgfsm4dds46CLaZre6USKTKabhdLE2tpump,Goblin,61ohufUkdgu8sxxP3Rj4zTMfN9qrNwg97SBzHNETng32,7.0,425980538,18,0,1,1.1880740579248815e-07,1.9042,0.067054,1.662162,0.0,0.0,1.595108,1.595108
CfSY4fPPNfgfsm4dds46CLaZre6USKTKabhdLE2tpump,Goblin,Atgx1JXsp8pTQ9Qsi74wF5pLMVwHwyQc6jJCu84evN7c,0.0,425980520,0,1,1,8.186117150377942e-08,1.3121,3.209877,4.796634,0.0,0.0,1.586757,1.586757
CfSY4fPPNfgfsm4dds46CLaZre6USKTKabhdLE2tpump,Goblin,E3MjAnpkj83hAdFrgTq7biRFgmFLM326WShDCHBycJPY,7.0,425980538,18,0,1,1.2554122167086582e-07,2.0122,0.067054,1.490058,0.0,0.0,1.423004,1.423004
CfSY4fPPNfgfsm4dds46CLaZre6USKTKabhdLE2tpump,Goblin,8kzFH4rgFzy4ccz97AhgqRT7Qbt7HnD5oJCDK1Sxdarb,0.0,425980520,0,1,1,9.325745970029008e-08,1.4947,3.45679,4.40664,0.0,0.0,0.94985,0.94985
CfSY4fPPNfgfsm4dds46CLaZre6USKTKabhdLE2tpump,Goblin,FC1dfS8CAhzMcvsfbJpKwvW3EPDj6QSNMvt4GTHwpvdg,5.0,425980532,12,0,1,1.376864722219672e-07,2.2068,4.938272,5.617683,0.0,0.0,0.679411,0.679411
CfSY4fPPNfgfsm4dds46CLaZre6USKTKabhdLE2tpump,Goblin,8acHTKPssJZDjMrFM83ja5oaRRut7cc92Euv3GPPcxj1,24.0,425980579,59,0,1,1.1127034489117327e-07,1.7834,1.975309,2.349343,0.0,0.0,0.374034,0.374034
CfSY4fPPNfgfsm4dds46CLaZre6USKTKabhdLE2tpump,Goblin,GfJA84gwT9LpeyzeckeXkCsf8vdQuA64ZYQ91xoBawvt,0.0,425980520,0,1,1,1.0255615813776074e-07,1.6438,2.666667,2.985384,0.0,0.0,0.318717,0.318717
CfSY4fPPNfgfsm4dds46CLaZre6USKTKabhdLE2tpump,Goblin,5st7H8QtPEVfovSwLmdJDjbUAQivVZJGzbHCir6dZxGc,10.0,425980547,27,0,1,1.0277011394987565e-07,1.6472,1.948222,2.262186,0.0,0.0,0.313964,0.313964
CfSY4fPPNfgfsm4dds46CLaZre6USKTKabhdLE2tpump,Goblin,DuuRTor81GRbkNPPTmpwLDVhgtLvnbYpb1dcSuxHNFZW,20.0,425980570,50,0,1,1.2116741461489002e-07,1.9421,3.333616,3.59862,0.0,0.0,0.265005,0.265005
Cw8pzbFogvkryGDS8fZkjFrVueaur1taynqRu1rtpump,float,8kzFH4rgFzy4ccz97AhgqRT7Qbt7HnD5oJCDK1Sxdarb,0.0,430954326,0,1,1,1.359509670388956e-07,1.3867,3.45679,13.386218,0.0,0.0,9.929428,9.929428
Cw8pzbFogvkryGDS8fZkjFrVueaur1taynqRu1rtpump,float,Atgx1JXsp8pTQ9Qsi74wF5pLMVwHwyQc6jJCu84evN7c,0.0,430954326,0,1,1,1.2211415802871576e-07,1.2455,3.209877,11.751388,0.0,0.0,8.541511,8.541511
Cw8pzbFogvkryGDS8fZkjFrVueaur1taynqRu1rtpump,float,2CHrnc2LyagAbMaMFgthiDWh7ZZ9zT9TF8WEJf7MNE71,0.0,430954326,0,1,1,1.0993046968340201e-07,1.1213,3.308642,11.102289,0.0,0.0,7.793647,7.793647
Cw8pzbFogvkryGDS8fZkjFrVueaur1taynqRu1rtpump,float,3RRrTmKfKFfgHgDYTGgoaa8QgWjagtQpid7atLtgGnCp,0.0,430954326,0,1,1,2.2873411300491414e-07,2.333,9.876543,16.621021,0.0,0.0,6.744477,6.744477
Cw8pzbFogvkryGDS8fZkjFrVueaur1taynqRu1rtpump,float,5P8A9bGUhroskpuA4hhRbybgt37TcTz7ft5zLAh8orpn,0.0,430954326,0,1,1,1.7910939650645124e-07,1.8269,2.17284,5.711637,0.0,0.0,3.538798,3.538798
Cw8pzbFogvkryGDS8fZkjFrVueaur1taynqRu1rtpump,float,43x1zWzjVWJbQErWM78m3Acx83FFuGSQEhmgyxUrPdQs,0.0,430954326,0,1,1,1.690052976459824e-07,1.7238,4.938272,8.444404,0.0,0.0,3.506133,3.506133
Cw8pzbFogvkryGDS8fZkjFrVueaur1taynqRu1rtpump,float,CXVJewdc79TYR55sz4SGLSWUPz3r4LBJ9Mn93bZ8ZyAz,11.0,430954356,30,0,1,4.2924493536594217e-07,4.3782,5.377778,7.356231,0.0,0.0,1.978453,1.978453
Cw8pzbFogvkryGDS8fZkjFrVueaur1taynqRu1rtpump,float,GfJA84gwT9LpeyzeckeXkCsf8vdQuA64ZYQ91xoBawvt,0.0,430954326,0,1,1,1.4713235296144558e-07,1.5007,2.666667,4.468899,0.0,0.0,1.802232,1.802232
Cw8pzbFogvkryGDS8fZkjFrVueaur1taynqRu1rtpump,float,Anubis512ho5t7S6LNSwoxUWdeQmX2kf3RvZ8ApHHF5w,0.0,430954327,1,0,1,2.69607703533e-07,2.7499,3.318519,4.928373,0.0,0.0,1.609855,1.609855
Cw8pzbFogvkryGDS8fZkjFrVueaur1taynqRu1rtpump,float,DvsVANJkMX3NmZYTVbCKhkZgr1FXYX5oHnhzN97o8hAM,1.0,430954329,3,0,0,2.7882429894829513e-07,2.8439,2.933333,3.938719,2607173.389,0.22359,1.005385,1.228976
CympZjkuNLSzXmTd9P375dH5rVnnja4rACvgNCsEpump,Chungus,EZLyofvkhj2RfjXpCmuut2ftpY1g9Do47um5RcDFcLkX,0.0,421689494,0,1,1,1.0683073212231907e-07,2.1626,11.851852,20.559863,0.0,0.0,8.708011,8.708011
CympZjkuNLSzXmTd9P375dH5rVnnja4rACvgNCsEpump,Chungus,Atgx1JXsp8pTQ9Qsi74wF5pLMVwHwyQc6jJCu84evN7c,0.0,421689494,0,1,1,5.609584798034692e-08,1.1356,1.283951,3.861472,0.0,0.0,2.577522,2.577522
CympZjkuNLSzXmTd9P375dH5rVnnja4rACvgNCsEpump,Chungus,8kzFH4rgFzy4ccz97AhgqRT7Qbt7HnD5oJCDK1Sxdarb,0.0,421689494,0,1,1,5.932221497121143e-08,1.2009,1.204938,3.372334,0.0,0.0,2.167396,2.167396
CympZjkuNLSzXmTd9P375dH5rVnnja4rACvgNCsEpump,Chungus,pekN74koZ15b48R8Kj3N9disT3XjaceT3HjfnUfgmwE,0.0,421689494,0,1,1,1.3165224606872747e-07,2.6651,0.072133,2.010826,0.0,0.0,1.938693,1.938693
CympZjkuNLSzXmTd9P375dH5rVnnja4rACvgNCsEpump,Chungus,62dTXVyxza4msU2K2BiouQ5vWXtXBeanquKJRiSjmtjv,4.0,421689503,9,0,1,1.2370187927828422e-07,2.5042,8.395062,10.291959,0.0,0.0,1.896897,1.896897
CympZjkuNLSzXmTd9P375dH5rVnnja4rACvgNCsEpump,Chungus,2CHrnc2LyagAbMaMFgthiDWh7ZZ9zT9TF8WEJf7MNE71,0.0,421689494,0,1,1,5.275718932970118e-08,1.068,1.333333,2.963714,0.0,0.0,1.63038,1.63038
CympZjkuNLSzXmTd9P375dH5rVnnja4rACvgNCsEpump,Chungus,FXCtC1xdCs5N91YYpEDqW4r4fRMLhF1thrPCs8nG8xwG,10.0,421689518,24,0,1,1.3619010952679282e-07,2.757,0.023338,0.750137,0.0,0.0,0.726799,0.726799
CympZjkuNLSzXmTd9P375dH5rVnnja4rACvgNCsEpump,Chungus,6KR7SorsUQtNH6CB6JpAnWCAKeTysa95iyXeWihdNeGT,13.0,421689525,31,0,1,1.4332990633424595e-07,2.9015,2.930596,3.574956,0.0,0.0,0.644361,0.644361
CympZjkuNLSzXmTd9P375dH5rVnnja4rACvgNCsEpump,Chungus,3WWGbQefBKdyhw8BsDX89fAAZZbabZ7QbeaNRATer8pD,4.0,421689504,10,0,1,1.540801827340764e-07,3.1191,5.925926,6.550855,0.0,0.0,0.624929,0.624929
CympZjkuNLSzXmTd9P375dH5rVnnja4rACvgNCsEpump,Chungus,61ohufUkdgu8sxxP3Rj4zTMfN9qrNwg97SBzHNETng32,11.0,421689520,26,0,1,1.3004341474105612e-07,2.6325,3.358025,3.842638,0.0,0.0,0.484613,0.484613
Cz2M3oyo28kZiKn3MRq75hRmsygErdg6C5i9Hhwkpump,Uta,5brv79eFZ2rGprXNvqgVJBkBptkkw8GJX1XydJyZLyAr,0.0,420114757,0,1,1,1.1045954422678211e-07,2.2361,12.839506,21.957733,0.0,0.0,9.118227,9.118227
Cz2M3oyo28kZiKn3MRq75hRmsygErdg6C5i9Hhwkpump,Uta,2CHrnc2LyagAbMaMFgthiDWh7ZZ9zT9TF8WEJf7MNE71,0.0,420114757,0,1,1,5.275718932970118e-08,1.068,1.333333,4.706218,0.0,0.0,3.372884,3.372884
Cz2M3oyo28kZiKn3MRq75hRmsygErdg6C5i9Hhwkpump,Uta,Atgx1JXsp8pTQ9Qsi74wF5pLMVwHwyQc6jJCu84evN7c,0.0,420114757,0,1,1,5.609584798034692e-08,1.1356,1.283951,4.005039,0.0,0.0,2.721089,2.721089
Cz2M3oyo28kZiKn3MRq75hRmsygErdg6C5i9Hhwkpump,Uta,8kzFH4rgFzy4ccz97AhgqRT7Qbt7HnD5oJCDK1Sxdarb,0.0,420114757,0,1,1,5.932221497121143e-08,1.2009,1.204938,3.75345,0.0,0.0,2.548512,2.548512
Cz2M3oyo28kZiKn3MRq75hRmsygErdg6C5i9Hhwkpump,Uta,HvCUFawZEBTw4qrtcinsVevZ9R1SZUXe1F8xxicz4eyu,8.0,420114778,21,0,1,1.3780029259295854e-07,2.7896,2.933333,3.934923,0.0,0.0,1.001589,1.001589
Cz2M3oyo28kZiKn3MRq75hRmsygErdg6C5i9Hhwkpump,Uta,A1i5Jkxo2oAncsKtjStGq98fGk7v1drJRjTjDvDaZAL1,1.0,420114759,2,0,1,1.476427095992385e-07,2.9888,2.444444,3.170209,0.0,0.0,0.725765,0.725765
Cz2M3oyo28kZiKn3MRq75hRmsygErdg6C5i9Hhwkpump,Uta,6SSskXeFk9BueXd8Qvf3TnKVuft9RhPJYSeNofgC73ZT,9.0,420114781,24,0,1,1.2728599350703918e-07,2.5767,1.975309,2.640417,0.0,0.0,0.665108,0.665108
Cz2M3oyo28kZiKn3MRq75hRmsygErdg6C5i9Hhwkpump,Uta,35fpZ4hgoPT5CE1Na8Yo9wDsFPNnnGejEK4mfJeKHsYX,9.0,420114781,24,0,1,1.352630853142854e-07,2.7382,1.975309,2.520909,0.0,0.0,0.545601,0.545601
Cz2M3oyo28kZiKn3MRq75hRmsygErdg6C5i9Hhwkpump,Uta,R2yk4kGMptc81DV55146oYY4J9Qp3vuzncmJ73osHyu,2.0,420114762,5,0,1,1.2292413545882185e-07,2.4884,3.555556,4.050945,0.0,0.0,0.495389,0.495389
Cz2M3oyo28kZiKn3MRq75hRmsygErdg6C5i9Hhwkpump,Uta,EJwYzqMrGpof8Am7K6pmf9XFiRCJiALb4mxhFrDwpGrD,9.0,420114780,23,0,1,1.3073740138864266e-07,2.6466,0.977778,1.392441,0.0,0.0,0.414663,0.414663
DGWppJtfyyTb1FXCw9M88bYwP6QbWdw5v5wpYy2Qpump,Gus,GDQeTnqkyeLyRSjWaeFY5HsxaWoQmmXFc1N6wyuuHiQD,0.0,433272410,0,1,1,1.4167187380316767e-07,2.2707,2.962963,4.03268,0.0,0.0,1.069717,1.069717
DGWppJtfyyTb1FXCw9M88bYwP6QbWdw5v5wpYy2Qpump,Gus,2CHrnc2LyagAbMaMFgthiDWh7ZZ9zT9TF8WEJf7MNE71,0.0,433272410,0,1,1,7.194368105694149e-08,1.1531,3.308642,4.268624,0.0,0.0,0.959982,0.959982
DGWppJtfyyTb1FXCw9M88bYwP6QbWdw5v5wpYy2Qpump,Gus,CPDpWGu5cGoTYkXsqppDgm2C9ki8HLsZSHsLrEg9nos2,7.0,433272428,18,0,1,1.018183888501155e-07,1.6319,5.925926,6.661713,0.0,0.0,0.735787,0.735787
DGWppJtfyyTb1FXCw9M88bYwP6QbWdw5v5wpYy2Qpump,Gus,8U3rggHbZK1VtFMA55JDyhPPy66eF8UZAQtENCo2Ur57,14.0,433272446,36,0,1,7.804089783209366e-08,1.2508,1.466667,2.201727,0.0,0.0,0.73506,0.73506
DGWppJtfyyTb1FXCw9M88bYwP6QbWdw5v5wpYy2Qpump,Gus,8eMntzBDpLZjk6jxWryhU6AZand54sqRhmv81LHmguvZ,0.0,433272411,1,0,1,1.6779567035540986e-07,2.6894,2.962963,3.420197,0.0,0.0,0.457235,0.457235
DGWppJtfyyTb1FXCw9M88bYwP6QbWdw5v5wpYy2Qpump,Gus,8kzFH4rgFzy4ccz97AhgqRT7Qbt7HnD5oJCDK1Sxdarb,0.0,433272410,0,1,1,9.325745970029008e-08,1.4947,3.45679,3.912769,0.0,0.0,0.455979,0.455979
DGWppJtfyyTb1FXCw9M88bYwP6QbWdw5v5wpYy2Qpump,Gus,8FySgd7VmjnXsGjUbgtDxDjZVEJ1FsQJkG5K2FKY7mMq,15.0,433272448,38,0,1,8.832913639588233e-08,1.4157,1.343747,1.688748,0.0,0.0,0.345001,0.345001
DGWppJtfyyTb1FXCw9M88bYwP6QbWdw5v5wpYy2Qpump,Gus,GhavRSoMgvkcAbBbK3vefq24fgj5SBW3L8ipwgemGMXi,9.0,433272432,22,0,1,1.0408257356270506e-07,1.6682,0.987654,1.251053,0.0,0.0,0.263398,0.263398
DGWppJtfyyTb1FXCw9M88bYwP6QbWdw5v5wpYy2Qpump,Gus,ByJ7XAjpjGAiE4jJHVZESFpKj9cC3Cma9YAcTTkAkJQz,10.0,433272436,26,0,1,9.609383701456965e-08,1.5402,0.987556,1.178689,0.0,0.0,0.191133,0.191133
DGWppJtfyyTb1FXCw9M88bYwP6QbWdw5v5wpYy2Qpump,Gus,BtWAdShyQXtmrPfFEXYur89exMncrU8vR7DYUYmqAnBE,30.0,433272485,75,0,1,8.221951513421034e-08,1.3178,0.293333,0.476396,0.0,0.0,0.183062,0.183062
DJY8j9L1f7xSnL11xjXMqruW7mBJkVSeDft3yLjdpump,Pallas,EgQX9R3Qph1dPHE1Ysou1auSYqRGomCNmLDC28Yg77aq,0.0,410737011,0,1,1,6.406937776492077e-08,1.8425,8.5,11.39458,0.0,0.0,2.89458,2.89458
DJY8j9L1f7xSnL11xjXMqruW7mBJkVSeDft3yLjdpump,Pallas,2CHrnc2LyagAbMaMFgthiDWh7ZZ9zT9TF8WEJf7MNE71,0.0,410737011,0,1,1,3.73870867145051e-08,1.0752,1.234568,2.241004,0.0,0.0,1.006436,1.006436
DJY8j9L1f7xSnL11xjXMqruW7mBJkVSeDft3yLjdpump,Pallas,Atgx1JXsp8pTQ9Qsi74wF5pLMVwHwyQc6jJCu84evN7c,0.0,410737011,0,1,1,3.9787393646277536e-08,1.1442,1.096296,1.937567,0.0,0.0,0.841271,0.841271
DJY8j9L1f7xSnL11xjXMqruW7mBJkVSeDft3yLjdpump,Pallas,3RHCsZRxbQ8NnxwL1xwbbAZaFy2CkKZfozLDL46TCZXh,16.0,410737052,41,0,1,6.358984346309433e-08,1.8287,1.466667,1.643443,0.0,0.0,0.176776,0.176776
DJY8j9L1f7xSnL11xjXMqruW7mBJkVSeDft3yLjdpump,Pallas,3oK8m93QYJFSW57ixVyp4paQhZqrF5oZk2q2uJKust3i,11.0,410737040,29,0,1,6.710706374320128e-08,1.9298,1.481481,1.6339,0.0,0.0,0.152418,0.152418
DJY8j9L1f7xSnL11xjXMqruW7mBJkVSeDft3yLjdpump,Pallas,AiL1zYykdj5bjAFSFPXNZj61paERd9GQXY4dnV2Xq9VM,3.0,410737018,7,0,1,7.038730598728505e-08,2.0242,2.640778,2.788563,0.0,0.0,0.147785,0.147785
DJY8j9L1f7xSnL11xjXMqruW7mBJkVSeDft3yLjdpump,Pallas,qKpZbAeu97Ba4sgpRqEehXD7dSwxWW59pNQkWSxsySJ,6.0,410737025,14,0,1,8.163863862349627e-08,2.3477,4.938272,5.066549,0.0,0.0,0.128277,0.128277
DJY8j9L1f7xSnL11xjXMqruW7mBJkVSeDft3yLjdpump,Pallas,CkLT4ADywSJkXPhwjfnQSd2ujWv8eb5FLKxN1FejvELr,2.0,410737016,5,0,1,7.585554699738983e-08,2.1814,1.88334,1.995798,0.0,0.0,0.112458,0.112458
DJY8j9L1f7xSnL11xjXMqruW7mBJkVSeDft3yLjdpump,Pallas,CyBZ1M42J7m2z34VUDd3qVhbuH5GdcGnqgMGJJhAX8MR,6.0,410737025,14,0,1,7.225528946138565e-08,2.0779,1.457903,1.532404,0.0,0.0,0.074501,0.074501
DJY8j9L1f7xSnL11xjXMqruW7mBJkVSeDft3yLjdpump,Pallas,3WSNsfKgybZTE9F8vLUYhe94q5oSZeaPkdSUUgrFdNhR,20.0,410737062,51,0,1,6.80921502580962e-08,1.9582,1.955556,1.992592,0.0,0.0,0.037037,0.037037
DVGdeq5XUJ7B4Ac88rLQqeZNxtWT8yiYVrWQcjZVpump,Guion,5brv79eFZ2rGprXNvqgVJBkBptkkw8GJX1XydJyZLyAr,0.0,412974261,0,1,1,8.186117147783161e-08,2.3541,11.851852,14.506603,0.0,0.0,2.654751,2.654751
DVGdeq5XUJ7B4Ac88rLQqeZNxtWT8yiYVrWQcjZVpump,Guion,2CHrnc2LyagAbMaMFgthiDWh7ZZ9zT9TF8WEJf7MNE71,0.0,412974261,0,1,1,3.73870867145051e-08,1.0752,1.234568,2.195882,0.0,0.0,0.961314,0.961314
DVGdeq5XUJ7B4Ac88rLQqeZNxtWT8yiYVrWQcjZVpump,Guion,Atgx1JXsp8pTQ9Qsi74wF5pLMVwHwyQc6jJCu84evN7c,0.0,412974261,0,1,1,3.987528514026162e-08,1.1467,1.135802,1.702427,0.0,0.0,0.566625,0.566625
DVGdeq5XUJ7B4Ac88rLQqeZNxtWT8yiYVrWQcjZVpump,Guion,8Stx1qXxSbLxc5Dnz4m1ecCCEcTkxVU1LgJCY5cWe1k6,10.0,412974288,27,0,1,5.80086125800862e-08,1.6682,2.962963,3.399063,0.0,0.0,0.4361,0.4361
DVGdeq5XUJ7B4Ac88rLQqeZNxtWT8yiYVrWQcjZVpump,Guion,GfJA84gwT9LpeyzeckeXkCsf8vdQuA64ZYQ91xoBawvt,0.0,412974261,0,1,1,4.520910861945741e-08,1.3001,1.234568,1.642878,0.0,0.0,0.40831,0.40831
DVGdeq5XUJ7B4Ac88rLQqeZNxtWT8yiYVrWQcjZVpump,Guion,8kzFH4rgFzy4ccz97AhgqRT7Qbt7HnD5oJCDK1Sxdarb,0.0,412974261,0,1,1,4.2330301526176347e-08,1.2173,1.08642,1.421767,0.0,0.0,0.335347,0.335347
DVGdeq5XUJ7B4Ac88rLQqeZNxtWT8yiYVrWQcjZVpump,Guion,5P8A9bGUhroskpuA4hhRbybgt37TcTz7ft5zLAh8orpn,0.0,412974261,0,1,1,4.842458462886479e-08,1.3926,1.333333,1.539253,0.0,0.0,0.20592,0.20592
DVGdeq5XUJ7B4Ac88rLQqeZNxtWT8yiYVrWQcjZVpump,Guion,RTYizu6bjvFTBfiS56cEoqkKRqk5xa5VBKsHQUeUNDs,6.0,412974277,16,0,1,7.131673873174691e-08,2.0509,1.975309,2.164193,0.0,0.0,0.188885,0.188885
DVGdeq5XUJ7B4Ac88rLQqeZNxtWT8yiYVrWQcjZVpump,Guion,61ohufUkdgu8sxxP3Rj4zTMfN9qrNwg97SBzHNETng32,11.0,412974289,28,0,1,5.876988351471531e-08,1.6901,0.493827,0.632158,0.0,0.0,0.138331,0.138331
DVGdeq5XUJ7B4Ac88rLQqeZNxtWT8yiYVrWQcjZVpump,Guion,Fkemk4DNp9ncsixH8gJqoysHu8mvG2A1TMVbGTMoYa9d,25.0,412974326,65,0,1,4.9645966289893726e-08,1.4277,0.452992,0.53485,0.0,0.0,0.081857,0.081857
DZMYRLGqRUuX5hhXbyDY2MmZdb2w6N6XqyTs4XRJpump,3,GoYiMg4YiiEHWyN8W32wgDftB7p9bpKWVrTTq4TD7kRC,0.0,412081110,0,1,1,7.507779286043225e-08,2.1591,9.876543,17.801316,0.0,0.0,7.924773,7.924773
DZMYRLGqRUuX5hhXbyDY2MmZdb2w6N6XqyTs4XRJpump,3,GfJA84gwT9LpeyzeckeXkCsf8vdQuA64ZYQ91xoBawvt,0.0,412081110,0,1,1,4.5209108621826235e-08,1.3001,1.234568,4.205339,0.0,0.0,2.970771,2.970771
DZMYRLGqRUuX5hhXbyDY2MmZdb2w6N6XqyTs4XRJpump,3,2CHrnc2LyagAbMaMFgthiDWh7ZZ9zT9TF8WEJf7MNE71,0.0,412081110,0,1,1,3.73870867145051e-08,1.0752,1.234568,4.124807,0.0,0.0,2.890239,2.890239
DZMYRLGqRUuX5hhXbyDY2MmZdb2w6N6XqyTs4XRJpump,3,5P8A9bGUhroskpuA4hhRbybgt37TcTz7ft5zLAh8orpn,0.0,412081110,0,1,1,4.794124806934466e-08,1.3787,1.135802,3.440295,0.0,0.0,2.304492,2.304492
DZMYRLGqRUuX5hhXbyDY2MmZdb2w6N6XqyTs4XRJpump,3,7gEnRjDud56BVmBQMWLTticJoouzrpnyaAnN5A3EEqiy,0.0,412081110,0,1,1,8.280890507160094e-08,2.3814,2.469136,3.814199,0.0,0.0,1.345063,1.345063
DZMYRLGqRUuX5hhXbyDY2MmZdb2w6N6XqyTs4XRJpump,3,3RHCsZRxbQ8NnxwL1xwbbAZaFy2CkKZfozLDL46TCZXh,6.0,412081124,14,0,1,9.854057055327913e-08,2.8338,3.901235,5.063851,0.0,0.0,1.162616,1.162616
DZMYRLGqRUuX5hhXbyDY2MmZdb2w6N6XqyTs4XRJpump,3,5DZ6xyEB42gLpcQPy7hUEARgEgTXUFEDt38P8vgnHsZa,16.0,412081151,41,0,1,1.0426068904080146e-07,2.9983,2.933333,3.525314,0.0,0.0,0.591981,0.591981
DZMYRLGqRUuX5hhXbyDY2MmZdb2w6N6XqyTs4XRJpump,3,3aqkUU5GoYeQiNP4zDGjBrDR8up7Q56JW1kewSQXzbX6,1.0,412081111,1,0,1,9.347304035085202e-08,2.6881,1.596131,2.1361,0.0,0.0,0.539968,0.539968
DZMYRLGqRUuX5hhXbyDY2MmZdb2w6N6XqyTs4XRJpump,3,HQM1wLhkLCrYnW7RXUJZpVST1gWs3oKU9SrS5T677ZFr,5.0,412081122,12,0,1,1.0495604895354769e-07,3.0183,1.955556,2.466242,0.0,0.0,0.510687,0.510687
DZMYRLGqRUuX5hhXbyDY2MmZdb2w6N6XqyTs4XRJpump,3,BnapuoZnhu6HzvHrPap4i41362a7HfdW9EZmTUu6ZCL3,3.0,412081118,8,0,1,9.743440421792947e-08,2.802,2.026534,2.480882,0.0,0.0,0.454347,0.454347
DfsvFZ4YiRQUd9A7Z1R2v4RWavpATC4WTK9t5V1npump,Success,EgQX9R3Qph1dPHE1Ysou1auSYqRGomCNmLDC28Yg77aq,0.0,410752069,1,0,1,5.93624447792431e-08,1.7071,6.8,9.534831,0.0,0.0,2.734831,2.734831
DfsvFZ4YiRQUd9A7Z1R2v4RWavpATC4WTK9t5V1npump,Success,2CHrnc2LyagAbMaMFgthiDWh7ZZ9zT9TF8WEJf7MNE71,0.0,410752068,0,1,1,3.73870867145051e-08,1.0752,1.234568,2.12652,0.0,0.0,0.891953,0.891953
DfsvFZ4YiRQUd9A7Z1R2v4RWavpATC4WTK9t5V1npump,Success,5brv79eFZ2rGprXNvqgVJBkBptkkw8GJX1XydJyZLyAr,0.0,410752069,1,0,1,7.353223634124053e-08,2.1146,4.938272,5.612681,0.0,0.0,0.674409,0.674409
DfsvFZ4YiRQUd9A7Z1R2v4RWavpATC4WTK9t5V1npump,Success,8kzFH4rgFzy4ccz97AhgqRT7Qbt7HnD5oJCDK1Sxdarb,0.0,410752068,0,1,1,4.233030152846853e-08,1.2173,1.125926,1.462473,0.0,0.0,0.336548,0.336548
DfsvFZ4YiRQUd9A7Z1R2v4RWavpATC4WTK9t5V1npump,Success,9QTHeFTWysTe4NEriJoQSbMP7enGFGKKUkrD4JJUFDxx,10.0,410752094,26,0,1,6.559822133067343e-08,1.8864,0.977778,1.239603,0.0,0.0,0.261825,0.261825
DfsvFZ4YiRQUd9A7Z1R2v4RWavpATC4WTK9t5V1npump,Success,Atgx1JXsp8pTQ9Qsi74wF5pLMVwHwyQc6jJCu84evN7c,0.0,410752068,0,1,1,3.9787393646277536e-08,1.1442,1.096296,1.316998,0.0,0.0,0.220702,0.220702
DfsvFZ4YiRQUd9A7Z1R2v4RWavpATC4WTK9t5V1npump,Success,sea1BTw9iCNV5TwQkqWPZW2GP1zqwFAqd5R5i5dhmcU,12.0,410752098,30,0,1,7.649504725556761e-08,2.1998,1.024252,1.175608,0.0,0.0,0.151356,0.151356
DfsvFZ4YiRQUd9A7Z1R2v4RWavpATC4WTK9t5V1npump,Success,Gj5PtdfcU3LF8k2wLegRGyCVcrdk1tUkt1WitL4YcMv5,2.0,410752074,6,0,1,8.793973820267159e-08,2.5289,3.161728,3.29232,0.0,0.0,0.130592,0.130592
DfsvFZ4YiRQUd9A7Z1R2v4RWavpATC4WTK9t5V1npump,Success,FmSMAbd3JWMgtKfZq9Yn9s6nwXh339zpuwDMD2j9u7Z7,1.0,410752071,3,0,1,6.579193973864522e-08,1.892,0.425766,0.534279,0.0,0.0,0.108513,0.108513
DfsvFZ4YiRQUd9A7Z1R2v4RWavpATC4WTK9t5V1npump,Success,SsxHXKCfUBuxhtUXtMaYgzUWXjKnvoQBZ7sLAjXVigi,12.0,410752098,30,0,1,8.249413763161091e-08,2.3723,0.911199,1.007443,0.0,0.0,0.096244,0.096244
DhKve396PYPUZTsLAuy8yKuupWRuh7aLpZ87CRypump,Trump,74Lbi6WpMu7izeAh1YFsBiyoW74iEch76cFqJ17VgJJz,0.0,415833405,0,1,0,1.1639170502981904e-07,2.9029,19.753086,32.47963,36767178.575,0.650569,12.726543,13.377112
DhKve396PYPUZTsLAuy8yKuupWRuh7aLpZ87CRypump,Trump,2CHrnc2LyagAbMaMFgthiDWh7ZZ9zT9TF8WEJf7MNE71,0.0,415833405,0,1,1,4.289848714638901e-08,1.0699,1.234568,5.093279,0.0,0.0,3.858712,3.858712
DhKve396PYPUZTsLAuy8yKuupWRuh7aLpZ87CRypump,Trump,Atgx1JXsp8pTQ9Qsi74wF5pLMVwHwyQc6jJCu84evN7c,0.0,415833405,0,1,1,4.556092915944877e-08,1.1363,1.135802,4.124384,0.0,0.0,2.988582,2.988582
DhKve396PYPUZTsLAuy8yKuupWRuh7aLpZ87CRypump,Trump,8kzFH4rgFzy4ccz97AhgqRT7Qbt7HnD5oJCDK1Sxdarb,0.0,415833405,0,1,1,4.818261332452012e-08,1.2017,1.08642,3.673598,0.0,0.0,2.587178,2.587178
DhKve396PYPUZTsLAuy8yKuupWRuh7aLpZ87CRypump,Trump,7tbKxURjnCw8Cf14x6wZwXEPdtgbLZ8v4nCedyr31ZHn,4.0,415833414,9,0,1,1.2324779144759408e-07,3.0739,2.432099,3.696998,0.0,0.0,1.264899,1.264899
DhKve396PYPUZTsLAuy8yKuupWRuh7aLpZ87CRypump,Trump,28cqPTM2eJV8gvkX4NxfUi868heoDq9wZHgYcHgErR9n,5.0,415833418,13,0,1,1.1981475924953703e-07,2.9882,1.945778,3.03974,0.0,0.0,1.093962,1.093962
DhKve396PYPUZTsLAuy8yKuupWRuh7aLpZ87CRypump,Trump,7FovysP3MGZjFb2MRPtQPn27Ntejdjot2u2WAyL1fUaA,2.0,415833411,6,0,1,1.370000928984911e-07,3.4168,6.91358,7.742391,0.0,0.0,0.828811,0.828811
DhKve396PYPUZTsLAuy8yKuupWRuh7aLpZ87CRypump,Trump,A1i5Jkxo2oAncsKtjStGq98fGk7v1drJRjTjDvDaZAL1,5.0,415833418,13,0,1,1.2554079832550246e-07,3.131,1.466667,2.158598,0.0,0.0,0.691932,0.691932
DhKve396PYPUZTsLAuy8yKuupWRuh7aLpZ87CRypump,Trump,swag6aBGmqkAJFVB8w8GK67pjKoUgS5jcTcLy4MWb3m,7.0,415833422,17,0,1,1.5106651306094317e-07,3.7677,2.432099,2.978726,0.0,0.0,0.546627,0.546627
DhKve396PYPUZTsLAuy8yKuupWRuh7aLpZ87CRypump,Trump,FKr33ueFUU2mmL2yErta1cFxHW3YNfh6h4A7n6gH6KaU,12.0,415833434,29,0,1,1.5769437002783803e-07,3.933,0.977778,1.370889,0.0,0.0,0.393111,0.393111
DmuXsG8SaXYpz5TbDD48Rb6fJrJ6KV87EEjmwCmJpump,Greg,EgQX9R3Qph1dPHE1Ysou1auSYqRGomCNmLDC28Yg77aq,0.0,420774768,1,0,1,1.0737119028076694e-07,2.1736,12.0,22.733887,0.0,0.0,10.733887,10.733887
DmuXsG8SaXYpz5TbDD48Rb6fJrJ6KV87EEjmwCmJpump,Greg,Atgx1JXsp8pTQ9Qsi74wF5pLMVwHwyQc6jJCu84evN7c,0.0,420774767,0,1,1,5.609584798034692e-08,1.1356,1.283951,4.153353,0.0,0.0,2.869402,2.869402
DmuXsG8SaXYpz5TbDD48Rb6fJrJ6KV87EEjmwCmJpump,Greg,2CHrnc2LyagAbMaMFgthiDWh7ZZ9zT9TF8WEJf7MNE71,0.0,420774767,0,1,1,5.275718932970118e-08,1.068,1.333333,4.098057,0.0,0.0,2.764724,2.764724
DmuXsG8SaXYpz5TbDD48Rb6fJrJ6KV87EEjmwCmJpump,Greg,8kzFH4rgFzy4ccz97AhgqRT7Qbt7HnD5oJCDK1Sxdarb,0.0,420774767,0,1,1,5.932221497121143e-08,1.2009,1.204938,3.451534,0.0,0.0,2.246596,2.246596
DmuXsG8SaXYpz5TbDD48Rb6fJrJ6KV87EEjmwCmJpump,Greg,DGaCiYrUMCqtV2fG3vfvvHmwgFqrfKhEQeDXm2dmbvaA,0.0,420774768,1,0,0,1.1846671889362816e-07,2.3982,2.962963,3.825582,2101716.557,0.058688,0.862619,0.921307
DmuXsG8SaXYpz5TbDD48Rb6fJrJ6KV87EEjmwCmJpump,Greg,undwZZbXFTXAizTeeNpmygJDa4pWopEr1UCDSWpyo4y,5.0,420774782,15,0,1,1.6345562256268363e-07,3.3089,5.925926,6.794466,0.0,0.0,0.86854,0.86854
DmuXsG8SaXYpz5TbDD48Rb6fJrJ6KV87EEjmwCmJpump,Greg,6bqbSJXwMrmu8BHPcMp3mHrqqMS9CTL5LM1SdT7Hs82K,15.0,420774805,38,0,1,1.528652340840411e-07,3.0945,5.866667,6.583113,0.0,0.0,0.716446,0.716446
DmuXsG8SaXYpz5TbDD48Rb6fJrJ6KV87EEjmwCmJpump,Greg,7FovysP3MGZjFb2MRPtQPn27Ntejdjot2u2WAyL1fUaA,6.0,420774783,16,0,1,1.4950236820158293e-07,3.0265,2.469136,3.159567,0.0,0.0,0.690431,0.690431
DmuXsG8SaXYpz5TbDD48Rb6fJrJ6KV87EEjmwCmJpump,Greg,Bi3J5mQHG6UVgzTSZatSyKcV7YEuqcLMKRoAeFsGfmZX,0.0,420774768,1,0,1,1.301077056927861e-07,2.6338,2.962963,3.639439,0.0,0.0,0.676476,0.676476
DmuXsG8SaXYpz5TbDD48Rb6fJrJ6KV87EEjmwCmJpump,Greg,CyaE1VxvBrahnPWkqm5VsdCvyS2QmNht2UFrKJHga54o,6.0,420774783,16,0,1,1.6212378644366127e-07,3.282,2.933333,3.469528,0.0,0.0,0.536195,0.536195
Dv9twowfXAh2Y8weVFkeoro721TzFTUgQGEFXFAXpump,Ascend,CS6xZBZQ7HfhUNAYeqENdruT2addseDy81PDntyYa1NE,0.0,387391108,0,1,1,4.181100617698535e-08,1.2742,1.186459,1.221534,0.0,0.0,0.035075,0.035075
Dv9twowfXAh2Y8weVFkeoro721TzFTUgQGEFXFAXpump,Ascend,6TVNcCfpJgZS7T8NXJ3ydSQsNSLpXGXg73o6FmUh6PL7,2.0,387391114,6,0,1,3.4796724362113456e-08,1.0605,0.5,0.5,0.0,0.0,-0.0,-0.0
Dv9twowfXAh2Y8weVFkeoro721TzFTUgQGEFXFAXpump,Ascend,7FrKxVPR1XjkYUQ7RfcPM2dTRTNRbcgHpAEX8Tth1383,0.0,387391108,0,1,1,4.194703307428552e-08,1.2784,0.059629,0.046898,0.0,0.0,-0.012731,-0.012731
Dv9twowfXAh2Y8weVFkeoro721TzFTUgQGEFXFAXpump,Ascend,9KEPR5TfTes3ahru9NUd8Z7wPGyGNfdvo7wUL1WFifiQ,0.0,387391108,0,1,1,4.2772439165182044e-08,1.3035,0.129499,0.102267,0.0,0.0,-0.027232,-0.027232
Dv9twowfXAh2Y8weVFkeoro721TzFTUgQGEFXFAXpump,Ascend,2eB41ffTHiyneh4q9DN2XZtE7fvFMQJ21GNNaExNNJTq,0.0,387391108,0,1,1,4.306781164268944e-08,1.3125,0.1279,0.099692,0.0,0.0,-0.028208,-0.028208
Dv9twowfXAh2Y8weVFkeoro721TzFTUgQGEFXFAXpump,Ascend,Bsasg84Q8zeb9S3bDrVxyc8ouesBn4sZtiXG5smys91s,0.0,387391108,0,1,1,4.247441003393328e-08,1.2944,0.230273,0.180946,0.0,0.0,-0.049326,-0.049326
Dv9twowfXAh2Y8weVFkeoro721TzFTUgQGEFXFAXpump,Ascend,2CHrnc2LyagAbMaMFgthiDWh7ZZ9zT9TF8WEJf7MNE71,0.0,387391108,0,1,1,3.507176141658898e-08,1.0688,1.1,1.032644,0.0,0.0,-0.067356,-0.067356
Dv9twowfXAh2Y8weVFkeoro721TzFTUgQGEFXFAXpump,Ascend,8kzFH4rgFzy4ccz97AhgqRT7Qbt7HnD5oJCDK1Sxdarb,0.0,387391108,0,1,1,3.915035725380543e-08,1.1931,0.9,0.710887,0.0,0.0,-0.189113,-0.189113
Dv9twowfXAh2Y8weVFkeoro721TzFTUgQGEFXFAXpump,Ascend,Atgx1JXsp8pTQ9Qsi74wF5pLMVwHwyQc6jJCu84evN7c,0.0,387391108,0,1,1,3.719043181112141e-08,1.1334,1.0,0.79466,0.0,0.0,-0.20534,-0.20534
Dx55tp8UGDZV51hy99hUq3ZPRqnsVeWBd2f59Lhppump,马克,Atgx1JXsp8pTQ9Qsi74wF5pLMVwHwyQc6jJCu84evN7c,0.0,434726285,0,1,1,8.186117150377942e-08,1.3121,3.209877,6.104987,0.0,0.0,2.89511,2.89511
Dx55tp8UGDZV51hy99hUq3ZPRqnsVeWBd2f59Lhppump,马克,2CHrnc2LyagAbMaMFgthiDWh7ZZ9zT9TF8WEJf7MNE71,0.0,434726285,0,1,1,7.194368105694149e-08,1.1531,3.308642,5.977912,0.0,0.0,2.66927,2.66927
Dx55tp8UGDZV51hy99hUq3ZPRqnsVeWBd2f59Lhppump,马克,8kzFH4rgFzy4ccz97AhgqRT7Qbt7HnD5oJCDK1Sxdarb,0.0,434726285,0,1,1,9.325745970029008e-08,1.4947,3.45679,5.826097,0.0,0.0,2.369307,2.369307
Dx55tp8UGDZV51hy99hUq3ZPRqnsVeWBd2f59Lhppump,马克,43x1zWzjVWJbQErWM78m3Acx83FFuGSQEhmgyxUrPdQs,0.0,434726285,0,1,1,1.0468253597122784e-07,1.6778,3.259259,4.40813,0.0,0.0,1.148871,1.148871
Dx55tp8UGDZV51hy99hUq3ZPRqnsVeWBd2f59Lhppump,马克,5P8A9bGUhroskpuA4hhRbybgt37TcTz7ft5zLAh8orpn,0.0,434726285,0,1,1,1.1808808000746812e-07,1.8927,3.604938,4.711599,0.0,0.0,1.106661,1.106661
Dx55tp8UGDZV51hy99hUq3ZPRqnsVeWBd2f59Lhppump,马克,CX43WzgxqKW8AhgKzuhLP96uPEhot42wiXDhN9ETUr4q,0.0,434726285,0,1,1,1.5437650406611043e-07,2.4743,2.962963,3.958626,0.0,0.0,0.995663,0.995663
Dx55tp8UGDZV51hy99hUq3ZPRqnsVeWBd2f59Lhppump,马克,8eMntzBDpLZjk6jxWryhU6AZand54sqRhmv81LHmguvZ,0.0,434726285,0,1,1,1.6762659251534768e-07,2.6867,2.962963,3.719831,0.0,0.0,0.756868,0.756868
Dx55tp8UGDZV51hy99hUq3ZPRqnsVeWBd2f59Lhppump,马克,GfJA84gwT9LpeyzeckeXkCsf8vdQuA64ZYQ91xoBawvt,0.0,434726285,0,1,1,1.2951270172652703e-07,2.0758,2.91358,3.513318,0.0,0.0,0.599738,0.599738
Dx55tp8UGDZV51hy99hUq3ZPRqnsVeWBd2f59Lhppump,马克,GfufwuU59CbtyuodG114JAJ9STQC6qYqiQ48RoKguKru,18.0,434726327,42,0,1,1.2488234393453187e-07,2.0016,2.444444,2.981629,0.0,0.0,0.537185,0.537185
Dx55tp8UGDZV51hy99hUq3ZPRqnsVeWBd2f59Lhppump,马克,9QTHeFTWysTe4NEriJoQSbMP7enGFGKKUkrD4JJUFDxx,10.0,434726308,23,0,1,1.4606177469838648e-07,2.3411,2.933333,3.453492,0.0,0.0,0.520159,0.520159
E1S2RV6aNSU4inxH7k1wVWFczegAZGj54nyFDhDnpump,Elonify,2CHrnc2LyagAbMaMFgthiDWh7ZZ9zT9TF8WEJf7MNE71,0.0,426239466,0,1,1,7.194368105694149e-08,1.1531,3.308642,5.692744,0.0,0.0,2.384102,2.384102
E1S2RV6aNSU4inxH7k1wVWFczegAZGj54nyFDhDnpump,Elonify,Atgx1JXsp8pTQ9Qsi74wF5pLMVwHwyQc6jJCu84evN7c,0.0,426239466,0,1,1,8.186117150377942e-08,1.3121,3.209877,5.424651,0.0,0.0,2.214774,2.214774
E1S2RV6aNSU4inxH7k1wVWFczegAZGj54nyFDhDnpump,Elonify,FC1dfS8CAhzMcvsfbJpKwvW3EPDj6QSNMvt4GTHwpvdg,7.0,426239480,14,0,1,1.1607057309646877e-07,1.8604,9.876543,11.424011,0.0,0.0,1.547468,1.547468
E1S2RV6aNSU4inxH7k1wVWFczegAZGj54nyFDhDnpump,Elonify,8kzFH4rgFzy4ccz97AhgqRT7Qbt7HnD5oJCDK1Sxdarb,0.0,426239466,0,1,1,9.325745970029008e-08,1.4947,3.45679,4.922966,0.0,0.0,1.466176,1.466176
E1S2RV6aNSU4inxH7k1wVWFczegAZGj54nyFDhDnpump,Elonify,GfJA84gwT9LpeyzeckeXkCsf8vdQuA64ZYQ91xoBawvt,0.0,426239466,0,1,1,1.0255615813776074e-07,1.6438,2.666667,3.696856,0.0,0.0,1.03019,1.03019
E1S2RV6aNSU4inxH7k1wVWFczegAZGj54nyFDhDnpump,Elonify,2CQgjcdNEo7WtbQLpJTAVcC3Ga61pNvRDTgP5grzctFG,0.0,426239466,0,1,1,1.4167187379897385e-07,2.2707,2.962963,3.537499,0.0,0.0,0.574536,0.574536
E1S2RV6aNSU4inxH7k1wVWFczegAZGj54nyFDhDnpump,Elonify,CDmqSGUKChZbnAnpH5CVkcGbGDpXRcTCA94L9HetVEJB,10.0,426239488,22,0,1,1.1624452502422305e-07,1.8632,2.933333,3.466063,0.0,0.0,0.53273,0.53273
E1S2RV6aNSU4inxH7k1wVWFczegAZGj54nyFDhDnpump,Elonify,HnUmJk1FezMRF2qV7wyp8xeG4mCnPPznQfx8Cv5sUeJs,0.0,426239466,0,1,1,1.472242392773572e-07,2.3597,1.119917,1.47181,0.0,0.0,0.351894,0.351894
E1S2RV6aNSU4inxH7k1wVWFczegAZGj54nyFDhDnpump,Elonify,DuuRTor81GRbkNPPTmpwLDVhgtLvnbYpb1dcSuxHNFZW,10.0,426239487,21,0,1,1.0538991816820665e-07,1.6892,1.770833,2.082149,0.0,0.0,0.311316,0.311316
E1S2RV6aNSU4inxH7k1wVWFczegAZGj54nyFDhDnpump,Elonify,AfLmsne1c33VLEXHcqByD1tkmQNAot6xEJz1mpXF8oiZ,13.0,426239494,28,0,1,1.2743204685946266e-07,2.0425,0.101585,0.404648,0.0,0.0,0.303063,0.303063
E2f7uVr9ysTD2hjWpKaSsC4aUR5PMGWaoUQiS4Gypump,Mentality,7j7AA3HZR2zEjwAQEKPFh2qucLY4fqZpB9iodf39w8xW,10.0,395623736,24,0,1,8.641760580199365e-08,2.5544,1.999999,4.503133,0.0,0.0,2.503134,2.503134
E2f7uVr9ysTD2hjWpKaSsC4aUR5PMGWaoUQiS4Gypump,Mentality,4BNVuZMGGdedTgQaDYqeiLUurApFmxGAMqYMTBxnYMA8,2.0,395623716,4,0,1,4.738717933022903e-08,1.4007,1.47781,2.774496,0.0,0.0,1.296687,1.296687
E2f7uVr9ysTD2hjWpKaSsC4aUR5PMGWaoUQiS4Gypump,Mentality,5vGAnA2c7mAaBZiY7vbV7MbRW6E4WkU3HXdtshL44ouW,2.0,395623716,4,0,1,5.098498100332152e-08,1.5071,1.455524,2.668098,0.0,0.0,1.212575,1.212575
E2f7uVr9ysTD2hjWpKaSsC4aUR5PMGWaoUQiS4Gypump,Mentality,HSSNja1kpp1jVhBr27sDqoLVnmZA8iF3yU4itzjsHrr7,3.0,395623718,6,0,1,5.414740740986415e-08,1.6006,1.466667,2.14592,0.0,0.0,0.679253,0.679253
E2f7uVr9ysTD2hjWpKaSsC4aUR5PMGWaoUQiS4Gypump,Mentality,CHvWpTWTZXUMvWfX7jmy8vhHbAqn6YvLc8wBxXYi4KiW,4.0,395623721,9,0,1,5.6453051779082756e-08,1.6687,0.826656,1.352017,0.0,0.0,0.525361,0.525361
E2f7uVr9ysTD2hjWpKaSsC4aUR5PMGWaoUQiS4Gypump,Mentality,BLPpkoLxEwxzcLXNyRMkPDdNc6vwu1vNeUrKXMHnMTTj,4.0,395623722,10,0,1,5.659099374197208e-08,1.6728,0.757159,1.271833,0.0,0.0,0.514674,0.514674
E2f7uVr9ysTD2hjWpKaSsC4aUR5PMGWaoUQiS4Gypump,Mentality,ERHFpFyaTorygbCcGt8SajTyqDfJh92bz6aqMhLbAKrY,4.0,395623722,10,0,1,5.8897555620047125e-08,1.741,0.861118,1.30853,0.0,0.0,0.447412,0.447412
E2f7uVr9ysTD2hjWpKaSsC4aUR5PMGWaoUQiS4Gypump,Mentality,97V26zCSXhBRSGsnfK4dTai8sd34UHQkA3G7jS9MG9BC,0.0,395623712,0,1,1,4.3651608321867464e-08,1.2903,0.321564,0.591872,0.0,0.0,0.270308,0.270308
E2f7uVr9ysTD2hjWpKaSsC4aUR5PMGWaoUQiS4Gypump,Mentality,DQApNebkK5wCmy92T5c4Z9NePWjP7dC4avpLMzuxadxR,0.0,395623712,0,1,1,4.225080128969435e-08,1.2489,0.5289,0.705109,0.0,0.0,0.176209,0.176209
E2f7uVr9ysTD2hjWpKaSsC4aUR5PMGWaoUQiS4Gypump,Mentality,592PHk8rZUWiQgKmY1bsyQq8yewEid4R33BATQ6FozYt,9.0,395623733,21,0,1,8.451489625207158e-08,2.4982,0.684444,0.838687,0.0,0.0,0.154242,0.154242
EBsrdQw5h99NmCHiKjvmTPxgs2MiKNLZfQBwsS5ipump,Hugo,EgQX9R3Qph1dPHE1Ysou1auSYqRGomCNmLDC28Yg77aq,0.0,413154039,0,1,1,6.630046153439472e-08,1.9066,6.716049,10.51481,0.0,0.0,3.798761,3.798761
EBsrdQw5h99NmCHiKjvmTPxgs2MiKNLZfQBwsS5ipump,Hugo,2CHrnc2LyagAbMaMFgthiDWh7ZZ9zT9TF8WEJf7MNE71,0.0,413154039,0,1,1,3.73870867145051e-08,1.0752,1.234568,3.561748,0.0,0.0,2.32718,2.32718
EBsrdQw5h99NmCHiKjvmTPxgs2MiKNLZfQBwsS5ipump,Hugo,Atgx1JXsp8pTQ9Qsi74wF5pLMVwHwyQc6jJCu84evN7c,0.0,413154039,0,1,1,3.987528514026162e-08,1.1467,1.135802,2.392822,0.0,0.0,1.257019,1.257019
EBsrdQw5h99NmCHiKjvmTPxgs2MiKNLZfQBwsS5ipump,Hugo,8kzFH4rgFzy4ccz97AhgqRT7Qbt7HnD5oJCDK1Sxdarb,0.0,413154039,0,1,1,4.2330301526176347e-08,1.2173,1.08642,2.064161,0.0,0.0,0.977741,0.977741
EBsrdQw5h99NmCHiKjvmTPxgs2MiKNLZfQBwsS5ipump,Hugo,7gEnRjDud56BVmBQMWLTticJoouzrpnyaAnN5A3EEqiy,0.0,413154039,0,1,1,8.080149109627975e-08,2.3237,2.469136,3.231991,0.0,0.0,0.762855,0.762855
EBsrdQw5h99NmCHiKjvmTPxgs2MiKNLZfQBwsS5ipump,Hugo,9QTHeFTWysTe4NEriJoQSbMP7enGFGKKUkrD4JJUFDxx,10.0,413154065,26,0,1,9.032077722949974e-08,2.5974,1.466667,1.92036,0.0,0.0,0.453694,0.453694
EBsrdQw5h99NmCHiKjvmTPxgs2MiKNLZfQBwsS5ipump,Hugo,FSd5jo1Kny1EYXz67qbZuL4TXTA4zsSWA7ZxQUaev683,2.0,413154043,4,0,1,7.802084295255144e-08,2.2437,1.56176,1.9928,0.0,0.0,0.43104,0.43104
EBsrdQw5h99NmCHiKjvmTPxgs2MiKNLZfQBwsS5ipump,Hugo,CangDXVaFn4y585eMtgJNXZGtVWDMFmj2qoEQVVVVZDe,0.0,413154039,0,1,1,7.31669704393417e-08,2.1041,2.333333,2.615669,0.0,0.0,0.282336,0.282336
EBsrdQw5h99NmCHiKjvmTPxgs2MiKNLZfQBwsS5ipump,Hugo,BkxwpCCNHwv4dToQAgncxR72V1WAmb8evGWygKta6754,2.0,413154043,4,0,1,7.323378340319744e-08,2.106,1.399608,1.670408,0.0,0.0,0.2708,0.2708
EBsrdQw5h99NmCHiKjvmTPxgs2MiKNLZfQBwsS5ipump,Hugo,CDUz1QYzfv31AK4Z5nS991jJYXPtsUpAAzhmWh5VWpq4,2.0,413154043,4,0,1,8.256458620858035e-08,2.3744,1.438632,1.618781,0.0,0.0,0.180149,0.180149
EDbFTcQsdezqk1HNxnciwbVYPFWovz6ibZgUVp59pump,Slap,5P8A9bGUhroskpuA4hhRbybgt37TcTz7ft5zLAh8orpn,0.0,435131230,0,1,1,1.1808808000746812e-07,1.8927,10.937308,17.597023,0.0,0.0,6.659715,6.659715
EDbFTcQsdezqk1HNxnciwbVYPFWovz6ibZgUVp59pump,Slap,2CHrnc2LyagAbMaMFgthiDWh7ZZ9zT9TF8WEJf7MNE71,0.0,435131230,0,1,1,7.194368105694149e-08,1.1531,3.308642,8.866691,0.0,0.0,5.558049,5.558049
EDbFTcQsdezqk1HNxnciwbVYPFWovz6ibZgUVp59pump,Slap,43x1zWzjVWJbQErWM78m3Acx83FFuGSQEhmgyxUrPdQs,0.0,435131230,0,1,1,1.0468253597122784e-07,1.6778,3.259259,8.807722,0.0,0.0,5.548463,5.548463
EDbFTcQsdezqk1HNxnciwbVYPFWovz6ibZgUVp59pump,Slap,8kzFH4rgFzy4ccz97AhgqRT7Qbt7HnD5oJCDK1Sxdarb,0.0,435131230,0,1,1,9.325745970029008e-08,1.4947,3.45679,8.982671,0.0,0.0,5.525881,5.525881
EDbFTcQsdezqk1HNxnciwbVYPFWovz6ibZgUVp59pump,Slap,Atgx1JXsp8pTQ9Qsi74wF5pLMVwHwyQc6jJCu84evN7c,0.0,435131230,0,1,1,8.186117150377942e-08,1.3121,3.209877,8.723104,0.0,0.0,5.513228,5.513228
EDbFTcQsdezqk1HNxnciwbVYPFWovz6ibZgUVp59pump,Slap,6DzM6gqRTXyDaM9C9j19ikXVoH8PCFGLa8WSXZgDvhgi,15.0,435131265,35,0,1,1.358998296289811e-07,2.1782,2.444444,6.952177,0.0,0.0,4.507733,4.507733
EDbFTcQsdezqk1HNxnciwbVYPFWovz6ibZgUVp59pump,Slap,89HbgWduLwoxcofWpmn1EiF9wEdpgkNDEyPjzZ72mkDi,18.0,435131273,43,0,1,1.4466915929956139e-07,2.3187,1.481481,5.977015,0.0,0.0,4.495533,4.495533
EDbFTcQsdezqk1HNxnciwbVYPFWovz6ibZgUVp59pump,Slap,GfJA84gwT9LpeyzeckeXkCsf8vdQuA64ZYQ91xoBawvt,0.0,435131230,0,1,1,1.2951270172652703e-07,2.0758,10.247878,14.189155,0.0,0.0,3.941277,3.941277
EDbFTcQsdezqk1HNxnciwbVYPFWovz6ibZgUVp59pump,Slap,ETUKNkEF1hqYHYUSvTWmN7CjXjhWu8XPBW7cHY2Qn5Mg,12.0,435131259,29,0,1,1.226650627755512e-07,1.9661,1.870476,5.084114,0.0,0.0,3.213638,3.213638
EDbFTcQsdezqk1HNxnciwbVYPFWovz6ibZgUVp59pump,Slap,Cvmo9SmWvBabC6ssW5uwThNKWipYJ6UUycBf4dibdQ97,24.0,435131289,59,0,1,1.58311093214736e-07,2.5374,2.325798,5.523488,0.0,0.0,3.19769,3.19769
EJV1Nrap3oRZZ9baDFrcnnmMKb83bnqLsfyDkq4dpump,Zuko,5brv79eFZ2rGprXNvqgVJBkBptkkw8GJX1XydJyZLyAr,0.0,412504319,0,1,1,6.686864714797372e-08,1.923,6.91358,10.591975,0.0,0.0,3.678395,3.678395
EJV1Nrap3oRZZ9baDFrcnnmMKb83bnqLsfyDkq4dpump,Zuko,2CHrnc2LyagAbMaMFgthiDWh7ZZ9zT9TF8WEJf7MNE71,0.0,412504319,0,1,1,3.73870867145051e-08,1.0752,1.234568,3.125248,0.0,0.0,1.89068,1.89068
EJV1Nrap3oRZZ9baDFrcnnmMKb83bnqLsfyDkq4dpump,Zuko,Atgx1JXsp8pTQ9Qsi74wF5pLMVwHwyQc6jJCu84evN7c,0.0,412504319,0,1,1,3.987528514026162e-08,1.1467,1.135802,2.895475,0.0,0.0,1.759672,1.759672
EJV1Nrap3oRZZ9baDFrcnnmMKb83bnqLsfyDkq4dpump,Zuko,8kzFH4rgFzy4ccz97AhgqRT7Qbt7HnD5oJCDK1Sxdarb,0.0,412504319,0,1,1,4.2330301526176347e-08,1.2173,1.08642,2.406137,0.0,0.0,1.319717,1.319717
EJV1Nrap3oRZZ9baDFrcnnmMKb83bnqLsfyDkq4dpump,Zuko,4htXhGA3ArNRyuiURUkbv97ERZHbqBidmpL61qZULsfx,0.0,412504319,0,1,1,7.568234234554679e-08,2.1764,2.962963,3.844679,0.0,0.0,0.881716,0.881716
EJV1Nrap3oRZZ9baDFrcnnmMKb83bnqLsfyDkq4dpump,Zuko,GfJA84gwT9LpeyzeckeXkCsf8vdQuA64ZYQ91xoBawvt,0.0,412504319,0,1,0,4.520910861945741e-08,1.3001,1.234568,1.140868,14110627.639,0.392137,-0.0937,0.298437
EJV1Nrap3oRZZ9baDFrcnnmMKb83bnqLsfyDkq4dpump,Zuko,5B79fMkcFeRTiwm7ehsZsFiKsC7m7n1Bgv9yLxPp9q2X,13.0,412504353,34,0,1,8.845620608657945e-08,2.5438,4.986667,5.27966,0.0,0.0,0.292993,0.292993
EJV1Nrap3oRZZ9baDFrcnnmMKb83bnqLsfyDkq4dpump,Zuko,7gEnRjDud56BVmBQMWLTticJoouzrpnyaAnN5A3EEqiy,0.0,412504319,0,1,1,8.344375778894808e-08,2.3996,2.469136,2.749298,0.0,0.0,0.280162,0.280162
EJV1Nrap3oRZZ9baDFrcnnmMKb83bnqLsfyDkq4dpump,Zuko,8Stx1qXxSbLxc5Dnz4m1ecCCEcTkxVU1LgJCY5cWe1k6,7.0,412504338,19,0,1,7.264087135142402e-08,2.089,2.962963,3.222654,0.0,0.0,0.259691,0.259691
EJV1Nrap3oRZZ9baDFrcnnmMKb83bnqLsfyDkq4dpump,Zuko,2Xdd6ZqoFxkodNY3TqXnYHuptwDF6rmdwG5YMWsTsnaS,0.0,412504319,0,1,1,9.09121683593291e-08,2.6144,0.689383,0.932902,0.0,0.0,0.243519,0.243519
EL8SwnwpPf3BCBY9jZoHvdtYV7kLtWiTmm6rw3E9pump,Simulator,2CHrnc2LyagAbMaMFgthiDWh7ZZ9zT9TF8WEJf7MNE71,0.0,425308407,0,1,1,7.238732037890617e-08,1.1602,3.45679,6.566584,0.0,0.0,3.109794,3.109794
EL8SwnwpPf3BCBY9jZoHvdtYV7kLtWiTmm6rw3E9pump,Simulator,Atgx1JXsp8pTQ9Qsi74wF5pLMVwHwyQc6jJCu84evN7c,0.0,425308407,0,1,1,8.2334356477295e-08,1.3197,3.209877,5.442851,0.0,0.0,2.232975,2.232975
EL8SwnwpPf3BCBY9jZoHvdtYV7kLtWiTmm6rw3E9pump,Simulator,8kzFH4rgFzy4ccz97AhgqRT7Qbt7HnD5oJCDK1Sxdarb,0.0,425308407,0,1,1,9.325745970030119e-08,1.4947,3.308642,4.873627,0.0,0.0,1.564985,1.564985
EL8SwnwpPf3BCBY9jZoHvdtYV7kLtWiTmm6rw3E9pump,Simulator,DwWuSoFa1gtNPbDxMRpDnQy7KnaLqBqDA9cHqM3TnsLw,14.0,425308442,35,0,0,1.6389575092541756e-07,2.6269,0.123669,0.449432,28783703.25,0.562376,0.325764,0.88814
EL8SwnwpPf3BCBY9jZoHvdtYV7kLtWiTmm6rw3E9pump,Simulator,9A7um9R3So5a9ZgiE8H4DmrcSPhLeA18u1VbsUUKjS5A,5.0,425308419,12,0,1,1.5118931552183338e-07,2.4233,0.039701,0.921627,0.0,0.0,0.881926,0.881926
EL8SwnwpPf3BCBY9jZoHvdtYV7kLtWiTmm6rw3E9pump,Simulator,GfJA84gwT9LpeyzeckeXkCsf8vdQuA64ZYQ91xoBawvt,0.0,425308407,0,1,1,1.0432662450102947e-07,1.6721,3.160494,3.943154,0.0,0.0,0.78266,0.78266
EL8SwnwpPf3BCBY9jZoHvdtYV7kLtWiTmm6rw3E9pump,Simulator,2CQgjcdNEo7WtbQLpJTAVcC3Ga61pNvRDTgP5grzctFG,0.0,425308407,0,1,1,1.4668827091918615e-07,2.3511,4.148148,4.908155,0.0,0.0,0.760007,0.760007
EL8SwnwpPf3BCBY9jZoHvdtYV7kLtWiTmm6rw3E9pump,Simulator,5nsDhZRGdxtWFDdBbexvYUEh59EeFKpsRCH75mRkywjn,5.0,425308419,12,0,1,1.4704132473832083e-07,2.3568,0.02677,0.617704,0.0,0.0,0.590934,0.590934
EL8SwnwpPf3BCBY9jZoHvdtYV7kLtWiTmm6rw3E9pump,Simulator,2ccgxuZv5NEngCwWqj6zjwxHWVc8RDwXgMUfUnmpTYHQ,0.0,425308408,1,0,1,1.5876076778240116e-07,2.5446,1.975309,2.474786,0.0,0.0,0.499478,0.499478
EL8SwnwpPf3BCBY9jZoHvdtYV7kLtWiTmm6rw3E9pump,Simulator,HsLCH3BbVWEJubUS3rwkbpBsFvXf3Pcc2kwBXYtWVo3g,5.0,425308420,13,0,1,1.3407150854488764e-07,2.1489,0.017473,0.361388,0.0,0.0,0.343915,0.343915
EYCLUmraT2HU6h3YgEQins1CZ6BEQx4CyZA3v6azpump,Memestock,EgQX9R3Qph1dPHE1Ysou1auSYqRGomCNmLDC28Yg77aq,0.0,415120378,0,1,1,8.504149573996065e-08,2.2426,11.851852,23.684684,0.0,0.0,11.832833,11.832833
EYCLUmraT2HU6h3YgEQins1CZ6BEQx4CyZA3v6azpump,Memestock,2CHrnc2LyagAbMaMFgthiDWh7ZZ9zT9TF8WEJf7MNE71,0.0,415120378,0,1,1,4.0648472125148085e-08,1.0719,1.234568,5.111917,0.0,0.0,3.877349,3.877349
EYCLUmraT2HU6h3YgEQins1CZ6BEQx4CyZA3v6azpump,Memestock,Atgx1JXsp8pTQ9Qsi74wF5pLMVwHwyQc6jJCu84evN7c,0.0,415120378,0,1,1,4.324121670330064e-08,1.1403,1.135802,4.454551,0.0,0.0,3.318748,3.318748
EYCLUmraT2HU6h3YgEQins1CZ6BEQx4CyZA3v6azpump,Memestock,8kzFH4rgFzy4ccz97AhgqRT7Qbt7HnD5oJCDK1Sxdarb,0.0,415120378,0,1,1,4.579623375672285e-08,1.2077,1.08642,3.759264,0.0,0.0,2.672844,2.672844
EYCLUmraT2HU6h3YgEQins1CZ6BEQx4CyZA3v6azpump,Memestock,6QVGEKKuRiYg3K2Fq5EHYcuATVyEERG8M1VCHRShTVLX,0.0,415120378,0,1,1,9.809280710793682e-08,2.5868,3.871605,5.408466,0.0,0.0,1.536861,1.536861
EYCLUmraT2HU6h3YgEQins1CZ6BEQx4CyZA3v6azpump,Memestock,4htXhGA3ArNRyuiURUkbv97ERZHbqBidmpL61qZULsfx,0.0,415120378,0,1,0,1.0871015070918599e-07,2.8667,2.962963,3.804756,8607833.282,0.154099,0.841793,0.995891
EYCLUmraT2HU6h3YgEQins1CZ6BEQx4CyZA3v6azpump,Memestock,2MscJvkF1E7CMMt6aeVu7gkomqAHgw33DvSrKrifJc8V,2.0,415120384,6,0,1,1.2691469736435965e-07,3.3468,0.977778,1.296748,0.0,0.0,0.31897,0.31897
EYCLUmraT2HU6h3YgEQins1CZ6BEQx4CyZA3v6azpump,Memestock,DmWYFzd3cFixF3sNZovxH62vWfCksWHEncxk5HE2aKJ6,8.0,415120399,21,0,1,1.3741005845983869e-07,3.6236,1.481481,1.796953,0.0,0.0,0.315472,0.315472
EYCLUmraT2HU6h3YgEQins1CZ6BEQx4CyZA3v6azpump,Memestock,G17eLgTKkGY3UH6bNBDdbeRPojNHkWuKD69NDibh79i9,2.0,415120384,6,0,1,1.2217733413107318e-07,3.2219,1.147186,1.434681,0.0,0.0,0.287495,0.287495
EYCLUmraT2HU6h3YgEQins1CZ6BEQx4CyZA3v6azpump,Memestock,swag6aBGmqkAJFVB8w8GK67pjKoUgS5jcTcLy4MWb3m,23.0,415120438,60,0,1,1.5277743728596326e-07,4.0288,0.987654,1.248217,0.0,0.0,0.260563,0.260563
EYN1xR5V41eG14eWC5eoHr5s4CnEt3KWb2WEvhd8pump,AIB,GhNgR53EzCuFrusWGvLW51P4bX6TSTtBzjf8qLEcFeMv,12.0,430556311,28,0,1,8.79325089387392e-08,1.4094,5.925926,7.115658,0.0,0.0,1.189732,1.189732
EYN1xR5V41eG14eWC5eoHr5s4CnEt3KWb2WEvhd8pump,AIB,2CHrnc2LyagAbMaMFgthiDWh7ZZ9zT9TF8WEJf7MNE71,0.0,430556283,0,1,1,7.194368105694149e-08,1.1531,3.308642,4.325098,0.0,0.0,1.016456,1.016456
EYN1xR5V41eG14eWC5eoHr5s4CnEt3KWb2WEvhd8pump,AIB,GmNi3xSt4zSB3PEuwDmT41V7KobZBaPnCeN26sJX8DUs,16.0,430556321,38,0,1,6.928612384684909e-08,1.1105,1.975309,2.663471,0.0,0.0,0.688162,0.688162
EYN1xR5V41eG14eWC5eoHr5s4CnEt3KWb2WEvhd8pump,AIB,7wJ4xxReWt1Hh55TSFDVZRvGmXi4QKsXTNetaiFPNpbg,0.0,430556283,0,1,1,1.3431091556623816e-07,2.1527,1.185185,1.600618,0.0,0.0,0.415433,0.415433
EYN1xR5V41eG14eWC5eoHr5s4CnEt3KWb2WEvhd8pump,AIB,5brv79eFZ2rGprXNvqgVJBkBptkkw8GJX1XydJyZLyAr,0.0,430556283,0,1,1,1.4668827091695538e-07,2.3511,2.962963,3.375495,0.0,0.0,0.412532,0.412532
EYN1xR5V41eG14eWC5eoHr5s4CnEt3KWb2WEvhd8pump,AIB,GDQeTnqkyeLyRSjWaeFY5HsxaWoQmmXFc1N6wyuuHiQD,0.0,430556283,0,1,1,1.767630171261527e-07,2.8331,2.469136,2.809079,0.0,0.0,0.339944,0.339944
EYN1xR5V41eG14eWC5eoHr5s4CnEt3KWb2WEvhd8pump,AIB,2V6LVH3jY75M7XZgkhd2DCY7D8CQYZ6PAPayXbtrRgUA,0.0,430556283,0,1,1,1.5222118663834654e-07,2.4398,1.283951,1.566698,0.0,0.0,0.282747,0.282747
EYN1xR5V41eG14eWC5eoHr5s4CnEt3KWb2WEvhd8pump,AIB,8U3rggHbZK1VtFMA55JDyhPPy66eF8UZAQtENCo2Ur57,14.0,430556317,34,0,1,7.89492803352383e-08,1.2654,1.466667,1.735684,0.0,0.0,0.269017,0.269017
EYN1xR5V41eG14eWC5eoHr5s4CnEt3KWb2WEvhd8pump,AIB,2t2u46cL1tP99Hq5LyEC3fwtL1wNWrHSh2JxRhnQJ8tu,13.0,430556315,32,0,1,8.659119082429973e-08,1.3879,0.88,1.084898,0.0,0.0,0.204898,0.204898
EYN1xR5V41eG14eWC5eoHr5s4CnEt3KWb2WEvhd8pump,AIB,4uBqztBzwjbb4HS7ZUspeordDkagY5fYENAeiqi8xcYU,25.0,430556343,60,0,1,6.931389058088905e-08,1.111,0.88,1.037415,0.0,0.0,0.157415,0.157415
EZum81Bs7pECU7cttRDiJMwSieJJ9mZBjbbCc7Prpump,wawa,E9A63aqLByYGHT1StvJxu9hESmKfFzTfJ8PfZrnN153e,0.0,414036632,0,1,0,7.417551410755263e-08,2.1331,9.876543,16.493581,45001799.701,0.980565,6.617037,7.597602
EZum81Bs7pECU7cttRDiJMwSieJJ9mZBjbbCc7Prpump,wawa,Atgx1JXsp8pTQ9Qsi74wF5pLMVwHwyQc6jJCu84evN7c,0.0,414036632,0,1,1,3.987528514026162e-08,1.1467,1.135802,5.674106,0.0,0.0,4.538304,4.538304
EZum81Bs7pECU7cttRDiJMwSieJJ9mZBjbbCc7Prpump,wawa,8kzFH4rgFzy4ccz97AhgqRT7Qbt7HnD5oJCDK1Sxdarb,0.0,414036632,0,1,1,4.2330301526176347e-08,1.2173,1.08642,4.916712,0.0,0.0,3.830293,3.830293
EZum81Bs7pECU7cttRDiJMwSieJJ9mZBjbbCc7Prpump,wawa,24PfgUG3JZHbaa8VcR3RwQEBcTXxUCGRV6HbaNvhy5at,0.0,414036632,0,1,0,1.1082575877238778e-07,3.1871,10.864198,13.569882,35385785.79,0.771037,2.705684,3.476721
EZum81Bs7pECU7cttRDiJMwSieJJ9mZBjbbCc7Prpump,wawa,2CHrnc2LyagAbMaMFgthiDWh7ZZ9zT9TF8WEJf7MNE71,0.0,414036632,0,1,1,3.73870867145051e-08,1.0752,1.234568,4.597934,0.0,0.0,3.363366,3.363366
EZum81Bs7pECU7cttRDiJMwSieJJ9mZBjbbCc7Prpump,wawa,qKpZbAeu97Ba4sgpRqEehXD7dSwxWW59pNQkWSxsySJ,5.0,414036645,13,0,1,1.0224064906460272e-07,2.9402,5.925926,7.140804,0.0,0.0,1.214878,1.214878
EZum81Bs7pECU7cttRDiJMwSieJJ9mZBjbbCc7Prpump,wawa,5P8A9bGUhroskpuA4hhRbybgt37TcTz7ft5zLAh8orpn,0.0,414036632,0,1,0,4.7220788712519736e-08,1.358,1.08642,1.913335,13312532.859,0.290073,0.826915,1.116988
EZum81Bs7pECU7cttRDiJMwSieJJ9mZBjbbCc7Prpump,wawa,GfJA84gwT9LpeyzeckeXkCsf8vdQuA64ZYQ91xoBawvt,0.0,414036632,0,1,0,4.4625771392434985e-08,1.2833,0.987654,1.825753,12782298.194,0.278519,0.838099,1.116618
EZum81Bs7pECU7cttRDiJMwSieJJ9mZBjbbCc7Prpump,wawa,NoqPdBtyz8xCeTQtj4FcnKpF39Td2cBnw1DrFWFTkS7,5.0,414036645,13,0,1,1.2495172302727583e-07,3.5933,2.933333,4.027482,0.0,0.0,1.094149,1.094149
EZum81Bs7pECU7cttRDiJMwSieJJ9mZBjbbCc7Prpump,wawa,5eKM4pV2sfEjngNrTyhnEGGzKbrBD4atSJojfqoveAzc,4.0,414036644,12,0,0,9.87705416721186e-08,2.8404,1.955556,2.820089,3695686.772,0.080527,0.864534,0.945061
EiAsJvYospNxVPtUoGbjUreXNbWcxdpKaiqeJNk6pump,shrek,2CHrnc2LyagAbMaMFgthiDWh7ZZ9zT9TF8WEJf7MNE71,0.0,435795679,0,1,1,7.194368105694149e-08,1.1531,3.308642,8.211965,0.0,0.0,4.903323,4.903323
EiAsJvYospNxVPtUoGbjUreXNbWcxdpKaiqeJNk6pump,shrek,7WSDufZW7ScdYeWDooJaMLL51BmzM7zwaFu7TZGwq63k,6.0,435795693,14,0,0,1.4298165785476313e-07,2.2917,3.911111,0.0,25849480.218,8.043956,-3.911111,4.132845
EiAsJvYospNxVPtUoGbjUreXNbWcxdpKaiqeJNk6pump,shrek,Atgx1JXsp8pTQ9Qsi74wF5pLMVwHwyQc6jJCu84evN7c,0.0,435795679,0,1,1,8.186117150377942e-08,1.3121,3.209877,6.8611,0.0,0.0,3.651224,3.651224
EiAsJvYospNxVPtUoGbjUreXNbWcxdpKaiqeJNk6pump,shrek,RaumM8xs2ND355g3LHBmTdVCRtNJmfMSnGK4Ek2c2Yj,8.0,435795699,20,0,0,1.4286339518840782e-07,2.2898,3.422222,0.0,22522284.428,7.008584,-3.422222,3.586362
EiAsJvYospNxVPtUoGbjUreXNbWcxdpKaiqeJNk6pump,shrek,D6kGjrt6y8myyncjD2sUzNehDsL6gbLKmfcP5jd35P1r,7.0,435795697,18,0,0,1.4321701356426465e-07,2.2955,2.933333,0.0,20100177.885,6.254862,-2.933333,3.321529
EiAsJvYospNxVPtUoGbjUreXNbWcxdpKaiqeJNk6pump,shrek,8kzFH4rgFzy4ccz97AhgqRT7Qbt7HnD5oJCDK1Sxdarb,0.0,435795679,0,1,1,9.258624310210086e-08,1.484,3.259259,5.489843,0.0,0.0,2.230584,2.230584
EiAsJvYospNxVPtUoGbjUreXNbWcxdpKaiqeJNk6pump,shrek,GDQeTnqkyeLyRSjWaeFY5HsxaWoQmmXFc1N6wyuuHiQD,0.0,435795679,0,1,1,1.4375143314274364e-07,2.304,3.45679,5.072808,0.0,0.0,1.616018,1.616018
EiAsJvYospNxVPtUoGbjUreXNbWcxdpKaiqeJNk6pump,shrek,9iCHasTLbor5fMecFaLGGibE6E9abt9gj5sSr1d2YgE2,26.0,435795741,62,0,0,1.6851559698845409e-07,2.701,1.466667,0.0,9628774.54,2.996325,-1.466667,1.529658
EiAsJvYospNxVPtUoGbjUreXNbWcxdpKaiqeJNk6pump,shrek,GfJA84gwT9LpeyzeckeXkCsf8vdQuA64ZYQ91xoBawvt,0.0,435795679,0,1,1,1.0361661976534297e-07,1.6608,3.160494,4.507367,0.0,0.0,1.346873,1.346873
EiAsJvYospNxVPtUoGbjUreXNbWcxdpKaiqeJNk6pump,shrek,GTak962xhuv3JHVj74pwJW3inWBmNyXDUJSXtaGsVcQo,0.0,435795679,0,1,1,1.5873259375292192e-07,2.5442,3.45679,4.703877,0.0,0.0,1.247087,1.247087
EijM3FJm9Ka6Cf6byQB1GdeJxhZqAayfzuV4Xp9Jpump,Restoration,2CHrnc2LyagAbMaMFgthiDWh7ZZ9zT9TF8WEJf7MNE71,0.0,435814280,0,1,1,7.194368105694149e-08,1.1531,3.308642,6.737887,0.0,0.0,3.429245,3.429245
EijM3FJm9Ka6Cf6byQB1GdeJxhZqAayfzuV4Xp9Jpump,Restoration,Atgx1JXsp8pTQ9Qsi74wF5pLMVwHwyQc6jJCu84evN7c,0.0,435814280,0,1,1,8.186117150377942e-08,1.3121,3.209877,4.840016,0.0,0.0,1.630139,1.630139
EijM3FJm9Ka6Cf6byQB1GdeJxhZqAayfzuV4Xp9Jpump,Restoration,5brv79eFZ2rGprXNvqgVJBkBptkkw8GJX1XydJyZLyAr,0.0,435814280,0,1,1,1.500810208552952e-07,2.4055,4.938272,6.029072,0.0,0.0,1.0908,1.0908
EijM3FJm9Ka6Cf6byQB1GdeJxhZqAayfzuV4Xp9Jpump,Restoration,8kzFH4rgFzy4ccz97AhgqRT7Qbt7HnD5oJCDK1Sxdarb,0.0,435814280,0,1,1,9.258624310210086e-08,1.484,3.259259,4.222133,0.0,0.0,0.962874,0.962874
EijM3FJm9Ka6Cf6byQB1GdeJxhZqAayfzuV4Xp9Jpump,Restoration,GDQeTnqkyeLyRSjWaeFY5HsxaWoQmmXFc1N6wyuuHiQD,0.0,435814280,0,1,1,1.8471958541541908e-07,2.9607,3.45679,4.269718,0.0,0.0,0.812928,0.812928
EijM3FJm9Ka6Cf6byQB1GdeJxhZqAayfzuV4Xp9Jpump,Restoration,Anubis512ho5t7S6LNSwoxUWdeQmX2kf3RvZ8ApHHF5w,0.0,435814280,0,1,1,1.894933539534325e-07,3.0372,2.212346,2.90321,0.0,0.0,0.690864,0.690864
EijM3FJm9Ka6Cf6byQB1GdeJxhZqAayfzuV4Xp9Jpump,Restoration,8U3rggHbZK1VtFMA55JDyhPPy66eF8UZAQtENCo2Ur57,10.0,435814304,24,0,1,1.229929180448521e-07,1.9713,5.866667,6.410354,0.0,0.0,0.543687,0.543687
EijM3FJm9Ka6Cf6byQB1GdeJxhZqAayfzuV4Xp9Jpump,Restoration,2t2u46cL1tP99Hq5LyEC3fwtL1wNWrHSh2JxRhnQJ8tu,10.0,435814304,24,0,1,1.2684513785167198e-07,2.0331,1.955556,2.34156,0.0,0.0,0.386004,0.386004
EijM3FJm9Ka6Cf6byQB1GdeJxhZqAayfzuV4Xp9Jpump,Restoration,AfPWFykWPZZxU2CyF6BcPoY2v8VEkmYS7ZggvELK7Pv1,0.0,435814280,0,1,1,1.9431626030518297e-07,3.1145,1.481481,1.725168,0.0,0.0,0.243687,0.243687
EijM3FJm9Ka6Cf6byQB1GdeJxhZqAayfzuV4Xp9Jpump,Restoration,8TABNTfxc5cYrV2Xs4vA9pnV2UT2wxVT67DYiCeYLEB5,1.0,435814283,3,0,1,2.1664350290645854e-07,3.4723,1.47769,1.682927,0.0,0.0,0.205237,0.205237
EsPnd3XRuNLmWJvGHEjb3Mg9wdDSMhEoTzFErXmypump,win,5brv79eFZ2rGprXNvqgVJBkBptkkw8GJX1XydJyZLyAr,0.0,411446514,0,1,1,5.96713263829214e-08,1.716,6.91358,14.13952,0.0,0.0,7.22594,7.22594
EsPnd3XRuNLmWJvGHEjb3Mg9wdDSMhEoTzFErXmypump,win,7gEnRjDud56BVmBQMWLTticJoouzrpnyaAnN5A3EEqiy,0.0,411446514,0,1,1,7.387596666180368e-08,2.1245,4.938272,6.586605,0.0,0.0,1.648334,1.648334
EsPnd3XRuNLmWJvGHEjb3Mg9wdDSMhEoTzFErXmypump,win,2CHrnc2LyagAbMaMFgthiDWh7ZZ9zT9TF8WEJf7MNE71,0.0,411446514,0,1,1,3.73870867145051e-08,1.0752,1.234568,2.862505,0.0,0.0,1.627937,1.627937
EsPnd3XRuNLmWJvGHEjb3Mg9wdDSMhEoTzFErXmypump,win,Atgx1JXsp8pTQ9Qsi74wF5pLMVwHwyQc6jJCu84evN7c,0.0,411446514,0,1,1,3.9787393646277536e-08,1.1442,1.096296,2.366757,0.0,0.0,1.270461,1.270461
EsPnd3XRuNLmWJvGHEjb3Mg9wdDSMhEoTzFErXmypump,win,5s4F9of2LYCURsaSHGDAc35xfD5dmqyhgKuRFjSeqRNe,0.0,411446514,0,1,1,8.633059525702531e-08,2.4827,3.950617,4.86601,0.0,0.0,0.915393,0.915393
EsPnd3XRuNLmWJvGHEjb3Mg9wdDSMhEoTzFErXmypump,win,8kzFH4rgFzy4ccz97AhgqRT7Qbt7HnD5oJCDK1Sxdarb,0.0,411446514,0,1,1,4.233030152846853e-08,1.2173,1.125926,2.023227,0.0,0.0,0.897301,0.897301
EsPnd3XRuNLmWJvGHEjb3Mg9wdDSMhEoTzFErXmypump,win,8Stx1qXxSbLxc5Dnz4m1ecCCEcTkxVU1LgJCY5cWe1k6,4.0,411446524,10,0,1,9.542036796369491e-08,2.7441,5.925926,6.658704,0.0,0.0,0.732778,0.732778
EsPnd3XRuNLmWJvGHEjb3Mg9wdDSMhEoTzFErXmypump,win,3RHCsZRxbQ8NnxwL1xwbbAZaFy2CkKZfozLDL46TCZXh,6.0,411446527,13,0,1,9.429584674416349e-08,2.7117,2.432099,2.824165,0.0,0.0,0.392067,0.392067
EsPnd3XRuNLmWJvGHEjb3Mg9wdDSMhEoTzFErXmypump,win,25PuSE1RVeeau3XhVLY4Wrhu1D5osFf5DZkYqVqKHmDf,0.0,411446514,0,1,1,9.008746732106207e-08,2.5907,0.493827,0.626592,0.0,0.0,0.132764,0.132764
EsPnd3XRuNLmWJvGHEjb3Mg9wdDSMhEoTzFErXmypump,win,2Xdd6ZqoFxkodNY3TqXnYHuptwDF6rmdwG5YMWsTsnaS,0.0,411446514,0,1,1,8.762287369810779e-08,2.5198,0.393086,0.498055,0.0,0.0,0.104969,0.104969
EsWMxxgrtZCk2wy5bJK18VKUTV4hDDSNuhV7FLxopump,aliens,5brv79eFZ2rGprXNvqgVJBkBptkkw8GJX1XydJyZLyAr,0.0,411907063,0,1,1,7.387596666651919e-08,2.1245,11.851852,18.402324,0.0,0.0,6.550472,6.550472
EsWMxxgrtZCk2wy5bJK18VKUTV4hDDSNuhV7FLxopump,aliens,2CHrnc2LyagAbMaMFgthiDWh7ZZ9zT9TF8WEJf7MNE71,0.0,411907063,0,1,1,3.73870867145051e-08,1.0752,1.234568,2.364849,0.0,0.0,1.130281,1.130281
EsWMxxgrtZCk2wy5bJK18VKUTV4hDDSNuhV7FLxopump,aliens,RTYizu6bjvFTBfiS56cEoqkKRqk5xa5VBKsHQUeUNDs,5.0,411907076,13,0,1,8.530918608429624e-08,2.4533,5.925926,6.672662,0.0,0.0,0.746736,0.746736
EsWMxxgrtZCk2wy5bJK18VKUTV4hDDSNuhV7FLxopump,aliens,Atgx1JXsp8pTQ9Qsi74wF5pLMVwHwyQc6jJCu84evN7c,0.0,411907063,0,1,1,3.9787393646277536e-08,1.1442,1.096296,1.684157,0.0,0.0,0.58786,0.58786
EsWMxxgrtZCk2wy5bJK18VKUTV4hDDSNuhV7FLxopump,aliens,8kzFH4rgFzy4ccz97AhgqRT7Qbt7HnD5oJCDK1Sxdarb,0.0,411907063,0,1,1,4.233030152846853e-08,1.2173,1.125926,1.693625,0.0,0.0,0.567699,0.567699
EsWMxxgrtZCk2wy5bJK18VKUTV4hDDSNuhV7FLxopump,aliens,Gj5PtdfcU3LF8k2wLegRGyCVcrdk1tUkt1WitL4YcMv5,7.0,411907081,18,0,1,9.08059402129666e-08,2.6114,3.161728,3.608726,0.0,0.0,0.446997,0.446997
EsWMxxgrtZCk2wy5bJK18VKUTV4hDDSNuhV7FLxopump,aliens,13H2M1C3w2pwr6oYf6ZKcPGNut6mQedRAFzCpMF2iGJK,0.0,411907063,0,1,1,9.292154834858892e-08,2.6722,0.987654,1.134957,0.0,0.0,0.147303,0.147303
EsWMxxgrtZCk2wy5bJK18VKUTV4hDDSNuhV7FLxopump,aliens,E35uoEGT6mR2ae94KNuSfk4X86y7bcNeomDNV4T7GaFs,7.0,411907081,18,0,1,9.464836790242081e-08,2.7219,0.652285,0.749768,0.0,0.0,0.097483,0.097483
EsWMxxgrtZCk2wy5bJK18VKUTV4hDDSNuhV7FLxopump,aliens,DzRqREhHeiSVpGSurhnHvyqoFrweh99u9yUSdXL6CQft,7.0,411907081,18,0,1,9.695337220884523e-08,2.7881,0.668075,0.731015,0.0,0.0,0.06294,0.06294
EsWMxxgrtZCk2wy5bJK18VKUTV4hDDSNuhV7FLxopump,aliens,7FovysP3MGZjFb2MRPtQPn27Ntejdjot2u2WAyL1fUaA,5.0,411907076,13,0,1,9.039958198394863e-08,2.5997,2.962963,2.999401,0.0,0.0,0.036439,0.036439
EsYYK3tsx5VjqPDbML99gr7iYSLhfEJLLdBPU9oKpump,100,EgQX9R3Qph1dPHE1Ysou1auSYqRGomCNmLDC28Yg77aq,0.0,410307411,0,1,1,5.3779942550116265e-08,1.5019,4.2,6.06148,0.0,0.0,1.86148,1.86148
EsYYK3tsx5VjqPDbML99gr7iYSLhfEJLLdBPU9oKpump,100,2CHrnc2LyagAbMaMFgthiDWh7ZZ9zT9TF8WEJf7MNE71,0.0,410307411,0,1,1,3.845906356913175e-08,1.074,1.234568,2.399118,0.0,0.0,1.16455,1.16455
EsYYK3tsx5VjqPDbML99gr7iYSLhfEJLLdBPU9oKpump,100,Gj5PtdfcU3LF8k2wLegRGyCVcrdk1tUkt1WitL4YcMv5,4.0,410307423,12,0,1,6.525589712914604e-08,1.8224,3.161728,4.073492,0.0,0.0,0.911764,0.911764
EsYYK3tsx5VjqPDbML99gr7iYSLhfEJLLdBPU9oKpump,100,Atgx1JXsp8pTQ9Qsi74wF5pLMVwHwyQc6jJCu84evN7c,0.0,410307411,0,1,1,4.089300708911314e-08,1.142,1.096296,1.836909,0.0,0.0,0.740612,0.740612
EsYYK3tsx5VjqPDbML99gr7iYSLhfEJLLdBPU9oKpump,100,Bj9FyEyATriPi5bsR9MNaHEDdtMcv7papFUV1rTidu7s,0.0,410307411,0,1,1,6.083337656492467e-08,1.6989,2.644444,3.247627,0.0,0.0,0.603182,0.603182
EsYYK3tsx5VjqPDbML99gr7iYSLhfEJLLdBPU9oKpump,100,8kzFH4rgFzy4ccz97AhgqRT7Qbt7HnD5oJCDK1Sxdarb,0.0,410307411,0,1,1,4.347046065647312e-08,1.214,1.125926,1.670123,0.0,0.0,0.544197,0.544197
EsYYK3tsx5VjqPDbML99gr7iYSLhfEJLLdBPU9oKpump,100,Dogz5UoxqULHUE3CMWbCrNTwMsCBsnhcGe8Uuk2hwvv3,4.0,410307423,12,0,1,5.489068675923164e-08,1.5329,0.977778,1.388284,0.0,0.0,0.410506,0.410506
EsYYK3tsx5VjqPDbML99gr7iYSLhfEJLLdBPU9oKpump,100,44y3X73HyAjCupReLc6S8FKLNoJoYudpxeoQFxHm4Jsv,4.0,410307423,12,0,1,5.340742392343423e-08,1.4915,1.503532,1.813758,0.0,0.0,0.310226,0.310226
EsYYK3tsx5VjqPDbML99gr7iYSLhfEJLLdBPU9oKpump,100,AtkkpV7NxAUhXP58xpa6d43aizpBm13Khi9si8QP6B9g,4.0,410307423,12,0,1,5.656309852830237e-08,1.5796,0.635556,0.8299,0.0,0.0,0.194345,0.194345
EsYYK3tsx5VjqPDbML99gr7iYSLhfEJLLdBPU9oKpump,100,7gEnRjDud56BVmBQMWLTticJoouzrpnyaAnN5A3EEqiy,0.0,410307411,0,1,1,6.63855348384306e-08,1.854,1.975309,2.161539,0.0,0.0,0.18623,0.18623
EvHSTyDpJVXovjHdsM5ccdVTpy6etftfHt26W6Q1pump,クマ,2CHrnc2LyagAbMaMFgthiDWh7ZZ9zT9TF8WEJf7MNE71,0.0,425334801,0,1,1,7.238732037890617e-08,1.1602,3.45679,5.600758,0.0,0.0,2.143968,2.143968
EvHSTyDpJVXovjHdsM5ccdVTpy6etftfHt26W6Q1pump,クマ,Atgx1JXsp8pTQ9Qsi74wF5pLMVwHwyQc6jJCu84evN7c,0.0,425334801,0,1,1,8.2334356477295e-08,1.3197,3.209877,4.292435,0.0,0.0,1.082559,1.082559
EvHSTyDpJVXovjHdsM5ccdVTpy6etftfHt26W6Q1pump,クマ,B8vYdiPJCJBUX2ZqSDXhs76vw6rMqstZgHQfwjmmtt21,4.0,425334812,11,0,1,1.3501662328622438e-07,2.164,8.296296,9.13928,0.0,0.0,0.842984,0.842984
EvHSTyDpJVXovjHdsM5ccdVTpy6etftfHt26W6Q1pump,クマ,8kzFH4rgFzy4ccz97AhgqRT7Qbt7HnD5oJCDK1Sxdarb,0.0,425334801,0,1,1,9.325745970030119e-08,1.4947,3.308642,3.973479,0.0,0.0,0.664837,0.664837
EvHSTyDpJVXovjHdsM5ccdVTpy6etftfHt26W6Q1pump,クマ,DeNwH63Xgj3a4bXXHw79BiL5iBUNBQVaRYeLHQTQxL7z,19.0,425334849,48,0,1,1.2979297878093804e-07,2.0803,0.017033,0.331962,0.0,0.0,0.314929,0.314929
EvHSTyDpJVXovjHdsM5ccdVTpy6etftfHt26W6Q1pump,クマ,Bhv2qFE1KY8ZqqGUjcq88kX7GLNBA4rxiSM8Ad8ENPWy,0.0,425334801,0,1,1,1.500810208358472e-07,2.4055,1.975309,2.258443,0.0,0.0,0.283135,0.283135
EvHSTyDpJVXovjHdsM5ccdVTpy6etftfHt26W6Q1pump,クマ,Anubis512ho5t7S6LNSwoxUWdeQmX2kf3RvZ8ApHHF5w,0.0,425334801,0,1,1,1.7193616672400547e-07,2.7558,1.925926,2.132784,0.0,0.0,0.206858,0.206858
EvHSTyDpJVXovjHdsM5ccdVTpy6etftfHt26W6Q1pump,クマ,DuuRTor81GRbkNPPTmpwLDVhgtLvnbYpb1dcSuxHNFZW,12.0,425334832,31,0,1,1.1680748271154993e-07,1.8722,1.66903,1.853213,0.0,0.0,0.184183,0.184183
EvHSTyDpJVXovjHdsM5ccdVTpy6etftfHt26W6Q1pump,クマ,GfJA84gwT9LpeyzeckeXkCsf8vdQuA64ZYQ91xoBawvt,0.0,425334801,0,1,1,1.0432662450102947e-07,1.6721,3.160494,3.333007,0.0,0.0,0.172513,0.172513
EvHSTyDpJVXovjHdsM5ccdVTpy6etftfHt26W6Q1pump,クマ,4L2bgLAeRun4HKBGtfS8z62DtJCXTnQfb6ie361opotv,9.0,425334823,22,0,1,1.08422206976829e-07,1.7378,0.493778,0.631983,0.0,0.0,0.138205,0.138205
EzrXiBWKcr3WSGLdJWeXvfBSkWRHkaymU7gW5fXpump,Kittens,2CHrnc2LyagAbMaMFgthiDWh7ZZ9zT9TF8WEJf7MNE71,0.0,426845358,0,1,1,7.194368105694149e-08,1.1531,3.308642,5.607182,0.0,0.0,2.29854,2.29854
EzrXiBWKcr3WSGLdJWeXvfBSkWRHkaymU7gW5fXpump,Kittens,Atgx1JXsp8pTQ9Qsi74wF5pLMVwHwyQc6jJCu84evN7c,0.0,426845358,0,1,1,8.186117150377942e-08,1.3121,3.209877,4.519945,0.0,0.0,1.310068,1.310068
EzrXiBWKcr3WSGLdJWeXvfBSkWRHkaymU7gW5fXpump,Kittens,5brv79eFZ2rGprXNvqgVJBkBptkkw8GJX1XydJyZLyAr,0.0,426845359,1,0,1,1.5024100770998198e-07,2.4081,2.962963,3.723265,0.0,0.0,0.760302,0.760302
EzrXiBWKcr3WSGLdJWeXvfBSkWRHkaymU7gW5fXpump,Kittens,2CQgjcdNEo7WtbQLpJTAVcC3Ga61pNvRDTgP5grzctFG,0.0,426845359,1,0,1,1.3771137861508857e-07,2.2072,3.0,3.469925,0.0,0.0,0.469925,0.469925
EzrXiBWKcr3WSGLdJWeXvfBSkWRHkaymU7gW5fXpump,Kittens,Bhv2qFE1KY8ZqqGUjcq88kX7GLNBA4rxiSM8Ad8ENPWy,0.0,426845359,1,0,1,1.5889712609673598e-07,2.5468,1.975309,2.416317,0.0,0.0,0.441008,0.441008
EzrXiBWKcr3WSGLdJWeXvfBSkWRHkaymU7gW5fXpump,Kittens,8kzFH4rgFzy4ccz97AhgqRT7Qbt7HnD5oJCDK1Sxdarb,0.0,426845358,0,1,1,9.325745970029008e-08,1.4947,3.45679,3.858664,0.0,0.0,0.401874,0.401874
EzrXiBWKcr3WSGLdJWeXvfBSkWRHkaymU7gW5fXpump,Kittens,DuuRTor81GRbkNPPTmpwLDVhgtLvnbYpb1dcSuxHNFZW,16.0,426845399,41,0,1,1.2100625953981648e-07,1.9395,4.214426,4.604992,0.0,0.0,0.390566,0.390566
EzrXiBWKcr3WSGLdJWeXvfBSkWRHkaymU7gW5fXpump,Kittens,B8vYdiPJCJBUX2ZqSDXhs76vw6rMqstZgHQfwjmmtt21,13.0,426845392,34,0,1,1.1594331644525002e-07,1.8583,2.765432,3.129118,0.0,0.0,0.363686,0.363686
EzrXiBWKcr3WSGLdJWeXvfBSkWRHkaymU7gW5fXpump,Kittens,8QGBc9HRPhRvmeNU9F5AAJCajFCxka5SZLR1HPFf4DRa,9.0,426845380,22,0,1,1.472922344618457e-07,2.3608,5.925926,6.248924,0.0,0.0,0.322998,0.322998
EzrXiBWKcr3WSGLdJWeXvfBSkWRHkaymU7gW5fXpump,Kittens,GfJA84gwT9LpeyzeckeXkCsf8vdQuA64ZYQ91xoBawvt,0.0,426845358,0,1,1,1.0255615813776074e-07,1.6438,2.666667,2.886701,0.0,0.0,0.220035,0.220035
F1xSSnfVPymRxzAgbTYMAVMW2rZt3aw8457T4qiRpump,Starmie,EgQX9R3Qph1dPHE1Ysou1auSYqRGomCNmLDC28Yg77aq,0.0,416924904,0,1,1,9.63079345957652e-08,2.2752,11.851852,16.966067,0.0,0.0,5.114215,5.114215
F1xSSnfVPymRxzAgbTYMAVMW2rZt3aw8457T4qiRpump,Starmie,2CHrnc2LyagAbMaMFgthiDWh7ZZ9zT9TF8WEJf7MNE71,0.0,416924904,0,1,1,4.520910863285459e-08,1.068,1.234568,2.915929,0.0,0.0,1.681361,1.681361
F1xSSnfVPymRxzAgbTYMAVMW2rZt3aw8457T4qiRpump,Starmie,Atgx1JXsp8pTQ9Qsi74wF5pLMVwHwyQc6jJCu84evN7c,0.0,416924904,0,1,1,4.8303523228725356e-08,1.1411,1.283951,2.620732,0.0,0.0,1.336782,1.336782
F1xSSnfVPymRxzAgbTYMAVMW2rZt3aw8457T4qiRpump,Starmie,8kzFH4rgFzy4ccz97AhgqRT7Qbt7HnD5oJCDK1Sxdarb,0.0,416924904,0,1,1,5.1126269341973817e-08,1.2078,1.135802,2.184993,0.0,0.0,1.04919,1.04919
F1xSSnfVPymRxzAgbTYMAVMW2rZt3aw8457T4qiRpump,Starmie,swag6aBGmqkAJFVB8w8GK67pjKoUgS5jcTcLy4MWb3m,6.0,416924919,15,0,1,1.0535556757527762e-07,2.4889,2.432099,2.950964,0.0,0.0,0.518865,0.518865
F1xSSnfVPymRxzAgbTYMAVMW2rZt3aw8457T4qiRpump,Starmie,undwZZbXFTXAizTeeNpmygJDa4pWopEr1UCDSWpyo4y,10.0,416924928,24,0,1,1.0789071638659032e-07,2.5488,1.975309,2.374886,0.0,0.0,0.399577,0.399577
F1xSSnfVPymRxzAgbTYMAVMW2rZt3aw8457T4qiRpump,Starmie,8e1wc9nmM1A5urUv8xMySt9w2Uux6XkVtAasE6Hq4Lxf,7.0,416924922,18,0,1,1.2003214498090107e-07,2.8356,1.975309,2.287244,0.0,0.0,0.311935,0.311935
F1xSSnfVPymRxzAgbTYMAVMW2rZt3aw8457T4qiRpump,Starmie,9tid6pXgWfWE5KY6kPiYjY1B8EQrzDrq6f7FoatjW57X,4.0,416924914,10,0,1,8.9712211921749e-08,2.1193,1.437333,1.685107,0.0,0.0,0.247774,0.247774
F1xSSnfVPymRxzAgbTYMAVMW2rZt3aw8457T4qiRpump,Starmie,5P8A9bGUhroskpuA4hhRbybgt37TcTz7ft5zLAh8orpn,0.0,416924904,0,1,0,5.531629731141607e-08,1.3068,1.62963,1.445238,15321818.496,0.425326,-0.184392,0.240935
F1xSSnfVPymRxzAgbTYMAVMW2rZt3aw8457T4qiRpump,Starmie,8TPE6ca7APQJy4ZvNqDVaYNiQFxaxbcnExyPQPxP9bTM,5.0,416924916,12,0,1,9.372715921384683e-08,2.2142,0.557333,0.698102,0.0,0.0,0.140768,0.140768
F2G2n8N66KZa1EidkLxHJRs5Zes89Bfjdgqip5MQpump,punch,2CHrnc2LyagAbMaMFgthiDWh7ZZ9zT9TF8WEJf7MNE71,0.0,430146113,0,1,1,7.194368105694149e-08,1.1531,3.308642,6.124651,0.0,0.0,2.816009,2.816009
F2G2n8N66KZa1EidkLxHJRs5Zes89Bfjdgqip5MQpump,punch,Atgx1JXsp8pTQ9Qsi74wF5pLMVwHwyQc6jJCu84evN7c,0.0,430146113,0,1,1,8.186117150377942e-08,1.3121,3.209877,5.271148,0.0,0.0,2.061271,2.061271
F2G2n8N66KZa1EidkLxHJRs5Zes89Bfjdgqip5MQpump,punch,5brv79eFZ2rGprXNvqgVJBkBptkkw8GJX1XydJyZLyAr,0.0,430146113,0,1,1,1.4167187379897385e-07,2.2707,2.962963,4.021497,0.0,0.0,1.058534,1.058534
F2G2n8N66KZa1EidkLxHJRs5Zes89Bfjdgqip5MQpump,punch,8kzFH4rgFzy4ccz97AhgqRT7Qbt7HnD5oJCDK1Sxdarb,0.0,430146113,0,1,1,9.325745970029008e-08,1.4947,3.45679,4.439002,0.0,0.0,0.982212,0.982212
F2G2n8N66KZa1EidkLxHJRs5Zes89Bfjdgqip5MQpump,punch,2CQgjcdNEo7WtbQLpJTAVcC3Ga61pNvRDTgP5grzctFG,0.0,430146113,0,1,1,1.5984208998758657e-07,2.5619,4.2,4.950818,0.0,0.0,0.750818,0.750818
F2G2n8N66KZa1EidkLxHJRs5Zes89Bfjdgqip5MQpump,punch,GhNgR53EzCuFrusWGvLW51P4bX6TSTtBzjf8qLEcFeMv,16.0,430146154,41,0,1,1.206434288309945e-07,1.9337,5.185185,5.730892,0.0,0.0,0.545707,0.545707
F2G2n8N66KZa1EidkLxHJRs5Zes89Bfjdgqip5MQpump,punch,gWTmSBYYJhDf8kM9CKdej7pL96Jjq7rhTiBd6pyv2Yb,8.0,430146134,21,0,1,1.2970059052069254e-07,2.0788,1.975309,2.333819,0.0,0.0,0.35851,0.35851
F2G2n8N66KZa1EidkLxHJRs5Zes89Bfjdgqip5MQpump,punch,83PH5pFXG5yne6YiSHSKMLdSVG1e9uousuSXHNYdPXo4,18.0,430146158,45,0,1,1.1640537232919019e-07,1.8657,2.764171,2.974021,0.0,0.0,0.20985,0.20985
F2G2n8N66KZa1EidkLxHJRs5Zes89Bfjdgqip5MQpump,punch,9r3odQBfrooWSRhY46XbHZTJT8Ei2VgGXXd9kQRa6Rkp,0.0,430146113,0,1,1,1.7331990722993525e-07,2.778,2.962963,3.164663,0.0,0.0,0.2017,0.2017
F2G2n8N66KZa1EidkLxHJRs5Zes89Bfjdgqip5MQpump,punch,7cp6zxvhxbfS7QgYTB7ts2RqFf7zDYwtjfuHcEHhKLAz,0.0,430146114,1,0,1,1.719180602459413e-07,2.7555,0.891499,1.059655,0.0,0.0,0.168156,0.168156
F64aoufmfWZBY3BoqR1kVoQj4DJv6gMSkgPdTrPupump,Ceasar,LoveGx96mepkVBYJ8SU4VFdgaYfz9tD5Fd49KrnxZpT,7.0,403771837,17,0,1,,,0.0,0.875809,0.0,0.0,0.875809,0.875809
F64aoufmfWZBY3BoqR1kVoQj4DJv6gMSkgPdTrPupump,Ceasar,BFGz74Q89sFzDwRMZ8ZtDL6paYQALR78uhk2WGz2VkMB,3.0,403771828,8,0,1,4.0108402884444414e-08,1.1882,0.81,1.405431,0.0,0.0,0.595431,0.595431
F64aoufmfWZBY3BoqR1kVoQj4DJv6gMSkgPdTrPupump,Ceasar,2CHrnc2LyagAbMaMFgthiDWh7ZZ9zT9TF8WEJf7MNE71,0.0,403771820,0,1,1,3.633026147834004e-08,1.0763,1.234568,1.683065,0.0,0.0,0.448497,0.448497
F64aoufmfWZBY3BoqR1kVoQj4DJv6gMSkgPdTrPupump,Ceasar,BKwok6WpBLHkf2X8KJ7aNGP3Z1b5WPpPiTmpERe92QqU,4.0,403771829,9,0,1,5.4674812447564915e-08,1.6198,2.18682,2.628859,0.0,0.0,0.442039,0.442039
F64aoufmfWZBY3BoqR1kVoQj4DJv6gMSkgPdTrPupump,Ceasar,DVDiUa47uEUYLaVTHfHAuBLf43gPBvok3JdyFPd7nEBZ,4.0,403771829,9,0,1,4.9123355962295854e-08,1.4553,2.155771,2.565179,0.0,0.0,0.409409,0.409409
F64aoufmfWZBY3BoqR1kVoQj4DJv6gMSkgPdTrPupump,Ceasar,Fr386gujWRVp5N6vM1CVdzQEdPb5pwcjUCh9DbxugqAX,20.0,403771869,49,0,1,5.736898260672258e-08,1.6996,0.513186,0.863419,0.0,0.0,0.350233,0.350233
F64aoufmfWZBY3BoqR1kVoQj4DJv6gMSkgPdTrPupump,Ceasar,8kzFH4rgFzy4ccz97AhgqRT7Qbt7HnD5oJCDK1Sxdarb,0.0,403771820,0,1,1,4.120529401906362e-08,1.2207,1.125926,1.440264,0.0,0.0,0.314338,0.314338
F64aoufmfWZBY3BoqR1kVoQj4DJv6gMSkgPdTrPupump,Ceasar,Qz9WGULHHJtMjCyxvKPoeAs9qene7Wys9C8QAssKing,0.0,403771820,0,1,0,5.22617179672481e-08,1.5483,3.79418,3.787808,15000000.0,0.277433,-0.006372,0.271061
F64aoufmfWZBY3BoqR1kVoQj4DJv6gMSkgPdTrPupump,Ceasar,5KUS5aDfY9cRqEgYgToSs82VpTBvTUve93gFNrfggBCx,4.0,403771829,9,0,1,6.196531291815073e-08,1.8358,1.18105,1.403778,0.0,0.0,0.222728,0.222728
F64aoufmfWZBY3BoqR1kVoQj4DJv6gMSkgPdTrPupump,Ceasar,k72hnhV22tBxYaFHQApbaiEjhNqCEzica3dFZGPtWQU,23.0,403771877,57,0,1,6.251008689494837e-08,1.8519,0.488889,0.687983,0.0,0.0,0.199094,0.199094
F9kE4sAvv2dx6faqb6qHoMYocPzWv9QRmuEASeHSpump,Beagles,5brv79eFZ2rGprXNvqgVJBkBptkkw8GJX1XydJyZLyAr,0.0,417595388,1,0,1,1.122966776943108e-07,2.6529,12.839506,19.197101,0.0,0.0,6.357595,6.357595
F9kE4sAvv2dx6faqb6qHoMYocPzWv9QRmuEASeHSpump,Beagles,8kzFH4rgFzy4ccz97AhgqRT7Qbt7HnD5oJCDK1Sxdarb,0.0,417595387,0,1,1,5.150036275065318e-08,1.2166,1.283951,7.493394,0.0,0.0,6.209444,6.209444
F9kE4sAvv2dx6faqb6qHoMYocPzWv9QRmuEASeHSpump,Beagles,Atgx1JXsp8pTQ9Qsi74wF5pLMVwHwyQc6jJCu84evN7c,0.0,417595387,0,1,1,4.830352322872702e-08,1.1411,1.234568,5.655163,0.0,0.0,4.420595,4.420595
F9kE4sAvv2dx6faqb6qHoMYocPzWv9QRmuEASeHSpump,Beagles,8HTrY8mES1ZyzVLkJRvnADvdxDsb5sMAoauUBTSDodw6,4.0,417595398,11,0,1,1.0113016881137317e-07,2.3891,1.955556,6.121021,0.0,0.0,4.165466,4.165466
F9kE4sAvv2dx6faqb6qHoMYocPzWv9QRmuEASeHSpump,Beagles,6KR7SorsUQtNH6CB6JpAnWCAKeTysa95iyXeWihdNeGT,3.0,417595394,7,0,0,1.0434088899317861e-07,2.4649,4.106667,7.900431,10012460.171,0.316543,3.793764,4.110307
F9kE4sAvv2dx6faqb6qHoMYocPzWv9QRmuEASeHSpump,Beagles,2CHrnc2LyagAbMaMFgthiDWh7ZZ9zT9TF8WEJf7MNE71,0.0,417595387,0,1,1,4.532623062914296e-08,1.0708,1.283951,4.924892,0.0,0.0,3.640941,3.640941
F9kE4sAvv2dx6faqb6qHoMYocPzWv9QRmuEASeHSpump,Beagles,2ezv4U5HmPpkt2xLsKnw1FyyGmjFBeW7c166p99Hw2xB,0.0,417595388,1,0,1,6.945548260627886e-08,1.6408,3.45679,6.039259,0.0,0.0,2.582469,2.582469
F9kE4sAvv2dx6faqb6qHoMYocPzWv9QRmuEASeHSpump,Beagles,GjenjtMdQc6zFiDWarTfXxPT3LcuFw9R9t1PmQpXUBbt,14.0,417595424,37,0,1,1.620088872871466e-07,3.8273,1.975309,4.239156,0.0,0.0,2.263847,2.263847
F9kE4sAvv2dx6faqb6qHoMYocPzWv9QRmuEASeHSpump,Beagles,reeLMAP3CeAReBD9zgonbxBvGxS7ABs6o7i3fnedVqS,9.0,417595410,23,0,0,1.2719984572126118e-07,3.0049,1.007407,2.490661,636495.483,0.020123,1.483254,1.503377
F9kE4sAvv2dx6faqb6qHoMYocPzWv9QRmuEASeHSpump,Beagles,CC4Ud8MCMziQ6yVqvWqqYgnSGQ5UnEkfo6rh6BT4nap,7.0,417595405,18,0,1,1.3043621500127013e-07,3.0814,1.466667,2.892525,0.0,0.0,1.425858,1.425858
FBKyGDGLg4WYVecXfSL8Ke2fNXe8Si72NeGbcRSXpump,Nuannuan,2CHrnc2LyagAbMaMFgthiDWh7ZZ9zT9TF8WEJf7MNE71,0.0,435551794,0,1,1,7.194368105694149e-08,1.1531,8.162257,9.107126,0.0,0.0,0.944869,0.944869
FBKyGDGLg4WYVecXfSL8Ke2fNXe8Si72NeGbcRSXpump,Nuannuan,4Bf9D68XCsqVUQf7akzfEFJSYbpRBrSnwV8Qr8DkCXzn,0.0,435551794,0,1,1,1.6779567035540986e-07,2.6894,2.962963,3.840485,0.0,0.0,0.877522,0.877522
FBKyGDGLg4WYVecXfSL8Ke2fNXe8Si72NeGbcRSXpump,Nuannuan,5brv79eFZ2rGprXNvqgVJBkBptkkw8GJX1XydJyZLyAr,0.0,435551794,0,1,1,1.4167187380316767e-07,2.2707,2.962963,3.565114,0.0,0.0,0.602151,0.602151
FBKyGDGLg4WYVecXfSL8Ke2fNXe8Si72NeGbcRSXpump,Nuannuan,Anubis512ho5t7S6LNSwoxUWdeQmX2kf3RvZ8ApHHF5w,0.0,435551795,1,0,1,1.8256503516024642e-07,2.9261,2.212346,2.734257,0.0,0.0,0.521912,0.521912
FBKyGDGLg4WYVecXfSL8Ke2fNXe8Si72NeGbcRSXpump,Nuannuan,GDQeTnqkyeLyRSjWaeFY5HsxaWoQmmXFc1N6wyuuHiQD,0.0,435551794,0,1,1,1.8206750804204457e-07,2.9182,2.962963,3.355284,0.0,0.0,0.392321,0.392321
FBKyGDGLg4WYVecXfSL8Ke2fNXe8Si72NeGbcRSXpump,Nuannuan,CSK4x9WZntofUjvSF9dK7kTcrN4cV4EBPNiMMex5bFLF,11.0,435551821,27,0,1,1.358033699710508e-07,2.1766,2.179753,2.554037,0.0,0.0,0.374284,0.374284
FBKyGDGLg4WYVecXfSL8Ke2fNXe8Si72NeGbcRSXpump,Nuannuan,9u5f8WMfyrHo5ondELytGiN9oNphVK1yVuyp2qomdZCs,20.0,435551843,49,0,1,1.267933481441384e-07,2.0322,1.382716,1.65465,0.0,0.0,0.271934,0.271934
FBKyGDGLg4WYVecXfSL8Ke2fNXe8Si72NeGbcRSXpump,Nuannuan,4uBqztBzwjbb4HS7ZUspeordDkagY5fYENAeiqi8xcYU,7.0,435551811,17,0,1,1.3529567256126896e-07,2.1685,1.271111,1.380299,0.0,0.0,0.109188,0.109188
FBKyGDGLg4WYVecXfSL8Ke2fNXe8Si72NeGbcRSXpump,Nuannuan,AfPWFykWPZZxU2CyF6BcPoY2v8VEkmYS7ZggvELK7Pv1,0.0,435551795,1,0,1,1.788250823669699e-07,2.8662,0.987654,1.094423,0.0,0.0,0.106768,0.106768
FBKyGDGLg4WYVecXfSL8Ke2fNXe8Si72NeGbcRSXpump,Nuannuan,9ZJF9EiQ1CEkarzd1ir9nfz76Df1x4TeTsog4tx9mwDi,17.0,435551836,42,0,1,1.2981134030201572e-07,2.0806,0.432099,0.538382,0.0,0.0,0.106283,0.106283
FEXVgCcWLQrddiMP57Z6KL8Yoxn7uzG3vYSox5vEpump,Momota,EgQX9R3Qph1dPHE1Ysou1auSYqRGomCNmLDC28Yg77aq,0.0,412943974,0,1,1,7.120731247425545e-08,2.0478,8.395062,13.567741,0.0,0.0,5.172679,5.172679
FEXVgCcWLQrddiMP57Z6KL8Yoxn7uzG3vYSox5vEpump,Momota,2CHrnc2LyagAbMaMFgthiDWh7ZZ9zT9TF8WEJf7MNE71,0.0,412943974,0,1,1,3.73870867145051e-08,1.0752,1.234568,3.528748,0.0,0.0,2.29418,2.29418
FEXVgCcWLQrddiMP57Z6KL8Yoxn7uzG3vYSox5vEpump,Momota,Atgx1JXsp8pTQ9Qsi74wF5pLMVwHwyQc6jJCu84evN7c,0.0,412943974,0,1,1,3.987528514026162e-08,1.1467,1.135802,2.848714,0.0,0.0,1.712911,1.712911
FEXVgCcWLQrddiMP57Z6KL8Yoxn7uzG3vYSox5vEpump,Momota,qKpZbAeu97Ba4sgpRqEehXD7dSwxWW59pNQkWSxsySJ,7.0,412943991,17,0,1,1.1058228865771194e-07,3.1801,5.925926,7.277084,0.0,0.0,1.351158,1.351158
FEXVgCcWLQrddiMP57Z6KL8Yoxn7uzG3vYSox5vEpump,Momota,8kzFH4rgFzy4ccz97AhgqRT7Qbt7HnD5oJCDK1Sxdarb,0.0,412943974,0,1,1,4.2330301526176347e-08,1.2173,1.08642,2.392077,0.0,0.0,1.305657,1.305657
FEXVgCcWLQrddiMP57Z6KL8Yoxn7uzG3vYSox5vEpump,Momota,3RHCsZRxbQ8NnxwL1xwbbAZaFy2CkKZfozLDL46TCZXh,3.0,412943982,8,0,1,8.527955828519403e-08,2.4524,3.891358,4.566541,0.0,0.0,0.675183,0.675183
FEXVgCcWLQrddiMP57Z6KL8Yoxn7uzG3vYSox5vEpump,Momota,AWoqw161VX3qckzFggC1xFFeFhpKS3dLrFM6Hze6ojXh,0.0,412943974,0,1,1,9.325073548883695e-08,2.6817,1.777778,2.450474,0.0,0.0,0.672696,0.672696
FEXVgCcWLQrddiMP57Z6KL8Yoxn7uzG3vYSox5vEpump,Momota,4htXhGA3ArNRyuiURUkbv97ERZHbqBidmpL61qZULsfx,0.0,412943974,0,1,1,8.029373676506413e-08,2.3091,2.962963,3.592824,0.0,0.0,0.629861,0.629861
FEXVgCcWLQrddiMP57Z6KL8Yoxn7uzG3vYSox5vEpump,Momota,EM1ZyNA3g4rr9MBzSEA36QqWd7t7cp54zDidm3YskyeU,2.0,412943979,5,0,1,8.162152815554739e-08,2.3472,1.08684,1.436325,0.0,0.0,0.349485,0.349485
FEXVgCcWLQrddiMP57Z6KL8Yoxn7uzG3vYSox5vEpump,Momota,GfJA84gwT9LpeyzeckeXkCsf8vdQuA64ZYQ91xoBawvt,0.0,412943974,0,1,0,4.520910861945741e-08,1.3001,1.234568,1.181554,14110627.639,0.392559,-0.053014,0.339545
FJajEKNDrbQTQF1ZL3SWf2PrsQGLyQsaMvNfXw2Epump,间谍海龟,2CHrnc2LyagAbMaMFgthiDWh7ZZ9zT9TF8WEJf7MNE71,0.0,426486492,0,1,1,7.194368105694149e-08,1.1531,3.308642,6.091087,0.0,0.0,2.782445,2.782445
FJajEKNDrbQTQF1ZL3SWf2PrsQGLyQsaMvNfXw2Epump,间谍海龟,Atgx1JXsp8pTQ9Qsi74wF5pLMVwHwyQc6jJCu84evN7c,0.0,426486492,0,1,1,8.186117150377942e-08,1.3121,3.209877,4.87609,0.0,0.0,1.666214,1.666214
FJajEKNDrbQTQF1ZL3SWf2PrsQGLyQsaMvNfXw2Epump,间谍海龟,8kzFH4rgFzy4ccz97AhgqRT7Qbt7HnD5oJCDK1Sxdarb,0.0,426486492,0,1,1,9.325745970029008e-08,1.4947,3.45679,4.58337,0.0,0.0,1.12658,1.12658
FJajEKNDrbQTQF1ZL3SWf2PrsQGLyQsaMvNfXw2Epump,间谍海龟,gWTmSBYYJhDf8kM9CKdej7pL96Jjq7rhTiBd6pyv2Yb,5.0,426486503,11,0,1,1.5527836423147708e-07,2.4888,7.901235,8.646907,0.0,0.0,0.745673,0.745673
FJajEKNDrbQTQF1ZL3SWf2PrsQGLyQsaMvNfXw2Epump,间谍海龟,Anubis512ho5t7S6LNSwoxUWdeQmX2kf3RvZ8ApHHF5w,0.0,426486492,0,1,1,1.6446803478594867e-07,2.6361,2.390123,2.985752,0.0,0.0,0.595628,0.595628
FJajEKNDrbQTQF1ZL3SWf2PrsQGLyQsaMvNfXw2Epump,间谍海龟,2mqrindMAjJEQPLhroYWyiYPo5h9iAsahfdd4QtsjwdY,0.0,426486492,0,1,1,1.4448683534029885e-07,2.3158,3.630568,4.161949,0.0,0.0,0.531381,0.531381
FJajEKNDrbQTQF1ZL3SWf2PrsQGLyQsaMvNfXw2Epump,间谍海龟,GfJA84gwT9LpeyzeckeXkCsf8vdQuA64ZYQ91xoBawvt,0.0,426486492,0,1,1,1.0255615813776074e-07,1.6438,2.666667,2.949217,0.0,0.0,0.282551,0.282551
FJajEKNDrbQTQF1ZL3SWf2PrsQGLyQsaMvNfXw2Epump,间谍海龟,DuuRTor81GRbkNPPTmpwLDVhgtLvnbYpb1dcSuxHNFZW,14.0,426486525,33,0,1,1.0199167494826228e-07,1.6347,0.852357,1.078428,0.0,0.0,0.226072,0.226072
FJajEKNDrbQTQF1ZL3SWf2PrsQGLyQsaMvNfXw2Epump,间谍海龟,Bv9rXTo1zTLs2C9kAzRbMER9tnbETWpvsZjVkAsZpwvp,5.0,426486503,11,0,1,1.4336841158431046e-07,2.2979,1.481481,1.69538,0.0,0.0,0.213898,0.213898
FJajEKNDrbQTQF1ZL3SWf2PrsQGLyQsaMvNfXw2Epump,间谍海龟,Ayh4WTzQojz4PeutmoszFCY4G8bqFTjvFVY2dbnuNFWr,10.0,426486516,24,0,1,1.0492666313945702e-07,1.6818,2.469136,2.645441,0.0,0.0,0.176305,0.176305
FKeaJZ1nKME7uhkC1bUFGHUg33C52uLVH5bVMTetpump,Milly,2CHrnc2LyagAbMaMFgthiDWh7ZZ9zT9TF8WEJf7MNE71,0.0,429507774,0,1,1,1.1027666424639253e-07,1.1211,3.308642,16.632696,0.0,0.0,13.324054,13.324054
FKeaJZ1nKME7uhkC1bUFGHUg33C52uLVH5bVMTetpump,Milly,Atgx1JXsp8pTQ9Qsi74wF5pLMVwHwyQc6jJCu84evN7c,0.0,429507774,0,1,1,1.2247901843103758e-07,1.2451,3.209877,14.997788,0.0,0.0,11.787912,11.787912
FKeaJZ1nKME7uhkC1bUFGHUg33C52uLVH5bVMTetpump,Milly,8kzFH4rgFzy4ccz97AhgqRT7Qbt7HnD5oJCDK1Sxdarb,0.0,429507774,0,1,1,1.3633592911434285e-07,1.386,3.45679,10.539543,0.0,0.0,7.082753,7.082753
FKeaJZ1nKME7uhkC1bUFGHUg33C52uLVH5bVMTetpump,Milly,ARMxNyBe1X3nT12usybG35Eg2LnRGmo6R4bYte8SCMuE,0.0,429507774,0,1,1,2.514825529553421e-07,2.5565,9.876543,15.307102,0.0,0.0,5.430559,5.430559
FKeaJZ1nKME7uhkC1bUFGHUg33C52uLVH5bVMTetpump,Milly,2mqrindMAjJEQPLhroYWyiYPo5h9iAsahfdd4QtsjwdY,0.0,429507774,0,1,1,1.9592021285580236e-07,1.9917,3.389864,5.284452,0.0,0.0,1.894588,1.894588
FKeaJZ1nKME7uhkC1bUFGHUg33C52uLVH5bVMTetpump,Milly,3E6Eq28ZzG2gE1wna6BoDFaPVgbY8edJqQNF5mqcZv2c,1.0,429507776,2,0,1,2.8581885866771887e-07,2.9056,1.594294,2.759632,0.0,0.0,1.165338,1.165338
FKeaJZ1nKME7uhkC1bUFGHUg33C52uLVH5bVMTetpump,Milly,AmdAbVa17PbsL8kqPmL4A1PyxnLveRfjM5eLrCMz3nKY,2.0,429507781,7,0,1,3.27835566999213e-07,3.3327,2.625512,3.679915,0.0,0.0,1.054402,1.054402
FKeaJZ1nKME7uhkC1bUFGHUg33C52uLVH5bVMTetpump,Milly,Anubis512ho5t7S6LNSwoxUWdeQmX2kf3RvZ8ApHHF5w,0.0,429507774,0,1,1,2.6282704222106734e-07,2.6719,2.212346,3.133537,0.0,0.0,0.921192,0.921192
FKeaJZ1nKME7uhkC1bUFGHUg33C52uLVH5bVMTetpump,Milly,2zafsmSGA3eUS2HawzcnDHRVri6MWtZ1pVUDquZNzSFi,1.0,429507776,2,0,1,3.8261278236198444e-07,3.8896,2.100659,3.014699,0.0,0.0,0.91404,0.91404
FKeaJZ1nKME7uhkC1bUFGHUg33C52uLVH5bVMTetpump,Milly,CAwkpFhxxkw8vYNNhBt7HyPVsndHtjaRyys73KVr14J9,1.0,429507776,2,0,1,2.938546580588352e-07,2.9873,1.339039,2.24154,0.0,0.0,0.902501,0.902501
FMLCnBYrxJi1DKo3JTsuc7Q2UQK6b96xfGX6qAoTpump,Artemis,FLGQ9cMfc8vxbFRWZbs5JpYdup6W5JHCDEumw3QRMgGa,0.0,410508138,0,1,1,6.080622486889337e-08,1.8014,7.822222,13.123055,0.0,0.0,5.300833,5.300833
FMLCnBYrxJi1DKo3JTsuc7Q2UQK6b96xfGX6qAoTpump,Artemis,2CHrnc2LyagAbMaMFgthiDWh7ZZ9zT9TF8WEJf7MNE71,0.0,410508138,0,1,1,3.633026147834004e-08,1.0763,1.234568,2.803327,0.0,0.0,1.568759,1.568759
FMLCnBYrxJi1DKo3JTsuc7Q2UQK6b96xfGX6qAoTpump,Artemis,8kzFH4rgFzy4ccz97AhgqRT7Qbt7HnD5oJCDK1Sxdarb,0.0,410508138,0,1,1,4.120529401906362e-08,1.2207,1.125926,2.110951,0.0,0.0,0.985025,0.985025
FMLCnBYrxJi1DKo3JTsuc7Q2UQK6b96xfGX6qAoTpump,Artemis,Atgx1JXsp8pTQ9Qsi74wF5pLMVwHwyQc6jJCu84evN7c,0.0,410508138,0,1,1,3.8696931821971665e-08,1.1464,1.096296,1.975721,0.0,0.0,0.879425,0.879425
FMLCnBYrxJi1DKo3JTsuc7Q2UQK6b96xfGX6qAoTpump,Artemis,AUXa3ChdEMLa7iNz5z7yhFroUwsVto79a8tBbFnJjH4P,1.0,410508139,1,0,1,9.186738904357346e-08,2.7216,4.938272,5.681484,0.0,0.0,0.743212,0.743212
FMLCnBYrxJi1DKo3JTsuc7Q2UQK6b96xfGX6qAoTpump,Artemis,EgQX9R3Qph1dPHE1Ysou1auSYqRGomCNmLDC28Yg77aq,0.0,410508138,0,1,1,7.594000999142772e-08,2.2498,5.2,5.879236,0.0,0.0,0.679236,0.679236
FMLCnBYrxJi1DKo3JTsuc7Q2UQK6b96xfGX6qAoTpump,Artemis,NigaK3dmoQ2hLph39JAkPQoprnBX8doh9n71kAGcFNW,16.0,410508177,39,0,1,6.67051419931456e-08,1.9762,0.895555,1.082394,0.0,0.0,0.186838,0.186838
FMLCnBYrxJi1DKo3JTsuc7Q2UQK6b96xfGX6qAoTpump,Artemis,4mZxDG8iSkk8L8Sc3HiAjBVZ7po5uiJL6v2RM3rzTEY3,12.0,410508168,30,0,1,7.410088939792291e-08,2.1953,1.152263,1.337887,0.0,0.0,0.185624,0.185624
FMLCnBYrxJi1DKo3JTsuc7Q2UQK6b96xfGX6qAoTpump,Artemis,qAjshgSZC2q8AgevRGHueVjLrqvWB6Tz6sSD5zEtuqd,12.0,410508168,30,0,1,7.06456399578267e-08,2.0929,1.440329,1.607106,0.0,0.0,0.166777,0.166777
FMLCnBYrxJi1DKo3JTsuc7Q2UQK6b96xfGX6qAoTpump,Artemis,qKpZbAeu97Ba4sgpRqEehXD7dSwxWW59pNQkWSxsySJ,7.0,410508155,17,0,1,7.905783694828825e-08,2.3421,4.938272,5.067443,0.0,0.0,0.129171,0.129171
FMoMEh6i1aAbDb6ra23C2XmQAsQG19tEYYw1rkaApump,2026,CY6Xhs3ocXWddzKmuGixoAcB832bhdLTB5beVQ4GtAVM,0.0,384249271,0,1,1,4.9560562086918844e-08,1.465,3.941889,4.395762,0.0,0.0,0.453873,0.453873
FMoMEh6i1aAbDb6ra23C2XmQAsQG19tEYYw1rkaApump,2026,2CHrnc2LyagAbMaMFgthiDWh7ZZ9zT9TF8WEJf7MNE71,0.0,384249271,0,1,1,3.612333022677848e-08,1.0678,1.1,1.244205,0.0,0.0,0.144205,0.144205
FMoMEh6i1aAbDb6ra23C2XmQAsQG19tEYYw1rkaApump,2026,CHqtqbfUz6SvuWiUfAfqDtockfePFyspgz6yn33kH8dU,6.0,384249288,17,0,1,3.6570666256047144e-08,1.081,1.0,1.030392,0.0,0.0,0.030392,0.030392
FMoMEh6i1aAbDb6ra23C2XmQAsQG19tEYYw1rkaApump,2026,9A9Be2z3hyzzkagvNo5wLSGc9inDyGuPkfydmfQBtY6D,6.0,384249288,17,0,1,3.84165439482402e-08,1.1356,0.195556,0.210804,0.0,0.0,0.015249,0.015249
FMoMEh6i1aAbDb6ra23C2XmQAsQG19tEYYw1rkaApump,2026,97jv9pjCf5D7VUZEyj6XnXBC5JF23Vsagc3bvSF6GRmL,7.0,384249289,18,0,1,3.7835810525846624e-08,1.1184,0.146488,0.161462,0.0,0.0,0.014974,0.014974
FMoMEh6i1aAbDb6ra23C2XmQAsQG19tEYYw1rkaApump,2026,jZvLzk83HQ8oHT6gTmwPQLjpMk5rNUkQcU3AgABoqY6,3.0,384249279,8,0,1,3.71735739337e-08,1.0988,0.4,0.413296,0.0,0.0,0.013296,0.013296
FMoMEh6i1aAbDb6ra23C2XmQAsQG19tEYYw1rkaApump,2026,5zvQaa2bQQUgGmsGi3qmJArVWTELvk2KhwSKStS57nbq,6.0,384249288,17,0,1,3.742833609954606e-08,1.1064,0.4,0.412414,0.0,0.0,0.012414,0.012414
FMoMEh6i1aAbDb6ra23C2XmQAsQG19tEYYw1rkaApump,2026,AhKMhfkRR3wNXZUC9rCHKAcibZUcdErdnkmJ6ewoVmBL,2.0,384249277,6,0,1,3.6318844955217894e-08,1.0736,0.054226,0.057493,0.0,0.0,0.003267,0.003267
FMoMEh6i1aAbDb6ra23C2XmQAsQG19tEYYw1rkaApump,2026,5tsotCtehNwUo6Phy9D34qmoHuKMu7gMJdBLsLzApFM6,6.0,384249288,17,0,1,3.799046548832946e-08,1.123,0.259684,0.261342,0.0,0.0,0.001658,0.001658
FMoMEh6i1aAbDb6ra23C2XmQAsQG19tEYYw1rkaApump,2026,DxxGHWbnoLhsNAjiFZ4fQobHAMWZkQk81G8MC9RwLreC,7.0,384249289,18,0,1,3.7857497326528226e-08,1.119,0.01,0.010948,0.0,0.0,0.000948,0.000948
FNjhEHDYshbNAU7Bge9bRgTgrk1T9dmFQtcPyGAVpump,Fushin,2CHrnc2LyagAbMaMFgthiDWh7ZZ9zT9TF8WEJf7MNE71,0.0,435733740,0,1,1,7.194368105694149e-08,1.1531,3.308642,8.296766,0.0,0.0,4.988124,4.988124
FNjhEHDYshbNAU7Bge9bRgTgrk1T9dmFQtcPyGAVpump,Fushin,Atgx1JXsp8pTQ9Qsi74wF5pLMVwHwyQc6jJCu84evN7c,0.0,435733740,0,1,1,8.186117150377942e-08,1.3121,3.209877,7.733848,0.0,0.0,4.523972,4.523972
FNjhEHDYshbNAU7Bge9bRgTgrk1T9dmFQtcPyGAVpump,Fushin,8kzFH4rgFzy4ccz97AhgqRT7Qbt7HnD5oJCDK1Sxdarb,0.0,435733740,0,1,1,9.258624310210086e-08,1.484,3.259259,6.53698,0.0,0.0,3.277721,3.277721
FNjhEHDYshbNAU7Bge9bRgTgrk1T9dmFQtcPyGAVpump,Fushin,GfJA84gwT9LpeyzeckeXkCsf8vdQuA64ZYQ91xoBawvt,0.0,435733740,0,1,1,1.0361661976534297e-07,1.6608,3.160494,6.229617,0.0,0.0,3.069123,3.069123
FNjhEHDYshbNAU7Bge9bRgTgrk1T9dmFQtcPyGAVpump,Fushin,43x1zWzjVWJbQErWM78m3Acx83FFuGSQEhmgyxUrPdQs,0.0,435733740,0,1,1,1.2951270173049837e-07,2.0758,3.506173,6.015802,0.0,0.0,2.509629,2.509629
FNjhEHDYshbNAU7Bge9bRgTgrk1T9dmFQtcPyGAVpump,Fushin,5P8A9bGUhroskpuA4hhRbybgt37TcTz7ft5zLAh8orpn,0.0,435733740,0,1,1,1.158289740189192e-07,1.8565,3.308642,5.061217,0.0,0.0,1.752575,1.752575
FNjhEHDYshbNAU7Bge9bRgTgrk1T9dmFQtcPyGAVpump,Fushin,EJc2ytwN1cyqyGcNzhVmc5THHJyJVXPP2JZywamDKLMg,1.0,435733741,1,0,1,1.466882709319469e-07,2.3511,4.148148,5.652341,0.0,0.0,1.504193,1.504193
FNjhEHDYshbNAU7Bge9bRgTgrk1T9dmFQtcPyGAVpump,Fushin,7J6nqT751FMREofS3rjhy1K2oRp7MvmZo1Ybvgh4bpd9,1.0,435733741,1,0,1,1.5961108446970298e-07,2.5582,2.962963,3.918973,0.0,0.0,0.95601,0.95601
FNjhEHDYshbNAU7Bge9bRgTgrk1T9dmFQtcPyGAVpump,Fushin,BoHSCCNHeUZikCqfUZaYbJKHbWFyyzaoDGFLEh8sJNt9,5.0,435733751,11,0,1,1.6767726773509155e-07,2.6875,3.48867,4.414153,0.0,0.0,0.925483,0.925483
FNjhEHDYshbNAU7Bge9bRgTgrk1T9dmFQtcPyGAVpump,Fushin,49Byrx13be6vHFECp6FKskC5XjJsmQk1zHDGQzxdma15,6.0,435733754,14,0,1,1.6458009679928023e-07,2.6379,2.933333,3.830152,0.0,0.0,0.896818,0.896818
FQ3bCGiAuWwX7EMgiTmYzjZj2ZmYUJRsjf1927SRpump,Pwikachu,A2AqfLV1xt6TtGvktgRTQajRTXQsjiuipKX3qhR5pg7s,1.0,384035428,1,0,1,5.3572851154525096e-08,1.5836,3.0,4.717166,0.0,0.0,1.717166,1.717166
FQ3bCGiAuWwX7EMgiTmYzjZj2ZmYUJRsjf1927SRpump,Pwikachu,G8DZq6VuJmpmRdSKFkPjgb4EK35M4zLw9X5SXLkRpMr3,1.0,384035428,1,0,1,4.620511015792159e-08,1.3658,2.6,4.198409,0.0,0.0,1.598409,1.598409
FQ3bCGiAuWwX7EMgiTmYzjZj2ZmYUJRsjf1927SRpump,Pwikachu,2CHrnc2LyagAbMaMFgthiDWh7ZZ9zT9TF8WEJf7MNE71,0.0,384035427,0,1,1,3.612333022677848e-08,1.0678,1.1,2.225883,0.0,0.0,1.125883,1.125883
FQ3bCGiAuWwX7EMgiTmYzjZj2ZmYUJRsjf1927SRpump,Pwikachu,8kzFH4rgFzy4ccz97AhgqRT7Qbt7HnD5oJCDK1Sxdarb,0.0,384035427,0,1,1,4.0260950605778134e-08,1.1901,0.9,1.960926,0.0,0.0,1.060926,1.060926
FQ3bCGiAuWwX7EMgiTmYzjZj2ZmYUJRsjf1927SRpump,Pwikachu,Atgx1JXsp8pTQ9Qsi74wF5pLMVwHwyQc6jJCu84evN7c,0.0,384035427,0,1,1,3.8273066169617854e-08,1.1313,1.0,1.878245,0.0,0.0,0.878245,0.878245
FQ3bCGiAuWwX7EMgiTmYzjZj2ZmYUJRsjf1927SRpump,Pwikachu,beatXW1PmeVVXxebbyLuc3uKy2Vj8mt6vedBhP9AYXo,1.0,384035428,1,0,1,5.85118812265375e-08,1.7296,0.72,0.959092,0.0,0.0,0.239092,0.239092
FQ3bCGiAuWwX7EMgiTmYzjZj2ZmYUJRsjf1927SRpump,Pwikachu,H7qnDku9UCK1vAB17HyDjXygG72Zwuauvunxyje3Ngho,7.0,384035443,16,0,1,6.54981643006751e-08,1.9361,1.0,1.217932,0.0,0.0,0.217932,0.217932
FQ3bCGiAuWwX7EMgiTmYzjZj2ZmYUJRsjf1927SRpump,Pwikachu,GCKFhKiAMTsLNrf2pvdsyhFQJRru7RpnZMMPStG2U9so,6.0,384035442,15,0,1,5.4172388360001227e-08,1.6013,0.488889,0.685723,0.0,0.0,0.196834,0.196834
FQ3bCGiAuWwX7EMgiTmYzjZj2ZmYUJRsjf1927SRpump,Pwikachu,NoqPdBtyz8xCeTQtj4FcnKpF39Td2cBnw1DrFWFTkS7,3.0,384035433,6,0,1,7.009336730275714e-08,2.0719,2.64,2.816854,0.0,0.0,0.176854,0.176854
FQ3bCGiAuWwX7EMgiTmYzjZj2ZmYUJRsjf1927SRpump,Pwikachu,Ax9yHYDoP7sJC4PbMKjRJVYFcsQaY7D611zqk9JTcQPf,6.0,384035442,15,0,1,5.29113771008075e-08,1.564,0.220915,0.365052,0.0,0.0,0.144137,0.144137
FaEXgcaRekBgQ6aVFDK2PuVX7ps9K9xn2JvfuTbEpump,Peque,2jkNhQTHNPxdzQ7yXtyUtafSsqvv6teAGkEBs68Lw3Qs,7.0,424240696,17,0,1,1.2520323096278797e-07,2.0068,0.134107,3.595918,0.0,0.0,3.46181,3.46181
FaEXgcaRekBgQ6aVFDK2PuVX7ps9K9xn2JvfuTbEpump,Peque,2CHrnc2LyagAbMaMFgthiDWh7ZZ9zT9TF8WEJf7MNE71,0.0,424240679,0,1,1,6.858774955904264e-08,1.0993,2.17284,3.464109,0.0,0.0,1.291269,1.291269
FaEXgcaRekBgQ6aVFDK2PuVX7ps9K9xn2JvfuTbEpump,Peque,3oK8m93QYJFSW57ixVyp4paQhZqrF5oZk2q2uJKust3i,6.0,424240695,16,0,1,1.4958274319537243e-07,2.3975,0.215202,1.31555,0.0,0.0,1.100348,1.100348
FaEXgcaRekBgQ6aVFDK2PuVX7ps9K9xn2JvfuTbEpump,Peque,8ffjvojhshDexboDqQWU8DXt3C2gSAoZHZVDZH3Wvie2,9.0,424240702,23,0,1,1.2168897744570405e-07,1.9504,0.048673,1.068067,0.0,0.0,1.019394,1.019394
FaEXgcaRekBgQ6aVFDK2PuVX7ps9K9xn2JvfuTbEpump,Peque,CQhaTodM8B44BWct5Hjpxzcg4bvL6ZtcTdkbm9F2vvtc,6.0,424240695,16,0,1,1.571272109483347e-07,2.5184,0.215202,1.202943,0.0,0.0,0.987741,0.987741
FaEXgcaRekBgQ6aVFDK2PuVX7ps9K9xn2JvfuTbEpump,Peque,Atgx1JXsp8pTQ9Qsi74wF5pLMVwHwyQc6jJCu84evN7c,0.0,424240679,0,1,1,7.492703429972208e-08,1.2009,2.123457,3.085271,0.0,0.0,0.961814,0.961814
FaEXgcaRekBgQ6aVFDK2PuVX7ps9K9xn2JvfuTbEpump,Peque,78iYfUbZdc9TL3biGPPtyqiGL7ZaaQnajPJvs6cWHCCN,2.0,424240685,6,0,1,1.2170992750365105e-07,1.9508,3.555556,4.111112,0.0,0.0,0.555557,0.555557
FaEXgcaRekBgQ6aVFDK2PuVX7ps9K9xn2JvfuTbEpump,Peque,FuU4YuViuphyhsV1dFgW2gpZu81xBvmua8AcgggpXfJZ,0.0,424240679,0,1,1,9.923401473597116e-08,1.5905,0.839506,1.292189,0.0,0.0,0.452683,0.452683
FaEXgcaRekBgQ6aVFDK2PuVX7ps9K9xn2JvfuTbEpump,Peque,DV8PoJBX3amZBo8mA1WAxK6SZdavQrERjbcekGCLJzk1,9.0,424240702,23,0,1,1.291405328165331e-07,2.0699,0.021561,0.45175,0.0,0.0,0.430189,0.430189
FaEXgcaRekBgQ6aVFDK2PuVX7ps9K9xn2JvfuTbEpump,Peque,RTYizu6bjvFTBfiS56cEoqkKRqk5xa5VBKsHQUeUNDs,5.0,424240692,13,0,1,1.3053416895665507e-07,2.0922,1.975309,2.338765,0.0,0.0,0.363456,0.363456
FcmXm8f5sk31fuLeRNjaSudFakvak4yNScnkosWgpump,Eşek,2CQgjcdNEo7WtbQLpJTAVcC3Ga61pNvRDTgP5grzctFG,0.0,422364112,0,1,1,1.1526760662458385e-07,2.3334,11.851852,17.898858,0.0,0.0,6.047006,6.047006
FcmXm8f5sk31fuLeRNjaSudFakvak4yNScnkosWgpump,Eşek,Atgx1JXsp8pTQ9Qsi74wF5pLMVwHwyQc6jJCu84evN7c,0.0,422364112,0,1,1,5.609584798034692e-08,1.1356,1.283951,4.204603,0.0,0.0,2.920653,2.920653
FcmXm8f5sk31fuLeRNjaSudFakvak4yNScnkosWgpump,Eşek,2CHrnc2LyagAbMaMFgthiDWh7ZZ9zT9TF8WEJf7MNE71,0.0,422364112,0,1,1,5.275718932970118e-08,1.068,1.333333,3.628946,0.0,0.0,2.295613,2.295613
FcmXm8f5sk31fuLeRNjaSudFakvak4yNScnkosWgpump,Eşek,8kzFH4rgFzy4ccz97AhgqRT7Qbt7HnD5oJCDK1Sxdarb,0.0,422364112,0,1,1,5.932221497121143e-08,1.2009,1.204938,3.460628,0.0,0.0,2.25569,2.25569
FcmXm8f5sk31fuLeRNjaSudFakvak4yNScnkosWgpump,Eşek,92YrfaQSDkLKoqgV8ooKT237FDHtXNj5ScryDWxYkQcs,2.0,422364118,6,0,1,1.2322662422521262e-07,2.4945,0.05871,1.601104,0.0,0.0,1.542394,1.542394
FcmXm8f5sk31fuLeRNjaSudFakvak4yNScnkosWgpump,Eşek,FuU4YuViuphyhsV1dFgW2gpZu81xBvmua8AcgggpXfJZ,0.0,422364112,0,1,1,1.3070407330713428e-07,2.6459,3.950617,5.197095,0.0,0.0,1.246477,1.246477
FcmXm8f5sk31fuLeRNjaSudFakvak4yNScnkosWgpump,Eşek,62dTXVyxza4msU2K2BiouQ5vWXtXBeanquKJRiSjmtjv,0.0,422364113,1,0,1,1.2634447847431822e-07,2.5577,9.876543,10.959507,0.0,0.0,1.082963,1.082963
FcmXm8f5sk31fuLeRNjaSudFakvak4yNScnkosWgpump,Eşek,R2RxpV94CYekeZiLE7XsLXagmjJiZU1AwtCAccEPfB5,2.0,422364117,5,0,1,1.2279934884220632e-07,2.4859,3.654321,4.615221,0.0,0.0,0.9609,0.9609
FcmXm8f5sk31fuLeRNjaSudFakvak4yNScnkosWgpump,Eşek,GQZg8WfTKcn1Axgc9mk1ihLhaSX9Mgb6A94UL2VkQ7sY,0.0,422364112,0,1,0,7.477642722361042e-08,1.5137,2.271605,2.833732,11010308.158,0.197831,0.562127,0.759959
FcmXm8f5sk31fuLeRNjaSudFakvak4yNScnkosWgpump,Eşek,ALSPqRz2AzbULf6tEjA3SvwVsKBfNTx64GUnpGDRTBdy,3.0,422364119,7,0,0,1.8233762773367855e-07,3.6912,0.061088,0.666183,4561010.639,0.081951,0.605096,0.687047
Ffg6atqSTH1aEsVhL3H5HXw91FKqiyiuq97eq9Typump,Shiro,EgQX9R3Qph1dPHE1Ysou1auSYqRGomCNmLDC28Yg77aq,0.0,419291814,0,1,1,8.893788539576641e-08,1.8004,6.716049,11.847261,0.0,0.0,5.131212,5.131212
Ffg6atqSTH1aEsVhL3H5HXw91FKqiyiuq97eq9Typump,Shiro,2CHrnc2LyagAbMaMFgthiDWh7ZZ9zT9TF8WEJf7MNE71,0.0,419291814,0,1,1,5.275718932970118e-08,1.068,1.333333,3.196733,0.0,0.0,1.8634,1.8634
Ffg6atqSTH1aEsVhL3H5HXw91FKqiyiuq97eq9Typump,Shiro,Atgx1JXsp8pTQ9Qsi74wF5pLMVwHwyQc6jJCu84evN7c,0.0,419291814,0,1,1,5.609584798034692e-08,1.1356,1.283951,3.07674,0.0,0.0,1.792789,1.792789
Ffg6atqSTH1aEsVhL3H5HXw91FKqiyiuq97eq9Typump,Shiro,8kzFH4rgFzy4ccz97AhgqRT7Qbt7HnD5oJCDK1Sxdarb,0.0,419291814,0,1,1,5.932221497121143e-08,1.2009,1.204938,2.561026,0.0,0.0,1.356088,1.356088
Ffg6atqSTH1aEsVhL3H5HXw91FKqiyiuq97eq9Typump,Shiro,8Stx1qXxSbLxc5Dnz4m1ecCCEcTkxVU1LgJCY5cWe1k6,5.0,419291825,11,0,1,1.3042744288536354e-07,2.6403,5.925926,7.085164,0.0,0.0,1.159238,1.159238
Ffg6atqSTH1aEsVhL3H5HXw91FKqiyiuq97eq9Typump,Shiro,HqXf7BH8F35yyZnRrCMgGgj2yWUqdr8nGvH7ZC9xW1HB,5.0,419291826,12,0,1,1.8271866009099772e-07,3.6989,31.953909,32.882341,0.0,0.0,0.928431,0.928431
Ffg6atqSTH1aEsVhL3H5HXw91FKqiyiuq97eq9Typump,Shiro,8Vceaxp4Xc6VQ4onWWo6ag5zn9s4Zy4GnbEsnTdkyuVy,4.0,419291823,9,0,1,1.1208796575392492e-07,2.2691,4.079863,4.769619,0.0,0.0,0.689756,0.689756
Ffg6atqSTH1aEsVhL3H5HXw91FKqiyiuq97eq9Typump,Shiro,7FovysP3MGZjFb2MRPtQPn27Ntejdjot2u2WAyL1fUaA,3.0,419291822,8,0,1,1.0391121959294528e-07,2.1035,4.938272,5.495677,0.0,0.0,0.557405,0.557405
Ffg6atqSTH1aEsVhL3H5HXw91FKqiyiuq97eq9Typump,Shiro,R2yk4kGMptc81DV55146oYY4J9Qp3vuzncmJ73osHyu,2.0,419291819,5,0,1,9.19731609036216e-08,1.8619,1.777778,2.325632,0.0,0.0,0.547854,0.547854
Ffg6atqSTH1aEsVhL3H5HXw91FKqiyiuq97eq9Typump,Shiro,6bqbSJXwMrmu8BHPcMp3mHrqqMS9CTL5LM1SdT7Hs82K,5.0,419291825,11,0,1,1.2259642530524373e-07,2.4818,4.888889,5.419882,0.0,0.0,0.530993,0.530993
FgJtjhHGSzRecAEErPzwmbq7SxieqDRzwrziUrtzpump,Sdlaana,EgQX9R3Qph1dPHE1Ysou1auSYqRGomCNmLDC28Yg77aq,0.0,421859883,0,1,1,1.0683073212231907e-07,2.1626,11.851852,24.724599,0.0,0.0,12.872747,12.872747
FgJtjhHGSzRecAEErPzwmbq7SxieqDRzwrziUrtzpump,Sdlaana,2CHrnc2LyagAbMaMFgthiDWh7ZZ9zT9TF8WEJf7MNE71,0.0,421859883,0,1,1,5.275718932970118e-08,1.068,1.333333,4.743621,0.0,0.0,3.410288,3.410288
FgJtjhHGSzRecAEErPzwmbq7SxieqDRzwrziUrtzpump,Sdlaana,8kzFH4rgFzy4ccz97AhgqRT7Qbt7HnD5oJCDK1Sxdarb,0.0,421859883,0,1,1,5.932221497121143e-08,1.2009,1.204938,3.678795,0.0,0.0,2.473857,2.473857
FgJtjhHGSzRecAEErPzwmbq7SxieqDRzwrziUrtzpump,Sdlaana,Atgx1JXsp8pTQ9Qsi74wF5pLMVwHwyQc6jJCu84evN7c,0.0,421859883,0,1,1,5.609584798034692e-08,1.1356,1.283951,3.007609,0.0,0.0,1.723658,1.723658
FgJtjhHGSzRecAEErPzwmbq7SxieqDRzwrziUrtzpump,Sdlaana,62dTXVyxza4msU2K2BiouQ5vWXtXBeanquKJRiSjmtjv,2.0,421859889,6,0,1,1.5510543605947895e-07,3.1399,13.432099,14.172031,0.0,0.0,0.739932,0.739932
FgJtjhHGSzRecAEErPzwmbq7SxieqDRzwrziUrtzpump,Sdlaana,BNwVduQq1AH3ee5hnLQtbJmPyrBJHaS29b6VQt3pzvsR,16.0,421859924,41,0,1,1.6851082232814515e-07,3.4113,0.025859,0.657925,0.0,0.0,0.632066,0.632066
FgJtjhHGSzRecAEErPzwmbq7SxieqDRzwrziUrtzpump,Sdlaana,GfJA84gwT9LpeyzeckeXkCsf8vdQuA64ZYQ91xoBawvt,0.0,421859883,0,1,0,6.355139471744208e-08,1.2865,1.530864,1.901692,14024518.846,0.250349,0.370828,0.621176
FgJtjhHGSzRecAEErPzwmbq7SxieqDRzwrziUrtzpump,Sdlaana,H2x4rKKXK6jpQacfy2ADK4NbD4vK2e44aCi9GWnWBpK5,3.0,421859892,9,0,1,1.5193246237880033e-07,3.0756,1.808889,2.301429,0.0,0.0,0.49254,0.49254
FgJtjhHGSzRecAEErPzwmbq7SxieqDRzwrziUrtzpump,Sdlaana,ntPp1V2u5n8RLz1K3fttGjg9HcM78tJh3AyjK4vmoff,0.0,421859883,0,1,1,1.5437650405982597e-07,3.1251,0.987654,1.320087,0.0,0.0,0.332433,0.332433
FgJtjhHGSzRecAEErPzwmbq7SxieqDRzwrziUrtzpump,Sdlaana,DuuRTor81GRbkNPPTmpwLDVhgtLvnbYpb1dcSuxHNFZW,6.0,421859900,17,0,1,2.0269109314096382e-07,4.1032,7.748896,8.061446,0.0,0.0,0.31255,0.31255
FgugfvpbfMyJotGb4rijVDSHQueDmvXDwxKR7Lgpump,cat,2CHrnc2LyagAbMaMFgthiDWh7ZZ9zT9TF8WEJf7MNE71,0.0,431805867,0,1,1,7.194368105694149e-08,1.1531,3.308642,4.524739,0.0,0.0,1.216097,1.216097
FgugfvpbfMyJotGb4rijVDSHQueDmvXDwxKR7Lgpump,cat,Atgx1JXsp8pTQ9Qsi74wF5pLMVwHwyQc6jJCu84evN7c,0.0,431805867,0,1,1,8.186117150377942e-08,1.3121,3.209877,3.967868,0.0,0.0,0.757991,0.757991
FgugfvpbfMyJotGb4rijVDSHQueDmvXDwxKR7Lgpump,cat,GmNi3xSt4zSB3PEuwDmT41V7KobZBaPnCeN26sJX8DUs,15.0,431805906,39,0,1,8.223427403299158e-08,1.318,1.975309,2.404748,0.0,0.0,0.42944,0.42944
FgugfvpbfMyJotGb4rijVDSHQueDmvXDwxKR7Lgpump,cat,Gku8cuthhvfoPoG18rg1EULt58xB7j1fgPoifJcyh411,17.0,431805912,45,0,1,9.000900921616376e-08,1.4427,3.985647,4.229233,0.0,0.0,0.243586,0.243586
FgugfvpbfMyJotGb4rijVDSHQueDmvXDwxKR7Lgpump,cat,2t2u46cL1tP99Hq5LyEC3fwtL1wNWrHSh2JxRhnQJ8tu,13.0,431805903,36,0,1,7.855799709744232e-08,1.2591,0.977778,1.216034,0.0,0.0,0.238256,0.238256
FgugfvpbfMyJotGb4rijVDSHQueDmvXDwxKR7Lgpump,cat,EaYBEQW348HpXGyJm21i8J9pUubAFPJy7t23qLAuTne8,27.0,431805938,71,0,1,8.082878806144636e-08,1.2955,1.041929,1.197722,0.0,0.0,0.155793,0.155793
FgugfvpbfMyJotGb4rijVDSHQueDmvXDwxKR7Lgpump,cat,GhNgR53EzCuFrusWGvLW51P4bX6TSTtBzjf8qLEcFeMv,3.0,431805876,9,0,1,1.1601582572513814e-07,1.8595,5.679012,5.830058,0.0,0.0,0.151046,0.151046
FgugfvpbfMyJotGb4rijVDSHQueDmvXDwxKR7Lgpump,cat,ByJ7XAjpjGAiE4jJHVZESFpKj9cC3Cma9YAcTTkAkJQz,10.0,431805895,28,0,1,8.527040661755636e-08,1.3667,0.987556,1.114483,0.0,0.0,0.126927,0.126927
FgugfvpbfMyJotGb4rijVDSHQueDmvXDwxKR7Lgpump,cat,9CGPQ35yojUP4oP2tv5suWtUdhevp68BmUGoykgZX2Yv,0.0,431805867,0,1,1,1.4880419413145578e-07,2.385,0.493827,0.565734,0.0,0.0,0.071907,0.071907
FgugfvpbfMyJotGb4rijVDSHQueDmvXDwxKR7Lgpump,cat,33yMXYAXdzMDYFVTbazGRyUvmF3JR94o4LphvV4ngB8a,14.0,431805905,38,0,1,8.140100937888139e-08,1.3047,0.782222,0.847915,0.0,0.0,0.065693,0.065693
Fh4jGXXRf9jMXyPmUJRMPDB6MhrNuREHBozQvhaEpump,Octopus,EgQX9R3Qph1dPHE1Ysou1auSYqRGomCNmLDC28Yg77aq,0.0,421914965,0,1,1,1.2051228652425693e-07,2.4396,15.0,28.708833,0.0,0.0,13.708833,13.708833
Fh4jGXXRf9jMXyPmUJRMPDB6MhrNuREHBozQvhaEpump,Octopus,2CHrnc2LyagAbMaMFgthiDWh7ZZ9zT9TF8WEJf7MNE71,0.0,421914965,0,1,1,5.275718932970118e-08,1.068,1.333333,4.490648,0.0,0.0,3.157315,3.157315
Fh4jGXXRf9jMXyPmUJRMPDB6MhrNuREHBozQvhaEpump,Octopus,Atgx1JXsp8pTQ9Qsi74wF5pLMVwHwyQc6jJCu84evN7c,0.0,421914965,0,1,1,5.609584798034692e-08,1.1356,1.283951,3.797256,0.0,0.0,2.513305,2.513305
Fh4jGXXRf9jMXyPmUJRMPDB6MhrNuREHBozQvhaEpump,Octopus,5brv79eFZ2rGprXNvqgVJBkBptkkw8GJX1XydJyZLyAr,0.0,421914965,0,1,1,1.6622092499759528e-07,3.3649,10.864198,13.30083,0.0,0.0,2.436633,2.436633
Fh4jGXXRf9jMXyPmUJRMPDB6MhrNuREHBozQvhaEpump,Octopus,8kzFH4rgFzy4ccz97AhgqRT7Qbt7HnD5oJCDK1Sxdarb,0.0,421914965,0,1,1,5.932221497121143e-08,1.2009,1.204938,3.476315,0.0,0.0,2.271377,2.271377
Fh4jGXXRf9jMXyPmUJRMPDB6MhrNuREHBozQvhaEpump,Octopus,DuuRTor81GRbkNPPTmpwLDVhgtLvnbYpb1dcSuxHNFZW,9.0,421914987,22,0,1,1.632853741996223e-07,3.3055,4.940737,5.970363,0.0,0.0,1.029626,1.029626
Fh4jGXXRf9jMXyPmUJRMPDB6MhrNuREHBozQvhaEpump,Octopus,E35uoEGT6mR2ae94KNuSfk4X86y7bcNeomDNV4T7GaFs,3.0,421914971,6,0,1,1.5625042187493978e-07,3.1631,0.582732,1.281254,0.0,0.0,0.698522,0.698522
Fh4jGXXRf9jMXyPmUJRMPDB6MhrNuREHBozQvhaEpump,Octopus,9NXKesq2uujXeh3SLZQC1MoLy2whDxivEBM1rtgxWdFS,0.0,421914965,0,1,1,6.945548260700363e-08,1.406,0.493827,1.138982,0.0,0.0,0.645155,0.645155
Fh4jGXXRf9jMXyPmUJRMPDB6MhrNuREHBozQvhaEpump,Octopus,62dTXVyxza4msU2K2BiouQ5vWXtXBeanquKJRiSjmtjv,0.0,421914966,1,0,1,1.8070666032623534e-07,3.6581,8.395062,8.996099,0.0,0.0,0.601037,0.601037
Fh4jGXXRf9jMXyPmUJRMPDB6MhrNuREHBozQvhaEpump,Octopus,MeskxyRYaBhYERcNP2zLVTqFVR43TMX4MihyH7AU4XN,24.0,421915026,61,0,1,1.560868196051096e-07,3.1597,1.975309,2.36298,0.0,0.0,0.387671,0.387671
FjLbCT5pj246VsQmJ5fj4za7nULWQPv5cwipFKmJpump,大坏蛋,2CHrnc2LyagAbMaMFgthiDWh7ZZ9zT9TF8WEJf7MNE71,0.0,435532524,0,1,1,7.194368105694149e-08,1.1531,3.308642,7.868031,0.0,0.0,4.559389,4.559389
FjLbCT5pj246VsQmJ5fj4za7nULWQPv5cwipFKmJpump,大坏蛋,43x1zWzjVWJbQErWM78m3Acx83FFuGSQEhmgyxUrPdQs,0.0,435532524,0,1,1,1.0468253597122784e-07,1.6778,3.259259,7.24646,0.0,0.0,3.9872,3.9872
FjLbCT5pj246VsQmJ5fj4za7nULWQPv5cwipFKmJpump,大坏蛋,Atgx1JXsp8pTQ9Qsi74wF5pLMVwHwyQc6jJCu84evN7c,0.0,435532524,0,1,1,8.186117150377942e-08,1.3121,3.209877,6.398579,0.0,0.0,3.188702,3.188702
FjLbCT5pj246VsQmJ5fj4za7nULWQPv5cwipFKmJpump,大坏蛋,5P8A9bGUhroskpuA4hhRbybgt37TcTz7ft5zLAh8orpn,0.0,435532524,0,1,1,1.1808808000746812e-07,1.8927,3.604938,6.660979,0.0,0.0,3.056041,3.056041
FjLbCT5pj246VsQmJ5fj4za7nULWQPv5cwipFKmJpump,大坏蛋,Cvmo9SmWvBabC6ssW5uwThNKWipYJ6UUycBf4dibdQ97,8.0,435532543,19,0,1,1.3857854104452684e-07,2.2211,3.285142,5.95624,0.0,0.0,2.671099,2.671099
FjLbCT5pj246VsQmJ5fj4za7nULWQPv5cwipFKmJpump,大坏蛋,GfJA84gwT9LpeyzeckeXkCsf8vdQuA64ZYQ91xoBawvt,0.0,435532524,0,1,1,1.2951270172652703e-07,2.0758,2.91358,5.392488,0.0,0.0,2.478908,2.478908
FjLbCT5pj246VsQmJ5fj4za7nULWQPv5cwipFKmJpump,大坏蛋,27uKfiSGAZdqNrYrZSiEsfXt77s15sKikgSJkFoF48Mr,8.0,435532543,19,0,1,1.3310473735698243e-07,2.1334,3.214891,5.685769,0.0,0.0,2.470878,2.470878
FjLbCT5pj246VsQmJ5fj4za7nULWQPv5cwipFKmJpump,大坏蛋,emfgF6z5ZtshQVt1rNnoo463P1Cr95Z37PKUziPqAF6,6.0,435532537,13,0,1,1.3203690004638963e-07,2.1163,1.711111,4.136718,0.0,0.0,2.425607,2.425607
FjLbCT5pj246VsQmJ5fj4za7nULWQPv5cwipFKmJpump,大坏蛋,8kzFH4rgFzy4ccz97AhgqRT7Qbt7HnD5oJCDK1Sxdarb,0.0,435532524,0,1,1,9.325745970029008e-08,1.4947,3.45679,5.701,0.0,0.0,2.24421,2.24421
FjLbCT5pj246VsQmJ5fj4za7nULWQPv5cwipFKmJpump,大坏蛋,27KnsCtPQP3QvALzcc4dpiSi5NA51weN8dubpBb4qCgt,8.0,435532543,19,0,1,1.4230358975894196e-07,2.2808,2.544412,4.48334,0.0,0.0,1.938928,1.938928
FjTjSzPtikyr7woRmtinZjejJhBKsdoJZhQZdeFRpump,Floyd,5brv79eFZ2rGprXNvqgVJBkBptkkw8GJX1XydJyZLyAr,0.0,417951898,1,0,0,1.2558085729676866e-07,2.5422,16.790123,29.441316,11256583.643,0.203895,12.651192,12.855087
FjTjSzPtikyr7woRmtinZjejJhBKsdoJZhQZdeFRpump,Floyd,2CHrnc2LyagAbMaMFgthiDWh7ZZ9zT9TF8WEJf7MNE71,0.0,417951897,0,1,1,5.275718932970118e-08,1.068,1.333333,4.446601,0.0,0.0,3.113268,3.113268
FjTjSzPtikyr7woRmtinZjejJhBKsdoJZhQZdeFRpump,Floyd,Atgx1JXsp8pTQ9Qsi74wF5pLMVwHwyQc6jJCu84evN7c,0.0,417951897,0,1,1,5.609584798034692e-08,1.1356,1.283951,4.296484,0.0,0.0,3.012534,3.012534
FjTjSzPtikyr7woRmtinZjejJhBKsdoJZhQZdeFRpump,Floyd,8kzFH4rgFzy4ccz97AhgqRT7Qbt7HnD5oJCDK1Sxdarb,0.0,417951897,0,1,1,5.932221497121143e-08,1.2009,1.204938,3.818698,0.0,0.0,2.61376,2.61376
FjTjSzPtikyr7woRmtinZjejJhBKsdoJZhQZdeFRpump,Floyd,AdmuNy6KJgYa8GoJXDqCknBte57WQEf8khQG9iu9cY5,10.0,417951923,26,0,1,1.5477954787583645e-07,3.1333,5.925926,6.801007,0.0,0.0,0.875081,0.875081
FjTjSzPtikyr7woRmtinZjejJhBKsdoJZhQZdeFRpump,Floyd,Gku8cuthhvfoPoG18rg1EULt58xB7j1fgPoifJcyh411,2.0,417951903,6,0,1,1.3681436405765594e-07,2.7696,5.106464,5.602644,0.0,0.0,0.49618,0.49618
FjTjSzPtikyr7woRmtinZjejJhBKsdoJZhQZdeFRpump,Floyd,rAiNMRjZyYXG1919DkGZJXhaHxN5h8iKMf4KiznnrLq,5.0,417951912,15,0,1,1.663959621694781e-07,3.3684,3.950617,4.380541,0.0,0.0,0.429924,0.429924
FjTjSzPtikyr7woRmtinZjejJhBKsdoJZhQZdeFRpump,Floyd,Dh6EbKxf4oFS43XBKT9FuH2HHcB3ixVeLUCTQY616rkc,4.0,417951909,12,0,1,1.722248105492085e-07,3.4864,1.955556,2.376277,0.0,0.0,0.420722,0.420722
FjTjSzPtikyr7woRmtinZjejJhBKsdoJZhQZdeFRpump,Floyd,64hP97Bwr5PubotcTeGgfhkFrGiLVVxT2kVo9M9b4AEz,12.0,417951930,33,0,1,1.6791264279712622e-07,3.3991,4.079723,4.444723,0.0,0.0,0.364999,0.364999
FjTjSzPtikyr7woRmtinZjejJhBKsdoJZhQZdeFRpump,Floyd,7BNmLfXMRZPmRGBBtCHz52LBGqBdJDqPDRJH4T64reJg,13.0,417951932,35,0,1,1.5881258060832524e-07,3.2149,1.222222,1.571773,0.0,0.0,0.349551,0.349551
FmTxW5tevUFbFKNdrQbCbfmcfrGbjH6DtW2MJyyopump,Paningning,2CHrnc2LyagAbMaMFgthiDWh7ZZ9zT9TF8WEJf7MNE71,0.0,431832261,0,1,1,7.194368105694149e-08,1.1531,3.308642,5.208642,0.0,0.0,1.9,1.9
FmTxW5tevUFbFKNdrQbCbfmcfrGbjH6DtW2MJyyopump,Paningning,Atgx1JXsp8pTQ9Qsi74wF5pLMVwHwyQc6jJCu84evN7c,0.0,431832261,0,1,1,8.186117150377942e-08,1.3121,3.209877,4.093357,0.0,0.0,0.88348,0.88348
FmTxW5tevUFbFKNdrQbCbfmcfrGbjH6DtW2MJyyopump,Paningning,C3sZ9G7gUsvAKcud6MKVtcDPsq6Z28EvPGn3CATmYixo,0.0,431832261,0,1,1,1.437514331343521e-07,2.304,3.45679,4.212433,0.0,0.0,0.755643,0.755643
FmTxW5tevUFbFKNdrQbCbfmcfrGbjH6DtW2MJyyopump,Paningning,Anubis512ho5t7S6LNSwoxUWdeQmX2kf3RvZ8ApHHF5w,0.0,431832262,1,0,1,1.5846951925501128e-07,2.5399,2.212346,2.715771,0.0,0.0,0.503426,0.503426
FmTxW5tevUFbFKNdrQbCbfmcfrGbjH6DtW2MJyyopump,Paningning,8kzFH4rgFzy4ccz97AhgqRT7Qbt7HnD5oJCDK1Sxdarb,0.0,431832261,0,1,1,9.325745970029008e-08,1.4947,3.45679,3.900661,0.0,0.0,0.443871,0.443871
FmTxW5tevUFbFKNdrQbCbfmcfrGbjH6DtW2MJyyopump,Paningning,61ohufUkdgu8sxxP3Rj4zTMfN9qrNwg97SBzHNETng32,16.0,431832300,39,0,1,9.513809560512043e-08,1.5249,1.975309,2.279042,0.0,0.0,0.303734,0.303734
FmTxW5tevUFbFKNdrQbCbfmcfrGbjH6DtW2MJyyopump,Paningning,ARM8eBW9m4pb5TqhoCqyUx628cBuDhWqte6dHnMk5UqM,12.0,431832290,29,0,1,9.41893016146222e-08,1.5097,0.977778,1.26764,0.0,0.0,0.289862,0.289862
FmTxW5tevUFbFKNdrQbCbfmcfrGbjH6DtW2MJyyopump,Paningning,GhNgR53EzCuFrusWGvLW51P4bX6TSTtBzjf8qLEcFeMv,2.0,431832267,6,0,1,1.624979539939482e-07,2.6045,7.654321,7.920353,0.0,0.0,0.266032,0.266032
FmTxW5tevUFbFKNdrQbCbfmcfrGbjH6DtW2MJyyopump,Paningning,GmNi3xSt4zSB3PEuwDmT41V7KobZBaPnCeN26sJX8DUs,19.0,431832309,48,0,1,9.582282059503222e-08,1.5358,1.975309,2.203336,0.0,0.0,0.228027,0.228027
FmTxW5tevUFbFKNdrQbCbfmcfrGbjH6DtW2MJyyopump,Paningning,2t2u46cL1tP99Hq5LyEC3fwtL1wNWrHSh2JxRhnQJ8tu,14.0,431832296,35,0,1,9.249571458060533e-08,1.4825,0.977778,1.168348,0.0,0.0,0.190571,0.190571
Fz5B4BErWbsnajL9NrQDywooqFxzZsVCcNeaPQnupump,Hall,EgQX9R3Qph1dPHE1Ysou1auSYqRGomCNmLDC28Yg77aq,0.0,410579699,0,1,1,6.768250031436675e-08,1.8902,6.8,13.358099,0.0,0.0,6.558099,6.558099
Fz5B4BErWbsnajL9NrQDywooqFxzZsVCcNeaPQnupump,Hall,6KR7SorsUQtNH6CB6JpAnWCAKeTysa95iyXeWihdNeGT,25.0,410579764,65,0,1,,,0.0,1.508697,0.0,0.0,1.508697,1.508697
Fz5B4BErWbsnajL9NrQDywooqFxzZsVCcNeaPQnupump,Hall,3366ENTEWED2GovqYc4WmreoNQ9MwteP7wZmX6vwoefm,0.0,410579699,0,1,1,7.654801404015975e-08,2.1378,2.962963,4.462258,0.0,0.0,1.499295,1.499295
Fz5B4BErWbsnajL9NrQDywooqFxzZsVCcNeaPQnupump,Hall,2fCCD2nBv2QsgxFTRa2zftj5hqwQpX18MLJH7KoJ6eGd,0.0,410579699,0,1,1,1.0160282294018586e-07,2.8375,6.91358,8.106785,0.0,0.0,1.193204,1.193204
Fz5B4BErWbsnajL9NrQDywooqFxzZsVCcNeaPQnupump,Hall,9QTHeFTWysTe4NEriJoQSbMP7enGFGKKUkrD4JJUFDxx,6.0,410579715,16,0,1,8.293826664357167e-08,2.3162,1.662222,2.269138,0.0,0.0,0.606916,0.606916
Fz5B4BErWbsnajL9NrQDywooqFxzZsVCcNeaPQnupump,Hall,9oieEBu7gprdMmWrSKQFMk48DiCa3AH2edY2eZn8ortJ,0.0,410579699,0,1,1,7.852219295965047e-08,2.1929,0.636029,0.996761,0.0,0.0,0.360733,0.360733
Fz5B4BErWbsnajL9NrQDywooqFxzZsVCcNeaPQnupump,Hall,HtHZw4ariZSZ9RcirZ5MmFVqEVPi7boxu8d3AkeYGQXH,6.0,410579716,17,0,1,9.553838588278397e-08,2.6681,1.466667,1.790771,0.0,0.0,0.324104,0.324104
Fz5B4BErWbsnajL9NrQDywooqFxzZsVCcNeaPQnupump,Hall,DkioBQf1aZDx4cYARPKZKvGtwyvyABFdze8bAd5YX4j1,8.0,410579720,21,0,1,1.0596699113977157e-07,2.9593,1.424952,1.741023,0.0,0.0,0.316071,0.316071
Fz5B4BErWbsnajL9NrQDywooqFxzZsVCcNeaPQnupump,Hall,9tid6pXgWfWE5KY6kPiYjY1B8EQrzDrq6f7FoatjW57X,3.0,410579706,7,0,1,1.0037149665043466e-07,2.8031,1.173333,1.430084,0.0,0.0,0.256751,0.256751
Fz5B4BErWbsnajL9NrQDywooqFxzZsVCcNeaPQnupump,Hall,8Stx1qXxSbLxc5Dnz4m1ecCCEcTkxVU1LgJCY5cWe1k6,6.0,410579715,16,0,1,7.829663728519062e-08,2.1866,2.962963,3.202381,0.0,0.0,0.239418,0.239418
GBmrxrKcEhiSm5z8tnueycaCcqdPDrQzX8tXBhRApump,Human,EgQX9R3Qph1dPHE1Ysou1auSYqRGomCNmLDC28Yg77aq,0.0,414522608,0,1,1,8.665438529377197e-08,2.2219,11.851852,19.334271,0.0,0.0,7.482419,7.482419
GBmrxrKcEhiSm5z8tnueycaCcqdPDrQzX8tXBhRApump,Human,Atgx1JXsp8pTQ9Qsi74wF5pLMVwHwyQc6jJCu84evN7c,0.0,414522608,0,1,1,4.4393497122047325e-08,1.1383,1.135802,5.075814,0.0,0.0,3.940012,3.940012
GBmrxrKcEhiSm5z8tnueycaCcqdPDrQzX8tXBhRApump,Human,2CHrnc2LyagAbMaMFgthiDWh7ZZ9zT9TF8WEJf7MNE71,0.0,414522608,0,1,1,4.1765903826476434e-08,1.0709,1.234568,4.185121,0.0,0.0,2.950553,2.950553
GBmrxrKcEhiSm5z8tnueycaCcqdPDrQzX8tXBhRApump,Human,8kzFH4rgFzy4ccz97AhgqRT7Qbt7HnD5oJCDK1Sxdarb,0.0,414522608,0,1,0,4.69818477312604e-08,1.2046,1.08642,2.648108,8920808.048,0.166741,1.561688,1.728429
GBmrxrKcEhiSm5z8tnueycaCcqdPDrQzX8tXBhRApump,Human,Aoc5Cd9bp2THAUPPx4bEr9JiFYma3kRJtzDcby9Cg84q,4.0,414522618,10,0,1,1.2943471418303735e-07,3.3188,2.432099,3.613372,0.0,0.0,1.181274,1.181274
GBmrxrKcEhiSm5z8tnueycaCcqdPDrQzX8tXBhRApump,Human,rAin5B64BxwGWAYGpH1vXchidEVqMUBVMcdRKb3HEWE,7.0,414522627,19,0,1,1.0535151435239903e-07,2.7013,3.950617,4.84897,0.0,0.0,0.898353,0.898353
GBmrxrKcEhiSm5z8tnueycaCcqdPDrQzX8tXBhRApump,Human,GfJA84gwT9LpeyzeckeXkCsf8vdQuA64ZYQ91xoBawvt,0.0,414522608,0,1,0,4.939853052778499e-08,1.2666,0.987654,1.538695,11209124.617,0.209512,0.551041,0.760553
GBmrxrKcEhiSm5z8tnueycaCcqdPDrQzX8tXBhRApump,Human,swag6aBGmqkAJFVB8w8GK67pjKoUgS5jcTcLy4MWb3m,10.0,414522633,25,0,1,1.3450969139897374e-07,3.4489,2.918519,3.678122,0.0,0.0,0.759604,0.759604
GBmrxrKcEhiSm5z8tnueycaCcqdPDrQzX8tXBhRApump,Human,5P8A9bGUhroskpuA4hhRbybgt37TcTz7ft5zLAh8orpn,0.0,414522608,0,1,0,5.2126882071168876e-08,1.3366,1.08642,1.598497,11705731.406,0.218794,0.512078,0.730872
GBmrxrKcEhiSm5z8tnueycaCcqdPDrQzX8tXBhRApump,Human,haqqiUUXB5gp7gDbSjpEkw3phAjQb25r86uXJsZQgWq,2.0,414522614,6,0,1,1.0977011332874529e-07,2.8146,6.248988,6.95818,0.0,0.0,0.709192,0.709192
GFG5ZFMoeVrc3fapj5iu6mTyRixoN1wgab3NCjwCpump,Baby,2CHrnc2LyagAbMaMFgthiDWh7ZZ9zT9TF8WEJf7MNE71,0.0,435583144,0,1,1,7.194368105694149e-08,1.1531,3.308642,5.583057,0.0,0.0,2.274415,2.274415
GFG5ZFMoeVrc3fapj5iu6mTyRixoN1wgab3NCjwCpump,Baby,Atgx1JXsp8pTQ9Qsi74wF5pLMVwHwyQc6jJCu84evN7c,0.0,435583144,0,1,1,8.186117150377942e-08,1.3121,3.209877,4.255646,0.0,0.0,1.045769,1.045769
GFG5ZFMoeVrc3fapj5iu6mTyRixoN1wgab3NCjwCpump,Baby,4Bf9D68XCsqVUQf7akzfEFJSYbpRBrSnwV8Qr8DkCXzn,0.0,435583144,0,1,1,1.5984208999217963e-07,2.5619,2.962963,3.944027,0.0,0.0,0.981064,0.981064
GFG5ZFMoeVrc3fapj5iu6mTyRixoN1wgab3NCjwCpump,Baby,GDQeTnqkyeLyRSjWaeFY5HsxaWoQmmXFc1N6wyuuHiQD,0.0,435583144,0,1,1,1.779337259148991e-07,2.8519,3.950617,4.53059,0.0,0.0,0.579973,0.579973
GFG5ZFMoeVrc3fapj5iu6mTyRixoN1wgab3NCjwCpump,Baby,8kzFH4rgFzy4ccz97AhgqRT7Qbt7HnD5oJCDK1Sxdarb,0.0,435583144,0,1,1,9.325745970029008e-08,1.4947,3.45679,3.948214,0.0,0.0,0.491424,0.491424
GFG5ZFMoeVrc3fapj5iu6mTyRixoN1wgab3NCjwCpump,Baby,2CQgjcdNEo7WtbQLpJTAVcC3Ga61pNvRDTgP5grzctFG,0.0,435583144,0,1,1,1.469097309359375e-07,2.3547,7.162963,7.635792,0.0,0.0,0.472829,0.472829
GFG5ZFMoeVrc3fapj5iu6mTyRixoN1wgab3NCjwCpump,Baby,GmNi3xSt4zSB3PEuwDmT41V7KobZBaPnCeN26sJX8DUs,22.0,435583197,53,0,1,1.0171257434446176e-07,1.6302,1.975309,2.436369,0.0,0.0,0.46106,0.46106
GFG5ZFMoeVrc3fapj5iu6mTyRixoN1wgab3NCjwCpump,Baby,Anubis512ho5t7S6LNSwoxUWdeQmX2kf3RvZ8ApHHF5w,0.0,435583144,0,1,1,1.90405409150364e-07,3.0518,2.212346,2.596833,0.0,0.0,0.384487,0.384487
GFG5ZFMoeVrc3fapj5iu6mTyRixoN1wgab3NCjwCpump,Baby,BoHSCCNHeUZikCqfUZaYbJKHbWFyyzaoDGFLEh8sJNt9,6.0,435583160,16,0,0,1.2083734801545923e-07,1.9368,1.987654,2.06968,2132566.456,0.223728,0.082026,0.305754
GFG5ZFMoeVrc3fapj5iu6mTyRixoN1wgab3NCjwCpump,Baby,AfPWFykWPZZxU2CyF6BcPoY2v8VEkmYS7ZggvELK7Pv1,0.0,435583144,0,1,1,1.8166307897362286e-07,2.9117,1.975309,2.144302,0.0,0.0,0.168993,0.168993
GFK1VMaoR6WMaU71j9Hypv8zn5CvsVQc7WXrqmhVpump,Crinkle,EgQX9R3Qph1dPHE1Ysou1auSYqRGomCNmLDC28Yg77aq,1.0,411609235,1,0,1,6.406937776492077e-08,1.8425,8.5,14.406959,0.0,0.0,5.906959,5.906959
GFK1VMaoR6WMaU71j9Hypv8zn5CvsVQc7WXrqmhVpump,Crinkle,8kzFH4rgFzy4ccz97AhgqRT7Qbt7HnD5oJCDK1Sxdarb,0.0,411609234,0,1,1,4.233030152846853e-08,1.2173,1.125926,2.786984,0.0,0.0,1.661058,1.661058
GFK1VMaoR6WMaU71j9Hypv8zn5CvsVQc7WXrqmhVpump,Crinkle,8twv5s98BQKPstD6QYShG3DpLzrygMm8w22Ud29HiPmT,16.0,411609274,40,0,1,1.0665650488520115e-07,3.0672,1.955556,3.26796,0.0,0.0,1.312405,1.312405
GFK1VMaoR6WMaU71j9Hypv8zn5CvsVQc7WXrqmhVpump,Crinkle,61ohufUkdgu8sxxP3Rj4zTMfN9qrNwg97SBzHNETng32,10.0,411609259,25,0,0,8.319627431210435e-08,2.3925,2.469136,3.368663,3615204.978,0.069513,0.899528,0.969041
GFK1VMaoR6WMaU71j9Hypv8zn5CvsVQc7WXrqmhVpump,Crinkle,37ruyJuC2vrpstBS8iT8txC7FirXEuEhv1MkpRM3ZVk3,10.0,411609259,25,0,1,9.494311687668096e-08,2.7303,1.099169,1.930793,0.0,0.0,0.831625,0.831625
GFK1VMaoR6WMaU71j9Hypv8zn5CvsVQc7WXrqmhVpump,Crinkle,2CHrnc2LyagAbMaMFgthiDWh7ZZ9zT9TF8WEJf7MNE71,0.0,411609234,0,1,0,3.73870867145051e-08,1.0752,1.234568,1.710412,17119867.078,0.329182,0.475844,0.805025
GFK1VMaoR6WMaU71j9Hypv8zn5CvsVQc7WXrqmhVpump,Crinkle,7gEnRjDud56BVmBQMWLTticJoouzrpnyaAnN5A3EEqiy,1.0,411609235,1,0,1,7.876076371803314e-08,2.265,4.938272,5.623389,0.0,0.0,0.685117,0.685117
GFK1VMaoR6WMaU71j9Hypv8zn5CvsVQc7WXrqmhVpump,Crinkle,Atgx1JXsp8pTQ9Qsi74wF5pLMVwHwyQc6jJCu84evN7c,0.0,411609234,0,1,0,3.9787393646277536e-08,1.1442,1.096296,1.501567,14212300.868,0.273275,0.40527,0.678545
GFK1VMaoR6WMaU71j9Hypv8zn5CvsVQc7WXrqmhVpump,Crinkle,8nCYDUfD5y44XJRE6afHixPTakNsxJgoshjfrDLG1fyp,10.0,411609259,25,0,1,9.830336870524039e-08,2.827,0.969791,1.646027,0.0,0.0,0.676237,0.676237
GFK1VMaoR6WMaU71j9Hypv8zn5CvsVQc7WXrqmhVpump,Crinkle,EuJp5632VT6mnXYo2wBwExqbyB4pVGtg6PaQkqgmMW5y,10.0,411609259,25,0,1,1.0134761155136147e-07,2.9145,0.864374,1.412908,0.0,0.0,0.548534,0.548534
GJb2iDKzRBdjdS46Q3Z4hPxJLkhjN7qyVZVYFHXjpump,itsy,2CHrnc2LyagAbMaMFgthiDWh7ZZ9zT9TF8WEJf7MNE71,0.0,430311039,0,1,1,7.194368105694149e-08,1.1531,3.308642,5.282492,0.0,0.0,1.97385,1.97385
GJb2iDKzRBdjdS46Q3Z4hPxJLkhjN7qyVZVYFHXjpump,itsy,Atgx1JXsp8pTQ9Qsi74wF5pLMVwHwyQc6jJCu84evN7c,0.0,430311039,0,1,1,8.186117150377942e-08,1.3121,3.209877,4.897307,0.0,0.0,1.68743,1.68743
GJb2iDKzRBdjdS46Q3Z4hPxJLkhjN7qyVZVYFHXjpump,itsy,2CQgjcdNEo7WtbQLpJTAVcC3Ga61pNvRDTgP5grzctFG,1.0,430311040,1,0,1,1.4167187379897385e-07,2.2707,2.962963,3.862895,0.0,0.0,0.899932,0.899932
GJb2iDKzRBdjdS46Q3Z4hPxJLkhjN7qyVZVYFHXjpump,itsy,5brv79eFZ2rGprXNvqgVJBkBptkkw8GJX1XydJyZLyAr,1.0,430311040,1,0,1,1.587325937485152e-07,2.5442,3.950617,4.542474,0.0,0.0,0.591857,0.591857
GJb2iDKzRBdjdS46Q3Z4hPxJLkhjN7qyVZVYFHXjpump,itsy,8kzFH4rgFzy4ccz97AhgqRT7Qbt7HnD5oJCDK1Sxdarb,0.0,430311039,0,1,1,9.325745970029008e-08,1.4947,3.45679,3.982531,0.0,0.0,0.52574,0.52574
GJb2iDKzRBdjdS46Q3Z4hPxJLkhjN7qyVZVYFHXjpump,itsy,43x1zWzjVWJbQErWM78m3Acx83FFuGSQEhmgyxUrPdQs,0.0,430311039,0,1,1,1.209426445160652e-07,1.9385,4.938272,5.396713,0.0,0.0,0.458442,0.458442
GJb2iDKzRBdjdS46Q3Z4hPxJLkhjN7qyVZVYFHXjpump,itsy,GmNi3xSt4zSB3PEuwDmT41V7KobZBaPnCeN26sJX8DUs,22.0,430311095,56,0,1,9.676344877045156e-08,1.5509,1.975309,2.385244,0.0,0.0,0.409936,0.409936
GJb2iDKzRBdjdS46Q3Z4hPxJLkhjN7qyVZVYFHXjpump,itsy,4iubzbC4MFyS5zeK8wbr6WgX3T6gor5Qs3pyzyTcK5qp,22.0,430311095,56,0,1,1.0359292283213928e-07,1.6604,1.935951,2.343415,0.0,0.0,0.407464,0.407464
GJb2iDKzRBdjdS46Q3Z4hPxJLkhjN7qyVZVYFHXjpump,itsy,GfJA84gwT9LpeyzeckeXkCsf8vdQuA64ZYQ91xoBawvt,0.0,430311039,0,1,1,1.0255615813776074e-07,1.6438,2.666667,3.041825,0.0,0.0,0.375158,0.375158
GJb2iDKzRBdjdS46Q3Z4hPxJLkhjN7qyVZVYFHXjpump,itsy,Anubis512ho5t7S6LNSwoxUWdeQmX2kf3RvZ8ApHHF5w,1.0,430311040,1,0,1,1.8785127892761162e-07,3.0109,2.212346,2.487717,0.0,0.0,0.275372,0.275372
GJtKNh6TNrxyXXYPpMrYeRDGELQA5nHm46x2Sz6dpump,bun,5brv79eFZ2rGprXNvqgVJBkBptkkw8GJX1XydJyZLyAr,0.0,410842717,0,1,1,6.945548261182186e-08,1.9397,9.876543,16.227543,0.0,0.0,6.351,6.351
GJtKNh6TNrxyXXYPpMrYeRDGELQA5nHm46x2Sz6dpump,bun,Aoc5Cd9bp2THAUPPx4bEr9JiFYma3kRJtzDcby9Cg84q,6.0,410842733,16,0,1,8.253784956128946e-08,2.305,2.432099,2.932203,0.0,0.0,0.500104,0.500104
GJtKNh6TNrxyXXYPpMrYeRDGELQA5nHm46x2Sz6dpump,bun,9QTHeFTWysTe4NEriJoQSbMP7enGFGKKUkrD4JJUFDxx,6.0,410842733,16,0,1,9.052708838445269e-08,2.5282,1.459259,1.777967,0.0,0.0,0.318707,0.318707
GJtKNh6TNrxyXXYPpMrYeRDGELQA5nHm46x2Sz6dpump,bun,B8vYdiPJCJBUX2ZqSDXhs76vw6rMqstZgHQfwjmmtt21,6.0,410842733,16,0,1,7.493268470248882e-08,2.0927,1.8,2.118491,0.0,0.0,0.318491,0.318491
GJtKNh6TNrxyXXYPpMrYeRDGELQA5nHm46x2Sz6dpump,bun,Dogz5UoxqULHUE3CMWbCrNTwMsCBsnhcGe8Uuk2hwvv3,6.0,410842733,16,0,1,8.569893315351738e-08,2.3933,0.977778,1.186696,0.0,0.0,0.208918,0.208918
GJtKNh6TNrxyXXYPpMrYeRDGELQA5nHm46x2Sz6dpump,bun,G4ePgFMBQfLg56Mq9JjvUznpXfzM35LzwVGtDf4ZpNha,30.0,410842794,77,0,1,4.6566942953117316e-08,1.3005,0.977778,1.022175,0.0,0.0,0.044398,0.044398
GJtKNh6TNrxyXXYPpMrYeRDGELQA5nHm46x2Sz6dpump,bun,CozH3NJkvqK4NoDReVxq6z4pGHQKYHJf7N8FCpDqeuTU,0.0,410842718,1,0,1,8.5991267994426e-08,2.4015,0.390123,0.427146,0.0,0.0,0.037023,0.037023
GJtKNh6TNrxyXXYPpMrYeRDGELQA5nHm46x2Sz6dpump,bun,7gEnRjDud56BVmBQMWLTticJoouzrpnyaAnN5A3EEqiy,0.0,410842717,0,1,1,8.47207360318705e-08,2.366,4.938272,4.961214,0.0,0.0,0.022942,0.022942
GJtKNh6TNrxyXXYPpMrYeRDGELQA5nHm46x2Sz6dpump,bun,E87bHBznpmwVSn1jYs9rqqUvLbjvh1UnTsoEZpd6e15M,2.0,410842723,6,0,1,9.328291933147222e-08,2.6051,0.7151,0.728136,0.0,0.0,0.013036,0.013036
GJtKNh6TNrxyXXYPpMrYeRDGELQA5nHm46x2Sz6dpump,bun,5d7bpGCVaMGcFcX5hYtQyFyTNbdf9s6JDpchLddofVLj,2.0,410842723,6,0,1,9.540756409084555e-08,2.6645,0.620531,0.631984,0.0,0.0,0.011453,0.011453
GRFGFrLtM5N1znXAhLPXsajXBf6DHho2SEhcDUqgpump,Robbinghood,2CHrnc2LyagAbMaMFgthiDWh7ZZ9zT9TF8WEJf7MNE71,0.0,431626544,0,1,1,7.194368105694149e-08,1.1531,3.308642,5.458484,0.0,0.0,2.149842,2.149842
GRFGFrLtM5N1znXAhLPXsajXBf6DHho2SEhcDUqgpump,Robbinghood,C3sZ9G7gUsvAKcud6MKVtcDPsq6Z28EvPGn3CATmYixo,0.0,431626544,0,1,1,1.437514331385377e-07,2.304,3.45679,5.075181,0.0,0.0,1.618391,1.618391
GRFGFrLtM5N1znXAhLPXsajXBf6DHho2SEhcDUqgpump,Robbinghood,Atgx1JXsp8pTQ9Qsi74wF5pLMVwHwyQc6jJCu84evN7c,0.0,431626544,0,1,1,8.186117150377942e-08,1.3121,3.209877,4.286072,0.0,0.0,1.076196,1.076196
GRFGFrLtM5N1znXAhLPXsajXBf6DHho2SEhcDUqgpump,Robbinghood,8kzFH4rgFzy4ccz97AhgqRT7Qbt7HnD5oJCDK1Sxdarb,0.0,431626544,0,1,1,9.325745970029008e-08,1.4947,3.45679,4.004558,0.0,0.0,0.547767,0.547767
GRFGFrLtM5N1znXAhLPXsajXBf6DHho2SEhcDUqgpump,Robbinghood,Co8J4CnAGWt8wYJBAUMuRE4uhg3D1rapUDCtbftRQgr6,21.0,431626594,50,0,1,1.098773088447959e-07,1.7611,1.975309,2.369957,0.0,0.0,0.394649,0.394649
GRFGFrLtM5N1znXAhLPXsajXBf6DHho2SEhcDUqgpump,Robbinghood,TTTTM2PdBJeX4Jz5RNQm6JfMytBrsRq79Q89x63vnY6,13.0,431626576,32,0,1,8.55090392465581e-08,1.3705,0.5,0.810431,0.0,0.0,0.310431,0.310431
GRFGFrLtM5N1znXAhLPXsajXBf6DHho2SEhcDUqgpump,Robbinghood,EaYBEQW348HpXGyJm21i8J9pUubAFPJy7t23qLAuTne8,8.0,431626564,20,0,1,9.895704153843037e-08,1.5861,1.947461,2.247927,0.0,0.0,0.300466,0.300466
GRFGFrLtM5N1znXAhLPXsajXBf6DHho2SEhcDUqgpump,Robbinghood,GDQeTnqkyeLyRSjWaeFY5HsxaWoQmmXFc1N6wyuuHiQD,0.0,431626544,0,1,1,1.7768999302507787e-07,2.848,2.469136,2.741087,0.0,0.0,0.271952,0.271952
GRFGFrLtM5N1znXAhLPXsajXBf6DHho2SEhcDUqgpump,Robbinghood,EeyNHgzyduzf4eYf9YsPa5826jDgDqprppdsSeaKoNDW,21.0,431626594,50,0,1,1.0599949980033114e-07,1.699,0.688395,0.935628,0.0,0.0,0.247233,0.247233
GRFGFrLtM5N1znXAhLPXsajXBf6DHho2SEhcDUqgpump,Robbinghood,haqqiUUXB5gp7gDbSjpEkw3phAjQb25r86uXJsZQgWq,15.0,431626580,36,0,1,8.554014726487304e-08,1.371,0.740741,0.972391,0.0,0.0,0.23165,0.23165
GW3wyPJYHGSaZbEb3hcXNvLhdEqr1YLoULXDcduApump,Sparkle,2CHrnc2LyagAbMaMFgthiDWh7ZZ9zT9TF8WEJf7MNE71,0.0,428595405,0,1,1,7.194368105694149e-08,1.1531,3.308642,4.23418,0.0,0.0,0.925538,0.925538
GW3wyPJYHGSaZbEb3hcXNvLhdEqr1YLoULXDcduApump,Sparkle,Atgx1JXsp8pTQ9Qsi74wF5pLMVwHwyQc6jJCu84evN7c,0.0,428595405,0,1,1,8.186117150377942e-08,1.3121,3.209877,3.982901,0.0,0.0,0.773024,0.773024
GW3wyPJYHGSaZbEb3hcXNvLhdEqr1YLoULXDcduApump,Sparkle,5brv79eFZ2rGprXNvqgVJBkBptkkw8GJX1XydJyZLyAr,0.0,428595405,0,1,1,1.4793483302800445e-07,2.3711,3.950617,4.666801,0.0,0.0,0.716184,0.716184
GW3wyPJYHGSaZbEb3hcXNvLhdEqr1YLoULXDcduApump,Sparkle,8hRReT1T9SCpG4opxnCVgyvWYyTqii9j4c4z1RUuR8hy,23.0,428595462,57,0,1,8.778119237916811e-08,1.407,1.975309,2.197323,0.0,0.0,0.222014,0.222014
GW3wyPJYHGSaZbEb3hcXNvLhdEqr1YLoULXDcduApump,Sparkle,9QTHeFTWysTe4NEriJoQSbMP7enGFGKKUkrD4JJUFDxx,20.0,428595455,50,0,1,9.462527053273357e-08,1.5166,1.466667,1.676918,0.0,0.0,0.210251,0.210251
GW3wyPJYHGSaZbEb3hcXNvLhdEqr1YLoULXDcduApump,Sparkle,8kzFH4rgFzy4ccz97AhgqRT7Qbt7HnD5oJCDK1Sxdarb,0.0,428595405,0,1,1,9.325745970029008e-08,1.4947,3.45679,3.584308,0.0,0.0,0.127518,0.127518
GW3wyPJYHGSaZbEb3hcXNvLhdEqr1YLoULXDcduApump,Sparkle,F8ePdsExXQn7Cc6tDVAuUbCzqBgc6rYVuoq5FuyGBoTc,0.0,428595405,0,1,1,1.3148138985967872e-07,2.1074,0.488889,0.592315,0.0,0.0,0.103426,0.103426
GW3wyPJYHGSaZbEb3hcXNvLhdEqr1YLoULXDcduApump,Sparkle,5st7H8QtPEVfovSwLmdJDjbUAQivVZJGzbHCir6dZxGc,24.0,428595464,59,0,1,9.784979048679928e-08,1.5683,2.317333,2.38533,0.0,0.0,0.067996,0.067996
GW3wyPJYHGSaZbEb3hcXNvLhdEqr1YLoULXDcduApump,Sparkle,8nD3q41NNtAks69yvcyAALvcECgJF32o9uBE9gfrsDs5,7.0,428595421,16,0,1,1.2317160077807273e-07,1.9742,3.555556,3.616918,0.0,0.0,0.061362,0.061362
GW3wyPJYHGSaZbEb3hcXNvLhdEqr1YLoULXDcduApump,Sparkle,HH3EcqvdELNBwNHxxGfXj2RBvi32NbpbeyRhmBqoseYc,1.0,428595406,1,0,1,1.5836220099260997e-07,2.5382,0.246914,0.280526,0.0,0.0,0.033613,0.033613
GZZJZVNpy6P2D3B51r4vEfbEXJDz4fFVamNXBCa3pump,Restricted,2CHrnc2LyagAbMaMFgthiDWh7ZZ9zT9TF8WEJf7MNE71,0.0,434787545,0,1,1,7.194368105694149e-08,1.1531,3.308642,6.481826,0.0,0.0,3.173184,3.173184
GZZJZVNpy6P2D3B51r4vEfbEXJDz4fFVamNXBCa3pump,Restricted,Atgx1JXsp8pTQ9Qsi74wF5pLMVwHwyQc6jJCu84evN7c,0.0,434787545,0,1,1,8.186117150377942e-08,1.3121,3.209877,4.857096,0.0,0.0,1.647219,1.647219
GZZJZVNpy6P2D3B51r4vEfbEXJDz4fFVamNXBCa3pump,Restricted,5brv79eFZ2rGprXNvqgVJBkBptkkw8GJX1XydJyZLyAr,0.0,434787545,0,1,1,1.4167187380316767e-07,2.2707,2.962963,3.933009,0.0,0.0,0.970046,0.970046
GZZJZVNpy6P2D3B51r4vEfbEXJDz4fFVamNXBCa3pump,Restricted,8kzFH4rgFzy4ccz97AhgqRT7Qbt7HnD5oJCDK1Sxdarb,0.0,434787545,0,1,1,9.325745970029008e-08,1.4947,3.45679,4.389632,0.0,0.0,0.932841,0.932841
GZZJZVNpy6P2D3B51r4vEfbEXJDz4fFVamNXBCa3pump,Restricted,8U3rggHbZK1VtFMA55JDyhPPy66eF8UZAQtENCo2Ur57,11.0,434787572,27,0,1,1.20928671758242e-07,1.9382,4.4,4.808335,0.0,0.0,0.408335,0.408335
GZZJZVNpy6P2D3B51r4vEfbEXJDz4fFVamNXBCa3pump,Restricted,Anubis512ho5t7S6LNSwoxUWdeQmX2kf3RvZ8ApHHF5w,0.0,434787545,0,1,1,1.9108381852955642e-07,3.0627,2.212346,2.589631,0.0,0.0,0.377285,0.377285
GZZJZVNpy6P2D3B51r4vEfbEXJDz4fFVamNXBCa3pump,Restricted,haqqiUUXB5gp7gDbSjpEkw3phAjQb25r86uXJsZQgWq,6.0,434787559,14,0,1,1.181865231276009e-07,1.8943,1.491358,1.861988,0.0,0.0,0.37063,0.37063
GZZJZVNpy6P2D3B51r4vEfbEXJDz4fFVamNXBCa3pump,Restricted,MeskxyRYaBhYERcNP2zLVTqFVR43TMX4MihyH7AU4XN,4.0,434787555,10,0,1,1.3077035111307088e-07,2.096,1.975309,2.252104,0.0,0.0,0.276796,0.276796
GZZJZVNpy6P2D3B51r4vEfbEXJDz4fFVamNXBCa3pump,Restricted,Gku8cuthhvfoPoG18rg1EULt58xB7j1fgPoifJcyh411,11.0,434787572,27,0,1,1.2695534539390219e-07,2.0348,3.210401,3.347151,0.0,0.0,0.136749,0.136749
GZZJZVNpy6P2D3B51r4vEfbEXJDz4fFVamNXBCa3pump,Restricted,7YmMeYy6VFAxVFjBWQjX4P5LX999To3zRDsFKBcTk7ou,11.0,434787571,26,0,1,1.1559296879509754e-07,1.8527,1.975309,2.111237,0.0,0.0,0.135928,0.135928
GstDQF9XdDK79NRBNcCXCQLceHwoEJqJUXsRXLkHpump,DiCatprio,68mHfcA12ujLryWmKUvp3RLTqd1LhniVmjFCNwAiiFDS,0.0,413435451,0,1,1,5.5575541452138316e-08,1.5982,2.814815,4.047858,0.0,0.0,1.233043,1.233043
GstDQF9XdDK79NRBNcCXCQLceHwoEJqJUXsRXLkHpump,DiCatprio,Adsw1NGspGypATtD4Yc3e7NNXmk4Q2z1GwCT6egu4kP6,27.0,413435519,68,0,1,4.231944103384875e-08,1.217,1.713564,2.09463,0.0,0.0,0.381066,0.381066
GstDQF9XdDK79NRBNcCXCQLceHwoEJqJUXsRXLkHpump,DiCatprio,2CHrnc2LyagAbMaMFgthiDWh7ZZ9zT9TF8WEJf7MNE71,0.0,413435451,0,1,1,3.73870867145051e-08,1.0752,1.234568,1.536402,0.0,0.0,0.301834,0.301834
GstDQF9XdDK79NRBNcCXCQLceHwoEJqJUXsRXLkHpump,DiCatprio,A71pK8RRfqA4Gh5j7wiP44Q53iPVB3EFhPtyEFJnXZCU,27.0,413435519,68,0,1,4.457519566574359e-08,1.2819,1.708658,1.968263,0.0,0.0,0.259605,0.259605
GstDQF9XdDK79NRBNcCXCQLceHwoEJqJUXsRXLkHpump,DiCatprio,5brv79eFZ2rGprXNvqgVJBkBptkkw8GJX1XydJyZLyAr,0.0,413435451,0,1,1,6.644228065838041e-08,1.9107,3.950617,4.21019,0.0,0.0,0.259573,0.259573
GstDQF9XdDK79NRBNcCXCQLceHwoEJqJUXsRXLkHpump,DiCatprio,8U3rggHbZK1VtFMA55JDyhPPy66eF8UZAQtENCo2Ur57,27.0,413435518,67,0,1,3.913385577333313e-08,1.1254,0.514421,0.695635,0.0,0.0,0.181214,0.181214
GstDQF9XdDK79NRBNcCXCQLceHwoEJqJUXsRXLkHpump,DiCatprio,8kzFH4rgFzy4ccz97AhgqRT7Qbt7HnD5oJCDK1Sxdarb,0.0,413435451,0,1,1,4.2330301526176347e-08,1.2173,1.08642,1.235781,0.0,0.0,0.149361,0.149361
GstDQF9XdDK79NRBNcCXCQLceHwoEJqJUXsRXLkHpump,DiCatprio,Atgx1JXsp8pTQ9Qsi74wF5pLMVwHwyQc6jJCu84evN7c,0.0,413435451,0,1,1,3.987528514026162e-08,1.1467,1.135802,1.264388,0.0,0.0,0.128586,0.128586
GstDQF9XdDK79NRBNcCXCQLceHwoEJqJUXsRXLkHpump,DiCatprio,8WoSfnGF5zm1XE8iSp6tDE7mUt72emRAX8LA15NvVUGu,27.0,413435518,67,0,1,4.016231418482545e-08,1.155,0.463356,0.59057,0.0,0.0,0.127213,0.127213
GstDQF9XdDK79NRBNcCXCQLceHwoEJqJUXsRXLkHpump,DiCatprio,CDjiKpqT7XYRSSncmnK8Q5Fea1MrdszJXTmGf3B7HriZ,12.0,413435481,30,0,1,7.050009391820078e-08,2.0274,1.496795,1.574839,0.0,0.0,0.078044,0.078044
GugurhdcJvntY1hXDMFB9Zk8K3aL2aH8g89u1ctDpump,Banknote,DtuCsfYR9LKe8RPck3dzpmbU9jeEWiz2RWxQYimWMu2S,2.0,424017187,5,0,1,1.0915047524428876e-07,2.2096,0.201161,5.151116,0.0,0.0,4.949955,4.949955
GugurhdcJvntY1hXDMFB9Zk8K3aL2aH8g89u1ctDpump,Banknote,2CQgjcdNEo7WtbQLpJTAVcC3Ga61pNvRDTgP5grzctFG,0.0,424017182,0,1,1,1.0683073212231907e-07,2.1626,11.851852,14.708989,0.0,0.0,2.857137,2.857137
GugurhdcJvntY1hXDMFB9Zk8K3aL2aH8g89u1ctDpump,Banknote,2CHrnc2LyagAbMaMFgthiDWh7ZZ9zT9TF8WEJf7MNE71,0.0,424017182,0,1,1,5.275718932970118e-08,1.068,1.333333,2.154424,0.0,0.0,0.82109,0.82109
GugurhdcJvntY1hXDMFB9Zk8K3aL2aH8g89u1ctDpump,Banknote,Atgx1JXsp8pTQ9Qsi74wF5pLMVwHwyQc6jJCu84evN7c,0.0,424017182,0,1,1,5.609584798034692e-08,1.1356,1.283951,1.842089,0.0,0.0,0.558139,0.558139
GugurhdcJvntY1hXDMFB9Zk8K3aL2aH8g89u1ctDpump,Banknote,8kzFH4rgFzy4ccz97AhgqRT7Qbt7HnD5oJCDK1Sxdarb,0.0,424017182,0,1,1,5.932221497121143e-08,1.2009,1.204938,1.606977,0.0,0.0,0.402038,0.402038
GugurhdcJvntY1hXDMFB9Zk8K3aL2aH8g89u1ctDpump,Banknote,7z6nNXDGaYphcMSKZc1xG1gavAAqyyGTKdHNKdM9AuLb,4.0,424017192,10,0,1,1.0588992968315004e-07,2.1436,1.777778,2.006953,0.0,0.0,0.229175,0.229175
GugurhdcJvntY1hXDMFB9Zk8K3aL2aH8g89u1ctDpump,Banknote,6bqbSJXwMrmu8BHPcMp3mHrqqMS9CTL5LM1SdT7Hs82K,11.0,424017210,28,0,1,1.0400533967687256e-07,2.1054,2.933333,3.065689,0.0,0.0,0.132356,0.132356
GugurhdcJvntY1hXDMFB9Zk8K3aL2aH8g89u1ctDpump,Banknote,DuuRTor81GRbkNPPTmpwLDVhgtLvnbYpb1dcSuxHNFZW,6.0,424017197,15,0,1,1.1493395872375823e-07,2.3267,4.271329,4.386187,0.0,0.0,0.114858,0.114858
GugurhdcJvntY1hXDMFB9Zk8K3aL2aH8g89u1ctDpump,Banknote,CtoLtp8m54TMisKD6TYjUHDuSR33efjXTn8TZnZkJhqY,3.0,424017188,6,0,1,1.1301656374698825e-07,2.2879,1.040624,1.114939,0.0,0.0,0.074315,0.074315
GugurhdcJvntY1hXDMFB9Zk8K3aL2aH8g89u1ctDpump,Banknote,b7WFWWxbm8YS3KXSgHbAMzQft2sTZQdCvnHn7J7bnnF,17.0,424017226,44,0,1,8.562689244496862e-08,1.7334,0.586667,0.6297,0.0,0.0,0.043034,0.043034
GxN4wsPK42AsN8xgaj6xMynFmdCwHyeCGGgvGNF3pump,Spam,2CHrnc2LyagAbMaMFgthiDWh7ZZ9zT9TF8WEJf7MNE71,0.0,434328718,0,1,1,7.194368105694149e-08,1.1531,3.308642,8.575204,0.0,0.0,5.266562,5.266562
GxN4wsPK42AsN8xgaj6xMynFmdCwHyeCGGgvGNF3pump,Spam,Atgx1JXsp8pTQ9Qsi74wF5pLMVwHwyQc6jJCu84evN7c,0.0,434328718,0,1,1,8.186117150377942e-08,1.3121,3.209877,7.260495,0.0,0.0,4.050619,4.050619
GxN4wsPK42AsN8xgaj6xMynFmdCwHyeCGGgvGNF3pump,Spam,8kzFH4rgFzy4ccz97AhgqRT7Qbt7HnD5oJCDK1Sxdarb,0.0,434328718,0,1,1,9.325745970029008e-08,1.4947,3.45679,5.298395,0.0,0.0,1.841605,1.841605
GxN4wsPK42AsN8xgaj6xMynFmdCwHyeCGGgvGNF3pump,Spam,43x1zWzjVWJbQErWM78m3Acx83FFuGSQEhmgyxUrPdQs,0.0,434328718,0,1,1,1.0468253597122784e-07,1.6778,3.259259,4.566134,0.0,0.0,1.306875,1.306875
GxN4wsPK42AsN8xgaj6xMynFmdCwHyeCGGgvGNF3pump,Spam,8eMntzBDpLZjk6jxWryhU6AZand54sqRhmv81LHmguvZ,0.0,434328718,0,1,1,1.545387636785714e-07,2.4769,2.962963,3.749187,0.0,0.0,0.786224,0.786224
GxN4wsPK42AsN8xgaj6xMynFmdCwHyeCGGgvGNF3pump,Spam,5P8A9bGUhroskpuA4hhRbybgt37TcTz7ft5zLAh8orpn,0.0,434328718,0,1,1,1.1808808000746812e-07,1.8927,3.604938,4.182044,0.0,0.0,0.577106,0.577106
GxN4wsPK42AsN8xgaj6xMynFmdCwHyeCGGgvGNF3pump,Spam,Anubis512ho5t7S6LNSwoxUWdeQmX2kf3RvZ8ApHHF5w,0.0,434328718,0,1,1,1.6521133674940653e-07,2.648,2.10147,2.63603,0.0,0.0,0.53456,0.53456
GxN4wsPK42AsN8xgaj6xMynFmdCwHyeCGGgvGNF3pump,Spam,76ws2A2fvuMxw4Ko2ZaeV5fNPR71EXt2Vx2F9JpVU4YE,7.0,434328734,16,0,1,1.5276229787134334e-07,2.4485,2.444444,2.87952,0.0,0.0,0.435076,0.435076
GxN4wsPK42AsN8xgaj6xMynFmdCwHyeCGGgvGNF3pump,Spam,7cp6zxvhxbfS7QgYTB7ts2RqFf7zDYwtjfuHcEHhKLAz,1.0,434328719,1,0,1,1.6405407859877216e-07,2.6294,1.520442,1.875659,0.0,0.0,0.355217,0.355217
GxN4wsPK42AsN8xgaj6xMynFmdCwHyeCGGgvGNF3pump,Spam,MeskxyRYaBhYERcNP2zLVTqFVR43TMX4MihyH7AU4XN,4.0,434328728,10,0,1,1.3000745071658318e-07,2.0838,1.975309,2.30357,0.0,0.0,0.328261,0.328261
H5pStqxNwPVoc7Zp4fZbdeDNebu5S7Z61AwcvqeSpump,BrownBear,2CHrnc2LyagAbMaMFgthiDWh7ZZ9zT9TF8WEJf7MNE71,0.0,424676825,0,1,1,7.238732037890617e-08,1.1602,3.45679,4.994912,0.0,0.0,1.538122,1.538122
H5pStqxNwPVoc7Zp4fZbdeDNebu5S7Z61AwcvqeSpump,BrownBear,Anubis512ho5t7S6LNSwoxUWdeQmX2kf3RvZ8ApHHF5w,2.0,424676830,5,0,1,1.2244692280968601e-07,1.9626,0.067054,1.324758,0.0,0.0,1.257704,1.257704
H5pStqxNwPVoc7Zp4fZbdeDNebu5S7Z61AwcvqeSpump,BrownBear,8cKTsKRe8TN5QrQJE1pjzU3Ry6iFKF3ua1yf4BBHAv9g,2.0,424676830,5,0,1,9.391014193900138e-08,1.5052,3.555556,4.228642,0.0,0.0,0.673086,0.673086
H5pStqxNwPVoc7Zp4fZbdeDNebu5S7Z61AwcvqeSpump,BrownBear,DuuRTor81GRbkNPPTmpwLDVhgtLvnbYpb1dcSuxHNFZW,4.0,424676834,9,0,1,9.313973917071841e-08,1.4928,4.157777,4.5926,0.0,0.0,0.434824,0.434824
H5pStqxNwPVoc7Zp4fZbdeDNebu5S7Z61AwcvqeSpump,BrownBear,2CQgjcdNEo7WtbQLpJTAVcC3Ga61pNvRDTgP5grzctFG,0.0,424676825,0,1,1,1.0357232496391158e-07,1.6601,3.0,3.296379,0.0,0.0,0.296379,0.296379
H5pStqxNwPVoc7Zp4fZbdeDNebu5S7Z61AwcvqeSpump,BrownBear,qgv5NviBeiPa1AgEAYeDzWzZLT2aCxTcVW3GqbzgHDn,6.0,424676840,15,0,1,9.081587935764232e-08,1.4556,1.381568,1.628715,0.0,0.0,0.247147,0.247147
H5pStqxNwPVoc7Zp4fZbdeDNebu5S7Z61AwcvqeSpump,BrownBear,Hzci68r3KYk5qeGKayXub8ZfghyMmxCcpNf5SJ7BQW7x,5.0,424676836,11,0,1,8.638180013405801e-08,1.3845,0.977778,1.195187,0.0,0.0,0.217409,0.217409
H5pStqxNwPVoc7Zp4fZbdeDNebu5S7Z61AwcvqeSpump,BrownBear,8Vceaxp4Xc6VQ4onWWo6ag5zn9s4Zy4GnbEsnTdkyuVy,9.0,424676848,23,0,1,9.49745621415768e-08,1.5222,0.740741,0.925211,0.0,0.0,0.18447,0.18447
H5pStqxNwPVoc7Zp4fZbdeDNebu5S7Z61AwcvqeSpump,BrownBear,9tid6pXgWfWE5KY6kPiYjY1B8EQrzDrq6f7FoatjW57X,2.0,424676830,5,0,1,9.540189250880074e-08,1.5291,0.977778,1.16049,0.0,0.0,0.182712,0.182712
H5pStqxNwPVoc7Zp4fZbdeDNebu5S7Z61AwcvqeSpump,BrownBear,4Jtn5C3NskaMiCbck7WLCeJrs5VcNK5VP3Bx24NSHQhG,29.0,424676896,71,0,1,7.977120747105469e-08,1.2786,0.620837,0.796434,0.0,0.0,0.175596,0.175596
H6e9XnLJAvmXjRQEHqL6N7bZqURVdyE2wEQntcnMpump,Valera,5brv79eFZ2rGprXNvqgVJBkBptkkw8GJX1XydJyZLyAr,0.0,421051805,0,1,1,1.1045954422836156e-07,1.7704,7.901235,9.977769,0.0,0.0,2.076534,2.076534
H6e9XnLJAvmXjRQEHqL6N7bZqURVdyE2wEQntcnMpump,Valera,8kzFH4rgFzy4ccz97AhgqRT7Qbt7HnD5oJCDK1Sxdarb,0.0,421051805,0,1,1,7.34874610544082e-08,1.1779,1.204938,2.355797,0.0,0.0,1.150858,1.150858
H6e9XnLJAvmXjRQEHqL6N7bZqURVdyE2wEQntcnMpump,Valera,DuuRTor81GRbkNPPTmpwLDVhgtLvnbYpb1dcSuxHNFZW,6.0,421051821,16,0,1,1.4269188785824836e-07,2.2871,2.617578,3.614961,0.0,0.0,0.997383,0.997383
H6e9XnLJAvmXjRQEHqL6N7bZqURVdyE2wEQntcnMpump,Valera,2CHrnc2LyagAbMaMFgthiDWh7ZZ9zT9TF8WEJf7MNE71,0.0,421051805,0,1,1,6.615879395165538e-08,1.0604,1.333333,2.267295,0.0,0.0,0.933962,0.933962
H6e9XnLJAvmXjRQEHqL6N7bZqURVdyE2wEQntcnMpump,Valera,6TbDFs2dkHETrRWVbheiC11bwg7EWLDgszsCADF1ML1b,15.0,421051843,38,0,0,1.5256931022193802e-07,2.4454,0.123669,0.0,34446785.061,0.958845,-0.123669,0.835177
H6e9XnLJAvmXjRQEHqL6N7bZqURVdyE2wEQntcnMpump,Valera,CyBZ1M42J7m2z34VUDd3qVhbuH5GdcGnqgMGJJhAX8MR,6.0,421051821,16,0,1,1.387559977652891e-07,2.224,2.651646,3.483402,0.0,0.0,0.831756,0.831756
H6e9XnLJAvmXjRQEHqL6N7bZqURVdyE2wEQntcnMpump,Valera,6bqbSJXwMrmu8BHPcMp3mHrqqMS9CTL5LM1SdT7Hs82K,3.0,421051813,8,0,1,1.244724787178161e-07,1.995,3.422222,4.192707,0.0,0.0,0.770485,0.770485
H6e9XnLJAvmXjRQEHqL6N7bZqURVdyE2wEQntcnMpump,Valera,BWNZg2VXEwiKV9e5he5Htz299166c8TkwdUNSoLUKPgz,0.0,421051805,0,1,1,1.307040733095165e-07,2.0949,2.962963,3.726326,0.0,0.0,0.763363,0.763363
H6e9XnLJAvmXjRQEHqL6N7bZqURVdyE2wEQntcnMpump,Valera,Atgx1JXsp8pTQ9Qsi74wF5pLMVwHwyQc6jJCu84evN7c,0.0,421051805,0,1,1,6.989139462601616e-08,1.1202,1.283951,1.965274,0.0,0.0,0.681323,0.681323
H6e9XnLJAvmXjRQEHqL6N7bZqURVdyE2wEQntcnMpump,Valera,7FovysP3MGZjFb2MRPtQPn27Ntejdjot2u2WAyL1fUaA,3.0,421051813,8,0,1,1.3437258767899023e-07,2.1537,7.407407,7.98395,0.0,0.0,0.576542,0.576542
HG5n378tCKpifGc4MgZqiH8yfqbxiSVcVB4ES5zspump,Max,2CHrnc2LyagAbMaMFgthiDWh7ZZ9zT9TF8WEJf7MNE71,0.0,429692355,0,1,1,7.194368105694149e-08,1.1531,3.308642,4.422492,0.0,0.0,1.11385,1.11385
HG5n378tCKpifGc4MgZqiH8yfqbxiSVcVB4ES5zspump,Max,5brv79eFZ2rGprXNvqgVJBkBptkkw8GJX1XydJyZLyAr,0.0,429692355,0,1,1,1.4584614409023218e-07,2.3376,3.950617,4.939926,0.0,0.0,0.989309,0.989309
HG5n378tCKpifGc4MgZqiH8yfqbxiSVcVB4ES5zspump,Max,Gku8cuthhvfoPoG18rg1EULt58xB7j1fgPoifJcyh411,19.0,429692405,50,0,1,9.152553831777157e-08,1.467,3.109567,3.541559,0.0,0.0,0.431992,0.431992
HG5n378tCKpifGc4MgZqiH8yfqbxiSVcVB4ES5zspump,Max,Anubis512ho5t7S6LNSwoxUWdeQmX2kf3RvZ8ApHHF5w,0.0,429692355,0,1,1,2.023288255632547e-07,3.2429,2.212346,2.515573,0.0,0.0,0.303227,0.303227
HG5n378tCKpifGc4MgZqiH8yfqbxiSVcVB4ES5zspump,Max,Atgx1JXsp8pTQ9Qsi74wF5pLMVwHwyQc6jJCu84evN7c,0.0,429692355,0,1,1,8.186117150377942e-08,1.3121,3.209877,3.452559,0.0,0.0,0.242683,0.242683
HG5n378tCKpifGc4MgZqiH8yfqbxiSVcVB4ES5zspump,Max,8U3rggHbZK1VtFMA55JDyhPPy66eF8UZAQtENCo2Ur57,24.0,429692417,62,0,1,8.30882938317691e-08,1.3317,1.466667,1.660051,0.0,0.0,0.193384,0.193384
HG5n378tCKpifGc4MgZqiH8yfqbxiSVcVB4ES5zspump,Max,DuuRTor81GRbkNPPTmpwLDVhgtLvnbYpb1dcSuxHNFZW,19.0,429692405,50,0,1,8.915135323212373e-08,1.4289,1.602066,1.794172,0.0,0.0,0.192107,0.192107
HG5n378tCKpifGc4MgZqiH8yfqbxiSVcVB4ES5zspump,Max,8Sedc32o1ibLJHf5KJzfKaT1Cv6PMkEkXiQzd7fYftmq,0.0,429692355,0,1,1,1.8574299291237343e-07,2.9771,1.709612,1.892536,0.0,0.0,0.182924,0.182924
HG5n378tCKpifGc4MgZqiH8yfqbxiSVcVB4ES5zspump,Max,7cp6zxvhxbfS7QgYTB7ts2RqFf7zDYwtjfuHcEHhKLAz,0.0,429692355,0,1,1,1.8896162574006744e-07,3.0287,1.069903,1.236615,0.0,0.0,0.166712,0.166712
HG5n378tCKpifGc4MgZqiH8yfqbxiSVcVB4ES5zspump,Max,GmNi3xSt4zSB3PEuwDmT41V7KobZBaPnCeN26sJX8DUs,19.0,429692405,50,0,1,9.830830622660546e-08,1.5757,1.975309,2.106415,0.0,0.0,0.131107,0.131107
HGL9hnt7nYUYctUGbPTtgSppFLHexBUtdcs4wuC4pump,Solana,EgQX9R3Qph1dPHE1Ysou1auSYqRGomCNmLDC28Yg77aq,1.0,407054644,3,0,1,7.091382567492147e-08,1.87,8.395062,18.252517,0.0,0.0,9.857456,9.857456
HGL9hnt7nYUYctUGbPTtgSppFLHexBUtdcs4wuC4pump,Solana,7gEnRjDud56BVmBQMWLTticJoouzrpnyaAnN5A3EEqiy,1.0,407054642,1,0,1,4.8182613323157225e-08,1.2706,0.987654,2.452345,0.0,0.0,1.464691,1.464691
HGL9hnt7nYUYctUGbPTtgSppFLHexBUtdcs4wuC4pump,Solana,9Vd1FFDivzwwAj2Jt4wTbJAMe56cPm4gZECjNEymXpNd,7.0,407054659,18,0,1,1.4500618156469825e-07,3.8239,2.21767,2.812573,0.0,0.0,0.594903,0.594903
HGL9hnt7nYUYctUGbPTtgSppFLHexBUtdcs4wuC4pump,Solana,A8AviUXe9x5N5jb8wYwrdbgDjkX9xKkDHhNu6RuBPK3V,1.0,407054644,3,0,1,7.387596665737735e-08,1.9481,0.987654,1.395756,0.0,0.0,0.408102,0.408102
HGL9hnt7nYUYctUGbPTtgSppFLHexBUtdcs4wuC4pump,Solana,95L461h9TmizJyXTC7dowaPxUipbnLiLciFbZJcBHUYv,10.0,407054664,23,0,1,1.4845798687310784e-07,3.9149,4.938272,5.341606,0.0,0.0,0.403334,0.403334
HGL9hnt7nYUYctUGbPTtgSppFLHexBUtdcs4wuC4pump,Solana,GWU3HAEwWwMdQ7GZrXbWDwQSsWuf246XuSD7h8iqJ7xH,17.0,407054683,42,0,1,1.1229863127401122e-07,2.9614,1.42703,1.76426,0.0,0.0,0.33723,0.33723
HGL9hnt7nYUYctUGbPTtgSppFLHexBUtdcs4wuC4pump,Solana,GpWzQoGQRY5Lcb4NTeZvb2HjCcG5y8Wy46TBejzZu18g,4.0,407054652,11,0,1,8.181388872283981e-08,2.1575,0.401563,0.727316,0.0,0.0,0.325754,0.325754
HGL9hnt7nYUYctUGbPTtgSppFLHexBUtdcs4wuC4pump,Solana,EM1ZyNA3g4rr9MBzSEA36QqWd7t7cp54zDidm3YskyeU,3.0,407054647,6,0,1,9.75730249260274e-08,2.573,1.756961,2.076915,0.0,0.0,0.319954,0.319954
HGL9hnt7nYUYctUGbPTtgSppFLHexBUtdcs4wuC4pump,Solana,4fTbqjnQmRM1awkTpefPeUeci93ceDdSimzs9SQqMy9d,7.0,407054658,17,0,1,1.1380286827338003e-07,3.001,1.768675,2.071311,0.0,0.0,0.302636,0.302636
HGL9hnt7nYUYctUGbPTtgSppFLHexBUtdcs4wuC4pump,Solana,Eb8fPUem5kfwkgZ3ZZjaj2axvYdRx1TyK1QF9t4ovG1h,17.0,407054683,42,0,1,1.0219053441435827e-07,2.6948,1.271774,1.568725,0.0,0.0,0.296951,0.296951
HHUMekq9aj3FP46dGW6ryFvUVoVKcRBZZg6hso3mpump,Jabarkus,8kzFH4rgFzy4ccz97AhgqRT7Qbt7HnD5oJCDK1Sxdarb,0.0,434110982,0,1,1,9.325745970029008e-08,1.4947,3.45679,6.642336,0.0,0.0,3.185546,3.185546
HHUMekq9aj3FP46dGW6ryFvUVoVKcRBZZg6hso3mpump,Jabarkus,2CHrnc2LyagAbMaMFgthiDWh7ZZ9zT9TF8WEJf7MNE71,0.0,434110982,0,1,1,7.194368105694149e-08,1.1531,3.308642,6.416838,0.0,0.0,3.108196,3.108196
HHUMekq9aj3FP46dGW6ryFvUVoVKcRBZZg6hso3mpump,Jabarkus,Atgx1JXsp8pTQ9Qsi74wF5pLMVwHwyQc6jJCu84evN7c,0.0,434110982,0,1,1,8.186117150377942e-08,1.3121,3.209877,6.161996,0.0,0.0,2.95212,2.95212
HHUMekq9aj3FP46dGW6ryFvUVoVKcRBZZg6hso3mpump,Jabarkus,7j7AA3HZR2zEjwAQEKPFh2qucLY4fqZpB9iodf39w8xW,5.0,434110993,11,0,1,1.7808978341816784e-07,2.8544,0.977778,3.30034,0.0,0.0,2.322562,2.322562
HHUMekq9aj3FP46dGW6ryFvUVoVKcRBZZg6hso3mpump,Jabarkus,43x1zWzjVWJbQErWM78m3Acx83FFuGSQEhmgyxUrPdQs,0.0,434110982,0,1,1,1.0468253597122784e-07,1.6778,3.259259,5.296918,0.0,0.0,2.037659,2.037659
HHUMekq9aj3FP46dGW6ryFvUVoVKcRBZZg6hso3mpump,Jabarkus,5P8A9bGUhroskpuA4hhRbybgt37TcTz7ft5zLAh8orpn,0.0,434110982,0,1,1,1.1808808000746812e-07,1.8927,3.604938,5.236704,0.0,0.0,1.631766,1.631766
HHUMekq9aj3FP46dGW6ryFvUVoVKcRBZZg6hso3mpump,Jabarkus,64hP97Bwr5PubotcTeGgfhkFrGiLVVxT2kVo9M9b4AEz,27.0,434111044,62,0,1,1.6117373900015804e-07,2.5833,5.35642,6.471773,0.0,0.0,1.115352,1.115352
HHUMekq9aj3FP46dGW6ryFvUVoVKcRBZZg6hso3mpump,Jabarkus,GfJA84gwT9LpeyzeckeXkCsf8vdQuA64ZYQ91xoBawvt,0.0,434110982,0,1,1,1.2951270172652703e-07,2.0758,2.91358,3.923865,0.0,0.0,1.010285,1.010285
HHUMekq9aj3FP46dGW6ryFvUVoVKcRBZZg6hso3mpump,Jabarkus,8eMntzBDpLZjk6jxWryhU6AZand54sqRhmv81LHmguvZ,0.0,434110982,0,1,1,1.6049199943621368e-07,2.5724,2.962963,3.781461,0.0,0.0,0.818498,0.818498
HHUMekq9aj3FP46dGW6ryFvUVoVKcRBZZg6hso3mpump,Jabarkus,BoHSCCNHeUZikCqfUZaYbJKHbWFyyzaoDGFLEh8sJNt9,8.0,434111000,18,0,0,1.2990671486929895e-07,2.0821,2.930468,3.539778,2745063.355,0.049812,0.609309,0.659122
HKXFPic3e6iwEXtP42SAkhkiwZWCkGFz82DtucPkpump,Bands,5brv79eFZ2rGprXNvqgVJBkBptkkw8GJX1XydJyZLyAr,0.0,406415378,0,1,1,8.753164569454357e-08,2.3083,10.864198,15.683441,0.0,0.0,4.819243,4.819243
HKXFPic3e6iwEXtP42SAkhkiwZWCkGFz82DtucPkpump,Bands,2CHrnc2LyagAbMaMFgthiDWh7ZZ9zT9TF8WEJf7MNE71,0.0,406415378,0,1,1,4.0648472125148085e-08,1.0719,1.234568,3.139157,0.0,0.0,1.904589,1.904589
HKXFPic3e6iwEXtP42SAkhkiwZWCkGFz82DtucPkpump,Bands,Atgx1JXsp8pTQ9Qsi74wF5pLMVwHwyQc6jJCu84evN7c,0.0,406415378,0,1,1,4.314968882147919e-08,1.1379,1.096296,2.429429,0.0,0.0,1.333133,1.333133
HKXFPic3e6iwEXtP42SAkhkiwZWCkGFz82DtucPkpump,Bands,8kzFH4rgFzy4ccz97AhgqRT7Qbt7HnD5oJCDK1Sxdarb,0.0,406415378,0,1,1,4.579623375910713e-08,1.2077,1.125926,2.340458,0.0,0.0,1.214532,1.214532
HKXFPic3e6iwEXtP42SAkhkiwZWCkGFz82DtucPkpump,Bands,GfJA84gwT9LpeyzeckeXkCsf8vdQuA64ZYQ91xoBawvt,0.0,406415378,0,1,1,4.891034545588897e-08,1.2898,1.283951,2.422573,0.0,0.0,1.138622,1.138622
HKXFPic3e6iwEXtP42SAkhkiwZWCkGFz82DtucPkpump,Bands,5P8A9bGUhroskpuA4hhRbybgt37TcTz7ft5zLAh8orpn,0.0,406415378,0,1,1,5.2001275177159596e-08,1.3713,1.234568,2.027587,0.0,0.0,0.793019,0.793019
HKXFPic3e6iwEXtP42SAkhkiwZWCkGFz82DtucPkpump,Bands,43x1zWzjVWJbQErWM78m3Acx83FFuGSQEhmgyxUrPdQs,0.0,406415378,0,1,1,5.536809764781254e-08,1.4601,1.303704,1.902115,0.0,0.0,0.598411,0.598411
HKXFPic3e6iwEXtP42SAkhkiwZWCkGFz82DtucPkpump,Bands,BxPRYSMBaDBjkq7zgQjqU5pTWG9BC5w7AAAk6YBRkyis,16.0,406415417,39,0,1,9.032589253204567e-08,2.3819,1.955556,2.334749,0.0,0.0,0.379193,0.379193
HKXFPic3e6iwEXtP42SAkhkiwZWCkGFz82DtucPkpump,Bands,2t2u46cL1tP99Hq5LyEC3fwtL1wNWrHSh2JxRhnQJ8tu,16.0,406415417,39,0,1,8.389311713230767e-08,2.2123,0.88,1.12915,0.0,0.0,0.24915,0.24915
HKXFPic3e6iwEXtP42SAkhkiwZWCkGFz82DtucPkpump,Bands,B6Y8UxpTYhSjphE5F6F6yRd2VxhqurZLobGLDen3iK3Z,22.0,406415434,56,0,1,1.0373894108670863e-07,2.7356,2.933333,3.091778,0.0,0.0,0.158444,0.158444
HPH2DXvDTTwZbUC84pWEj8fw7KJKEYMDz1Y8waaSpump,Defeat,2CHrnc2LyagAbMaMFgthiDWh7ZZ9zT9TF8WEJf7MNE71,0.0,410970604,0,1,1,3.73870867145051e-08,1.0752,1.234568,2.438898,0.0,0.0,1.20433,1.20433
HPH2DXvDTTwZbUC84pWEj8fw7KJKEYMDz1Y8waaSpump,Defeat,8kzFH4rgFzy4ccz97AhgqRT7Qbt7HnD5oJCDK1Sxdarb,0.0,410970604,0,1,1,4.233030152846853e-08,1.2173,1.125926,2.056865,0.0,0.0,0.930939,0.930939
HPH2DXvDTTwZbUC84pWEj8fw7KJKEYMDz1Y8waaSpump,Defeat,Atgx1JXsp8pTQ9Qsi74wF5pLMVwHwyQc6jJCu84evN7c,0.0,410970604,0,1,1,3.9787393646277536e-08,1.1442,1.096296,1.886955,0.0,0.0,0.790659,0.790659
HPH2DXvDTTwZbUC84pWEj8fw7KJKEYMDz1Y8waaSpump,Defeat,9Lv7q4qPsXWZqXmk3ReKYyEUh3NjYStsMcVgJGWxK4Pj,2.0,410970607,3,0,1,5.989483581783555e-08,1.7224,2.64,3.394844,0.0,0.0,0.754844,0.754844
HPH2DXvDTTwZbUC84pWEj8fw7KJKEYMDz1Y8waaSpump,Defeat,FSSFn3JDeo68dyyzuzSCEYiymXwD82iXrPKG4nqdSfFE,27.0,410970673,69,0,1,1.0267557335639565e-07,2.9527,9.038121,9.562696,0.0,0.0,0.524575,0.524575
HPH2DXvDTTwZbUC84pWEj8fw7KJKEYMDz1Y8waaSpump,Defeat,GipUqsbqDCr4pkYi6UQASzRD92zJGFaJgw9jjCayYmcd,20.0,410970653,49,0,1,7.470882335825064e-08,2.1484,1.58762,2.069447,0.0,0.0,0.481826,0.481826
HPH2DXvDTTwZbUC84pWEj8fw7KJKEYMDz1Y8waaSpump,Defeat,GJGzHR2CeXt7CgHZYwrceHAHmXahcqYSEJ4xwG5Jgnzx,3.0,410970612,8,0,1,6.840079916547935e-08,1.967,0.977778,1.396361,0.0,0.0,0.418583,0.418583
HPH2DXvDTTwZbUC84pWEj8fw7KJKEYMDz1Y8waaSpump,Defeat,A97LHuQDEajExq4k2c9JQ4Xcw4xeUa9s5gyVCyarzNy9,28.0,410970676,72,0,1,8.60897703566772e-08,2.4757,0.987654,1.24616,0.0,0.0,0.258506,0.258506
HPH2DXvDTTwZbUC84pWEj8fw7KJKEYMDz1Y8waaSpump,Defeat,HojxDfWi729BCp76edmvBVoGoCsx5U3payJ56n1LdnTk,16.0,410970645,41,0,1,7.423592351344055e-08,2.1348,1.037037,1.288611,0.0,0.0,0.251574,0.251574
HPH2DXvDTTwZbUC84pWEj8fw7KJKEYMDz1Y8waaSpump,Defeat,haqqiUUXB5gp7gDbSjpEkw3phAjQb25r86uXJsZQgWq,4.0,410970614,10,0,1,6.355252877652303e-08,1.8276,0.987654,1.212318,0.0,0.0,0.224664,0.224664
HcFyoZpa68HL5RfMftYBM4RETxgtQdpCFkWaMMcGpump,250,2CHrnc2LyagAbMaMFgthiDWh7ZZ9zT9TF8WEJf7MNE71,0.0,430762730,0,1,1,7.194368105694149e-08,1.1531,3.308642,4.220185,0.0,0.0,0.911543,0.911543
HcFyoZpa68HL5RfMftYBM4RETxgtQdpCFkWaMMcGpump,250,B8vYdiPJCJBUX2ZqSDXhs76vw6rMqstZgHQfwjmmtt21,4.0,430762741,11,0,1,1.6406019515384865e-07,2.6295,11.061728,11.947332,0.0,0.0,0.885604,0.885604
HcFyoZpa68HL5RfMftYBM4RETxgtQdpCFkWaMMcGpump,250,5brv79eFZ2rGprXNvqgVJBkBptkkw8GJX1XydJyZLyAr,0.0,430762730,0,1,1,1.543765040617328e-07,2.4743,2.962963,3.53528,0.0,0.0,0.572317,0.572317
HcFyoZpa68HL5RfMftYBM4RETxgtQdpCFkWaMMcGpump,250,GDQeTnqkyeLyRSjWaeFY5HsxaWoQmmXFc1N6wyuuHiQD,0.0,430762730,0,1,1,1.653803653918227e-07,2.6507,2.469136,3.000819,0.0,0.0,0.531683,0.531683
HcFyoZpa68HL5RfMftYBM4RETxgtQdpCFkWaMMcGpump,250,2CQgjcdNEo7WtbQLpJTAVcC3Ga61pNvRDTgP5grzctFG,0.0,430762730,0,1,1,1.4167187379897385e-07,2.2707,2.962963,3.483043,0.0,0.0,0.52008,0.52008
HcFyoZpa68HL5RfMftYBM4RETxgtQdpCFkWaMMcGpump,250,Anubis512ho5t7S6LNSwoxUWdeQmX2kf3RvZ8ApHHF5w,0.0,430762731,1,0,1,1.7706409382243153e-07,2.838,2.212346,2.642598,0.0,0.0,0.430253,0.430253
HcFyoZpa68HL5RfMftYBM4RETxgtQdpCFkWaMMcGpump,250,Atgx1JXsp8pTQ9Qsi74wF5pLMVwHwyQc6jJCu84evN7c,0.0,430762730,0,1,1,8.186117150377942e-08,1.3121,3.209877,3.539022,0.0,0.0,0.329145,0.329145
HcFyoZpa68HL5RfMftYBM4RETxgtQdpCFkWaMMcGpump,250,r2YHDgH9GYtJVGXFCwquj3292UzW4hHMF8ixBmzpPuU,14.0,430762766,36,0,1,7.966948041767542e-08,1.2769,1.975309,2.177538,0.0,0.0,0.202229,0.202229
HcFyoZpa68HL5RfMftYBM4RETxgtQdpCFkWaMMcGpump,250,7wJ4xxReWt1Hh55TSFDVZRvGmXi4QKsXTNetaiFPNpbg,0.0,430762730,0,1,1,1.7079676517937848e-07,2.7375,1.185185,1.251854,0.0,0.0,0.066668,0.066668
HcFyoZpa68HL5RfMftYBM4RETxgtQdpCFkWaMMcGpump,250,AfPWFykWPZZxU2CyF6BcPoY2v8VEkmYS7ZggvELK7Pv1,0.0,430762731,1,0,1,1.765620997157692e-07,2.8299,0.493827,0.526832,0.0,0.0,0.033005,0.033005
HeerBN2kj3WT2zwp3w5onXNaq1EKn8jJD9DisS2ypump,Muchamaru,5brv79eFZ2rGprXNvqgVJBkBptkkw8GJX1XydJyZLyAr,0.0,411390338,0,1,0,5.96713263829214e-08,1.716,6.91358,15.942222,11864434.801,0.331005,9.028641,9.359646
HeerBN2kj3WT2zwp3w5onXNaq1EKn8jJD9DisS2ypump,Muchamaru,EgQX9R3Qph1dPHE1Ysou1auSYqRGomCNmLDC28Yg77aq,0.0,411390338,0,1,1,8.506156335717983e-08,2.4462,8.5,12.654669,0.0,0.0,4.154669,4.154669
HeerBN2kj3WT2zwp3w5onXNaq1EKn8jJD9DisS2ypump,Muchamaru,2CHrnc2LyagAbMaMFgthiDWh7ZZ9zT9TF8WEJf7MNE71,0.0,411390338,0,1,1,3.73870867145051e-08,1.0752,1.234568,4.546125,0.0,0.0,3.311557,3.311557
HeerBN2kj3WT2zwp3w5onXNaq1EKn8jJD9DisS2ypump,Muchamaru,Atgx1JXsp8pTQ9Qsi74wF5pLMVwHwyQc6jJCu84evN7c,0.0,411390338,0,1,1,3.9787393646277536e-08,1.1442,1.096296,3.932865,0.0,0.0,2.836569,2.836569
HeerBN2kj3WT2zwp3w5onXNaq1EKn8jJD9DisS2ypump,Muchamaru,7kCo5vrQGVYZJf9qjABWTHeSeDafkdeFD7ttrQhxvxvJ,1.0,411390340,2,0,1,8.521189283753212e-08,2.4505,3.209877,4.900075,0.0,0.0,1.690198,1.690198
HeerBN2kj3WT2zwp3w5onXNaq1EKn8jJD9DisS2ypump,Muchamaru,6bqbSJXwMrmu8BHPcMp3mHrqqMS9CTL5LM1SdT7Hs82K,7.0,411390349,11,0,1,1.070136070610698e-07,3.0775,3.422222,4.909583,0.0,0.0,1.487361,1.487361
HeerBN2kj3WT2zwp3w5onXNaq1EKn8jJD9DisS2ypump,Muchamaru,NoqPdBtyz8xCeTQtj4FcnKpF39Td2cBnw1DrFWFTkS7,7.0,411390349,11,0,1,1.1797762387382957e-07,3.3928,2.933333,4.403478,0.0,0.0,1.470145,1.470145
HeerBN2kj3WT2zwp3w5onXNaq1EKn8jJD9DisS2ypump,Muchamaru,AvcwFK7QtYMLmDjzby4wSy8zm658naJZsuuzL6jK85H1,10.0,411390357,19,0,1,1.2568286611907623e-07,3.6143,1.955556,2.600255,0.0,0.0,0.6447,0.6447
HeerBN2kj3WT2zwp3w5onXNaq1EKn8jJD9DisS2ypump,Muchamaru,BigA6CDztxVMUzaS275N37v12oTrgyBRf4c7gUBUtT7R,2.0,411390343,5,0,1,1.1114597298105237e-07,3.1963,1.474471,1.960274,0.0,0.0,0.485803,0.485803
HeerBN2kj3WT2zwp3w5onXNaq1EKn8jJD9DisS2ypump,Muchamaru,61ohufUkdgu8sxxP3Rj4zTMfN9qrNwg97SBzHNETng32,12.0,411390363,25,0,0,1.1961269924496735e-07,3.4398,2.469136,2.836856,2045745.147,0.057074,0.36772,0.424794
HmDbKdd7uoM8KSBuWdFq8B45yeeqti5KWKNXNm8apump,Gary,EgQX9R3Qph1dPHE1Ysou1auSYqRGomCNmLDC28Yg77aq,0.0,421249184,0,1,1,8.893788539576641e-08,1.8004,6.716049,10.465502,0.0,0.0,3.749452,3.749452
HmDbKdd7uoM8KSBuWdFq8B45yeeqti5KWKNXNm8apump,Gary,2CHrnc2LyagAbMaMFgthiDWh7ZZ9zT9TF8WEJf7MNE71,0.0,421249184,0,1,1,5.275718932970118e-08,1.068,1.333333,3.185872,0.0,0.0,1.852539,1.852539
HmDbKdd7uoM8KSBuWdFq8B45yeeqti5KWKNXNm8apump,Gary,Atgx1JXsp8pTQ9Qsi74wF5pLMVwHwyQc6jJCu84evN7c,0.0,421249184,0,1,1,5.609584798034692e-08,1.1356,1.283951,2.705813,0.0,0.0,1.421863,1.421863
HmDbKdd7uoM8KSBuWdFq8B45yeeqti5KWKNXNm8apump,Gary,62dTXVyxza4msU2K2BiouQ5vWXtXBeanquKJRiSjmtjv,0.0,421249184,0,1,1,1.1934350222204895e-07,2.4159,4.740741,5.876433,0.0,0.0,1.135692,1.135692
HmDbKdd7uoM8KSBuWdFq8B45yeeqti5KWKNXNm8apump,Gary,Bi3J5mQHG6UVgzTSZatSyKcV7YEuqcLMKRoAeFsGfmZX,0.0,421249184,0,1,1,9.906068024190728e-08,2.0053,2.962963,4.047839,0.0,0.0,1.084876,1.084876
HmDbKdd7uoM8KSBuWdFq8B45yeeqti5KWKNXNm8apump,Gary,undwZZbXFTXAizTeeNpmygJDa4pWopEr1UCDSWpyo4y,10.0,421249209,25,0,1,1.1526021497144512e-07,2.3333,3.950617,4.567514,0.0,0.0,0.616897,0.616897
HmDbKdd7uoM8KSBuWdFq8B45yeeqti5KWKNXNm8apump,Gary,CtoLtp8m54TMisKD6TYjUHDuSR33efjXTn8TZnZkJhqY,2.0,421249189,5,0,1,1.1396693298030227e-07,2.3071,1.607399,1.951427,0.0,0.0,0.344028,0.344028
HmDbKdd7uoM8KSBuWdFq8B45yeeqti5KWKNXNm8apump,Gary,8kzFH4rgFzy4ccz97AhgqRT7Qbt7HnD5oJCDK1Sxdarb,0.0,421249184,0,1,1,5.932221497121143e-08,1.2009,1.204938,1.508185,0.0,0.0,0.303246,0.303246
HmDbKdd7uoM8KSBuWdFq8B45yeeqti5KWKNXNm8apump,Gary,CyBZ1M42J7m2z34VUDd3qVhbuH5GdcGnqgMGJJhAX8MR,6.0,421249200,16,0,1,1.3054648738137876e-07,2.6427,6.070775,6.233095,0.0,0.0,0.162321,0.162321
HmDbKdd7uoM8KSBuWdFq8B45yeeqti5KWKNXNm8apump,Gary,7FovysP3MGZjFb2MRPtQPn27Ntejdjot2u2WAyL1fUaA,5.0,421249196,12,0,1,1.2340186448233142e-07,2.4981,2.469136,2.609174,0.0,0.0,0.140039,0.140039
HneacB2qXYfToYeb3nd4NtYeVjdEfXCGPwqCwv56pump,PvE,2jkNhQTHNPxdzQ7yXtyUtafSsqvv6teAGkEBs68Lw3Qs,1.0,424457986,4,0,1,1.0808153548523836e-07,1.7323,0.268215,7.829347,0.0,0.0,7.561132,7.561132
HneacB2qXYfToYeb3nd4NtYeVjdEfXCGPwqCwv56pump,PvE,2CHrnc2LyagAbMaMFgthiDWh7ZZ9zT9TF8WEJf7MNE71,0.0,424457982,0,1,1,6.858774955904264e-08,1.0993,2.17284,4.077004,0.0,0.0,1.904164,1.904164
HneacB2qXYfToYeb3nd4NtYeVjdEfXCGPwqCwv56pump,PvE,43x1zWzjVWJbQErWM78m3Acx83FFuGSQEhmgyxUrPdQs,0.0,424457982,0,1,1,1.1601639949846388e-07,1.8595,5.432099,6.953592,0.0,0.0,1.521494,1.521494
HneacB2qXYfToYeb3nd4NtYeVjdEfXCGPwqCwv56pump,PvE,Atgx1JXsp8pTQ9Qsi74wF5pLMVwHwyQc6jJCu84evN7c,0.0,424457982,0,1,1,7.492703429972208e-08,1.2009,2.123457,3.036083,0.0,0.0,0.912626,0.912626
HneacB2qXYfToYeb3nd4NtYeVjdEfXCGPwqCwv56pump,PvE,8cKTsKRe8TN5QrQJE1pjzU3Ry6iFKF3ua1yf4BBHAv9g,1.0,424457986,4,0,1,1.1395033372427017e-07,1.8264,5.135802,5.67365,0.0,0.0,0.537848,0.537848
HneacB2qXYfToYeb3nd4NtYeVjdEfXCGPwqCwv56pump,PvE,8acHTKPssJZDjMrFM83ja5oaRRut7cc92Euv3GPPcxj1,3.0,424457990,8,0,1,1.301084058738474e-07,2.0854,1.674496,2.12646,0.0,0.0,0.451964,0.451964
HneacB2qXYfToYeb3nd4NtYeVjdEfXCGPwqCwv56pump,PvE,DRgiK1q4mntNxLW98J1Hor4Z4TtPnteJd5gBGgBTbUeg,5.0,424457995,13,0,0,1.3464922255019482e-07,2.1581,0.088065,0.0,16421449.495,0.455956,-0.088065,0.367891
HneacB2qXYfToYeb3nd4NtYeVjdEfXCGPwqCwv56pump,PvE,8kzFH4rgFzy4ccz97AhgqRT7Qbt7HnD5oJCDK1Sxdarb,0.0,424457982,0,1,1,8.154647242538589e-08,1.307,2.123457,2.461466,0.0,0.0,0.338009,0.338009
HneacB2qXYfToYeb3nd4NtYeVjdEfXCGPwqCwv56pump,PvE,6PSJr6HhnRxTGj4dkA4fnXQrnB8AWGVS6WZVdVR9SSXq,0.0,424457982,0,1,1,1.223988544021449e-07,1.9618,0.572041,0.744237,0.0,0.0,0.172196,0.172196
HneacB2qXYfToYeb3nd4NtYeVjdEfXCGPwqCwv56pump,PvE,2ccgxuZv5NEngCwWqj6zjwxHWVc8RDwXgMUfUnmpTYHQ,1.0,424457986,4,0,1,1.1931106342446197e-07,1.9123,0.987654,1.102564,0.0,0.0,0.114909,0.114909
HrYUhPVYPUD6JQTeVgTF9iHmyUx3Jajg7mjvEm7cpump,Degenerates,5brv79eFZ2rGprXNvqgVJBkBptkkw8GJX1XydJyZLyAr,0.0,415391496,0,1,1,1.0539617707971166e-07,2.6286,16.790123,28.69364,0.0,0.0,11.903517,11.903517
HrYUhPVYPUD6JQTeVgTF9iHmyUx3Jajg7mjvEm7cpump,Degenerates,Atgx1JXsp8pTQ9Qsi74wF5pLMVwHwyQc6jJCu84evN7c,0.0,415391496,0,1,1,4.556092915944877e-08,1.1363,1.135802,2.650528,0.0,0.0,1.514726,1.514726
HrYUhPVYPUD6JQTeVgTF9iHmyUx3Jajg7mjvEm7cpump,Degenerates,8kzFH4rgFzy4ccz97AhgqRT7Qbt7HnD5oJCDK1Sxdarb,0.0,415391496,0,1,1,4.818261332452012e-08,1.2017,1.08642,2.408348,0.0,0.0,1.321929,1.321929
HrYUhPVYPUD6JQTeVgTF9iHmyUx3Jajg7mjvEm7cpump,Degenerates,2CHrnc2LyagAbMaMFgthiDWh7ZZ9zT9TF8WEJf7MNE71,0.0,415391496,0,1,1,4.289848714638901e-08,1.0699,1.234568,2.513075,0.0,0.0,1.278507,1.278507
HrYUhPVYPUD6JQTeVgTF9iHmyUx3Jajg7mjvEm7cpump,Degenerates,qKpZbAeu97Ba4sgpRqEehXD7dSwxWW59pNQkWSxsySJ,7.0,415391514,18,0,1,1.2513121599743034e-07,3.1208,9.876543,10.506228,0.0,0.0,0.629685,0.629685
HrYUhPVYPUD6JQTeVgTF9iHmyUx3Jajg7mjvEm7cpump,Degenerates,HwGoZMuV7NHik8Z9YnBQQqq6rz1Rrg742NECtHtLKyaL,0.0,415391496,0,1,1,1.3394802222835987e-07,3.3407,7.417284,7.830421,0.0,0.0,0.413137,0.413137
HrYUhPVYPUD6JQTeVgTF9iHmyUx3Jajg7mjvEm7cpump,Degenerates,E35uoEGT6mR2ae94KNuSfk4X86y7bcNeomDNV4T7GaFs,3.0,415391503,7,0,1,1.0938305562831202e-07,2.7281,0.995515,1.17322,0.0,0.0,0.177705,0.177705
HrYUhPVYPUD6JQTeVgTF9iHmyUx3Jajg7mjvEm7cpump,Degenerates,BBBByrLHua2oYFKviRze4N9n7ay7FcXqy2NzQXfXYEMm,11.0,415391524,28,0,1,9.478525846612392e-08,2.364,0.5,0.624589,0.0,0.0,0.124589,0.124589
HrYUhPVYPUD6JQTeVgTF9iHmyUx3Jajg7mjvEm7cpump,Degenerates,DuuRTor81GRbkNPPTmpwLDVhgtLvnbYpb1dcSuxHNFZW,7.0,415391515,19,0,1,1.0671663099251059e-07,2.6616,1.496059,1.588496,0.0,0.0,0.092438,0.092438
HrYUhPVYPUD6JQTeVgTF9iHmyUx3Jajg7mjvEm7cpump,Degenerates,7WUtxKcC8NuUjzWcKvX2QGpswg1jTej6cV73FyiwWRrc,23.0,415391555,59,0,1,8.645823868035564e-08,2.1563,0.586667,0.630912,0.0,0.0,0.044245,0.044245
HtoNB93hCvc3HEmYb55XnEJhhF9PuhDKcb92L73Qpump,69420,5brv79eFZ2rGprXNvqgVJBkBptkkw8GJX1XydJyZLyAr,0.0,414460275,0,1,0,9.73356687247586e-08,2.3368,13.82716,24.065693,17726671.38,0.590696,10.238533,10.829228
HtoNB93hCvc3HEmYb55XnEJhhF9PuhDKcb92L73Qpump,69420,2CHrnc2LyagAbMaMFgthiDWh7ZZ9zT9TF8WEJf7MNE71,0.0,414460275,0,1,1,4.4509558508771886e-08,1.0686,1.234568,3.942964,0.0,0.0,2.708396,2.708396
HtoNB93hCvc3HEmYb55XnEJhhF9PuhDKcb92L73Qpump,69420,Atgx1JXsp8pTQ9Qsi74wF5pLMVwHwyQc6jJCu84evN7c,0.0,414460275,0,1,1,4.722078872628784e-08,1.1337,1.135802,3.387356,0.0,0.0,2.251554,2.251554
HtoNB93hCvc3HEmYb55XnEJhhF9PuhDKcb92L73Qpump,69420,8kzFH4rgFzy4ccz97AhgqRT7Qbt7HnD5oJCDK1Sxdarb,0.0,414460275,0,1,1,4.988913986953385e-08,1.1977,1.08642,3.076291,0.0,0.0,1.989871,1.989871
HtoNB93hCvc3HEmYb55XnEJhhF9PuhDKcb92L73Qpump,69420,GfJA84gwT9LpeyzeckeXkCsf8vdQuA64ZYQ91xoBawvt,0.0,414460275,0,1,1,5.237855042426704e-08,1.2575,0.987654,2.456947,0.0,0.0,1.469292,1.469292
HtoNB93hCvc3HEmYb55XnEJhhF9PuhDKcb92L73Qpump,69420,BNwVduQq1AH3ee5hnLQtbJmPyrBJHaS29b6VQt3pzvsR,3.0,414460283,8,0,1,1.0547715092039389e-07,2.5323,0.978023,1.311501,0.0,0.0,0.333478,0.333478
HtoNB93hCvc3HEmYb55XnEJhhF9PuhDKcb92L73Qpump,69420,CyBZ1M42J7m2z34VUDd3qVhbuH5GdcGnqgMGJJhAX8MR,3.0,414460283,8,0,1,1.0907284500943642e-07,2.6186,1.991977,2.253905,0.0,0.0,0.261929,0.261929
HtoNB93hCvc3HEmYb55XnEJhhF9PuhDKcb92L73Qpump,69420,E35uoEGT6mR2ae94KNuSfk4X86y7bcNeomDNV4T7GaFs,3.0,414460283,8,0,1,1.0727331187666301e-07,2.5754,1.1409,1.396456,0.0,0.0,0.255555,0.255555
HtoNB93hCvc3HEmYb55XnEJhhF9PuhDKcb92L73Qpump,69420,DuuRTor81GRbkNPPTmpwLDVhgtLvnbYpb1dcSuxHNFZW,8.0,414460296,21,0,1,1.3759788056174275e-07,3.3034,2.343737,2.536862,0.0,0.0,0.193125,0.193125
HtoNB93hCvc3HEmYb55XnEJhhF9PuhDKcb92L73Qpump,69420,8vG9WDXER7KSmvs6uZ1B1X4wodmMdfNco6aFSteUQ5y2,8.0,414460295,20,0,1,1.2262172568045757e-07,2.9439,1.466667,1.59959,0.0,0.0,0.132923,0.132923
HyKVpQqESessuVsjC3agoS52YGFwSDJtDA1ZdRQ7pump,Curse,5brv79eFZ2rGprXNvqgVJBkBptkkw8GJX1XydJyZLyAr,0.0,419907318,0,1,1,1.068307321223247e-07,2.1626,11.851852,17.149267,0.0,0.0,5.297415,5.297415
HyKVpQqESessuVsjC3agoS52YGFwSDJtDA1ZdRQ7pump,Curse,2CHrnc2LyagAbMaMFgthiDWh7ZZ9zT9TF8WEJf7MNE71,0.0,419907318,0,1,1,5.275718932970118e-08,1.068,1.333333,3.7178,0.0,0.0,2.384467,2.384467
HyKVpQqESessuVsjC3agoS52YGFwSDJtDA1ZdRQ7pump,Curse,Atgx1JXsp8pTQ9Qsi74wF5pLMVwHwyQc6jJCu84evN7c,0.0,419907318,0,1,1,5.609584798034692e-08,1.1356,1.283951,3.337758,0.0,0.0,2.053808,2.053808
HyKVpQqESessuVsjC3agoS52YGFwSDJtDA1ZdRQ7pump,Curse,8kzFH4rgFzy4ccz97AhgqRT7Qbt7HnD5oJCDK1Sxdarb,0.0,419907318,0,1,1,5.932221497121143e-08,1.2009,1.204938,2.693864,0.0,0.0,1.488926,1.488926
HyKVpQqESessuVsjC3agoS52YGFwSDJtDA1ZdRQ7pump,Curse,undwZZbXFTXAizTeeNpmygJDa4pWopEr1UCDSWpyo4y,6.0,419907332,14,0,1,1.0659957887187872e-07,2.158,5.925926,6.814321,0.0,0.0,0.888395,0.888395
HyKVpQqESessuVsjC3agoS52YGFwSDJtDA1ZdRQ7pump,Curse,swag6aBGmqkAJFVB8w8GK67pjKoUgS5jcTcLy4MWb3m,10.0,419907342,24,0,1,1.291392504074751e-07,2.6142,3.891358,4.486406,0.0,0.0,0.595048,0.595048
HyKVpQqESessuVsjC3agoS52YGFwSDJtDA1ZdRQ7pump,Curse,6bqbSJXwMrmu8BHPcMp3mHrqqMS9CTL5LM1SdT7Hs82K,29.0,419907393,75,0,1,1.3149639057431712e-07,2.6619,2.933333,3.375725,0.0,0.0,0.442392,0.442392
HyKVpQqESessuVsjC3agoS52YGFwSDJtDA1ZdRQ7pump,Curse,Gku8cuthhvfoPoG18rg1EULt58xB7j1fgPoifJcyh411,3.0,419907325,7,0,1,1.3232967125563546e-07,2.6788,5.947677,6.299043,0.0,0.0,0.351365,0.351365
HyKVpQqESessuVsjC3agoS52YGFwSDJtDA1ZdRQ7pump,Curse,4QTKZSb5ARRAKLFvEARERA7Zv68pmGZSLUp1Nwc6mJLH,2.0,419907323,5,0,1,1.2564921188915564e-07,2.5436,2.432099,2.763396,0.0,0.0,0.331298,0.331298
HyKVpQqESessuVsjC3agoS52YGFwSDJtDA1ZdRQ7pump,Curse,AVMpb2bXMdNec6ykkEvf7krff7nXMZuKvadPELPNA9M6,0.0,419907318,0,1,1,1.1045954422301468e-07,2.2361,0.987654,1.266752,0.0,0.0,0.279097,0.279097
J42xMh4sAHLdrBjNTDgKNcPym5A83Ut3twc7L5rQpump,Freddy,5brv79eFZ2rGprXNvqgVJBkBptkkw8GJX1XydJyZLyAr,0.0,417311928,0,1,1,1.0045159861785032e-07,2.373,12.839506,19.262743,0.0,0.0,6.423237,6.423237
J42xMh4sAHLdrBjNTDgKNcPym5A83Ut3twc7L5rQpump,Freddy,2CHrnc2LyagAbMaMFgthiDWh7ZZ9zT9TF8WEJf7MNE71,0.0,417311928,0,1,1,4.532623062914296e-08,1.0708,1.283951,4.120926,0.0,0.0,2.836976,2.836976
J42xMh4sAHLdrBjNTDgKNcPym5A83Ut3twc7L5rQpump,Freddy,Atgx1JXsp8pTQ9Qsi74wF5pLMVwHwyQc6jJCu84evN7c,0.0,417311928,0,1,1,4.830352322872702e-08,1.1411,1.234568,3.065855,0.0,0.0,1.831287,1.831287
J42xMh4sAHLdrBjNTDgKNcPym5A83Ut3twc7L5rQpump,Freddy,8kzFH4rgFzy4ccz97AhgqRT7Qbt7HnD5oJCDK1Sxdarb,0.0,417311928,0,1,1,5.2001275182599004e-08,1.2285,1.481481,3.312611,0.0,0.0,1.83113,1.83113
J42xMh4sAHLdrBjNTDgKNcPym5A83Ut3twc7L5rQpump,Freddy,7Mirf2mCnBufrsUvas5ATfWZ1baT2vDcFPNY8XJSNR4o,4.0,417311938,10,0,1,9.792871821425003e-08,2.3134,2.432099,3.435032,0.0,0.0,1.002934,1.002934
J42xMh4sAHLdrBjNTDgKNcPym5A83Ut3twc7L5rQpump,Freddy,AdmuNy6KJgYa8GoJXDqCknBte57WQEf8khQG9iu9cY5,7.0,417311946,18,0,1,1.0361424128934274e-07,2.4478,3.950617,4.906941,0.0,0.0,0.956324,0.956324
J42xMh4sAHLdrBjNTDgKNcPym5A83Ut3twc7L5rQpump,Freddy,iE7qrNXzhwwt34FP2K2PXzCLxDrpbS2HuKs451JAkhM,4.0,417311939,11,0,1,1.1109501135140634e-07,2.6245,1.955556,2.631863,0.0,0.0,0.676308,0.676308
J42xMh4sAHLdrBjNTDgKNcPym5A83Ut3twc7L5rQpump,Freddy,61ohufUkdgu8sxxP3Rj4zTMfN9qrNwg97SBzHNETng32,22.0,417311984,56,0,1,1.0652089497997776e-07,2.5164,2.962963,3.508821,0.0,0.0,0.545858,0.545858
J42xMh4sAHLdrBjNTDgKNcPym5A83Ut3twc7L5rQpump,Freddy,rYHuXQ6HhP1vBrEWditm5ZHB3WLBLhxPmg7dy8S7dxp,5.0,417311942,14,0,1,1.0923255221995201e-07,2.5805,3.950617,4.203235,0.0,0.0,0.252617,0.252617
J42xMh4sAHLdrBjNTDgKNcPym5A83Ut3twc7L5rQpump,Freddy,BNwVduQq1AH3ee5hnLQtbJmPyrBJHaS29b6VQt3pzvsR,2.0,417311934,6,0,1,1.022490527467899e-07,2.4155,1.865884,2.099206,0.0,0.0,0.233322,0.233322
J7MxvqPyDMxL3bNWhLw4KUHN7Gnc7a213JG3Lz8Cpump,nothing,GoAT1C5MgqKWUanJRFQxzk1rJMshwsPFzucVNQ3c6GYx,0.0,411663162,0,1,1,6.801229115742691e-08,1.9559,9.876543,16.111194,0.0,0.0,6.234651,6.234651
J7MxvqPyDMxL3bNWhLw4KUHN7Gnc7a213JG3Lz8Cpump,nothing,2CHrnc2LyagAbMaMFgthiDWh7ZZ9zT9TF8WEJf7MNE71,0.0,411663162,0,1,1,3.73870867145051e-08,1.0752,1.234568,4.520526,0.0,0.0,3.285958,3.285958
J7MxvqPyDMxL3bNWhLw4KUHN7Gnc7a213JG3Lz8Cpump,nothing,Gj5PtdfcU3LF8k2wLegRGyCVcrdk1tUkt1WitL4YcMv5,4.0,411663173,11,0,1,7.832090498015668e-08,2.2523,3.161728,5.090037,0.0,0.0,1.928308,1.928308
J7MxvqPyDMxL3bNWhLw4KUHN7Gnc7a213JG3Lz8Cpump,nothing,GC6kCppz4conPrxTHnSNemWvUgRALgLt3DRXTR7W6LvT,15.0,411663201,39,0,1,7.980850081468674e-08,2.2951,1.97007,3.802335,0.0,0.0,1.832265,1.832265
J7MxvqPyDMxL3bNWhLw4KUHN7Gnc7a213JG3Lz8Cpump,nothing,EWvMQuveFhzofQ5iTSMkP2ksFcWwt3VFLg5WShZeM8N6,15.0,411663201,39,0,1,8.603818458267558e-08,2.4743,1.941041,3.512019,0.0,0.0,1.570978,1.570978
J7MxvqPyDMxL3bNWhLw4KUHN7Gnc7a213JG3Lz8Cpump,nothing,G4ZWrLSqLp5kk8b2KVDafRH3ymv1FvjkpHKiyDbaRp5M,16.0,411663203,41,0,1,8.521874678723465e-08,2.4507,2.378945,3.866558,0.0,0.0,1.487613,1.487613
J7MxvqPyDMxL3bNWhLw4KUHN7Gnc7a213JG3Lz8Cpump,nothing,AzWJxoZnNWAZVgePo22LGLxJFW3TZLcuJhve6GnVTYpv,15.0,411663200,38,0,1,6.979304040045173e-08,2.0071,0.658436,1.870897,0.0,0.0,1.212461,1.212461
J7MxvqPyDMxL3bNWhLw4KUHN7Gnc7a213JG3Lz8Cpump,nothing,3g3hpaiGPWfs57CtnvmRdHVG2sDYuD5MY98PnLvmhsmU,15.0,411663200,38,0,1,7.17455596922371e-08,2.0632,0.658436,1.833376,0.0,0.0,1.174939,1.174939
J7MxvqPyDMxL3bNWhLw4KUHN7Gnc7a213JG3Lz8Cpump,nothing,4zPRpebnxB1VUKvFEijfy4dBdZLAvymWuhhTuKeTFoNM,15.0,411663200,38,0,1,7.372501519060615e-08,2.1202,0.658436,1.734679,0.0,0.0,1.076243,1.076243
J7MxvqPyDMxL3bNWhLw4KUHN7Gnc7a213JG3Lz8Cpump,nothing,niggerd597QYedtvjQDVHZTCCGyJrwHNm2i49dkm5zS,16.0,411663203,41,0,1,1.0709717980429594e-07,3.0799,3.950617,4.861258,0.0,0.0,0.910641,0.910641
PVSnrYxBZTfPqzn4sMuiRXt2bUnRvR2b58QaqgDpump,Ripple,2CHrnc2LyagAbMaMFgthiDWh7ZZ9zT9TF8WEJf7MNE71,0.0,433064357,0,1,1,7.194368105694149e-08,1.1531,3.308642,5.095053,0.0,0.0,1.786411,1.786411
PVSnrYxBZTfPqzn4sMuiRXt2bUnRvR2b58QaqgDpump,Ripple,8kzFH4rgFzy4ccz97AhgqRT7Qbt7HnD5oJCDK1Sxdarb,0.0,433064357,0,1,1,9.325745970029008e-08,1.4947,3.45679,4.196221,0.0,0.0,0.739431,0.739431
PVSnrYxBZTfPqzn4sMuiRXt2bUnRvR2b58QaqgDpump,Ripple,Atgx1JXsp8pTQ9Qsi74wF5pLMVwHwyQc6jJCu84evN7c,0.0,433064357,0,1,1,8.186117150377942e-08,1.3121,3.209877,3.9293,0.0,0.0,0.719424,0.719424
PVSnrYxBZTfPqzn4sMuiRXt2bUnRvR2b58QaqgDpump,Ripple,Anubis512ho5t7S6LNSwoxUWdeQmX2kf3RvZ8ApHHF5w,0.0,433064358,1,0,1,1.6122387618259276e-07,2.5841,2.212346,2.887157,0.0,0.0,0.674811,0.674811
PVSnrYxBZTfPqzn4sMuiRXt2bUnRvR2b58QaqgDpump,Ripple,HurJbsfi9t4kJZg6UwjC29A3gnB7rDwWwoj75xobsfhh,8.0,433064379,22,0,1,9.659518305407421e-08,1.5482,3.911111,4.373077,0.0,0.0,0.461966,0.461966
PVSnrYxBZTfPqzn4sMuiRXt2bUnRvR2b58QaqgDpump,Ripple,8eMntzBDpLZjk6jxWryhU6AZand54sqRhmv81LHmguvZ,0.0,433064357,0,1,1,1.545387636785714e-07,2.4769,2.962963,3.419085,0.0,0.0,0.456122,0.456122
PVSnrYxBZTfPqzn4sMuiRXt2bUnRvR2b58QaqgDpump,Ripple,9u5f8WMfyrHo5ondELytGiN9oNphVK1yVuyp2qomdZCs,11.0,433064386,29,0,1,1.1026630456629319e-07,1.7673,1.481481,1.605273,0.0,0.0,0.123792,0.123792
PVSnrYxBZTfPqzn4sMuiRXt2bUnRvR2b58QaqgDpump,Ripple,25PuSE1RVeeau3XhVLY4Wrhu1D5osFf5DZkYqVqKHmDf,1.0,433064361,4,0,1,1.8702591415913333e-07,2.9976,2.37037,2.492288,0.0,0.0,0.121917,0.121917
PVSnrYxBZTfPqzn4sMuiRXt2bUnRvR2b58QaqgDpump,Ripple,8rsPbPUBLJrzT3ht8h6P3bbQnbAMaXDT53sRmGB6dn1z,16.0,433064399,42,0,1,9.802783505919219e-08,1.5712,0.987654,1.091418,0.0,0.0,0.103764,0.103764
PVSnrYxBZTfPqzn4sMuiRXt2bUnRvR2b58QaqgDpump,Ripple,9B3R9F54rtugc1QoFa8o3z8uUCnxcTTAJqnkF6mRkf8b,7.0,433064375,18,0,1,8.862829162191537e-08,1.4205,1.162944,1.259673,0.0,0.0,0.096729,0.096729
QaL6zWWUqsaXYXgUofeUjXy1Swmwx7tA9JQZZZDpump,POW,2CHrnc2LyagAbMaMFgthiDWh7ZZ9zT9TF8WEJf7MNE71,0.0,430524044,0,1,1,7.194368105694149e-08,1.1531,3.308642,5.476036,0.0,0.0,2.167394,2.167394
QaL6zWWUqsaXYXgUofeUjXy1Swmwx7tA9JQZZZDpump,POW,Atgx1JXsp8pTQ9Qsi74wF5pLMVwHwyQc6jJCu84evN7c,0.0,430524044,0,1,1,8.186117150377942e-08,1.3121,3.209877,4.864953,0.0,0.0,1.655077,1.655077
QaL6zWWUqsaXYXgUofeUjXy1Swmwx7tA9JQZZZDpump,POW,GhNgR53EzCuFrusWGvLW51P4bX6TSTtBzjf8qLEcFeMv,4.0,430524055,11,0,1,1.7187540818795377e-07,2.7548,9.876543,11.205852,0.0,0.0,1.329308,1.329308
QaL6zWWUqsaXYXgUofeUjXy1Swmwx7tA9JQZZZDpump,POW,B8vYdiPJCJBUX2ZqSDXhs76vw6rMqstZgHQfwjmmtt21,9.0,430524068,24,0,1,1.1633174608714676e-07,1.8646,5.530864,6.492528,0.0,0.0,0.961663,0.961663
QaL6zWWUqsaXYXgUofeUjXy1Swmwx7tA9JQZZZDpump,POW,8kzFH4rgFzy4ccz97AhgqRT7Qbt7HnD5oJCDK1Sxdarb,0.0,430524044,0,1,1,9.325745970029008e-08,1.4947,3.45679,4.111136,0.0,0.0,0.654346,0.654346
QaL6zWWUqsaXYXgUofeUjXy1Swmwx7tA9JQZZZDpump,POW,5brv79eFZ2rGprXNvqgVJBkBptkkw8GJX1XydJyZLyAr,0.0,430524044,0,1,1,1.4167187379897385e-07,2.2707,2.962963,3.598016,0.0,0.0,0.635053,0.635053
QaL6zWWUqsaXYXgUofeUjXy1Swmwx7tA9JQZZZDpump,POW,8eMntzBDpLZjk6jxWryhU6AZand54sqRhmv81LHmguvZ,0.0,430524044,0,1,1,1.646826436340606e-07,2.6395,2.962963,3.525317,0.0,0.0,0.562354,0.562354
QaL6zWWUqsaXYXgUofeUjXy1Swmwx7tA9JQZZZDpump,POW,GfJA84gwT9LpeyzeckeXkCsf8vdQuA64ZYQ91xoBawvt,0.0,430524044,0,1,1,1.0255615813776074e-07,1.6438,2.666667,3.192529,0.0,0.0,0.525863,0.525863
QaL6zWWUqsaXYXgUofeUjXy1Swmwx7tA9JQZZZDpump,POW,GDQeTnqkyeLyRSjWaeFY5HsxaWoQmmXFc1N6wyuuHiQD,0.0,430524044,0,1,1,1.7604165884916433e-07,2.8216,2.469136,2.752051,0.0,0.0,0.282915,0.282915
QaL6zWWUqsaXYXgUofeUjXy1Swmwx7tA9JQZZZDpump,POW,2V6LVH3jY75M7XZgkhd2DCY7D8CQYZ6PAPayXbtrRgUA,0.0,430524044,0,1,1,1.4711024343486548e-07,2.3579,1.283951,1.555373,0.0,0.0,0.271422,0.271422
Rr1GZLB9DCcabir8bYYsE13GbpVyMjq6AJqJdvspump,Mask,F6uZt6GA4gB7SPGqoVj9JUq7e522i7URh2rfKcfrgCAQ,0.0,409431506,0,1,1,5.83341962454875e-08,1.7282,6.91358,11.876134,0.0,0.0,4.962553,4.962553
Rr1GZLB9DCcabir8bYYsE13GbpVyMjq6AJqJdvspump,Mask,2CHrnc2LyagAbMaMFgthiDWh7ZZ9zT9TF8WEJf7MNE71,0.0,409431506,0,1,1,3.633026147834004e-08,1.0763,1.234568,2.777383,0.0,0.0,1.542815,1.542815
Rr1GZLB9DCcabir8bYYsE13GbpVyMjq6AJqJdvspump,Mask,8kzFH4rgFzy4ccz97AhgqRT7Qbt7HnD5oJCDK1Sxdarb,0.0,409431506,0,1,1,4.120529401906362e-08,1.2207,1.125926,2.407745,0.0,0.0,1.281819,1.281819
Rr1GZLB9DCcabir8bYYsE13GbpVyMjq6AJqJdvspump,Mask,Atgx1JXsp8pTQ9Qsi74wF5pLMVwHwyQc6jJCu84evN7c,0.0,409431506,0,1,1,3.8696931821971665e-08,1.1464,1.096296,2.331947,0.0,0.0,1.235651,1.235651
Rr1GZLB9DCcabir8bYYsE13GbpVyMjq6AJqJdvspump,Mask,5s4F9of2LYCURsaSHGDAc35xfD5dmqyhgKuRFjSeqRNe,0.0,409431506,0,1,0,7.537976458116107e-08,2.2332,5.925926,6.434858,15905041.3,0.282713,0.508932,0.791646
Rr1GZLB9DCcabir8bYYsE13GbpVyMjq6AJqJdvspump,Mask,61ohufUkdgu8sxxP3Rj4zTMfN9qrNwg97SBzHNETng32,13.0,409431540,34,0,1,7.911597328482069e-08,2.3439,1.417977,1.86414,0.0,0.0,0.446163,0.446163
Rr1GZLB9DCcabir8bYYsE13GbpVyMjq6AJqJdvspump,Mask,HQM1wLhkLCrYnW7RXUJZpVST1gWs3oKU9SrS5T677ZFr,5.0,409431519,13,0,1,8.257044213654881e-08,2.4462,1.955556,2.105024,0.0,0.0,0.149468,0.149468
Rr1GZLB9DCcabir8bYYsE13GbpVyMjq6AJqJdvspump,Mask,Btw3SkvDNe4NBw2jwK3oU9UJBRnQBVS51Pu6zXe85kW8,7.0,409431524,18,0,1,8.340627147857163e-08,2.471,0.691358,0.836403,0.0,0.0,0.145044,0.145044
Rr1GZLB9DCcabir8bYYsE13GbpVyMjq6AJqJdvspump,Mask,7gEnRjDud56BVmBQMWLTticJoouzrpnyaAnN5A3EEqiy,0.0,409431507,1,0,1,8.451832236690343e-08,2.5039,1.975309,2.110683,0.0,0.0,0.135374,0.135374
Rr1GZLB9DCcabir8bYYsE13GbpVyMjq6AJqJdvspump,Mask,DSKEyfEeTymHBErcktvyS1ZgHGs1svgA2MJvLA7oEp1G,16.0,409431549,43,0,1,8.330645453360541e-08,2.468,1.004445,1.133539,0.0,0.0,0.129094,0.129094
StSXGEqayVJXBKZsmkcAJzouYcuHDZaCFEoy3Yjpump,End,CS6xZBZQ7HfhUNAYeqENdruT2addseDy81PDntyYa1NE,0.0,387390545,0,1,1,4.15804150055035e-08,1.2672,1.085155,1.116212,0.0,0.0,0.031058,0.031058
StSXGEqayVJXBKZsmkcAJzouYcuHDZaCFEoy3Yjpump,End,2ZWhDjFUrUYawxrSvhahP82LSjVzArGFMrAs82QXknUX,5.0,387390560,15,0,1,3.9480078708379185e-08,1.2032,0.425837,0.445403,0.0,0.0,0.019566,0.019566
StSXGEqayVJXBKZsmkcAJzouYcuHDZaCFEoy3Yjpump,End,4weLnMeu1RYRJ2EcVYcfQJxJBJR5yVihKr9aT3jFFHjB,7.0,387390565,20,0,1,4.045966851227752e-08,1.233,0.343949,0.343949,0.0,0.0,-0.0,-0.0
StSXGEqayVJXBKZsmkcAJzouYcuHDZaCFEoy3Yjpump,End,6TVNcCfpJgZS7T8NXJ3ydSQsNSLpXGXg73o6FmUh6PL7,5.0,387390560,15,0,1,4.0622825871908465e-08,1.238,0.512251,0.508239,0.0,0.0,-0.004012,-0.004012
StSXGEqayVJXBKZsmkcAJzouYcuHDZaCFEoy3Yjpump,End,7FrKxVPR1XjkYUQ7RfcPM2dTRTNRbcgHpAEX8Tth1383,0.0,387390545,0,1,1,4.1715317247598304e-08,1.2713,0.0593,0.055067,0.0,0.0,-0.004233,-0.004233
StSXGEqayVJXBKZsmkcAJzouYcuHDZaCFEoy3Yjpump,End,FEEtW3pxyRHYgiRSR2cdqLvbDuouZFoZFKbpRM59viK8,7.0,387390565,20,0,1,4.014599450245345e-08,1.2235,0.438273,0.433349,0.0,0.0,-0.004925,-0.004925
StSXGEqayVJXBKZsmkcAJzouYcuHDZaCFEoy3Yjpump,End,9KEPR5TfTes3ahru9NUd8Z7wPGyGNfdvo7wUL1WFifiQ,0.0,387390545,0,1,1,4.20053790358772e-08,1.2801,0.12718,0.121886,0.0,0.0,-0.005295,-0.005295
StSXGEqayVJXBKZsmkcAJzouYcuHDZaCFEoy3Yjpump,End,2eB41ffTHiyneh4q9DN2XZtE7fvFMQJ21GNNaExNNJTq,0.0,387390545,0,1,1,4.278876441405123e-08,1.304,0.12561,0.117383,0.0,0.0,-0.008228,-0.008228
StSXGEqayVJXBKZsmkcAJzouYcuHDZaCFEoy3Yjpump,End,Bsasg84Q8zeb9S3bDrVxyc8ouesBn4sZtiXG5smys91s,0.0,387390545,0,1,1,4.2499613860138336e-08,1.2952,0.215695,0.203783,0.0,0.0,-0.011912,-0.011912
StSXGEqayVJXBKZsmkcAJzouYcuHDZaCFEoy3Yjpump,End,7qhb9qwsYWHa9GzPPDbMu9RqVvB2GhuQ8qmd9G6qt4Uk,5.0,387390560,15,0,1,4.130533208416478e-08,1.2588,0.30251,0.244721,0.0,0.0,-0.057789,-0.057789
TH2YAkgTu82ur3Cr7dX9fEvqUgfuSgSViizroo5pump,Chudimals,5brv79eFZ2rGprXNvqgVJBkBptkkw8GJX1XydJyZLyAr,0.0,430998662,0,1,1,1.7163955795094764e-07,2.751,2.962963,3.536061,0.0,0.0,0.573098,0.573098
TH2YAkgTu82ur3Cr7dX9fEvqUgfuSgSViizroo5pump,Chudimals,2CQgjcdNEo7WtbQLpJTAVcC3Ga61pNvRDTgP5grzctFG,0.0,430998662,0,1,1,1.5822855933608856e-07,2.5361,6.8,7.312063,0.0,0.0,0.512063,0.512063
TH2YAkgTu82ur3Cr7dX9fEvqUgfuSgSViizroo5pump,Chudimals,GmNi3xSt4zSB3PEuwDmT41V7KobZBaPnCeN26sJX8DUs,18.0,430998707,45,0,1,6.987046264368062e-08,1.1199,1.975309,2.367115,0.0,0.0,0.391806,0.391806
TH2YAkgTu82ur3Cr7dX9fEvqUgfuSgSViizroo5pump,Chudimals,2CHrnc2LyagAbMaMFgthiDWh7ZZ9zT9TF8WEJf7MNE71,0.0,430998662,0,1,1,7.194368105694149e-08,1.1531,3.308642,3.680725,0.0,0.0,0.372083,0.372083
TH2YAkgTu82ur3Cr7dX9fEvqUgfuSgSViizroo5pump,Chudimals,61ohufUkdgu8sxxP3Rj4zTMfN9qrNwg97SBzHNETng32,20.0,430998713,51,0,1,7.534733516423685e-08,1.2077,1.975309,2.32477,0.0,0.0,0.349461,0.349461
TH2YAkgTu82ur3Cr7dX9fEvqUgfuSgSViizroo5pump,Chudimals,EE8nGTaEJdMA7RkUqAgTjfCt1qD1ivnUefeB9Htg3U4q,16.0,430998703,41,0,1,6.971879938414719e-08,1.1174,1.955556,2.233712,0.0,0.0,0.278156,0.278156
TH2YAkgTu82ur3Cr7dX9fEvqUgfuSgSViizroo5pump,Chudimals,MeskxyRYaBhYERcNP2zLVTqFVR43TMX4MihyH7AU4XN,16.0,430998703,41,0,1,7.565407112445613e-08,1.2126,1.975309,2.164321,0.0,0.0,0.189012,0.189012
TH2YAkgTu82ur3Cr7dX9fEvqUgfuSgSViizroo5pump,Chudimals,Atgx1JXsp8pTQ9Qsi74wF5pLMVwHwyQc6jJCu84evN7c,0.0,430998662,0,1,1,8.186117150377942e-08,1.3121,3.209877,3.379841,0.0,0.0,0.169964,0.169964
TH2YAkgTu82ur3Cr7dX9fEvqUgfuSgSViizroo5pump,Chudimals,Anubis512ho5t7S6LNSwoxUWdeQmX2kf3RvZ8ApHHF5w,0.0,430998662,0,1,1,2.152660777941105e-07,3.4503,2.212346,2.367354,0.0,0.0,0.155008,0.155008
TH2YAkgTu82ur3Cr7dX9fEvqUgfuSgSViizroo5pump,Chudimals,6hCR3ajnWWNAef24JbzxTViaQwLFoBKzeVBEN2K5eLPo,0.0,430998662,0,1,1,1.8835718467034987e-07,3.019,0.790123,0.896526,0.0,0.0,0.106403,0.106403
V2ZjLZT5cCfLZXUukcG72Xz1BxSPMyD6FPtgg58pump,Float,C4eNLxxC7XLUivghMi35YUeSfvACgnvKB18115uPUqjg,12.0,429905274,29,0,1,5.269284412131647e-07,2.9289,4.402174,6.803167,0.0,0.0,2.400993,2.400993
V2ZjLZT5cCfLZXUukcG72Xz1BxSPMyD6FPtgg58pump,Float,2CQgjcdNEo7WtbQLpJTAVcC3Ga61pNvRDTgP5grzctFG,0.0,429905245,0,1,1,3.0356609121171395e-07,1.6874,3.0,4.117045,0.0,0.0,1.117045,1.117045
V2ZjLZT5cCfLZXUukcG72Xz1BxSPMyD6FPtgg58pump,Float,8NqnFoHf8zDUPaRbjJ7Q6ufmKu5qrBNoMTdVmJyKjywi,0.0,429905246,1,0,0,3.677437400526741e-07,2.0441,0.987654,1.659785,433650.671,0.007978,0.67213,0.680108
V2ZjLZT5cCfLZXUukcG72Xz1BxSPMyD6FPtgg58pump,Float,EE8nGTaEJdMA7RkUqAgTjfCt1qD1ivnUefeB9Htg3U4q,21.0,429905295,50,0,1,4.6422277692731046e-07,2.5804,0.978261,1.551673,0.0,0.0,0.573412,0.573412
V2ZjLZT5cCfLZXUukcG72Xz1BxSPMyD6FPtgg58pump,Float,88888efF7LQMHacs7pid5KkxrW9C5U12NCwivoACZUiS,8.0,429905265,20,0,1,4.255872603722751e-07,2.3656,2.271605,2.80297,0.0,0.0,0.531365,0.531365
V2ZjLZT5cCfLZXUukcG72Xz1BxSPMyD6FPtgg58pump,Float,F9ZNRqV1r3uBo9vpfFdnhGCBYSRbStV9aAFRvpjCdDhf,1.0,429905247,2,0,1,3.7849208562942647e-07,2.1039,1.975309,2.454356,0.0,0.0,0.479047,0.479047
V2ZjLZT5cCfLZXUukcG72Xz1BxSPMyD6FPtgg58pump,Float,9h4fbkJUvfNwgpHH6ghxi4neeZKzFLa1jd3bTb3Y1amB,2.0,429905250,5,0,1,3.7112169626316765e-07,2.0629,1.955556,2.392512,0.0,0.0,0.436957,0.436957
V2ZjLZT5cCfLZXUukcG72Xz1BxSPMyD6FPtgg58pump,Float,6PSJr6HhnRxTGj4dkA4fnXQrnB8AWGVS6WZVdVR9SSXq,0.0,429905245,0,1,1,3.2425188335249145e-07,1.8024,2.719937,3.125424,0.0,0.0,0.405487,0.405487
V2ZjLZT5cCfLZXUukcG72Xz1BxSPMyD6FPtgg58pump,Float,AyVr86YXLg5ZC2JgLjPQYWvxjr74sC7CBGMznoStNzao,4.0,429905256,11,0,1,3.3649619156984356e-07,1.8704,0.760332,1.116314,0.0,0.0,0.355982,0.355982
V2ZjLZT5cCfLZXUukcG72Xz1BxSPMyD6FPtgg58pump,Float,2cn2Apxk6zfdUsR2HcsRzp9QRiLiNLtgvZ5NGn15CRHw,4.0,429905256,11,0,1,3.410791031274744e-07,1.8959,0.706335,0.999257,0.0,0.0,0.292922,0.292922
bWBhZwLW5z8XruKvkRWTgRHDsdoym3jY79M3NLSpump,Mogger,Atgx1JXsp8pTQ9Qsi74wF5pLMVwHwyQc6jJCu84evN7c,0.0,413610036,0,1,1,3.987528514026162e-08,1.1467,1.135802,2.703568,0.0,0.0,1.567766,1.567766
bWBhZwLW5z8XruKvkRWTgRHDsdoym3jY79M3NLSpump,Mogger,2CHrnc2LyagAbMaMFgthiDWh7ZZ9zT9TF8WEJf7MNE71,0.0,413610036,0,1,1,3.73870867145051e-08,1.0752,1.234568,2.708883,0.0,0.0,1.474315,1.474315
bWBhZwLW5z8XruKvkRWTgRHDsdoym3jY79M3NLSpump,Mogger,8kzFH4rgFzy4ccz97AhgqRT7Qbt7HnD5oJCDK1Sxdarb,0.0,413610036,0,1,1,4.2330301526176347e-08,1.2173,1.08642,2.318757,0.0,0.0,1.232338,1.232338
bWBhZwLW5z8XruKvkRWTgRHDsdoym3jY79M3NLSpump,Mogger,68mHfcA12ujLryWmKUvp3RLTqd1LhniVmjFCNwAiiFDS,0.0,413610036,0,1,1,5.247308229182055e-08,1.509,2.111111,2.752565,0.0,0.0,0.641454,0.641454
bWBhZwLW5z8XruKvkRWTgRHDsdoym3jY79M3NLSpump,Mogger,FaMNykWeBYbr8WAgk2pPZbhrZ7jtSsjSAwSNW8vZ7BkC,10.0,413610063,27,0,1,5.015274793893468e-08,1.4423,1.706247,2.273648,0.0,0.0,0.567401,0.567401
bWBhZwLW5z8XruKvkRWTgRHDsdoym3jY79M3NLSpump,Mogger,HqBLXnqnDY1xrGnMsa3rRfw4C6qoQYiCsbQCap5LUyGQ,10.0,413610063,27,0,1,5.254281319979498e-08,1.511,1.597782,2.14125,0.0,0.0,0.543469,0.543469
bWBhZwLW5z8XruKvkRWTgRHDsdoym3jY79M3NLSpump,Mogger,kkMrXRWnhkR9vgzmjPSLZTV7N7LsMeyXifPiW1HFWMn,10.0,413610063,27,0,1,5.4990587767346844e-08,1.5814,1.58486,2.000225,0.0,0.0,0.415364,0.415364
bWBhZwLW5z8XruKvkRWTgRHDsdoym3jY79M3NLSpump,Mogger,57stAMFvwctAjkBS76RXGoK4QKyS1QoxbGMbzFFe4DyZ,15.0,413610074,38,0,1,7.289481667606566e-08,2.0963,2.469136,2.834447,0.0,0.0,0.365311,0.365311
bWBhZwLW5z8XruKvkRWTgRHDsdoym3jY79M3NLSpump,Mogger,4JefD4LmRkJ8r5jN4hzhKhipEjnWSU7xjBLu576Yom5Q,10.0,413610063,27,0,1,4.759001312405696e-08,1.3686,0.586667,0.727035,0.0,0.0,0.140368,0.140368
bWBhZwLW5z8XruKvkRWTgRHDsdoym3jY79M3NLSpump,Mogger,AWoqw161VX3qckzFggC1xFFeFhpKS3dLrFM6Hze6ojXh,0.0,413610036,0,1,1,5.923509712320073e-08,1.7035,0.592593,0.729639,0.0,0.0,0.137047,0.137047
dbjukFeNb3MaWAfX8CCHy4utNDbgLHhEi7FPn7Jpump,Gorda,2CHrnc2LyagAbMaMFgthiDWh7ZZ9zT9TF8WEJf7MNE71,0.0,429266873,0,1,1,7.194368105694149e-08,1.1531,3.308642,5.842872,0.0,0.0,2.53423,2.53423
dbjukFeNb3MaWAfX8CCHy4utNDbgLHhEi7FPn7Jpump,Gorda,Atgx1JXsp8pTQ9Qsi74wF5pLMVwHwyQc6jJCu84evN7c,0.0,429266873,0,1,1,8.186117150377942e-08,1.3121,3.209877,4.182389,0.0,0.0,0.972512,0.972512
dbjukFeNb3MaWAfX8CCHy4utNDbgLHhEi7FPn7Jpump,Gorda,5brv79eFZ2rGprXNvqgVJBkBptkkw8GJX1XydJyZLyAr,0.0,429266873,0,1,1,1.4167187379897385e-07,2.2707,2.962963,3.694878,0.0,0.0,0.731915,0.731915
dbjukFeNb3MaWAfX8CCHy4utNDbgLHhEi7FPn7Jpump,Gorda,Anubis512ho5t7S6LNSwoxUWdeQmX2kf3RvZ8ApHHF5w,0.0,429266873,0,1,1,1.700241035322263e-07,2.7251,2.212346,2.611394,0.0,0.0,0.399049,0.399049
dbjukFeNb3MaWAfX8CCHy4utNDbgLHhEi7FPn7Jpump,Gorda,8kzFH4rgFzy4ccz97AhgqRT7Qbt7HnD5oJCDK1Sxdarb,0.0,429266873,0,1,1,9.325745970029008e-08,1.4947,3.45679,3.831854,0.0,0.0,0.375064,0.375064
dbjukFeNb3MaWAfX8CCHy4utNDbgLHhEi7FPn7Jpump,Gorda,485VRgQ1aCfqspezdjYjByAR1TfsmR1WYkhzyoEsQV8d,21.0,429266929,56,0,1,9.243645789486746e-08,1.4816,0.782222,1.136205,0.0,0.0,0.353982,0.353982
dbjukFeNb3MaWAfX8CCHy4utNDbgLHhEi7FPn7Jpump,Gorda,3ooJBsnBPYtZCd4cr32r6SFosMAK5ubge63SvYKGHBHk,0.0,429266873,0,1,1,1.617547719432812e-07,2.5926,1.283951,1.417568,0.0,0.0,0.133617,0.133617
dbjukFeNb3MaWAfX8CCHy4utNDbgLHhEi7FPn7Jpump,Gorda,2mqrindMAjJEQPLhroYWyiYPo5h9iAsahfdd4QtsjwdY,0.0,429266873,0,1,1,1.5604964519458584e-07,2.5012,3.343941,3.447026,0.0,0.0,0.103084,0.103084
dbjukFeNb3MaWAfX8CCHy4utNDbgLHhEi7FPn7Jpump,Gorda,9CGPQ35yojUP4oP2tv5suWtUdhevp68BmUGoykgZX2Yv,0.0,429266873,0,1,1,1.6397632436366832e-07,2.6282,0.493827,0.549685,0.0,0.0,0.055857,0.055857
dbjukFeNb3MaWAfX8CCHy4utNDbgLHhEi7FPn7Jpump,Gorda,GmNi3xSt4zSB3PEuwDmT41V7KobZBaPnCeN26sJX8DUs,21.0,429266929,56,0,1,9.242079568110462e-08,1.4813,1.975309,2.030902,0.0,0.0,0.055593,0.055593
gSb2Tro1ZEizNVk9Zc6juATs3FGZRZUUySF7Xekpump,Dino,5brv79eFZ2rGprXNvqgVJBkBptkkw8GJX1XydJyZLyAr,0.0,412052032,0,1,1,6.916563217976591e-08,1.989,7.901235,10.28568,0.0,0.0,2.384445,2.384445
gSb2Tro1ZEizNVk9Zc6juATs3FGZRZUUySF7Xekpump,Dino,8kzFH4rgFzy4ccz97AhgqRT7Qbt7HnD5oJCDK1Sxdarb,0.0,412052032,0,1,1,4.233030152846853e-08,1.2173,1.125926,2.096797,0.0,0.0,0.970871,0.970871
gSb2Tro1ZEizNVk9Zc6juATs3FGZRZUUySF7Xekpump,Dino,2CHrnc2LyagAbMaMFgthiDWh7ZZ9zT9TF8WEJf7MNE71,0.0,412052032,0,1,1,3.73870867145051e-08,1.0752,1.234568,2.133585,0.0,0.0,0.899017,0.899017
gSb2Tro1ZEizNVk9Zc6juATs3FGZRZUUySF7Xekpump,Dino,Atgx1JXsp8pTQ9Qsi74wF5pLMVwHwyQc6jJCu84evN7c,0.0,412052032,0,1,1,3.9787393646277536e-08,1.1442,1.096296,1.935546,0.0,0.0,0.83925,0.83925
gSb2Tro1ZEizNVk9Zc6juATs3FGZRZUUySF7Xekpump,Dino,61ohufUkdgu8sxxP3Rj4zTMfN9qrNwg97SBzHNETng32,8.0,412052052,20,0,1,8.47398013157685e-08,2.4369,2.469136,2.794978,0.0,0.0,0.325842,0.325842
gSb2Tro1ZEizNVk9Zc6juATs3FGZRZUUySF7Xekpump,Dino,7gEnRjDud56BVmBQMWLTticJoouzrpnyaAnN5A3EEqiy,0.0,412052032,0,1,1,7.659371206510702e-08,2.2027,2.469136,2.789175,0.0,0.0,0.320039,0.320039
gSb2Tro1ZEizNVk9Zc6juATs3FGZRZUUySF7Xekpump,Dino,GfJA84gwT9LpeyzeckeXkCsf8vdQuA64ZYQ91xoBawvt,0.0,412052032,0,1,1,4.5209108621826235e-08,1.3001,1.234568,1.468189,0.0,0.0,0.233621,0.233621
gSb2Tro1ZEizNVk9Zc6juATs3FGZRZUUySF7Xekpump,Dino,3RHCsZRxbQ8NnxwL1xwbbAZaFy2CkKZfozLDL46TCZXh,4.0,412052041,9,0,1,8.844763524216976e-08,2.5435,1.945679,2.1385,0.0,0.0,0.192821,0.192821
gSb2Tro1ZEizNVk9Zc6juATs3FGZRZUUySF7Xekpump,Dino,B8vYdiPJCJBUX2ZqSDXhs76vw6rMqstZgHQfwjmmtt21,6.0,412052046,14,0,1,7.830774694556799e-08,2.2519,1.8,1.977427,0.0,0.0,0.177427,0.177427
gSb2Tro1ZEizNVk9Zc6juATs3FGZRZUUySF7Xekpump,Dino,5P8A9bGUhroskpuA4hhRbybgt37TcTz7ft5zLAh8orpn,0.0,412052032,0,1,1,4.794124806934466e-08,1.3787,1.135802,1.312788,0.0,0.0,0.176986,0.176986
nVMw27GvyEhitxri1FLeZNRyeruoKDwfHQnajW9pump,Jester,EgQX9R3Qph1dPHE1Ysou1auSYqRGomCNmLDC28Yg77aq,0.0,410295297,0,1,1,5.072254032089723e-08,1.4165,3.0,4.269552,0.0,0.0,1.269552,1.269552
nVMw27GvyEhitxri1FLeZNRyeruoKDwfHQnajW9pump,Jester,2CHrnc2LyagAbMaMFgthiDWh7ZZ9zT9TF8WEJf7MNE71,0.0,410295297,0,1,1,3.845906356913175e-08,1.074,1.234568,2.123598,0.0,0.0,0.88903,0.88903
nVMw27GvyEhitxri1FLeZNRyeruoKDwfHQnajW9pump,Jester,8qAsHZNPsWriCcPfkjcDwTSM5iWHK84RWUXL5V3ZSX1F,28.0,410295370,73,0,1,8.186148669757713e-08,2.2862,7.866123,8.714485,0.0,0.0,0.848362,0.848362
nVMw27GvyEhitxri1FLeZNRyeruoKDwfHQnajW9pump,Jester,Atgx1JXsp8pTQ9Qsi74wF5pLMVwHwyQc6jJCu84evN7c,0.0,410295297,0,1,1,4.089300708911314e-08,1.142,1.096296,1.906936,0.0,0.0,0.81064,0.81064
nVMw27GvyEhitxri1FLeZNRyeruoKDwfHQnajW9pump,Jester,7gEnRjDud56BVmBQMWLTticJoouzrpnyaAnN5A3EEqiy,0.0,410295297,0,1,1,5.580287726334949e-08,1.5584,1.975309,2.750899,0.0,0.0,0.77559,0.77559
nVMw27GvyEhitxri1FLeZNRyeruoKDwfHQnajW9pump,Jester,Bj9FyEyATriPi5bsR9MNaHEDdtMcv7papFUV1rTidu7s,0.0,410295297,0,1,1,6.863100664261705e-08,1.9167,2.644444,3.355088,0.0,0.0,0.710644,0.710644
nVMw27GvyEhitxri1FLeZNRyeruoKDwfHQnajW9pump,Jester,8kzFH4rgFzy4ccz97AhgqRT7Qbt7HnD5oJCDK1Sxdarb,0.0,410295297,0,1,1,4.347046065647312e-08,1.214,1.125926,1.706678,0.0,0.0,0.580752,0.580752
nVMw27GvyEhitxri1FLeZNRyeruoKDwfHQnajW9pump,Jester,9tid6pXgWfWE5KY6kPiYjY1B8EQrzDrq6f7FoatjW57X,3.0,410295306,9,0,1,6.168076017537265e-08,1.7226,1.466667,1.867757,0.0,0.0,0.40109,0.40109
nVMw27GvyEhitxri1FLeZNRyeruoKDwfHQnajW9pump,Jester,5Dk5kyAJKoDt5VEkmb3UgMKjP1RUTwwaEKHAN2ZEtB1W,0.0,410295297,0,1,1,6.112564006624056e-08,1.7071,1.975309,2.340671,0.0,0.0,0.365363,0.365363
nVMw27GvyEhitxri1FLeZNRyeruoKDwfHQnajW9pump,Jester,qKpZbAeu97Ba4sgpRqEehXD7dSwxWW59pNQkWSxsySJ,7.0,410295314,17,0,1,7.565762642129535e-08,2.1129,4.938272,5.242532,0.0,0.0,0.30426,0.30426
nZRKxe1voadnWr6cyb7WJEgbbX9UhfGoTGCPp5Apump,Xana,GoAT1C5MgqKWUanJRFQxzk1rJMshwsPFzucVNQ3c6GYx,1.0,410996555,1,0,1,6.801229115742691e-08,1.9559,9.876543,13.411016,0.0,0.0,3.534473,3.534473
nZRKxe1voadnWr6cyb7WJEgbbX9UhfGoTGCPp5Apump,Xana,2CHrnc2LyagAbMaMFgthiDWh7ZZ9zT9TF8WEJf7MNE71,0.0,410996554,0,1,1,3.73870867145051e-08,1.0752,1.234568,3.248519,0.0,0.0,2.013951,2.013951
nZRKxe1voadnWr6cyb7WJEgbbX9UhfGoTGCPp5Apump,Xana,Atgx1JXsp8pTQ9Qsi74wF5pLMVwHwyQc6jJCu84evN7c,0.0,410996554,0,1,1,3.9787393646277536e-08,1.1442,1.096296,2.987047,0.0,0.0,1.890751,1.890751
nZRKxe1voadnWr6cyb7WJEgbbX9UhfGoTGCPp5Apump,Xana,7pfP6SKRsWpr1Smg4tWnHLvEfBrJz5aELPFdefzL11je,2.0,410996559,5,0,1,6.428138765183156e-08,1.8486,1.955556,3.130738,0.0,0.0,1.175182,1.175182
nZRKxe1voadnWr6cyb7WJEgbbX9UhfGoTGCPp5Apump,Xana,GpCTWXotFfwyBZBW9EuXcVnaX8PkcjHPFKkM6SJGCedT,3.0,410996561,7,0,1,7.526884266539872e-08,2.1646,2.444444,3.360351,0.0,0.0,0.915906,0.915906
nZRKxe1voadnWr6cyb7WJEgbbX9UhfGoTGCPp5Apump,Xana,GipUqsbqDCr4pkYi6UQASzRD92zJGFaJgw9jjCayYmcd,30.0,410996627,73,0,1,9.121039716608318e-08,2.623,2.309926,3.187109,0.0,0.0,0.877184,0.877184
nZRKxe1voadnWr6cyb7WJEgbbX9UhfGoTGCPp5Apump,Xana,7FovysP3MGZjFb2MRPtQPn27Ntejdjot2u2WAyL1fUaA,6.0,410996569,15,0,1,9.447660428235109e-08,2.7169,2.469136,3.093873,0.0,0.0,0.624737,0.624737
nZRKxe1voadnWr6cyb7WJEgbbX9UhfGoTGCPp5Apump,Xana,CSNoDtUzomz1TFLnJCHq5MiVJH8gzoXLxZo6dSu27Uxo,3.0,410996560,6,0,1,6.476771324427528e-08,1.8626,1.068317,1.533168,0.0,0.0,0.464851,0.464851
nZRKxe1voadnWr6cyb7WJEgbbX9UhfGoTGCPp5Apump,Xana,T7fwsF16v5cHQKafsxU5eJ9cA5H8SiU5s8bAaYoYGf8,3.0,410996561,7,0,1,7.652063491009392e-08,2.2005,1.755062,2.197981,0.0,0.0,0.442919,0.442919
nZRKxe1voadnWr6cyb7WJEgbbX9UhfGoTGCPp5Apump,Xana,FmSMAbd3JWMgtKfZq9Yn9s6nwXh339zpuwDMD2j9u7Z7,2.0,410996559,5,0,1,6.69546400653137e-08,1.9255,0.588577,1.018056,0.0,0.0,0.429479,0.429479
smhXq5nTaBDLxwA85snoefqW3KpXRnGzUeXLp9Fpump,1%,DcSXoecFEqgmWseReKKpLXCCpdQiW22rAkTDoSrkQG9M,8.0,384673461,21,0,1,4.240118116649849e-08,1.2533,1.411078,1.836459,0.0,0.0,0.425381,0.425381
smhXq5nTaBDLxwA85snoefqW3KpXRnGzUeXLp9Fpump,1%,2CHrnc2LyagAbMaMFgthiDWh7ZZ9zT9TF8WEJf7MNE71,0.0,384673440,0,1,1,3.612333022677848e-08,1.0678,1.1,1.398449,0.0,0.0,0.298449,0.298449
smhXq5nTaBDLxwA85snoefqW3KpXRnGzUeXLp9Fpump,1%,Atgx1JXsp8pTQ9Qsi74wF5pLMVwHwyQc6jJCu84evN7c,0.0,384673440,0,1,1,3.8273066169617854e-08,1.1313,1.0,1.17467,0.0,0.0,0.17467,0.17467
smhXq5nTaBDLxwA85snoefqW3KpXRnGzUeXLp9Fpump,1%,8kzFH4rgFzy4ccz97AhgqRT7Qbt7HnD5oJCDK1Sxdarb,0.0,384673440,0,1,1,4.0260950605778134e-08,1.1901,0.9,1.062085,0.0,0.0,0.162085,0.162085
smhXq5nTaBDLxwA85snoefqW3KpXRnGzUeXLp9Fpump,1%,4idPDNg7qzUqWgrkVvaM9StXaQCcMTes1XSPYGH5qtu6,6.0,384673455,15,0,1,3.549075402796401e-08,1.0491,0.704022,0.846358,0.0,0.0,0.142336,0.142336
smhXq5nTaBDLxwA85snoefqW3KpXRnGzUeXLp9Fpump,1%,9Huizoqi35PVAe3EqeUQ7YabPUgM1NANcFbWvHhm9isK,6.0,384673455,15,0,1,3.6890849617681006e-08,1.0905,0.660251,0.776864,0.0,0.0,0.116612,0.116612
smhXq5nTaBDLxwA85snoefqW3KpXRnGzUeXLp9Fpump,1%,BKcCjjQayhnhxq65FcYFNHGNke71Zu24wHmXQw2WeVda,6.0,384673455,15,0,1,3.816768046562623e-08,1.1282,0.591282,0.651517,0.0,0.0,0.060235,0.060235
smhXq5nTaBDLxwA85snoefqW3KpXRnGzUeXLp9Fpump,1%,5tsotCtehNwUo6Phy9D34qmoHuKMu7gMJdBLsLzApFM6,5.0,384673453,13,0,1,3.4027678277670227e-08,1.0058,0.224954,0.276158,0.0,0.0,0.051204,0.051204
smhXq5nTaBDLxwA85snoefqW3KpXRnGzUeXLp9Fpump,1%,CS6xZBZQ7HfhUNAYeqENdruT2addseDy81PDntyYa1NE,0.0,384673440,0,1,1,4.2299401434218397e-08,1.2503,0.900105,0.933064,0.0,0.0,0.032959,0.032959
smhXq5nTaBDLxwA85snoefqW3KpXRnGzUeXLp9Fpump,1%,AS3B4AMcamsx5t6UbwmEyx3DhAoXDACfJ9Pu4XeSWG7w,6.0,384673455,15,0,1,3.9781437944741924e-08,1.1759,0.391021,0.412695,0.0,0.0,0.021674,0.021674
vMT2RxoVKGoS5NHRSE3VYdneAojGiQ73M8nysvgpump,Faithful,5brv79eFZ2rGprXNvqgVJBkBptkkw8GJX1XydJyZLyAr,0.0,410949907,1,0,1,6.801229115742691e-08,1.9559,9.876543,14.866603,0.0,0.0,4.99006,4.99006
vMT2RxoVKGoS5NHRSE3VYdneAojGiQ73M8nysvgpump,Faithful,2CHrnc2LyagAbMaMFgthiDWh7ZZ9zT9TF8WEJf7MNE71,0.0,410949906,0,1,1,3.73870867145051e-08,1.0752,1.234568,3.077346,0.0,0.0,1.842778,1.842778
vMT2RxoVKGoS5NHRSE3VYdneAojGiQ73M8nysvgpump,Faithful,CcuS6zjBQmMj86z3drYMCA12W8bhHWP1voMyKKj2C97D,7.0,410949925,19,0,1,6.850087695360938e-08,1.9699,0.973459,1.280501,0.0,0.0,0.307042,0.307042
vMT2RxoVKGoS5NHRSE3VYdneAojGiQ73M8nysvgpump,Faithful,9vLNwyGUPqi7sKKLu6QzbiQoe8nB6x7Wmm8zWS5ZcQbz,7.0,410949925,19,0,1,7.139615155012241e-08,2.0532,0.982097,1.206592,0.0,0.0,0.224495,0.224495
vMT2RxoVKGoS5NHRSE3VYdneAojGiQ73M8nysvgpump,Faithful,qKpZbAeu97Ba4sgpRqEehXD7dSwxWW59pNQkWSxsySJ,5.0,410949920,14,0,1,7.529249755869215e-08,2.1652,4.938272,5.126166,0.0,0.0,0.187895,0.187895
vMT2RxoVKGoS5NHRSE3VYdneAojGiQ73M8nysvgpump,Faithful,8iA3oNnrvJ2BRBorgVDxxG6iX7DAZEk1xoWgJN5JYJRa,5.0,410949920,14,0,1,7.831298501089228e-08,2.2521,0.977778,1.157696,0.0,0.0,0.179918,0.179918
vMT2RxoVKGoS5NHRSE3VYdneAojGiQ73M8nysvgpump,Faithful,5Dk5kyAJKoDt5VEkmb3UgMKjP1RUTwwaEKHAN2ZEtB1W,0.0,410949907,1,0,1,7.387596666191034e-08,2.1245,1.975309,2.14363,0.0,0.0,0.168321,0.168321
vMT2RxoVKGoS5NHRSE3VYdneAojGiQ73M8nysvgpump,Faithful,3oK8m93QYJFSW57ixVyp4paQhZqrF5oZk2q2uJKust3i,10.0,410949931,25,0,1,8.362642922894359e-08,2.4049,1.481481,1.631887,0.0,0.0,0.150405,0.150405
vMT2RxoVKGoS5NHRSE3VYdneAojGiQ73M8nysvgpump,Faithful,3HcBRzsgLUpYxFkMnbzUajaGC7pnZLxvRoqAfoWKar95,10.0,410949931,25,0,1,7.891890630177998e-08,2.2695,1.481481,1.627214,0.0,0.0,0.145732,0.145732
vMT2RxoVKGoS5NHRSE3VYdneAojGiQ73M8nysvgpump,Faithful,DbuoxEFfnTe2WhoNujGiCxNqd1B3Mrv8GdGBTht7stXv,6.0,410949922,16,0,1,6.940404678571643e-08,1.9959,0.500432,0.626593,0.0,0.0,0.126161,0.126161
x8JR3vcwY4uJfFLKfwjd9QHKWEvfJkKorFFEFe5pump,Pan,2CHrnc2LyagAbMaMFgthiDWh7ZZ9zT9TF8WEJf7MNE71,0.0,426875235,0,1,1,7.194368105694149e-08,1.1531,3.308642,3.973374,0.0,0.0,0.664732,0.664732
x8JR3vcwY4uJfFLKfwjd9QHKWEvfJkKorFFEFe5pump,Pan,86ZoL3QNAbDy9tgrn7TxemdGiBQioQ1E3xXujcGpGVHP,4.0,426875247,12,0,1,8.933119824550894e-08,1.4318,3.358025,3.873927,0.0,0.0,0.515902,0.515902
x8JR3vcwY4uJfFLKfwjd9QHKWEvfJkKorFFEFe5pump,Pan,Anubis512ho5t7S6LNSwoxUWdeQmX2kf3RvZ8ApHHF5w,0.0,426875235,0,1,1,1.618179173568743e-07,2.5936,1.896296,2.33426,0.0,0.0,0.437964,0.437964
x8JR3vcwY4uJfFLKfwjd9QHKWEvfJkKorFFEFe5pump,Pan,Bhv2qFE1KY8ZqqGUjcq88kX7GLNBA4rxiSM8Ad8ENPWy,0.0,426875235,0,1,1,1.5265103798797842e-07,2.4467,2.469136,2.885105,0.0,0.0,0.415969,0.415969
x8JR3vcwY4uJfFLKfwjd9QHKWEvfJkKorFFEFe5pump,Pan,Bv9rXTo1zTLs2C9kAzRbMER9tnbETWpvsZjVkAsZpwvp,4.0,426875247,12,0,1,8.350628760741805e-08,1.3384,1.481481,1.738146,0.0,0.0,0.256664,0.256664
x8JR3vcwY4uJfFLKfwjd9QHKWEvfJkKorFFEFe5pump,Pan,8QGBc9HRPhRvmeNU9F5AAJCajFCxka5SZLR1HPFf4DRa,9.0,426875258,23,0,1,9.243106440304286e-08,1.4815,1.975309,2.119353,0.0,0.0,0.144044,0.144044
x8JR3vcwY4uJfFLKfwjd9QHKWEvfJkKorFFEFe5pump,Pan,Atgx1JXsp8pTQ9Qsi74wF5pLMVwHwyQc6jJCu84evN7c,0.0,426875235,0,1,1,8.186117150377942e-08,1.3121,3.209877,3.31578,0.0,0.0,0.105904,0.105904
x8JR3vcwY4uJfFLKfwjd9QHKWEvfJkKorFFEFe5pump,Pan,DzRqREhHeiSVpGSurhnHvyqoFrweh99u9yUSdXL6CQft,5.0,426875249,14,0,1,9.674389036214672e-08,1.5506,0.98969,1.073888,0.0,0.0,0.084197,0.084197
x8JR3vcwY4uJfFLKfwjd9QHKWEvfJkKorFFEFe5pump,Pan,61ohufUkdgu8sxxP3Rj4zTMfN9qrNwg97SBzHNETng32,1.0,426875237,2,0,0,1.5853595650654781e-07,2.541,0.54321,0.579718,396972.589,0.011186,0.036508,0.047694
x8JR3vcwY4uJfFLKfwjd9QHKWEvfJkKorFFEFe5pump,Pan,E3MjAnpkj83hAdFrgTq7biRFgmFLM326WShDCHBycJPY,1.0,426875237,2,0,0,1.5875521601549574e-07,2.5445,0.54321,0.569405,525359.427,0.014803,0.026195,0.040998
yLT7rHdaNkfnqfg5pxXxCTrx1Rsnagod16DnpKBpump,Nilly,GoYiMg4YiiEHWyN8W32wgDftB7p9bpKWVrTTq4TD7kRC,0.0,412542912,0,1,1,7.568234235024471e-08,2.1764,9.876543,13.868146,0.0,0.0,3.991603,3.991603
yLT7rHdaNkfnqfg5pxXxCTrx1Rsnagod16DnpKBpump,Nilly,2CHrnc2LyagAbMaMFgthiDWh7ZZ9zT9TF8WEJf7MNE71,0.0,412542912,0,1,1,3.73870867145051e-08,1.0752,1.234568,4.097141,0.0,0.0,2.862573,2.862573
yLT7rHdaNkfnqfg5pxXxCTrx1Rsnagod16DnpKBpump,Nilly,3Nvif9r1Q8R6r34ywzsDnsLw4HAUczRbR6guT8G3XqkF,11.0,412542941,29,0,1,7.366574305907662e-08,2.1184,1.139669,3.522742,0.0,0.0,2.383072,2.383072
yLT7rHdaNkfnqfg5pxXxCTrx1Rsnagod16DnpKBpump,Nilly,Atgx1JXsp8pTQ9Qsi74wF5pLMVwHwyQc6jJCu84evN7c,0.0,412542912,0,1,1,3.987528514026162e-08,1.1467,1.135802,3.404089,0.0,0.0,2.268287,2.268287
yLT7rHdaNkfnqfg5pxXxCTrx1Rsnagod16DnpKBpump,Nilly,8kzFH4rgFzy4ccz97AhgqRT7Qbt7HnD5oJCDK1Sxdarb,0.0,412542912,0,1,1,4.2330301526176347e-08,1.2173,1.08642,2.97648,0.0,0.0,1.890061,1.890061
yLT7rHdaNkfnqfg5pxXxCTrx1Rsnagod16DnpKBpump,Nilly,niggerd597QYedtvjQDVHZTCCGyJrwHNm2i49dkm5zS,17.0,412542955,43,0,1,1.1029347772951573e-07,3.1718,3.654321,4.703431,0.0,0.0,1.04911,1.04911
yLT7rHdaNkfnqfg5pxXxCTrx1Rsnagod16DnpKBpump,Nilly,CyaE1VxvBrahnPWkqm5VsdCvyS2QmNht2UFrKJHga54o,17.0,412542955,43,0,1,9.547129914947962e-08,2.7455,3.177778,3.963897,0.0,0.0,0.786119,0.786119
yLT7rHdaNkfnqfg5pxXxCTrx1Rsnagod16DnpKBpump,Nilly,7nCRbePZDbVyybQjZx5qXFh4NnBadVNSV13Djef6z7R2,19.0,412542962,50,0,1,2.1410145111763214e-07,6.157,17.774983,18.528806,0.0,0.0,0.753823,0.753823
yLT7rHdaNkfnqfg5pxXxCTrx1Rsnagod16DnpKBpump,Nilly,4htXhGA3ArNRyuiURUkbv97ERZHbqBidmpL61qZULsfx,0.0,412542912,0,1,1,8.504149573447326e-08,2.4456,2.962963,3.582644,0.0,0.0,0.619681,0.619681
yLT7rHdaNkfnqfg5pxXxCTrx1Rsnagod16DnpKBpump,Nilly,mW4PZB45isHmnjGkLpJvjKBzVS5NXzTJ8UDyug4gTsM,6.0,412542928,16,0,1,8.545545430826542e-08,2.4575,2.867577,3.29185,0.0,0.0,0.424273,0.424273
ydm6FnL1BLKYJie2opqG6HvDqLZURry9t1Xija5pump,Gǒu,5brv79eFZ2rGprXNvqgVJBkBptkkw8GJX1XydJyZLyAr,0.0,419482694,0,1,1,9.630793460024953e-08,1.9496,8.888889,14.66163,0.0,0.0,5.772741,5.772741
ydm6FnL1BLKYJie2opqG6HvDqLZURry9t1Xija5pump,Gǒu,2CHrnc2LyagAbMaMFgthiDWh7ZZ9zT9TF8WEJf7MNE71,0.0,419482694,0,1,1,5.275718932970118e-08,1.068,1.333333,3.993503,0.0,0.0,2.66017,2.66017
ydm6FnL1BLKYJie2opqG6HvDqLZURry9t1Xija5pump,Gǒu,Atgx1JXsp8pTQ9Qsi74wF5pLMVwHwyQc6jJCu84evN7c,0.0,419482694,0,1,1,5.609584798034692e-08,1.1356,1.283951,3.50632,0.0,0.0,2.222369,2.222369
ydm6FnL1BLKYJie2opqG6HvDqLZURry9t1Xija5pump,Gǒu,8kzFH4rgFzy4ccz97AhgqRT7Qbt7HnD5oJCDK1Sxdarb,0.0,419482694,0,1,1,5.932221497121143e-08,1.2009,1.204938,3.048195,0.0,0.0,1.843257,1.843257
ydm6FnL1BLKYJie2opqG6HvDqLZURry9t1Xija5pump,Gǒu,6KR7SorsUQtNH6CB6JpAnWCAKeTysa95iyXeWihdNeGT,4.0,419482705,11,0,1,1.1197646237284582e-07,2.2668,2.930596,4.063261,0.0,0.0,1.132665,1.132665
ydm6FnL1BLKYJie2opqG6HvDqLZURry9t1Xija5pump,Gǒu,4QTKZSb5ARRAKLFvEARERA7Zv68pmGZSLUp1Nwc6mJLH,8.0,419482715,21,0,1,1.214665212621859e-07,2.4589,4.864198,5.86485,0.0,0.0,1.000652,1.000652
ydm6FnL1BLKYJie2opqG6HvDqLZURry9t1Xija5pump,Gǒu,JBfdpG1jWubSkT2jTGRBXygVxs187kVvB5AH9iFYW1iJ,4.0,419482705,11,0,1,1.0349329528592724e-07,2.0951,1.955556,2.926908,0.0,0.0,0.971352,0.971352
ydm6FnL1BLKYJie2opqG6HvDqLZURry9t1Xija5pump,Gǒu,R2yk4kGMptc81DV55146oYY4J9Qp3vuzncmJ73osHyu,2.0,419482701,7,0,1,1.1955737753416434e-07,2.4203,3.555556,3.933265,0.0,0.0,0.377709,0.377709
ydm6FnL1BLKYJie2opqG6HvDqLZURry9t1Xija5pump,Gǒu,FERyu6cVeorenHgF5NUc8ArzK5aKsXxLKveNUe3nJgLq,0.0,419482694,0,1,1,1.3755820995856877e-07,2.7847,0.987654,1.304669,0.0,0.0,0.317015,0.317015
ydm6FnL1BLKYJie2opqG6HvDqLZURry9t1Xija5pump,Gǒu,DuuRTor81GRbkNPPTmpwLDVhgtLvnbYpb1dcSuxHNFZW,7.0,419482712,18,0,1,1.2755961169634444e-07,2.5823,3.252246,3.562941,0.0,0.0,0.310694,0.310694
zes5tE3CShN8srHEuyxVcZ1reMKrXFW5gbRNaLypump,Win,5brv79eFZ2rGprXNvqgVJBkBptkkw8GJX1XydJyZLyAr,0.0,418618696,0,1,0,1.1789898783134089e-07,2.3867,14.814815,20.162482,7670052.591,0.138148,5.347667,5.485815
zes5tE3CShN8srHEuyxVcZ1reMKrXFW5gbRNaLypump,Win,2CHrnc2LyagAbMaMFgthiDWh7ZZ9zT9TF8WEJf7MNE71,0.0,418618696,0,1,1,5.275718932970118e-08,1.068,1.333333,3.701815,0.0,0.0,2.368482,2.368482
zes5tE3CShN8srHEuyxVcZ1reMKrXFW5gbRNaLypump,Win,Atgx1JXsp8pTQ9Qsi74wF5pLMVwHwyQc6jJCu84evN7c,0.0,418618696,0,1,1,5.609584798034692e-08,1.1356,1.283951,3.302442,0.0,0.0,2.018491,2.018491
zes5tE3CShN8srHEuyxVcZ1reMKrXFW5gbRNaLypump,Win,8kzFH4rgFzy4ccz97AhgqRT7Qbt7HnD5oJCDK1Sxdarb,0.0,418618696,0,1,1,5.932221497121143e-08,1.2009,1.204938,2.783342,0.0,0.0,1.578403,1.578403
zes5tE3CShN8srHEuyxVcZ1reMKrXFW5gbRNaLypump,Win,J3SxFu8sc9dDBNX2d3xZmZz3fjGkNXaa1MrFG6GMwphp,11.0,418618724,28,0,1,,,0.0,1.541898,0.0,0.0,1.541898,1.541898
zes5tE3CShN8srHEuyxVcZ1reMKrXFW5gbRNaLypump,Win,4BKrTf5N5FSkAKYMg4H9oPu4ouPAV4SAQzdix33ex61X,5.0,418618710,14,0,1,1.1130180775754932e-07,2.2531,3.161728,4.30723,0.0,0.0,1.145502,1.145502
zes5tE3CShN8srHEuyxVcZ1reMKrXFW5gbRNaLypump,Win,4QTKZSb5ARRAKLFvEARERA7Zv68pmGZSLUp1Nwc6mJLH,20.0,418618747,51,0,1,1.3612204733154523e-07,2.7556,4.864198,5.595653,0.0,0.0,0.731455,0.731455
zes5tE3CShN8srHEuyxVcZ1reMKrXFW5gbRNaLypump,Win,Gku8cuthhvfoPoG18rg1EULt58xB7j1fgPoifJcyh411,2.0,418618702,6,0,1,1.3432401351668269e-07,2.7192,6.821196,7.373319,0.0,0.0,0.552123,0.552123
zes5tE3CShN8srHEuyxVcZ1reMKrXFW5gbRNaLypump,Win,NoqPdBtyz8xCeTQtj4FcnKpF39Td2cBnw1DrFWFTkS7,4.0,418618707,11,0,1,1.201576258486511e-07,2.4324,1.32,1.857822,0.0,0.0,0.537822,0.537822
zes5tE3CShN8srHEuyxVcZ1reMKrXFW5gbRNaLypump,Win,DWwVh93Xews7xydjg7ZEnPpy8sWB2jdtZh1gfuJhDUXk,11.0,418618725,29,0,1,1.267613707119868e-07,2.5661,1.452054,1.799211,0.0,0.0,0.347157,0.347157
