mint,symbol,name,created_utc,graduated,ath_mcap_usd,ath_t_s,mcap_now_usd,twitter,listed_creator,creator_field_moved,chain_tx_total,chain_tx_ok,chain_tx_failed,chain_tx_ok_first30s,chain_tx_all_first30s,curve_last_tx_s,tape,tape_window_s,n_trades,n_wallets,dev_sells,dev_sol_in,dev_sol_out,dev_net_sol,dev_net_usd,dev_first_sell_s,dev_zero_s,dev_exit_complete,price_devbuy,price_dev_zero,price_t60,window_peak_price,window_peak_t_s,window_peak_mult,sol_usd,n_createslot_wallets,n_wallets_30s,n_winners_30s,n_winners_all,best_wallet,best_wallet_sol,best_30s_wallet,best_30s_sol
EijM3FJm9Ka6Cf6byQB1GdeJxhZqAayfzuV4Xp9Jpump,Restoration,Restoration,2026-07-28T20:51:02Z,0,18791.71,1.0,5670.98,https://x.com/genyrational/status/2082207186877301125,7ufmve7ZSFCzuNcKRunYrGtyb2Ka1MXzkWwf7jZhVsmL,0,11591,2217,9374,303,9169,19092.0,window,300.0,1106,316,27,14.814815,51.037124,36.222309,2678.4,4.0,17.0,1,6.239104152744016e-08,1.3523551440581395e-07,1.1258312938288857e-07,2.5397411585895773e-07,1.0,4.0707,73.943,14,159,33,57,2CHrnc2LyagAbMaMFgthiDWh7ZZ9zT9TF8WEJf7MNE71,3.4292,2CHrnc2LyagAbMaMFgthiDWh7ZZ9zT9TF8WEJf7MNE71,3.4292
EiAsJvYospNxVPtUoGbjUreXNbWcxdpKaiqeJNk6pump,shrek,going through it,2026-07-28T18:39:40Z,1,40020.59,9674.0,23036.98,https://x.com/genyrational/status/2082174126739910809,7ufmve7ZSFCzuNcKRunYrGtyb2Ka1MXzkWwf7jZhVsmL,0,13262,2585,10677,251,10226,4420.0,window,300.0,1020,357,26,14.814815,51.855771,37.040956,2732.51,3.0,20.0,1,6.239104152744016e-08,1.4324038524263994e-07,1.2662358218901114e-07,2.3282203159937274e-07,1.0,3.7317,73.77,11,128,83,244,2CHrnc2LyagAbMaMFgthiDWh7ZZ9zT9TF8WEJf7MNE71,4.9033,2CHrnc2LyagAbMaMFgthiDWh7ZZ9zT9TF8WEJf7MNE71,4.9033
BLs49DufsjJjuGCHQ5s1ov7rRAKDyrbATDu8v624pump,Luka,King Luka,2026-07-28T13:51:53Z,0,18568.89,1.0,5145.4,https://x.com/genyrational/status/2082101705844355288,7ufmve7ZSFCzuNcKRunYrGtyb2Ka1MXzkWwf7jZhVsmL,0,18769,3927,14842,270,13082,45952.0,window,300.0,1419,473,27,14.814815,56.82575,42.010935,3051.2,4.0,27.0,1,6.239104152744016e-08,1.438915828323213e-07,1.2279705997235662e-07,2.555614863343311e-07,1.0,4.0961,72.629,14,143,71,157,2CHrnc2LyagAbMaMFgthiDWh7ZZ9zT9TF8WEJf7MNE71,3.6685,2CHrnc2LyagAbMaMFgthiDWh7ZZ9zT9TF8WEJf7MNE71,3.6685
FNjhEHDYshbNAU7Bge9bRgTgrk1T9dmFQtcPyGAVpump,Fushin,幸运星,2026-07-28T11:22:04Z,1,36422.36,1623.0,3143.39,https://x.com/genyrational/status/2082063990801178707,7ufmve7ZSFCzuNcKRunYrGtyb2Ka1MXzkWwf7jZhVsmL,0,11589,3191,8398,361,8026,1512.0,window,300.0,1450,481,32,14.814815,63.922913,49.108098,3587.84,4.0,25.0,1,6.239104152744016e-08,2.0087427771746285e-07,2.2959843990389487e-07,2.76058708798966e-07,2.0,4.4247,73.06,6,200,93,161,2CHrnc2LyagAbMaMFgthiDWh7ZZ9zT9TF8WEJf7MNE71,4.9881,2CHrnc2LyagAbMaMFgthiDWh7ZZ9zT9TF8WEJf7MNE71,4.9881
GFG5ZFMoeVrc3fapj5iu6mTyRixoN1wgab3NCjwCpump,Baby,Squishy Glitter Babies,2026-07-27T17:45:13Z,1,47848.66,81611.0,7766.52,https://x.com/genyrational/status/2081798041728675976,7ufmve7ZSFCzuNcKRunYrGtyb2Ka1MXzkWwf7jZhVsmL,0,17354,3899,13455,198,12557,81500.0,window,300.0,983,361,22,14.814815,45.339239,30.524424,2315.77,4.0,22.0,1,6.239104152744016e-08,1.1682949113527292e-07,1.0236108129631971e-07,2.2633187051174623e-07,1.0,3.6276,75.866,13,115,37,145,2CHrnc2LyagAbMaMFgthiDWh7ZZ9zT9TF8WEJf7MNE71,2.2744,2CHrnc2LyagAbMaMFgthiDWh7ZZ9zT9TF8WEJf7MNE71,2.2744
6Quog29HQ5tA5BdnCv3FWpW8WEpdxCsxEpt2TGCZpump,Gnomes,Gnomes,2026-07-27T16:20:11Z,1,371823.53,105630.0,190092.14,https://x.com/genyrational/status/2081776640959414708,7ufmve7ZSFCzuNcKRunYrGtyb2Ka1MXzkWwf7jZhVsmL,0,15422,3504,11918,280,11637,3776.0,window,300.0,1259,472,27,14.814815,53.079398,38.264583,2880.56,4.0,23.0,1,6.239104152744016e-08,1.4249586642859248e-07,1.293303542905516e-07,3.116779359767528e-07,283.0,4.9956,75.28,13,162,109,387,5URyNUmhcuWdZiiQrtNdFrSbQPfq72UV2gqQasr9c19Y,78.866,7EeHocJ2eLfDvmWNzsMDeZfWgtPwVRP7uY2RSJqQebBj,64.4263
FBKyGDGLg4WYVecXfSL8Ke2fNXe8Si72NeGbcRSXpump,Nuannuan,Nuannuan,2026-07-27T14:05:29Z,1,31690.62,496.0,1841.9,https://x.com/genyrational/status/2081742738802766303,7ufmve7ZSFCzuNcKRunYrGtyb2Ka1MXzkWwf7jZhVsmL,0,15285,1211,14074,273,13574,1475.0,window,300.0,882,349,23,14.814815,50.568148,35.753333,2747.29,4.0,20.0,1,6.239104152744016e-08,1.386425341209757e-07,1.0641435525907121e-07,2.431354434243127e-07,1.0,3.897,76.84,12,140,37,100,CakmznBSb6c1DbRkJwrG8eLbZJtmHzBPHFTmbjHJn6ec,1.2288,2CHrnc2LyagAbMaMFgthiDWh7ZZ9zT9TF8WEJf7MNE71,0.9449
FjLbCT5pj246VsQmJ5fj4za7nULWQPv5cwipFKmJpump,大坏蛋,Dà huài dàn,2026-07-27T11:50:09Z,1,31214.45,144.0,2888.26,https://x.com/genyrational/status/2081708674817331399,7ufmve7ZSFCzuNcKRunYrGtyb2Ka1MXzkWwf7jZhVsmL,0,10213,1139,9074,286,8969,212.0,window,300.0,2321,697,25,14.814815,53.085765,38.27095,2928.65,4.0,17.0,1,6.239104152744016e-08,1.6115146211078632e-07,2.344883761807413e-07,4.1088017043229726e-07,144.0,6.5856,76.524,7,150,114,283,2CHrnc2LyagAbMaMFgthiDWh7ZZ9zT9TF8WEJf7MNE71,4.5594,2CHrnc2LyagAbMaMFgthiDWh7ZZ9zT9TF8WEJf7MNE71,4.5594
3gEf38VM49swbxd3XynsgejSM3MSGKxkiCNBoeEbpump,Calitures,Calitures,2026-07-25T17:47:42Z,0,25543.74,31273.0,3033.55,https://x.com/genyrational/status/2081073882237173981,7ufmve7ZSFCzuNcKRunYrGtyb2Ka1MXzkWwf7jZhVsmL,0,15122,5488,9634,478,9638,285462.0,window,300.0,1676,546,28,14.814815,54.909474,40.09466,2987.85,4.0,16.0,1,6.239104152744016e-08,1.860473880122919e-07,2.0345147187262091e-07,2.8192151107856517e-07,75.0,4.5186,74.52,13,210,120,217,2CHrnc2LyagAbMaMFgthiDWh7ZZ9zT9TF8WEJf7MNE71,8.1234,2CHrnc2LyagAbMaMFgthiDWh7ZZ9zT9TF8WEJf7MNE71,8.1234
EDbFTcQsdezqk1HNxnciwbVYPFWovz6ibZgUVp59pump,Slap,Slapcat,2026-07-25T12:59:02Z,1,33945.2,922.0,1701.56,https://x.com/genyrational/status/2081001235260297471,7ufmve7ZSFCzuNcKRunYrGtyb2Ka1MXzkWwf7jZhVsmL,0,13849,914,12935,272,9397,406.0,window,300.0,1938,672,29,14.814815,50.038357,35.223542,2602.27,4.0,22.0,1,6.239104152744016e-08,1.638328405903698e-07,2.8555485224600514e-07,4.2925390469239065e-07,232.0,6.8801,73.879,11,146,109,289,5P8A9bGUhroskpuA4hhRbybgt37TcTz7ft5zLAh8orpn,6.6597,5P8A9bGUhroskpuA4hhRbybgt37TcTz7ft5zLAh8orpn,6.6597
2xEVzpcMoHQJVzJXUEXLmwqQeSxb2cyRQWA5N9Sxpump,zalgo,za̸l̴g̵o̴,2026-07-25T11:33:56Z,0,16022.3,1.0,3501.69,https://x.com/genyrational/status/2080979816518390212,7ufmve7ZSFCzuNcKRunYrGtyb2Ka1MXzkWwf7jZhVsmL,0,7688,1520,6168,239,6330,303718.0,window,300.0,860,292,25,14.814815,41.359962,26.545147,1960.89,4.0,18.0,1,6.239104152744016e-08,9.63576907178344e-08,8.409798922495407e-08,2.168918333320753e-07,1.0,3.4763,73.87,9,113,41,98,9QTHeFTWysTe4NEriJoQSbMP7enGFGKKUkrD4JJUFDxx,1.7852,2CHrnc2LyagAbMaMFgthiDWh7ZZ9zT9TF8WEJf7MNE71,1.1472
BwBFxTNL7kA1wr4dwFw8tZRE1zQM68gKQcfVGEzEpump,Killswitch,AI Killswitch Act,2026-07-24T13:55:51Z,1,28476.5,433.0,1670.13,https://x.com/genyrational/status/2080653148461416952,7ufmve7ZSFCzuNcKRunYrGtyb2Ka1MXzkWwf7jZhVsmL,0,13629,1728,11901,282,8717,667.0,window,300.0,1285,382,26,14.814815,45.757689,30.942875,2289.77,4.0,17.0,1,6.239104152744016e-08,1.2035328448796728e-07,1.3026693317598963e-07,2.6423724150184086e-07,288.0,4.2352,74.0,17,136,79,150,4PS8Y5GoZAbyoKDV3CDuvwT7E36uWm9bERvqZogdhKC3,3.0466,7WSDufZW7ScdYeWDooJaMLL51BmzM7zwaFu7TZGwq63k,2.7716
GZZJZVNpy6P2D3B51r4vEfbEXJDz4fFVamNXBCa3pump,Restricted,This meme is restricted,2026-07-23T20:55:28Z,0,14664.59,1.0,2053.97,https://x.com/genyrational/status/2080396359631548869,7ufmve7ZSFCzuNcKRunYrGtyb2Ka1MXzkWwf7jZhVsmL,0,10817,1187,9630,262,9832,285047.0,window,300.0,744,292,26,14.814815,48.329292,33.514477,2549.45,4.0,18.0,1,6.239104152744016e-08,1.392526072633169e-07,1.1876667693196729e-07,2.5118585303645816e-07,1.0,4.026,76.07,10,139,30,52,2CHrnc2LyagAbMaMFgthiDWh7ZZ9zT9TF8WEJf7MNE71,3.1732,2CHrnc2LyagAbMaMFgthiDWh7ZZ9zT9TF8WEJf7MNE71,3.1732
4moo1vE7oReTVzhMwx7awW2Ue8vSZncKpvCS1PV6pump,Lele,Lele,2026-07-23T16:11:29Z,1,63227.76,2520.0,2378.03,https://x.com/genyrational/status/2080324898191184375,7ufmve7ZSFCzuNcKRunYrGtyb2Ka1MXzkWwf7jZhVsmL,0,12072,2292,9780,278,9677,2092.0,window,300.0,1005,363,28,14.814815,47.047856,32.233041,2450.68,4.0,18.0,1,6.239104152744016e-08,1.409090115111346e-07,1.244562349642174e-07,2.2206951738100714e-07,2.0,3.5593,76.03,15,127,72,143,2CHrnc2LyagAbMaMFgthiDWh7ZZ9zT9TF8WEJf7MNE71,2.3647,2CHrnc2LyagAbMaMFgthiDWh7ZZ9zT9TF8WEJf7MNE71,2.3647
Dx55tp8UGDZV51hy99hUq3ZPRqnsVeWBd2f59Lhppump,马克,Ma Ke,2026-07-23T13:46:03Z,0,19513.46,283.0,2838.22,https://x.com/genyrational/status/2080288281590210781,7ufmve7ZSFCzuNcKRunYrGtyb2Ka1MXzkWwf7jZhVsmL,0,15487,6938,8549,366,8123,473573.0,window,120.0,721,308,27,14.814815,49.164647,34.349832,2639.78,4.0,17.0,1,6.239104152744016e-08,1.3331012144703798e-07,1.3212929671592863e-07,2.2192264688028075e-07,1.0,3.557,76.85,12,183,64,83,Atgx1JXsp8pTQ9Qsi74wF5pLMVwHwyQc6jJCu84evN7c,2.8951,Atgx1JXsp8pTQ9Qsi74wF5pLMVwHwyQc6jJCu84evN7c,2.8951
6HWgQuKsq96UguqoZPfeLxN9TgNTq18yUrKv6EvEpump,Cracked,The Cracked Smiling Face,2026-07-23T11:46:38Z,1,21149.9,1029.0,2111.31,https://x.com/genyrational/status/2080258238902075498,7ufmve7ZSFCzuNcKRunYrGtyb2Ka1MXzkWwf7jZhVsmL,0,9296,1493,7803,304,7982,1042.0,window,60.0,447,212,22,14.814815,46.838701,32.023886,2485.61,4.0,16.0,1,6.239104152744016e-08,1.2153527561512692e-07,1.1052728701890411e-07,2.2281996304995848e-07,2.0,3.5713,77.618,6,157,43,49,2CHrnc2LyagAbMaMFgthiDWh7ZZ9zT9TF8WEJf7MNE71,2.2419,2CHrnc2LyagAbMaMFgthiDWh7ZZ9zT9TF8WEJf7MNE71,2.2419
6cmSs58irWKE2ayjUouJgawxgM6zvhqVdnZPRV7Zpump,Dale,The Nietzschean Grandpa,2026-07-22T14:05:34Z,1,102344.27,65371.0,1723.66,https://x.com/genyrational/status/2079930822958751957,7ufmve7ZSFCzuNcKRunYrGtyb2Ka1MXzkWwf7jZhVsmL,0,11197,3975,7222,330,6436,64745.0,window,120.0,623,288,23,14.814815,49.788387,34.973573,2729.8,4.0,11.0,1,6.239104152744016e-08,1.500690821247348e-07,1.089074879565626e-07,2.0595387705891828e-07,1.0,3.301,78.053,12,185,50,76,2CHrnc2LyagAbMaMFgthiDWh7ZZ9zT9TF8WEJf7MNE71,3.3833,2CHrnc2LyagAbMaMFgthiDWh7ZZ9zT9TF8WEJf7MNE71,3.3833
6mXDkq6ytS174mGXqBbLareojc89drKi1sZuG7WDpump,nobrainer,no brainer ,2026-07-22T13:04:22Z,1,22983.53,229.0,2352.54,https://x.com/genyrational/status/2079915416843915703,7ufmve7ZSFCzuNcKRunYrGtyb2Ka1MXzkWwf7jZhVsmL,0,9296,1072,8224,331,8380,444611.0,window,60.0,561,254,28,14.814815,60.350643,45.535829,3512.63,4.0,15.0,1,6.239104152744016e-08,1.9050860866526342e-07,1.1869104578163167e-07,2.646447935103553e-07,2.0,4.2417,77.14,10,176,38,38,2CHrnc2LyagAbMaMFgthiDWh7ZZ9zT9TF8WEJf7MNE71,5.1603,2CHrnc2LyagAbMaMFgthiDWh7ZZ9zT9TF8WEJf7MNE71,5.1603
7333nQt9wsxqaYipXdC96Jq3wNZZpVoFf4tiFraEpump,Sol,GPT‑5.6 Sol,2026-07-22T11:23:44Z,1,32662.73,5.0,2573.29,https://x.com/genyrational/status/2079890092626157987,7ufmve7ZSFCzuNcKRunYrGtyb2Ka1MXzkWwf7jZhVsmL,0,2594,43,2551,43,2593,38.0,window,300.0,624,206,24,14.814815,59.040601,44.225786,3437.68,5.0,17.0,1,6.239104152744016e-08,1.4436603842562732e-07,5.8482741039271136e-08,4.20357535411812e-07,5.0,6.7375,77.73,6,134,13,35,36DmBA2q956kwUcnfYnaDRtcKLTims7ZMhTncTAGyo8F,3.7743,36DmBA2q956kwUcnfYnaDRtcKLTims7ZMhTncTAGyo8F,3.7743
GxN4wsPK42AsN8xgaj6xMynFmdCwHyeCGGgvGNF3pump,Spam,Spam Cat,2026-07-21T15:24:16Z,1,29754.32,498.0,1754.05,https://x.com/genyrational/status/2079588235676696631,7ufmve7ZSFCzuNcKRunYrGtyb2Ka1MXzkWwf7jZhVsmL,0,10851,1871,8980,492,9093,586.0,window,60.0,721,290,29,14.814815,56.89938,42.084565,3282.18,4.0,14.0,1,6.239104152744016e-08,2.1111198670534993e-07,1.3130215393042082e-07,2.1523863777374063e-07,1.0,3.4498,77.99,12,212,72,76,2CHrnc2LyagAbMaMFgthiDWh7ZZ9zT9TF8WEJf7MNE71,5.2666,2CHrnc2LyagAbMaMFgthiDWh7ZZ9zT9TF8WEJf7MNE71,5.2666
3BhUv3FtuuqBgM1n6yYEhEvQ78dpdR99v4frjmXUpump,Dummy,Dummy Dog,2026-07-21T14:14:58Z,1,77842.02,542.0,1510.78,https://x.com/genyrational/status/2079570798239441371,7ufmve7ZSFCzuNcKRunYrGtyb2Ka1MXzkWwf7jZhVsmL,0,8148,442,7706,406,7670,526841.0,window,120.0,2280,780,28,14.814815,55.168189,40.353374,3163.2,5.0,15.0,1,6.239104152744016e-08,3.260335803626149e-07,4.752583751883891e-07,5.938298312178434e-07,57.0,9.5179,78.388,6,197,140,287,DncTAHoJ9ALJAetZCbF7E7LW6BxKE5VfDncHtAsK8STB,12.959,DncTAHoJ9ALJAetZCbF7E7LW6BxKE5VfDncHtAsK8STB,12.959
9dXyJoRc8vXfE1YATFfh3FkK4d5yg5NEUodoPmfspump,Us,For Us,2026-07-20T18:02:52Z,0,15408.34,1.0,2110.7,https://x.com/genyrational/status/2079265757683142936,7ufmve7ZSFCzuNcKRunYrGtyb2Ka1MXzkWwf7jZhVsmL,0,12575,1712,10863,339,9004,386040.0,window,300.0,1085,377,24,14.814815,49.981658,35.166844,2742.81,3.0,13.0,1,6.239104152744016e-08,1.5461147722889156e-07,1.2443985669444777e-07,1.9741247305840087e-07,1.0,3.1641,77.994,13,186,41,69,2CHrnc2LyagAbMaMFgthiDWh7ZZ9zT9TF8WEJf7MNE71,3.6346,2CHrnc2LyagAbMaMFgthiDWh7ZZ9zT9TF8WEJf7MNE71,3.6346
HHUMekq9aj3FP46dGW6ryFvUVoVKcRBZZg6hso3mpump,Jabarkus,The Final Dog,2026-07-20T13:53:40Z,1,30841.1,6368.0,1343.36,https://x.com/genyrational/status/2079203041786667393,7ufmve7ZSFCzuNcKRunYrGtyb2Ka1MXzkWwf7jZhVsmL,0,15181,3703,11478,414,8312,10345.0,window,120.0,873,367,26,14.814815,50.945779,36.130965,2761.1,5.0,16.0,1,6.239104152744016e-08,1.4697063784797377e-07,1.989149509821285e-07,2.3322835304476962e-07,51.0,3.7382,76.419,10,218,107,135,8kzFH4rgFzy4ccz97AhgqRT7Qbt7HnD5oJCDK1Sxdarb,3.1855,8kzFH4rgFzy4ccz97AhgqRT7Qbt7HnD5oJCDK1Sxdarb,3.1855
9FBT95R6KUfR3AJ5QwVW7YgL7777BhMHLwS1tgtUpump,Marciana,Marciana,2026-07-20T12:56:49Z,1,33504.69,353.0,1727.91,https://x.com/genyrational/status/2079188746159702413,7ufmve7ZSFCzuNcKRunYrGtyb2Ka1MXzkWwf7jZhVsmL,0,7524,838,6686,368,5878,343.0,none,,,,,,,,,,,,,,,,,,,,,,,,,,
3ujG4J8UVbyi5Kke7cZVe3qRirnbQvnAup9TtmBdpump,Lala,The Nietzschean Penguin,2026-07-19T11:23:36Z,1,45701.93,614.0,1607.83,https://x.com/genyrational/status/2078802887099244552,7ufmve7ZSFCzuNcKRunYrGtyb2Ka1MXzkWwf7jZhVsmL,0,6819,1003,5816,268,5998,300.0,window,300.0,1442,565,25,14.814815,41.57619,26.761375,2039.72,4.0,12.0,1,6.239104152744016e-08,1.2752904167986532e-07,1.3658913346598428e-07,4.108801703001072e-07,245.0,6.5856,76.219,10,152,110,239,GXcAHhvutpa6gmwUVHtxg7KbYghsjNWQshKq4SinHRtQ,2.8632,2CHrnc2LyagAbMaMFgthiDWh7ZZ9zT9TF8WEJf7MNE71,2.3796
Bi6FgnTAo3pmPeiAK1eBatwWiaqXoXo5Yj8TsyPSpump,Leo,Leo Messi,2026-07-18T18:27:47Z,1,25278.37,162.0,1393.05,https://x.com/genyrational/status/2078547249156821102,7ufmve7ZSFCzuNcKRunYrGtyb2Ka1MXzkWwf7jZhVsmL,0,15094,1077,14017,299,10456,166020.0,none,,,,,,,,,,,,,,,,,,,,,,,,,,
H23di4NXN6j2pwLwbYjtag1Q3v7ANyXR72kzfWYKpump,Fridge,The Nietzschean Cat,2026-07-18T13:43:25Z,1,182358.09,5151.0,2028.44,https://x.com/genyrational/status/2078475692698972304,7ufmve7ZSFCzuNcKRunYrGtyb2Ka1MXzkWwf7jZhVsmL,0,8663,1217,7446,350,7652,1990.0,none,,,,,,,,,,,,,,,,,,,,,,,,,,
8iXLMfcYTTaPvcxzZCdpT5cFRnXz7fMqWzBFNRZqpump,GLM,Gooning Language Model,2026-07-18T12:52:40Z,0,16416.13,1.0,2155.3,https://x.com/genyrational/status/2078462907906765099,7ufmve7ZSFCzuNcKRunYrGtyb2Ka1MXzkWwf7jZhVsmL,0,9484,1757,7727,293,7900,269364.0,none,,,,,,,,,,,,,,,,,,,,,,,,,,
BQDTXj9bvYRY9hksEmnXVMxsPu5VwFDW3bwiXpiDpump,Sagawa, 佐川トメ,2026-07-17T16:47:47Z,1,918599.02,77042.0,4366.99,https://x.com/genyrational/status/2078159695991476702,7ufmve7ZSFCzuNcKRunYrGtyb2Ka1MXzkWwf7jZhVsmL,0,10412,2836,7576,284,7507,77425.0,window,300.0,1494,496,17,14.814815,43.364108,28.549293,2139.98,3.0,10.0,1,6.239104152744016e-08,1.3211086084294972e-07,1.4538279401050466e-07,2.9915923580239147e-07,219.0,4.7949,74.957,11,147,90,209,2CHrnc2LyagAbMaMFgthiDWh7ZZ9zT9TF8WEJf7MNE71,4.5604,2CHrnc2LyagAbMaMFgthiDWh7ZZ9zT9TF8WEJf7MNE71,4.5604
AxshJi4UveAFeB7gz1XJmPbqQz86mLSSGTLJKyrNpump,papoi,papoi,2026-07-17T11:23:43Z,1,136126.71,18505.0,14819.18,https://x.com/genyrational/status/2078078144351703043,7ufmve7ZSFCzuNcKRunYrGtyb2Ka1MXzkWwf7jZhVsmL,0,10899,1177,9722,214,9807,111623.0,window,300.0,1754,521,18,14.814815,41.360073,26.545258,1982.88,4.0,16.0,1,6.239104152744016e-08,1.1825616293626923e-07,1.681146754942881e-07,4.3891777640839614e-07,210.0,7.0349,74.698,15,105,83,249,4PS8Y5GoZAbyoKDV3CDuvwT7E36uWm9bERvqZogdhKC3,7.5471,4PS8Y5GoZAbyoKDV3CDuvwT7E36uWm9bERvqZogdhKC3,7.5471
2XXdGaoXw6jjenAZ4mUXrZU8BZzDXAzyoxXcsn5Spump,AI,OpusLLMSlopCodeNvidiaVibe ,2026-07-16T16:58:57Z,0,16370.71,1.0,2058.33,https://x.com/hubzify/status/2077800129566798193,7ufmve7ZSFCzuNcKRunYrGtyb2Ka1MXzkWwf7jZhVsmL,0,12790,1141,11649,243,8244,510598.0,window,300.0,723,283,13,14.814815,38.798396,23.983582,1828.84,4.0,10.0,1,6.239104152744016e-08,1.0090330837057965e-07,8.180451924434598e-08,2.1468653017896801e-07,1.0,3.441,76.254,12,119,26,83,Atgx1JXsp8pTQ9Qsi74wF5pLMVwHwyQc6jJCu84evN7c,2.3054,Atgx1JXsp8pTQ9Qsi74wF5pLMVwHwyQc6jJCu84evN7c,2.3054
DGWppJtfyyTb1FXCw9M88bYwP6QbWdw5v5wpYy2Qpump,Gus,Gus,2026-07-16T12:26:45Z,0,16051.08,1.0,2066.27,https://x.com/genyrational/status/2077731596686246134,7ufmve7ZSFCzuNcKRunYrGtyb2Ka1MXzkWwf7jZhVsmL,0,7102,1591,5511,220,5232,1069191.0,window,60.0,370,183,13,14.814815,40.037292,25.222477,1917.57,4.0,9.0,1,6.239104152744016e-08,8.596133954132463e-08,9.571992438844206e-08,2.111002226953734e-07,1.0,3.3835,76.026,7,118,34,41,GDQeTnqkyeLyRSjWaeFY5HsxaWoQmmXFc1N6wyuuHiQD,1.0697,GDQeTnqkyeLyRSjWaeFY5HsxaWoQmmXFc1N6wyuuHiQD,1.0697
7sg3WtyB8ceeJPxeLrKgYvGZqz95xaftdxdixCDWpump,bug,bug,2026-07-15T16:36:36Z,0,16393.32,2.0,2057.25,https://x.com/genyrational/status/2077432116996915282,7ufmve7ZSFCzuNcKRunYrGtyb2Ka1MXzkWwf7jZhVsmL,0,8355,944,7411,246,7475,143531.0,window,60.0,350,174,13,14.814815,40.349181,25.534366,1972.59,4.0,10.0,1,6.239104152744016e-08,1.0234003053677737e-07,9.140062071183632e-08,2.1220459313963576e-07,2.0,3.4012,77.252,13,129,36,45,2CHrnc2LyagAbMaMFgthiDWh7ZZ9zT9TF8WEJf7MNE71,0.993,2CHrnc2LyagAbMaMFgthiDWh7ZZ9zT9TF8WEJf7MNE71,0.993
PVSnrYxBZTfPqzn4sMuiRXt2bUnRvR2b58QaqgDpump,Ripple,Ripple The Capybara,2026-07-15T12:36:20Z,0,16375.13,1.0,2146.2,https://x.com/genyrational/status/2077371647208677438,7ufmve7ZSFCzuNcKRunYrGtyb2Ka1MXzkWwf7jZhVsmL,0,9055,1761,7294,250,7356,1114114.0,window,60.0,381,197,13,14.814815,40.76463,25.949816,2009.28,4.0,11.0,1,6.239104152744016e-08,1.1286786002703938e-07,1.0378516893640096e-07,2.1133684446309475e-07,1.0,3.3873,77.43,10,137,29,34,2CHrnc2LyagAbMaMFgthiDWh7ZZ9zT9TF8WEJf7MNE71,1.7864,2CHrnc2LyagAbMaMFgthiDWh7ZZ9zT9TF8WEJf7MNE71,1.7864
2HXK4CBcYeJQezA1MxNgSCHgXDx3kYgpe4ivk1hZpump,Benben,べんべん,2026-07-14T13:33:49Z,1,44844.4,2518.0,1421.41,https://x.com/genyrational/status/2077023721936629806,7ufmve7ZSFCzuNcKRunYrGtyb2Ka1MXzkWwf7jZhVsmL,0,12550,1986,10564,315,10668,695692.0,window,60.0,465,228,14,14.814815,48.907887,34.093072,2630.78,3.0,15.0,1,6.239104152744016e-08,1.4044245220929565e-07,1.0865776263774801e-07,2.0866824156979332e-07,3.0,3.3445,77.165,13,174,37,43,2CHrnc2LyagAbMaMFgthiDWh7ZZ9zT9TF8WEJf7MNE71,2.48,2CHrnc2LyagAbMaMFgthiDWh7ZZ9zT9TF8WEJf7MNE71,2.48
5K1ynvA5u4zvyUt2zDcP3UU5uJxUMNPmxj1wManmpump,Haru,ハル,2026-07-13T18:03:57Z,0,14965.79,2.0,2053.78,https://x.com/genyrational/status/2076729313295000039,7ufmve7ZSFCzuNcKRunYrGtyb2Ka1MXzkWwf7jZhVsmL,0,15296,1216,14080,216,14111,429179.0,window,60.0,312,140,17,14.814815,39.140553,24.325739,1815.51,4.0,18.0,1,6.239104152744016e-08,8.923196507048202e-08,8.874793887468813e-08,2.0054726108377767e-07,2.0,3.2144,74.633,12,115,26,28,2CHrnc2LyagAbMaMFgthiDWh7ZZ9zT9TF8WEJf7MNE71,0.8745,2CHrnc2LyagAbMaMFgthiDWh7ZZ9zT9TF8WEJf7MNE71,0.8745
7dMQWa2QW8U42BFQBHriMWxwJLufL939pezXBZfipump,Cozy,The Profitable Cat,2026-07-11T16:22:22Z,0,19424.43,262.0,2216.9,https://x.com/genyrational/status/2075978969396998550,7ufmve7ZSFCzuNcKRunYrGtyb2Ka1MXzkWwf7jZhVsmL,0,18547,4296,14251,193,13840,1495837.0,window,60.0,346,181,17,14.814815,40.459146,25.644331,2004.17,4.0,24.0,1,6.239104152744016e-08,1.2542050505392392e-07,8.162387412357152e-08,2.1287082571711562e-07,1.0,3.4119,78.153,13,100,26,35,2CHrnc2LyagAbMaMFgthiDWh7ZZ9zT9TF8WEJf7MNE71,1.3753,2CHrnc2LyagAbMaMFgthiDWh7ZZ9zT9TF8WEJf7MNE71,1.3753
5XtdwC6NwagPFuBkHKFGZw6apmRV1aR4LYydXsvppump,chill,chill cat,2026-07-10T17:31:17Z,0,15218.47,1.0,2053.78,https://x.com/genyrational/status/2075633930040988128,7ufmve7ZSFCzuNcKRunYrGtyb2Ka1MXzkWwf7jZhVsmL,0,14061,686,13375,133,13467,732670.0,window,60.0,236,130,9,14.814815,35.572347,20.757532,1612.95,8.0,24.0,1,6.239104152744016e-08,8.035626991664589e-08,6.645843416292847e-08,1.9585059996241252e-07,1.0,3.1391,77.705,14,81,12,13,GTwLQrMMAAE2XGWHcSVubfSMUeFUULxKkrrPVJPPJGrA,0.9824,GTwLQrMMAAE2XGWHcSVubfSMUeFUULxKkrrPVJPPJGrA,0.9824
FmTxW5tevUFbFKNdrQbCbfmcfrGbjH6DtW2MJyyopump,Paningning,Paningning,2026-07-09T16:06:32Z,0,15149.09,2.0,2068.68,https://x.com/genyrational/status/2075250204027068626,7ufmve7ZSFCzuNcKRunYrGtyb2Ka1MXzkWwf7jZhVsmL,0,19037,2395,16642,199,16577,526111.0,window,60.0,325,163,12,14.814815,39.294341,24.479526,1899.89,2.0,19.0,1,6.239104152744016e-08,1.0621210061842649e-07,1.1464614538053511e-07,1.9519153482818352e-07,2.0,3.1285,77.611,8,115,42,53,2CHrnc2LyagAbMaMFgthiDWh7ZZ9zT9TF8WEJf7MNE71,1.9,2CHrnc2LyagAbMaMFgthiDWh7ZZ9zT9TF8WEJf7MNE71,1.9
FgugfvpbfMyJotGb4rijVDSHQueDmvXDwxKR7Lgpump,cat,i'm not a cat,2026-07-09T13:05:57Z,0,18312.3,508.0,2115.93,https://x.com/genyrational/status/2075204770982158431,7ufmve7ZSFCzuNcKRunYrGtyb2Ka1MXzkWwf7jZhVsmL,0,13748,2078,11670,182,11714,744581.0,window,60.0,250,130,10,14.814815,32.726705,17.91189,1394.19,1.0,15.0,1,6.239104152744016e-08,8.570236440155014e-08,8.68301774863197e-08,1.7861891372797825e-07,0.0,2.8629,77.836,15,106,26,27,2CHrnc2LyagAbMaMFgthiDWh7ZZ9zT9TF8WEJf7MNE71,1.2161,2CHrnc2LyagAbMaMFgthiDWh7ZZ9zT9TF8WEJf7MNE71,1.2161
GRFGFrLtM5N1znXAhLPXsajXBf6DHho2SEhcDUqgpump,Robbinghood,Robbing Hood,2026-07-08T16:43:32Z,0,22214.15,1160.0,2179.77,https://x.com/genyrational/status/2074897112454611432,7ufmve7ZSFCzuNcKRunYrGtyb2Ka1MXzkWwf7jZhVsmL,0,18075,3156,14919,188,14861,1712509.0,window,60.0,349,180,12,14.814815,39.50203,24.687215,1906.12,3.0,21.0,1,6.239104152744016e-08,1.2126302118264377e-07,9.594517951074345e-08,2.1774565072067008e-07,2.0,3.49,77.211,14,108,25,36,2CHrnc2LyagAbMaMFgthiDWh7ZZ9zT9TF8WEJf7MNE71,2.1498,2CHrnc2LyagAbMaMFgthiDWh7ZZ9zT9TF8WEJf7MNE71,2.1498
6DoLTBDEsvDswhUo6HwXPH5kDhY85k9x3pC7g6KVpump,Lockin,Lock tf in,2026-07-06T19:58:35Z,1,49885.29,0.0,5247.66,https://x.com/genyrational/status/2074221444028899399,7ufmve7ZSFCzuNcKRunYrGtyb2Ka1MXzkWwf7jZhVsmL,0,4727,15,4712,15,4156,68.0,window,60.0,461,200,0,26.17801,0,-26.17801,-2145.5,,,0,9.804190308864878e-08,,2.9954289576937153e-07,6.087142874858265e-07,0.0,6.2087,81.958,17,167,30,32,3RRrTmKfKFfgHgDYTGgoaa8QgWjagtQpid7atLtgGnCp,7.8057,3RRrTmKfKFfgHgDYTGgoaa8QgWjagtQpid7atLtgGnCp,7.8057
3KJJ6UdnEYWG7HK39NTKxpi8GzJWLRe2wYV1zBfcpump,bob,the dog that saved humanity,2026-07-06T18:37:09Z,0,18033.21,1.0,2054.89,https://x.com/genyrational/status/2074200956007334086,7ufmve7ZSFCzuNcKRunYrGtyb2Ka1MXzkWwf7jZhVsmL,0,11943,685,11258,148,11368,598305.0,window,60.0,234,114,13,14.814815,34.279462,19.464648,1589.82,2.0,23.0,1,6.239104152744016e-08,8.829167411518567e-08,7.227372773412514e-08,2.2078591434362513e-07,1.0,3.5387,81.677,15,83,16,20,8eMntzBDpLZjk6jxWryhU6AZand54sqRhmv81LHmguvZ,0.9493,8eMntzBDpLZjk6jxWryhU6AZand54sqRhmv81LHmguvZ,0.9493
9uyrFtA4gM4X7UZN9wS892anAKoAP9tjpdruBT85pump,Yui,Yui,2026-07-06T15:40:49Z,1,138256.33,20320.0,1999.98,https://x.com/genyrational/status/2074156577850794255,7ufmve7ZSFCzuNcKRunYrGtyb2Ka1MXzkWwf7jZhVsmL,0,13612,2183,11429,163,11296,1816543.0,window,60.0,264,134,9,14.814815,36.94175,22.126935,1785.07,6.0,18.0,1,6.239104152744016e-08,9.013696620121482e-08,1.1050852523480812e-07,2.2901689616818055e-07,2.0,3.6707,80.674,11,91,25,31,2CHrnc2LyagAbMaMFgthiDWh7ZZ9zT9TF8WEJf7MNE71,0.842,2CHrnc2LyagAbMaMFgthiDWh7ZZ9zT9TF8WEJf7MNE71,0.842
AXWqvGRy7q4e4xpZY1F3N7fjfZ1QgiY3weZCLxefpump,Trump,The American Bull,2026-07-06T14:49:47Z,1,112361.05,35.0,1326.76,https://x.com/genyrational/status/2074143583834149146,7ufmve7ZSFCzuNcKRunYrGtyb2Ka1MXzkWwf7jZhVsmL,0,3377,10,3367,10,3323,127.0,window,60.0,666,283,0,56.300268,0,-56.300268,-4509.69,,,0,2.3136801098253407e-07,,7.620675971477857e-07,1.4022000850984467e-06,35.0,6.0605,80.101,12,183,93,98,8kzFH4rgFzy4ccz97AhgqRT7Qbt7HnD5oJCDK1Sxdarb,6.1924,8kzFH4rgFzy4ccz97AhgqRT7Qbt7HnD5oJCDK1Sxdarb,6.1924
TH2YAkgTu82ur3Cr7dX9fEvqUgfuSgSViizroo5pump,Chudimals,Chud Animals,2026-07-05T18:02:08Z,0,18963.54,1.0,2054.03,https://x.com/genyrational/status/2073829753996382291,7ufmve7ZSFCzuNcKRunYrGtyb2Ka1MXzkWwf7jZhVsmL,0,13397,937,12460,152,12088,932225.0,window,60.0,278,126,10,14.814815,36.527465,21.712651,1760.82,4.0,18.0,1,6.239104152744016e-08,7.65906774767279e-08,7.704156756551752e-08,2.339271095275779e-07,1.0,3.7494,81.097,18,85,25,34,5brv79eFZ2rGprXNvqgVJBkBptkkw8GJX1XydJyZLyAr,0.5731,5brv79eFZ2rGprXNvqgVJBkBptkkw8GJX1XydJyZLyAr,0.5731
3ySgaPqYE2XWsepKi6drYFnKhzsa4MUFPNk1uomepump,Bulls,The Four Bulls,2026-07-05T15:18:27Z,1,56072.23,18.0,3898.07,https://x.com/genyrational/status/2073788566270787956,7ufmve7ZSFCzuNcKRunYrGtyb2Ka1MXzkWwf7jZhVsmL,0,5673,29,5644,28,4940,129164.0,window,60.0,486,239,0,46.099291,0,-46.099291,-3745.07,,,0,1.7990376070652045e-07,,3.310830065447081e-07,6.908119063483487e-07,18.0,3.8399,81.239,11,170,42,43,Atgx1JXsp8pTQ9Qsi74wF5pLMVwHwyQc6jJCu84evN7c,6.5294,Atgx1JXsp8pTQ9Qsi74wF5pLMVwHwyQc6jJCu84evN7c,6.5294
Cw8pzbFogvkryGDS8fZkjFrVueaur1taynqRu1rtpump,float,floating dog,2026-07-05T13:03:12Z,1,98743.98,672.0,6348.79,https://x.com/genyrational/status/2073754523701489715,7ufmve7ZSFCzuNcKRunYrGtyb2Ka1MXzkWwf7jZhVsmL,0,5416,25,5391,25,4693,858.0,window,60.0,629,269,0,26.17801,0,-26.17801,-2113.53,,,0,9.804190308864878e-08,,2.3174044511684032e-07,6.551698310829639e-07,36.0,6.6825,80.737,11,153,54,59,8kzFH4rgFzy4ccz97AhgqRT7Qbt7HnD5oJCDK1Sxdarb,9.9294,8kzFH4rgFzy4ccz97AhgqRT7Qbt7HnD5oJCDK1Sxdarb,9.9294
HcFyoZpa68HL5RfMftYBM4RETxgtQdpCFkWaMMcGpump,250,America 250,2026-07-04T15:35:11Z,0,17685.13,1.0,2053.78,https://x.com/genyrational/status/2073430380065984657,7ufmve7ZSFCzuNcKRunYrGtyb2Ka1MXzkWwf7jZhVsmL,0,12727,3307,9420,184,9370,222139.0,window,60.0,250,111,7,14.814815,36.948902,22.134087,1819.68,4.0,14.0,1,6.239104152744016e-08,8.800057944711468e-08,6.399882019469762e-08,2.151361357036093e-07,1.0,3.4482,82.212,13,89,16,16,2CHrnc2LyagAbMaMFgthiDWh7ZZ9zT9TF8WEJf7MNE71,0.9115,2CHrnc2LyagAbMaMFgthiDWh7ZZ9zT9TF8WEJf7MNE71,0.9115
EYN1xR5V41eG14eWC5eoHr5s4CnEt3KWb2WEvhd8pump,AIB,America Is Back,2026-07-03T16:26:09Z,0,16892.16,1.0,2054.44,https://x.com/genyrational/status/2073080828570071291,7ufmve7ZSFCzuNcKRunYrGtyb2Ka1MXzkWwf7jZhVsmL,0,10234,973,9261,213,9375,493058.0,window,60.0,277,140,8,14.814815,35.146341,20.331526,1654.25,4.0,16.0,1,6.239104152744016e-08,9.289000879108218e-08,6.94621703606218e-08,2.0761227671988212e-07,1.0,3.3276,81.364,14,111,26,31,GhNgR53EzCuFrusWGvLW51P4bX6TSTtBzjf8qLEcFeMv,1.1897,GhNgR53EzCuFrusWGvLW51P4bX6TSTtBzjf8qLEcFeMv,1.1897
QaL6zWWUqsaXYXgUofeUjXy1Swmwx7tA9JQZZZDpump,POW,Paws Of War,2026-07-03T12:49:22Z,1,35819.57,375.0,1439.19,https://x.com/genyrational/status/2073026271504634135,7ufmve7ZSFCzuNcKRunYrGtyb2Ka1MXzkWwf7jZhVsmL,0,8993,1386,7607,277,7758,386.0,window,60.0,396,185,7,14.814815,41.399355,26.58454,2162.05,4.0,13.0,1,6.239104152744016e-08,1.0269376413235877e-07,1.1737363830349365e-07,2.0172852927939647e-07,3.0,3.2333,81.327,14,136,34,40,2CHrnc2LyagAbMaMFgthiDWh7ZZ9zT9TF8WEJf7MNE71,2.1674,2CHrnc2LyagAbMaMFgthiDWh7ZZ9zT9TF8WEJf7MNE71,2.1674
2K3rNJbmK9JXqPQtLaCteUQJ2ps2bQ9fr5w8rtC7pump,luna,crunchy cat,2026-07-02T17:04:25Z,0,17357.68,1.0,2064.07,https://x.com/genyrational/status/2072728055664054662,7ufmve7ZSFCzuNcKRunYrGtyb2Ka1MXzkWwf7jZhVsmL,0,9164,770,8394,187,8481,869231.0,window,60.0,263,135,8,14.814815,35.858417,21.043603,1696.5,4.0,13.0,1,6.239104152744016e-08,7.529918643244807e-08,6.353861201287038e-08,2.1530658367266167e-07,1.0,3.4509,80.618,13,111,22,26,2CHrnc2LyagAbMaMFgthiDWh7ZZ9zT9TF8WEJf7MNE71,0.7788,2CHrnc2LyagAbMaMFgthiDWh7ZZ9zT9TF8WEJf7MNE71,0.7788
8RxXax9Npp8bb6RV9pTeC8QWdjf8fkwGWwboigempump,muu,muu,2026-07-02T14:52:41Z,1,32990.12,1142.0,1312.59,https://x.com/genyrational/status/2072694915188879731,7ufmve7ZSFCzuNcKRunYrGtyb2Ka1MXzkWwf7jZhVsmL,0,10224,3154,7070,196,7086,1142.0,window,60.0,319,157,12,14.814815,44.358261,29.543446,2371.76,4.0,18.0,1,6.239104152744016e-08,1.1039267777713737e-07,1.1569335458746952e-07,3.125717072837102e-07,1.0,5.0099,80.28,16,109,18,29,HqXf7BH8F35yyZnRrCMgGgj2yWUqdr8nGvH7ZC9xW1HB,1.8354,HqXf7BH8F35yyZnRrCMgGgj2yWUqdr8nGvH7ZC9xW1HB,1.8354
GJb2iDKzRBdjdS46Q3Z4hPxJLkhjN7qyVZVYFHXjpump,itsy,itsy bitsy,2026-07-02T12:57:34Z,0,17193.97,2.0,2055.13,https://x.com/genyrational/status/2072665944187412964,7ufmve7ZSFCzuNcKRunYrGtyb2Ka1MXzkWwf7jZhVsmL,0,9548,1762,7786,213,7876,616866.0,window,60.0,395,194,9,14.814815,42.088111,27.273296,2215.61,5.0,22.0,1,6.239104152744016e-08,1.0833349146621797e-07,1.0360168914906695e-07,2.1160181368565496e-07,2.0,3.3915,81.238,6,125,39,47,2CHrnc2LyagAbMaMFgthiDWh7ZZ9zT9TF8WEJf7MNE71,1.9738,2CHrnc2LyagAbMaMFgthiDWh7ZZ9zT9TF8WEJf7MNE71,1.9738
F2G2n8N66KZa1EidkLxHJRs5Zes89Bfjdgqip5MQpump,punch,punch cat,2026-07-01T18:29:44Z,0,17443.71,2531.0,2076.28,https://x.com/genyrational/status/2072387149316435984,7ufmve7ZSFCzuNcKRunYrGtyb2Ka1MXzkWwf7jZhVsmL,0,12690,3628,9062,232,9009,1584083.0,window,60.0,361,171,12,14.814815,48.721377,33.906562,2627.79,4.0,19.0,1,6.239104152744016e-08,1.1486032726216132e-07,9.93562590633069e-08,2.0456793661854982e-07,1.0,3.2788,77.501,15,123,30,33,2CHrnc2LyagAbMaMFgthiDWh7ZZ9zT9TF8WEJf7MNE71,2.816,2CHrnc2LyagAbMaMFgthiDWh7ZZ9zT9TF8WEJf7MNE71,2.816
AKvo9h7sKSW8je7psL4nZLCGpTK2ZSKQD2AFNDR9pump,relax,relaxed cat,2026-07-01T11:12:52Z,1,187109.27,6726.0,2198.1,https://x.com/genyrational/status/2072277206869454848,7ufmve7ZSFCzuNcKRunYrGtyb2Ka1MXzkWwf7jZhVsmL,0,11195,683,10512,171,10580,1912.0,window,60.0,318,163,11,14.814815,44.532097,29.717283,2227.03,4.0,21.0,1,6.239104152744016e-08,1.2677518074907026e-07,1.476532358660815e-07,2.1195821812431608e-07,2.0,3.3973,74.94,13,89,30,44,2CHrnc2LyagAbMaMFgthiDWh7ZZ9zT9TF8WEJf7MNE71,2.5881,2CHrnc2LyagAbMaMFgthiDWh7ZZ9zT9TF8WEJf7MNE71,2.5881
BB55VR9sdrXLZjEx94gToBMnMNF2qoT7PmkHqbuWpump,doug,doug,2026-06-30T16:34:42Z,1,36353.55,603.0,1325.69,https://x.com/genyrational/status/2071995810586280252,7ufmve7ZSFCzuNcKRunYrGtyb2Ka1MXzkWwf7jZhVsmL,0,6892,1084,5808,174,5807,1140.0,window,60.0,245,101,11,14.814815,37.801442,22.986627,1671.51,4.0,15.0,1,6.239104152744016e-08,6.840240562887579e-08,5.05606982322178e-08,2.2378933497161488e-07,1.0,3.5869,72.717,11,82,14,15,3VpdJPSe6vdAENSQ8VER6ZbZynZUUuZ9qpmr7qXEvjCU,1.2042,5brv79eFZ2rGprXNvqgVJBkBptkkw8GJX1XydJyZLyAr,0.7801
V2ZjLZT5cCfLZXUukcG72Xz1BxSPMyD6FPtgg58pump,Float,Float,2026-06-30T15:29:19Z,1,64318.26,60.0,1361.95,https://x.com/hubzify/status/2071979361620598854,7ufmve7ZSFCzuNcKRunYrGtyb2Ka1MXzkWwf7jZhVsmL,0,2815,54,2761,54,2806,276.0,window,60.0,253,148,0,46.099291,0,-46.099291,-3370.91,,,0,1.7990376070652045e-07,,8.799553904316855e-07,8.799553904316855e-07,60.0,4.8913,73.123,14,76,39,43,C4eNLxxC7XLUivghMi35YUeSfvACgnvKB18115uPUqjg,2.401,C4eNLxxC7XLUivghMi35YUeSfvACgnvKB18115uPUqjg,2.401
HG5n378tCKpifGc4MgZqiH8yfqbxiSVcVB4ES5zspump,Max,The Mexican Hero,2026-06-29T15:34:59Z,0,17079.54,1.0,2063.91,https://x.com/genyrational/status/2071618371158732887,7ufmve7ZSFCzuNcKRunYrGtyb2Ka1MXzkWwf7jZhVsmL,0,14754,2041,12713,222,12732,2157018.0,window,60.0,308,144,15,14.814815,41.216883,26.402068,1956.46,4.0,19.0,1,6.239104152744016e-08,1.0422353531596019e-07,8.200256425781492e-08,2.3048483319369912e-07,1.0,3.6942,74.103,15,111,20,24,2CHrnc2LyagAbMaMFgthiDWh7ZZ9zT9TF8WEJf7MNE71,1.1139,2CHrnc2LyagAbMaMFgthiDWh7ZZ9zT9TF8WEJf7MNE71,1.1139
7Gs7gFKec9xPQgoX4LnkaHMcUwHatdiRcwfUQ97Hpump,Bullieve,Bullieve,2026-06-28T23:17:26Z,1,29601.85,1.0,2951.33,https://x.com/genyrational/status/2071372362130342064,7ufmve7ZSFCzuNcKRunYrGtyb2Ka1MXzkWwf7jZhVsmL,0,2134,36,2098,29,2127,1036042.0,window,60.0,283,118,0,13.517642,0,-13.517642,-951.91,,,0,5.883147530834955e-08,,1.662321409545198e-07,4.203641758440387e-07,1.0,7.1452,70.42,15,94,22,24,2CHrnc2LyagAbMaMFgthiDWh7ZZ9zT9TF8WEJf7MNE71,7.7955,2CHrnc2LyagAbMaMFgthiDWh7ZZ9zT9TF8WEJf7MNE71,7.7955
9Qab65FhveQekBiwDEV6er1vhYoNJmwdQgqhoKmQpump,bullcoin,bullcoin,2026-06-28T22:03:29Z,0,16984.53,28.0,2054.49,https://x.com/genyrational/status/2071353671586083304,7ufmve7ZSFCzuNcKRunYrGtyb2Ka1MXzkWwf7jZhVsmL,0,11649,2476,9173,259,9177,1344020.0,window,60.0,590,269,19,14.814815,57.490849,42.676034,3037.06,5.0,25.0,1,6.239104152744016e-08,2.14941713931443e-07,1.632098922828078e-07,2.3866206056795343e-07,28.0,3.8253,71.166,9,148,45,53,2CHrnc2LyagAbMaMFgthiDWh7ZZ9zT9TF8WEJf7MNE71,6.8583,2CHrnc2LyagAbMaMFgthiDWh7ZZ9zT9TF8WEJf7MNE71,6.8583
FKeaJZ1nKME7uhkC1bUFGHUg33C52uLVH5bVMTetpump,Milly,Milly,2026-06-28T18:46:44Z,1,43618.43,302.0,1318.03,https://x.com/genyrational/status/2071304236571255106,7ufmve7ZSFCzuNcKRunYrGtyb2Ka1MXzkWwf7jZhVsmL,0,4416,35,4381,35,3699,60.0,window,60.0,679,248,0,26.271605,0,-26.271605,-1865.67,,,0,9.836885747878444e-08,,1.9717367724796515e-07,6.114354053814651e-07,9.0,6.2157,71.015,12,194,59,62,2CHrnc2LyagAbMaMFgthiDWh7ZZ9zT9TF8WEJf7MNE71,13.3241,2CHrnc2LyagAbMaMFgthiDWh7ZZ9zT9TF8WEJf7MNE71,13.3241
8mm6qx9GC8v16z8Ttfi5Zk1efmTPAETvYrshBCz6pump,Bull,The Golden Bull,2026-06-28T14:36:42Z,0,16919.25,1.0,2057.87,https://x.com/genyrational/status/2071241330299130345,7ufmve7ZSFCzuNcKRunYrGtyb2Ka1MXzkWwf7jZhVsmL,0,11907,1060,10847,183,10950,372560.0,window,60.0,305,149,10,14.814815,41.401673,26.586858,1908.75,4.0,16.0,1,6.239104152744016e-08,1.0815956047551706e-07,9.932174751002566e-08,2.3570890006875575e-07,1.0,3.7779,71.793,14,99,21,32,2CHrnc2LyagAbMaMFgthiDWh7ZZ9zT9TF8WEJf7MNE71,1.5102,2CHrnc2LyagAbMaMFgthiDWh7ZZ9zT9TF8WEJf7MNE71,1.5102
dbjukFeNb3MaWAfX8CCHy4utNDbgLHhEi7FPn7Jpump,Gorda,The Spirit of Mexico,2026-06-27T15:50:52Z,0,14647.6,1.0,2056.94,https://x.com/genyrational/status/2070897593316429966,7ufmve7ZSFCzuNcKRunYrGtyb2Ka1MXzkWwf7jZhVsmL,0,16203,799,15404,152,15246,55214.0,window,60.0,228,115,17,14.814815,39.214845,24.40003,1775.12,4.0,21.0,1,6.239104152744016e-08,9.507087720963893e-08,8.468688061370235e-08,2.0121936649936764e-07,1.0,3.2251,72.751,14,76,19,21,2CHrnc2LyagAbMaMFgthiDWh7ZZ9zT9TF8WEJf7MNE71,2.5342,2CHrnc2LyagAbMaMFgthiDWh7ZZ9zT9TF8WEJf7MNE71,2.5342
83KSngkonyyJCuEQ7vfBnCFKyfGk6FttQnuQToUppump,Ran-Chan,ランちゃん,2026-06-26T16:27:25Z,0,15348.13,2.0,2061.58,https://x.com/genyrational/status/2070544428377296957,7ufmve7ZSFCzuNcKRunYrGtyb2Ka1MXzkWwf7jZhVsmL,0,17212,1176,16036,207,13879,704623.0,window,60.0,391,191,15,14.814815,44.064495,29.24968,2110.97,5.0,20.0,1,6.239104152744016e-08,1.1057771465435079e-07,9.363750956936611e-08,2.1263370093908573e-07,2.0,3.4081,72.171,6,110,24,27,2CHrnc2LyagAbMaMFgthiDWh7ZZ9zT9TF8WEJf7MNE71,2.4655,2CHrnc2LyagAbMaMFgthiDWh7ZZ9zT9TF8WEJf7MNE71,2.4655
5Yosn38PiL2nUHT4Sgoj3axjE85XcjrgMV2Utq6Ppump,MU,MexicanAIPikachuConductorBrain,2026-06-25T13:46:08Z,0,13301.36,4.0,2197.63,https://x.com/genyrational/status/2070141416697725338,7ufmve7ZSFCzuNcKRunYrGtyb2Ka1MXzkWwf7jZhVsmL,0,6210,1422,4788,154,3827,815079.0,window,60.0,241,129,14,14.814815,42.963938,28.149123,1857.88,5.0,23.0,1,6.239104152744016e-08,1.1880063338924672e-07,1.2309440140706686e-07,2.006135780214189e-07,4.0,3.2154,66.002,11,89,19,23,2CHrnc2LyagAbMaMFgthiDWh7ZZ9zT9TF8WEJf7MNE71,2.2294,2CHrnc2LyagAbMaMFgthiDWh7ZZ9zT9TF8WEJf7MNE71,2.2294
7wVuSgQV3TPJMQqyWQn31jj846V98GfEWHkVkGFDpump,Invasion,World Cup Invasion,2026-06-24T16:37:34Z,1,38594.45,17142.0,1378.39,https://x.com/genyrational/status/2069822165982027911,7ufmve7ZSFCzuNcKRunYrGtyb2Ka1MXzkWwf7jZhVsmL,0,16759,2397,14362,177,14011,16092.0,window,60.0,308,159,17,14.814815,43.208344,28.393529,1919.42,4.0,24.0,1,6.239104152744016e-08,1.0904099910193167e-07,9.807738873130733e-08,2.1751773502455085e-07,2.0,3.4864,67.601,10,98,29,32,2CHrnc2LyagAbMaMFgthiDWh7ZZ9zT9TF8WEJf7MNE71,2.2597,2CHrnc2LyagAbMaMFgthiDWh7ZZ9zT9TF8WEJf7MNE71,2.2597
GW3wyPJYHGSaZbEb3hcXNvLhdEqr1YLoULXDcduApump,Sparkle,Sparkle,2026-06-24T12:58:58Z,1,26534.83,5063.0,1319.03,https://x.com/genyrational/status/2069767196734116198,7ufmve7ZSFCzuNcKRunYrGtyb2Ka1MXzkWwf7jZhVsmL,0,12528,961,11567,111,11580,450424.0,window,60.0,208,126,10,14.814815,37.555591,22.740777,1576.77,7.0,23.0,1,6.239104152744016e-08,8.778119237916811e-08,9.09735269257773e-08,1.833997998229394e-07,4.0,2.9395,69.337,13,74,17,21,8WoSfnGF5zm1XE8iSp6tDE7mUt72emRAX8LA15NvVUGu,0.9546,2CHrnc2LyagAbMaMFgthiDWh7ZZ9zT9TF8WEJf7MNE71,0.9255
Br2QU7n8ELDNP5xD7c8v5PHisUT736paXVucqRM4pump,Pufferfish,フグ,2026-06-22T13:38:14Z,0,16999.04,1.0,2173.02,https://x.com/genyrational/status/2069052279169134813,7ufmve7ZSFCzuNcKRunYrGtyb2Ka1MXzkWwf7jZhVsmL,0,15699,1922,13777,181,13839,315201.0,window,60.0,339,178,16,14.814815,43.910957,29.096142,2175.47,4.0,24.0,1,6.239104152744016e-08,1.0917038603190978e-07,1.1511768200223754e-07,2.2749785740760742e-07,1.0,3.6463,74.768,13,105,19,25,2CHrnc2LyagAbMaMFgthiDWh7ZZ9zT9TF8WEJf7MNE71,2.2406,2CHrnc2LyagAbMaMFgthiDWh7ZZ9zT9TF8WEJf7MNE71,2.2406
CbUZMbDLM7qRn2yDDhXA4kWTSwjtezhWH9YTC3qmpump,Rupert,The Patriot,2026-06-20T18:39:14Z,0,22929.42,36645.0,2210.99,https://x.com/genyrational/status/2068403267323699516,7ufmve7ZSFCzuNcKRunYrGtyb2Ka1MXzkWwf7jZhVsmL,0,17864,3504,14360,132,13697,2055663.0,window,60.0,252,122,17,14.814815,40.435957,25.621143,1839.61,4.0,33.0,1,6.239104152744016e-08,9.894200155919931e-08,8.080676605573178e-08,1.920705354123437e-07,2.0,3.0785,71.801,9,64,13,19,2CHrnc2LyagAbMaMFgthiDWh7ZZ9zT9TF8WEJf7MNE71,1.3551,2CHrnc2LyagAbMaMFgthiDWh7ZZ9zT9TF8WEJf7MNE71,1.3551
C62QnxGVAa9AV4br5BpUzonaKxXc8jAczp6hFL47pump,Horse,The Horse,2026-06-19T15:22:01Z,0,17475.64,449.0,2066.36,https://x.com/genyrational/status/2067991248351142350,7ufmve7ZSFCzuNcKRunYrGtyb2Ka1MXzkWwf7jZhVsmL,0,19852,2919,16933,236,16539,244842.0,window,60.0,471,215,16,14.814815,48.423611,33.608796,2320.06,5.0,26.0,1,6.239104152744016e-08,1.218594530012825e-07,1.3459679693011547e-07,1.9953749682274258e-07,2.0,3.1982,69.031,7,117,37,50,2CHrnc2LyagAbMaMFgthiDWh7ZZ9zT9TF8WEJf7MNE71,2.6681,2CHrnc2LyagAbMaMFgthiDWh7ZZ9zT9TF8WEJf7MNE71,2.6681
BhpFrL1P674W73udftHSZUfqvgRkFpdxQk3tdUmFpump,Ronaldo,Ronaldo AI,2026-06-18T15:03:57Z,0,13658.93,8.0,2183.31,https://x.com/genyrational/status/2067624299725222147,7ufmve7ZSFCzuNcKRunYrGtyb2Ka1MXzkWwf7jZhVsmL,0,10058,1313,8745,165,8686,502984.0,window,60.0,291,155,10,14.814815,42.887371,28.072556,1981.05,8.0,27.0,1,6.239104152744016e-08,9.928423796885048e-08,9.831237831066496e-08,1.9355409373819425e-07,8.0,3.1023,70.569,11,88,15,22,2CHrnc2LyagAbMaMFgthiDWh7ZZ9zT9TF8WEJf7MNE71,2.1249,2CHrnc2LyagAbMaMFgthiDWh7ZZ9zT9TF8WEJf7MNE71,2.1249
3C8Hz8sqdwn4gUJaWek23PsRfvyDsVZhaqoKooNMpump,Arnold,Arnold The Psychic Armadillo,2026-06-17T14:47:54Z,1,30638.5,2712.0,1364.06,https://x.com/genyrational/status/2067257887458517479,7ufmve7ZSFCzuNcKRunYrGtyb2Ka1MXzkWwf7jZhVsmL,0,13832,1278,12554,165,11956,2712.0,window,60.0,303,162,15,14.814815,43.493139,28.678324,2066.29,4.0,29.0,1,6.239104152744016e-08,1.1669984863477006e-07,1.0174694898162974e-07,2.154088843837067e-07,1.0,3.4526,72.051,13,98,29,34,2CHrnc2LyagAbMaMFgthiDWh7ZZ9zT9TF8WEJf7MNE71,2.1561,2CHrnc2LyagAbMaMFgthiDWh7ZZ9zT9TF8WEJf7MNE71,2.1561
4tY3WSKcKXio57oBoT25vLHXKEparqkX1QgX4wxgpump,Shrek,Shrek 5 Memes,2026-06-17T11:28:06Z,0,21410.76,365.0,2074.98,https://x.com/genyrational/status/2067207600433770806,7ufmve7ZSFCzuNcKRunYrGtyb2Ka1MXzkWwf7jZhVsmL,0,11995,2805,9190,161,7894,2291050.0,window,60.0,287,141,12,14.814815,43.244477,28.429662,2045.7,4.0,25.0,1,6.239104152744016e-08,1.196340054223755e-07,1.2162123072951257e-07,2.1495054366405884e-07,1.0,3.4452,71.956,12,80,28,39,2CHrnc2LyagAbMaMFgthiDWh7ZZ9zT9TF8WEJf7MNE71,1.5165,2CHrnc2LyagAbMaMFgthiDWh7ZZ9zT9TF8WEJf7MNE71,1.5165
x8JR3vcwY4uJfFLKfwjd9QHKWEvfJkKorFFEFe5pump,Pan,パン,2026-06-16T15:00:09Z,0,15938.84,360.0,2085.96,https://x.com/genyrational/status/2066898580724474288,7ufmve7ZSFCzuNcKRunYrGtyb2Ka1MXzkWwf7jZhVsmL,0,10632,2352,8280,153,7967,1620510.0,window,60.0,236,111,8,14.814815,37.673547,22.858732,1666.25,4.0,20.0,1,6.239104152744016e-08,8.780307912717818e-08,8.468780787818049e-08,1.9977243166020509e-07,1.0,3.2019,72.894,12,80,22,23,2CHrnc2LyagAbMaMFgthiDWh7ZZ9zT9TF8WEJf7MNE71,0.6647,2CHrnc2LyagAbMaMFgthiDWh7ZZ9zT9TF8WEJf7MNE71,0.6647
EzrXiBWKcr3WSGLdJWeXvfBSkWRHkaymU7gW5fXpump,Kittens,#SaveTheKittens,2026-06-16T11:42:25Z,1,30565.29,696.0,1327.21,https://x.com/genyrational/status/2066848721527042114,7ufmve7ZSFCzuNcKRunYrGtyb2Ka1MXzkWwf7jZhVsmL,0,12536,1921,10615,155,10543,620452.0,window,60.0,283,156,10,14.814815,47.900902,33.086087,2463.2,9.0,25.0,1,6.239104152744016e-08,1.2999456103544612e-07,1.2306069639082034e-07,2.1967499720298324e-07,6.0,3.5209,74.448,6,91,20,24,2CHrnc2LyagAbMaMFgthiDWh7ZZ9zT9TF8WEJf7MNE71,2.2985,2CHrnc2LyagAbMaMFgthiDWh7ZZ9zT9TF8WEJf7MNE71,2.2985
AL7D9X5gUcjy2v2yRDQDbGKCcREcrLffKPhNTNhmpump,Larry,Larry the cat,2026-06-15T15:40:03Z,0,14667.89,3.0,2054.89,https://x.com/genyrational/status/2066546235071168630,7ufmve7ZSFCzuNcKRunYrGtyb2Ka1MXzkWwf7jZhVsmL,0,14152,1739,12413,176,12525,1771286.0,window,60.0,287,143,9,14.814815,39.416014,24.601199,1830.79,6.0,23.0,1,6.239104152744016e-08,1.0017606006842703e-07,9.541303334301022e-08,1.9717782147986384e-07,3.0,3.1604,74.419,12,94,25,33,2CHrnc2LyagAbMaMFgthiDWh7ZZ9zT9TF8WEJf7MNE71,1.3422,2CHrnc2LyagAbMaMFgthiDWh7ZZ9zT9TF8WEJf7MNE71,1.3422
7LS4TVEVp5wadBoAzXw7Xsh59V87gQGxnEAKtc9jpump,Marley,Justice For Marley,2026-06-15T10:49:28Z,1,26349.34,1737.0,1308.16,https://x.com/genyrational/status/2066473098518348108,7ufmve7ZSFCzuNcKRunYrGtyb2Ka1MXzkWwf7jZhVsmL,0,12567,2121,10446,308,10535,1747.0,window,60.0,461,187,11,14.814815,57.153905,42.33909,3025.49,4.0,22.0,1,6.239104152744016e-08,1.868680267360509e-07,1.3650980097932288e-07,2.6375310228591496e-07,5.0,4.2274,71.459,13,133,34,39,2CHrnc2LyagAbMaMFgthiDWh7ZZ9zT9TF8WEJf7MNE71,5.4564,2CHrnc2LyagAbMaMFgthiDWh7ZZ9zT9TF8WEJf7MNE71,5.4564
FJajEKNDrbQTQF1ZL3SWf2PrsQGLyQsaMvNfXw2Epump,间谍海龟,Spy Sea Turtle,2026-06-14T20:12:07Z,0,13919.11,2.0,2057.36,https://x.com/genyrational/status/2066252311660249451,7ufmve7ZSFCzuNcKRunYrGtyb2Ka1MXzkWwf7jZhVsmL,0,12036,1782,10254,227,10330,913796.0,window,60.0,336,171,10,14.814815,45.757917,30.943102,2088.03,5.0,23.0,1,6.239104152744016e-08,1.1288223832648904e-07,1.191573552933493e-07,2.0626314394249935e-07,2.0,3.306,67.48,12,113,26,39,2CHrnc2LyagAbMaMFgthiDWh7ZZ9zT9TF8WEJf7MNE71,2.7824,2CHrnc2LyagAbMaMFgthiDWh7ZZ9zT9TF8WEJf7MNE71,2.7824
E1S2RV6aNSU4inxH7k1wVWFczegAZGj54nyFDhDnpump,Elonify,Elonification,2026-06-13T16:57:10Z,1,57070.59,2114.0,1679.95,https://x.com/genyrational/status/2065840838001746196,7ufmve7ZSFCzuNcKRunYrGtyb2Ka1MXzkWwf7jZhVsmL,0,13026,1629,11397,212,11357,3583396.0,window,60.0,368,183,10,14.814815,44.520107,29.705292,2021.91,4.0,24.0,1,6.239104152744016e-08,1.3503573143636654e-07,1.2031399531688157e-07,1.9446744846616543e-07,3.0,3.1169,68.065,13,108,38,41,2CHrnc2LyagAbMaMFgthiDWh7ZZ9zT9TF8WEJf7MNE71,2.3841,2CHrnc2LyagAbMaMFgthiDWh7ZZ9zT9TF8WEJf7MNE71,2.3841
5oVXijfWo3CnJStQV9cxpa6DBzgMAk46vw3wpin6pump,Chadjak,Chadjak,2026-06-12T14:30:50Z,0,14482.15,1.0,2054.63,https://x.com/genyrational/status/2065441661467902277,7ufmve7ZSFCzuNcKRunYrGtyb2Ka1MXzkWwf7jZhVsmL,0,9067,1089,7978,201,8105,382489.0,window,60.0,264,120,9,14.814815,40.507458,25.692643,1725.75,4.0,20.0,1,6.239104152744016e-08,9.20481083048351e-08,6.290631843873303e-08,2.1579161158565607e-07,1.0,3.4587,67.169,14,99,15,15,E3MjAnpkj83hAdFrgTq7biRFgmFLM326WShDCHBycJPY,1.0555,E3MjAnpkj83hAdFrgTq7biRFgmFLM326WShDCHBycJPY,1.0555
CfSY4fPPNfgfsm4dds46CLaZre6USKTKabhdLE2tpump,Goblin,The Goblin Shark,2026-06-12T12:23:32Z,0,13343.74,3.0,2071.53,https://x.com/genyrational/status/2065409624598057337,7ufmve7ZSFCzuNcKRunYrGtyb2Ka1MXzkWwf7jZhVsmL,0,16488,3184,13304,207,13285,1425027.0,window,60.0,379,174,8,14.814815,44.756472,29.941657,2002.43,5.0,24.0,1,6.239104152744016e-08,1.3100108924132506e-07,9.178104693543136e-08,1.9951988372449648e-07,3.0,3.1979,66.878,10,120,24,27,2CHrnc2LyagAbMaMFgthiDWh7ZZ9zT9TF8WEJf7MNE71,2.4617,2CHrnc2LyagAbMaMFgthiDWh7ZZ9zT9TF8WEJf7MNE71,2.4617
CccTALHeFndQhWsN1KdPPiDZPtSzvv2KeQfjasqBpump,Tortoise ,The Miracle Tortoise,2026-06-11T16:33:12Z,0,15304.57,2.0,2082.12,https://x.com/genyrational/status/2065110072364089346,7ufmve7ZSFCzuNcKRunYrGtyb2Ka1MXzkWwf7jZhVsmL,0,8394,1414,6980,171,6996,1634277.0,window,60.0,310,147,9,14.814815,43.437455,28.622641,1870.35,5.0,21.0,1,6.239104152744016e-08,9.389488932516478e-08,8.88078235157784e-08,2.3421092442704357e-07,2.0,3.7539,65.345,12,92,34,38,8kzFH4rgFzy4ccz97AhgqRT7Qbt7HnD5oJCDK1Sxdarb,2.0821,8kzFH4rgFzy4ccz97AhgqRT7Qbt7HnD5oJCDK1Sxdarb,2.0821
2VzeNtYL2LLV48T2j7QydBNFFgAwBZyC3ag2NW4cpump,Shapes,Animal Shapes,2026-06-10T17:01:09Z,0,13936.03,1.0,2061.49,https://x.com/genyrational/status/2064754680689762490,7ufmve7ZSFCzuNcKRunYrGtyb2Ka1MXzkWwf7jZhVsmL,0,26456,1558,24898,228,25002,1001477.0,window,60.0,371,172,11,14.814815,45.002638,30.187823,1949.99,4.0,21.0,1,6.239104152744016e-08,1.1325515945345559e-07,8.718402108864723e-08,2.1569330570475396e-07,1.0,3.4571,64.595,13,122,27,28,2CHrnc2LyagAbMaMFgthiDWh7ZZ9zT9TF8WEJf7MNE71,2.2903,2CHrnc2LyagAbMaMFgthiDWh7ZZ9zT9TF8WEJf7MNE71,2.2903
EvHSTyDpJVXovjHdsM5ccdVTpy6etftfHt26W6Q1pump,クマ,The Utsunomiya Bear,2026-06-09T13:16:17Z,0,16531.76,7333.0,2085.24,https://x.com/genyrational/status/2064335715098399140,7ufmve7ZSFCzuNcKRunYrGtyb2Ka1MXzkWwf7jZhVsmL,0,23837,2751,21086,178,21031,1644538.0,window,60.0,297,156,10,14.814815,45.566853,30.752039,2034.57,4.0,28.0,1,6.239104152744016e-08,1.0041474261784699e-07,1.0749047859126164e-07,1.9172362561754326e-07,1.0,3.0729,66.161,13,110,16,17,2CHrnc2LyagAbMaMFgthiDWh7ZZ9zT9TF8WEJf7MNE71,2.144,2CHrnc2LyagAbMaMFgthiDWh7ZZ9zT9TF8WEJf7MNE71,2.144
EL8SwnwpPf3BCBY9jZoHvdtYV7kLtWiTmm6rw3E9pump,Simulator,Simulator Memes,2026-06-09T10:20:42Z,1,27623.8,3912.0,1446.4,https://x.com/genyrational/status/2064291537538756947,7ufmve7ZSFCzuNcKRunYrGtyb2Ka1MXzkWwf7jZhVsmL,0,22781,2687,20094,207,19840,221626.0,window,60.0,287,155,10,14.814815,40.930456,26.115641,1726.82,5.0,26.0,1,6.239104152744016e-08,1.3715905634059002e-07,1.2279698023026865e-07,1.9989890022537553e-07,2.0,3.204,66.122,12,119,29,31,2CHrnc2LyagAbMaMFgthiDWh7ZZ9zT9TF8WEJf7MNE71,3.1098,2CHrnc2LyagAbMaMFgthiDWh7ZZ9zT9TF8WEJf7MNE71,3.1098
5TQo5BPJf2PtKadyHmGARQZSHvza7wmjJ49kzsBipump,Iceberg,アイスバーグ,2026-06-08T12:11:51Z,1,52136.99,1794.0,1387.99,https://x.com/genyrational/status/2063957120265933018,7ufmve7ZSFCzuNcKRunYrGtyb2Ka1MXzkWwf7jZhVsmL,0,8620,2002,6618,246,6663,3199.0,window,60.0,379,194,10,14.814815,40.785653,25.970838,1721.47,6.0,27.0,1,6.239104152744016e-08,1.2340379521003819e-07,1.3334087501414876e-07,1.745582293019282e-07,4.0,2.7978,66.285,6,139,43,48,64hP97Bwr5PubotcTeGgfhkFrGiLVVxT2kVo9M9b4AEz,1.2142,64hP97Bwr5PubotcTeGgfhkFrGiLVVxT2kVo9M9b4AEz,1.2142
BykNFEmVTQag6kytQ8PYfdrFQroUi8HuRXNanyvJpump,Diamond,Diamond the Pitbull,2026-06-07T13:40:15Z,0,10366.1,216.0,2068.93,https://x.com/genyrational/status/2063616978867151046,7ufmve7ZSFCzuNcKRunYrGtyb2Ka1MXzkWwf7jZhVsmL,0,5526,3522,2004,281,2117,890426.0,window,60.0,446,214,8,14.814815,42.506852,27.692037,1779.32,3.0,16.0,1,6.239104152744016e-08,1.228807114533325e-07,1.1614222432968158e-07,1.5344354800569808e-07,0.0,2.4594,64.254,9,145,33,48,2CHrnc2LyagAbMaMFgthiDWh7ZZ9zT9TF8WEJf7MNE71,2.7797,2CHrnc2LyagAbMaMFgthiDWh7ZZ9zT9TF8WEJf7MNE71,2.7797
9M9FKSWdCVFN8GVTqhZ89hBxwoAKd8xxBezP6P1Ypump,Chikuwa-Kun,ちくわ,2026-06-06T21:23:04Z,1,30413.56,1703.0,1387.77,https://x.com/genyrational/status/2063371040353599600,7ufmve7ZSFCzuNcKRunYrGtyb2Ka1MXzkWwf7jZhVsmL,0,14095,3205,10890,666,11257,1766.0,window,60.0,387,194,10,14.814815,39.690853,24.876038,1546.52,2.0,19.0,1,6.239104152744016e-08,1.1392822873402415e-07,1.1508553228984328e-07,1.4279906741844485e-07,1.0,2.2888,62.169,10,150,39,43,2CHrnc2LyagAbMaMFgthiDWh7ZZ9zT9TF8WEJf7MNE71,2.0098,2CHrnc2LyagAbMaMFgthiDWh7ZZ9zT9TF8WEJf7MNE71,2.0098
H5pStqxNwPVoc7Zp4fZbdeDNebu5S7Z61AwcvqeSpump,BrownBear,BrownBear,2026-06-06T12:27:13Z,0,13929.07,834.0,2075.72,https://x.com/genyrational/status/2063236209233596809,7ufmve7ZSFCzuNcKRunYrGtyb2Ka1MXzkWwf7jZhVsmL,0,13803,2335,11468,524,11658,893633.0,window,60.0,394,178,11,14.814815,34.274788,19.459973,1213.19,2.0,21.0,1,6.239104152744016e-08,1.0724354157393575e-07,1.0529482832343548e-07,1.3630512012233664e-07,0.0,2.1847,62.343,7,138,38,41,2CHrnc2LyagAbMaMFgthiDWh7ZZ9zT9TF8WEJf7MNE71,1.5381,2CHrnc2LyagAbMaMFgthiDWh7ZZ9zT9TF8WEJf7MNE71,1.5381
97nnzgv9tmGPcc6bAytrsqx4GRavn3wnocPCGwUCpump,maxxing,maxxing,2026-06-05T14:09:46Z,0,27289.44,447577.0,4070.23,https://x.com/genyrational/status/2062899642581295575,7ufmve7ZSFCzuNcKRunYrGtyb2Ka1MXzkWwf7jZhVsmL,0,4453,2957,1496,263,1418,1292066.0,window,60.0,384,187,6,14.300064,30.524712,16.224648,1056.21,4.0,15.0,1,9.095114958584212e-08,1.6154718894909285e-07,1.123435767072059e-07,1.8622047457496785e-07,4.0,2.0475,65.099,3,151,34,37,Gr2m7oXexz2d3moyFUi3rcFQBmpLyNVdggErYJdYujxc,1.829,Gr2m7oXexz2d3moyFUi3rcFQBmpLyNVdggErYJdYujxc,1.829
HneacB2qXYfToYeb3nd4NtYeVjdEfXCGPwqCwv56pump,PvE,Player versus Environment,2026-06-05T12:12:55Z,0,11277.93,2373.0,2055.51,https://x.com/genyrational/status/2062870229135372471,7ufmve7ZSFCzuNcKRunYrGtyb2Ka1MXzkWwf7jZhVsmL,0,6768,2573,4195,288,4242,1727898.0,window,60.0,439,198,10,14.814815,45.504903,30.690088,2022.24,1.0,18.0,1,6.239104152744016e-08,1.2171728041948967e-07,9.061087191794081e-08,1.6577659498211495e-07,4.0,2.6571,65.892,11,140,35,42,2jkNhQTHNPxdzQ7yXtyUtafSsqvv6teAGkEBs68Lw3Qs,7.5611,2jkNhQTHNPxdzQ7yXtyUtafSsqvv6teAGkEBs68Lw3Qs,7.5611
FaEXgcaRekBgQ6aVFDK2PuVX7ps9K9xn2JvfuTbEpump,Peque,Peque,2026-06-04T12:08:52Z,0,12372.68,0.0,2065.03,https://x.com/genyrational/status/2062506832833257715,7ufmve7ZSFCzuNcKRunYrGtyb2Ka1MXzkWwf7jZhVsmL,0,5299,2408,2891,332,3011,1452517.0,window,60.0,479,200,10,14.814815,46.507569,31.692755,2177.11,2.0,24.0,1,6.239104152744016e-08,1.1112945798174536e-07,9.996450344074884e-08,1.799603955606102e-07,0.0,2.8844,68.694,14,142,24,29,2jkNhQTHNPxdzQ7yXtyUtafSsqvv6teAGkEBs68Lw3Qs,3.4618,2jkNhQTHNPxdzQ7yXtyUtafSsqvv6teAGkEBs68Lw3Qs,3.4618
GugurhdcJvntY1hXDMFB9Zk8K3aL2aH8g89u1ctDpump,Banknote,FoxDolphinPuffinEagleSharkFrog,2026-06-03T11:25:20Z,0,13095.71,9844.0,2139.6,https://x.com/genyrational/status/2062133478339047806,7ufmve7ZSFCzuNcKRunYrGtyb2Ka1MXzkWwf7jZhVsmL,0,5783,2053,3730,279,3799,4578434.0,window,60.0,330,165,9,9.876543,29.174642,19.298099,1458.0,2.0,17.0,1,4.9398530545491336e-08,8.506855400952131e-08,8.405012331518165e-08,1.3371827461042236e-07,1.0,2.7069,75.551,13,133,24,27,DtuCsfYR9LKe8RPck3dzpmbU9jeEWiz2RWxQYimWMu2S,4.95,DtuCsfYR9LKe8RPck3dzpmbU9jeEWiz2RWxQYimWMu2S,4.95
CEHMrrvU6CEJofgXUq9gwRACRwSCG2SwVzRoi5BPpump,Mary,The Escapist ,2026-06-03T09:53:32Z,1,29152.39,103527.0,1417.12,https://x.com/genyrational/status/2062110302515192171,7ufmve7ZSFCzuNcKRunYrGtyb2Ka1MXzkWwf7jZhVsmL,0,9092,5507,3585,307,3324,1334972.0,window,60.0,426,205,11,9.876543,37.021056,27.144513,2042.08,2.0,20.0,1,4.9398530545491336e-08,1.5827645629613865e-07,1.4766117733672121e-07,1.9597966862133736e-07,5.0,3.9673,75.23,17,156,39,43,DtuCsfYR9LKe8RPck3dzpmbU9jeEWiz2RWxQYimWMu2S,7.3435,DtuCsfYR9LKe8RPck3dzpmbU9jeEWiz2RWxQYimWMu2S,7.3435
4u1LwQQWgR6vyhjrp3sJvv4d6wXCNrVdS78HxWAypump,Gem,The Gem,2026-06-02T15:12:13Z,1,28369.99,10038.0,1667.74,https://x.com/genyrational/status/2061828180776779784,7ufmve7ZSFCzuNcKRunYrGtyb2Ka1MXzkWwf7jZhVsmL,0,7133,3375,3758,574,4124,181955.0,window,60.0,512,239,9,9.876543,35.247674,25.371131,1954.26,2.0,17.0,1,4.9398530545491336e-08,1.40150812010648e-07,1.7715614807073144e-07,1.8188431074965145e-07,60.0,3.682,77.027,12,185,43,48,FcjLCZn9mmK4opSzAG8TU36XoiN3zi87M7tdarJcAWhr,7.5911,FcjLCZn9mmK4opSzAG8TU36XoiN3zi87M7tdarJcAWhr,7.5911
2aqfW4bNxHiZ3Ta5mo42kmrGisYbmo98ARxD3BFqpump,Potter,Harry Potter,2026-06-01T14:47:07Z,0,14625.98,17.0,2057.05,https://x.com/genyrational/status/2061459477757346271,7ufmve7ZSFCzuNcKRunYrGtyb2Ka1MXzkWwf7jZhVsmL,0,6067,2299,3768,563,4068,1283100.0,window,60.0,510,236,8,9.876543,32.876455,22.999912,1830.14,2.0,16.0,1,4.9398530545491336e-08,1.2111217109521962e-07,1.340320988137274e-07,1.838092195293409e-07,17.0,3.7209,79.571,12,196,57,59,5brv79eFZ2rGprXNvqgVJBkBptkkw8GJX1XydJyZLyAr,5.6099,5brv79eFZ2rGprXNvqgVJBkBptkkw8GJX1XydJyZLyAr,5.6099
4fqNB5X22yq9uMkWX42UuVJaNaN18YSV4aUySRCvpump,Him,I'm Him,2026-05-31T20:43:40Z,1,33962.83,281.0,1311.85,https://x.com/genyrational/status/2061186829945057619,7ufmve7ZSFCzuNcKRunYrGtyb2Ka1MXzkWwf7jZhVsmL,0,3223,1007,2216,397,2453,674.0,window,60.0,439,224,10,9.876543,35.534121,25.657578,2094.72,3.0,20.0,1,4.9398530545491336e-08,1.6791824101595292e-07,1.3936025941345564e-07,1.724006402556801e-07,5.0,3.49,81.641,22,185,50,55,5brv79eFZ2rGprXNvqgVJBkBptkkw8GJX1XydJyZLyAr,6.6757,5brv79eFZ2rGprXNvqgVJBkBptkkw8GJX1XydJyZLyAr,6.6757
4CfMnSmxBsJQuDLSerRHFcA5zcbMdTHgM9Uz4nXvpump,Inkyy,Inkyy the Sceaming Cat,2026-05-30T13:17:47Z,0,15106.24,14.0,2418.28,https://x.com/genyrational/status/2060712221282361701,7ufmve7ZSFCzuNcKRunYrGtyb2Ka1MXzkWwf7jZhVsmL,0,12780,4540,8240,533,8462,5063275.0,window,60.0,571,256,10,9.876543,37.800508,27.923964,2299.87,2.0,19.0,1,4.9398530545491336e-08,1.7126438386745883e-07,1.4611294163502555e-07,1.834128289876225e-07,14.0,3.7129,82.362,12,196,66,77,DS593S1N4ag1S5KPhkb2bz6mJgcSpMkQJvQuRAbrAwBz,6.0489,DS593S1N4ag1S5KPhkb2bz6mJgcSpMkQJvQuRAbrAwBz,6.0489
6P33UYzYbjLYNMqn5EMUdi8v6QieQpz4pBr6pm7Vpump,Dax,Dax the Duck,2026-05-29T16:55:20Z,1,33897.74,1063.0,1308.45,https://x.com/genyrational/status/2060404583625642073,7ufmve7ZSFCzuNcKRunYrGtyb2Ka1MXzkWwf7jZhVsmL,0,7478,1809,5669,299,5733,1390.0,window,60.0,412,185,10,9.876543,31.611663,21.73512,1798.91,2.0,20.0,1,4.9398530545491336e-08,1.2171373337054654e-07,8.61520460021347e-08,1.464383055617923e-07,9.0,2.9644,82.765,11,137,25,27,5brv79eFZ2rGprXNvqgVJBkBptkkw8GJX1XydJyZLyAr,5.0518,5brv79eFZ2rGprXNvqgVJBkBptkkw8GJX1XydJyZLyAr,5.0518
AKV6w9QZKr1zmoZ13szWeRYQRnAEBPbnnBorUwxPpump,Badger,The Stoic Honey Badger,2026-05-29T12:11:21Z,0,19231.65,1.0,2238.48,https://x.com/genyrational/status/2060333122479165444,7ufmve7ZSFCzuNcKRunYrGtyb2Ka1MXzkWwf7jZhVsmL,0,8596,2604,5992,264,5900,1550158.0,window,60.0,332,161,11,9.876543,41.497685,31.621142,2578.92,2.0,23.0,1,4.9398530545491336e-08,1.5818167643672698e-07,1.592047145063953e-07,2.3571691067754582e-07,1.0,4.7717,81.557,10,119,22,28,DS593S1N4ag1S5KPhkb2bz6mJgcSpMkQJvQuRAbrAwBz,7.3935,DS593S1N4ag1S5KPhkb2bz6mJgcSpMkQJvQuRAbrAwBz,7.3935
9yMgJHG75fhHhEKAGeMSWAMrTWnCnfwTGzELZ34spump,Bingus,The Escapist Kangaroo,2026-05-27T13:28:15Z,1,34740.04,5472.0,1316.19,https://x.com/genyrational/status/2059627694275395812,7ufmve7ZSFCzuNcKRunYrGtyb2Ka1MXzkWwf7jZhVsmL,0,7023,4727,2296,638,2522,1840294.0,window,60.0,525,248,11,9.876543,35.503847,25.627304,2137.02,2.0,21.0,1,4.9398530545491336e-08,1.6300269132850083e-07,1.7837198924984588e-07,2.0981768716526937e-07,37.0,4.2474,83.388,10,185,78,85,5brv79eFZ2rGprXNvqgVJBkBptkkw8GJX1XydJyZLyAr,8.0789,5brv79eFZ2rGprXNvqgVJBkBptkkw8GJX1XydJyZLyAr,8.0789
FcmXm8f5sk31fuLeRNjaSudFakvak4yNScnkosWgpump,Eşek,The Stoic Donkey,2026-05-26T21:18:06Z,1,34262.79,52938.0,1330.16,https://x.com/genyrational/status/2059383548381900895,7ufmve7ZSFCzuNcKRunYrGtyb2Ka1MXzkWwf7jZhVsmL,0,10664,3354,7310,745,4880,3246543.0,window,60.0,437,209,11,9.876543,37.997746,28.121203,2351.69,2.0,22.0,1,4.9398530545491336e-08,1.4461087186455232e-07,1.256139410202039e-07,1.8831856062244669e-07,27.0,3.8122,83.627,13,182,47,48,2CQgjcdNEo7WtbQLpJTAVcC3Ga61pNvRDTgP5grzctFG,6.047,2CQgjcdNEo7WtbQLpJTAVcC3Ga61pNvRDTgP5grzctFG,6.047
87ECoUcsioYVxcV71JAwWMhiAEof3gKBV6XLb4szpump,Trencher,Trencher,2026-05-25T16:43:13Z,1,35560.82,3180.0,1446.98,https://x.com/genyrational/status/2058951984774799463,7ufmve7ZSFCzuNcKRunYrGtyb2Ka1MXzkWwf7jZhVsmL,0,4041,2381,1660,438,1807,2002134.0,window,60.0,566,280,12,9.876543,36.025358,26.148815,2249.2,2.0,21.0,1,4.9398530545491336e-08,1.6732802829936018e-07,1.4422886290609784e-07,1.862899726344719e-07,15.0,3.7712,86.015,11,233,71,73,5brv79eFZ2rGprXNvqgVJBkBptkkw8GJX1XydJyZLyAr,7.8896,5brv79eFZ2rGprXNvqgVJBkBptkkw8GJX1XydJyZLyAr,7.8896
9n89XRJz2hFQWTYjHpkuCSUwDze75KHUDVf9JojZpump,Rinko,輪虎,2026-05-25T12:02:46Z,1,40212.09,3875.0,1310.14,https://x.com/genyrational/status/2058881404880953353,7ufmve7ZSFCzuNcKRunYrGtyb2Ka1MXzkWwf7jZhVsmL,0,4719,2639,2080,350,2136,3875.0,window,60.0,463,240,11,9.876543,37.95358,28.077036,2403.36,2.0,20.0,1,4.9398530545491336e-08,1.6069810584158177e-07,1.8681830086241965e-07,2.053295550212733e-07,54.0,4.1566,85.599,6,194,68,75,EgQX9R3Qph1dPHE1Ysou1auSYqRGomCNmLDC28Yg77aq,8.0698,EgQX9R3Qph1dPHE1Ysou1auSYqRGomCNmLDC28Yg77aq,8.0698
Fh4jGXXRf9jMXyPmUJRMPDB6MhrNuREHBozQvhaEpump,Octopus,The Next Civilization,2026-05-24T19:31:02Z,0,24887.89,149.0,2056.73,https://x.com/genyrational/status/2058631834787856594,7ufmve7ZSFCzuNcKRunYrGtyb2Ka1MXzkWwf7jZhVsmL,0,5306,3159,2147,452,2252,4905580.0,window,60.0,517,262,11,9.876543,44.025649,34.149105,2909.76,2.0,20.0,1,4.9398530545491336e-08,1.8437272536284786e-07,1.6044484559626588e-07,2.3448441021947127e-07,0.0,4.7468,85.208,13,210,44,47,EgQX9R3Qph1dPHE1Ysou1auSYqRGomCNmLDC28Yg77aq,13.7088,EgQX9R3Qph1dPHE1Ysou1auSYqRGomCNmLDC28Yg77aq,13.7088
FgJtjhHGSzRecAEErPzwmbq7SxieqDRzwrziUrtzpump,Sdlaana,Sdlaana,2026-05-24T13:23:59Z,1,35195.31,341.0,1321.49,https://x.com/genyrational/status/2058539396593316259,7ufmve7ZSFCzuNcKRunYrGtyb2Ka1MXzkWwf7jZhVsmL,0,4263,1359,2904,322,2216,7633.0,window,60.0,400,197,12,9.876543,46.461706,36.585162,3156.27,2.0,18.0,1,4.9398530545491336e-08,1.7285504700066212e-07,1.9716379904939601e-07,2.1024429887328608e-07,6.0,4.2561,86.272,10,160,35,39,EgQX9R3Qph1dPHE1Ysou1auSYqRGomCNmLDC28Yg77aq,12.8727,EgQX9R3Qph1dPHE1Ysou1auSYqRGomCNmLDC28Yg77aq,12.8727
CympZjkuNLSzXmTd9P375dH5rVnnja4rACvgNCsEpump,Chungus,Fallenchungus,2026-05-23T18:31:27Z,1,79406.75,941.0,1368.69,https://x.com/genyrational/status/2058254446769877393,7ufmve7ZSFCzuNcKRunYrGtyb2Ka1MXzkWwf7jZhVsmL,0,3000,1235,1765,491,2118,765.0,window,60.0,653,301,8,9.876543,36.362708,26.486165,2247.37,4.0,12.0,1,4.9398530545491336e-08,1.2337345907722476e-07,1.855263734576963e-07,1.9383108826596296e-07,16.0,3.9238,84.851,12,235,82,90,EZLyofvkhj2RfjXpCmuut2ftpY1g9Do47um5RcDFcLkX,8.708,EZLyofvkhj2RfjXpCmuut2ftpY1g9Do47um5RcDFcLkX,8.708
6kNFL3SmeqBJpiFtfUUZXxTacm48gCPx3aaqPhskpump,Kintaro,Kintaro,2026-05-23T11:09:31Z,1,33854.48,1154.0,1329.93,https://x.com/genyrational/status/2058143214666690695,7ufmve7ZSFCzuNcKRunYrGtyb2Ka1MXzkWwf7jZhVsmL,0,4271,2373,1898,278,1621,1797.0,window,60.0,474,207,11,9.876543,32.829731,22.953188,1888.41,2.0,16.0,1,4.9398530545491336e-08,1.4069028293937967e-07,1.639679237607487e-07,1.8952192460928248e-07,49.0,3.8366,82.272,16,139,49,56,CoGpVJwGUJXV2Z9HC7rmnrgbo8VvAKijpctSNR33rpTe,4.7286,CoGpVJwGUJXV2Z9HC7rmnrgbo8VvAKijpctSNR33rpTe,4.7286
HmDbKdd7uoM8KSBuWdFq8B45yeeqti5KWKNXNm8apump,Gary,Gary the groundhog,2026-05-21T17:41:33Z,0,29329.31,88735.0,2137.12,https://x.com/genyrational/status/2057517094187528578,7ufmve7ZSFCzuNcKRunYrGtyb2Ka1MXzkWwf7jZhVsmL,0,4840,3470,1370,366,1472,5867446.0,window,60.0,515,240,11,9.876543,31.490593,21.614049,1892.31,2.0,17.0,1,4.9398530545491336e-08,1.2265675692918035e-07,1.0814125244505721e-07,1.5100282030114856e-07,9.0,3.0568,87.55,16,179,35,42,EgQX9R3Qph1dPHE1Ysou1auSYqRGomCNmLDC28Yg77aq,3.7495,EgQX9R3Qph1dPHE1Ysou1auSYqRGomCNmLDC28Yg77aq,3.7495
H6e9XnLJAvmXjRQEHqL6N7bZqURVdyE2wEQntcnMpump,Valera,Валера,2026-05-20T19:48:36Z,0,14233.07,0.0,2060.67,https://x.com/genyrational/status/2057186704662909031,7ufmve7ZSFCzuNcKRunYrGtyb2Ka1MXzkWwf7jZhVsmL,0,2928,1722,1206,376,1337,5376967.0,window,60.0,463,212,12,14.814815,45.877144,31.062329,2676.54,2.0,18.0,1,6.239104152744016e-08,1.4570075526280478e-07,1.288104488899369e-07,1.653138443247722e-07,0.0,2.6496,86.167,23,171,43,46,5brv79eFZ2rGprXNvqgVJBkBptkkw8GJX1XydJyZLyAr,2.0765,5brv79eFZ2rGprXNvqgVJBkBptkkw8GJX1XydJyZLyAr,2.0765
A9YTBnsbweCwcAg6s4exHDa6PK1eHePRahGF9giNpump,Universal,Universal Coin,2026-05-20T17:28:15Z,1,35461.91,2158.0,1310.64,https://x.com/genyrational/status/2057151364707336198,7ufmve7ZSFCzuNcKRunYrGtyb2Ka1MXzkWwf7jZhVsmL,0,2865,1879,986,406,1175,2163.0,window,60.0,571,258,12,14.814815,59.429331,44.614517,3870.39,2.0,18.0,1,6.239104152744016e-08,1.8686808945993599e-07,1.6140659091631644e-07,2.381275078010435e-07,2.0,3.8167,86.752,6,207,58,64,2mqrindMAjJEQPLhroYWyiYPo5h9iAsahfdd4QtsjwdY,3.4805,2mqrindMAjJEQPLhroYWyiYPo5h9iAsahfdd4QtsjwdY,3.4805
DmuXsG8SaXYpz5TbDD48Rb6fJrJ6KV87EEjmwCmJpump,Greg,Greg,2026-05-19T13:02:46Z,0,27766.47,379.0,2067.21,https://x.com/genyrational/status/2056722161834868746,7ufmve7ZSFCzuNcKRunYrGtyb2Ka1MXzkWwf7jZhVsmL,0,4644,3918,726,396,801,1932535.0,window,60.0,600,279,10,9.876543,41.09611,31.219567,2647.2,3.0,15.0,1,4.9398530545491336e-08,1.6364634036801366e-07,1.6508782570668674e-07,2.2126523735473862e-07,38.0,4.4792,84.793,5,201,68,75,EgQX9R3Qph1dPHE1Ysou1auSYqRGomCNmLDC28Yg77aq,10.7339,EgQX9R3Qph1dPHE1Ysou1auSYqRGomCNmLDC28Yg77aq,10.7339
B8oVNMRvRBuD1p78T5PdifECFstbiRfGfNVwZokepump,🤨,Face with Raised Eyebrow,2026-05-18T16:14:45Z,1,48548.28,119.0,1634.21,https://x.com/genyrational/status/2056408102828691785,7ufmve7ZSFCzuNcKRunYrGtyb2Ka1MXzkWwf7jZhVsmL,0,3394,988,2406,573,1864,536814.0,window,60.0,1297,488,9,9.876543,35.343145,25.466601,2147.15,2.0,15.0,1,4.9398530545491336e-08,1.6456762375082518e-07,3.164160666208925e-07,4.787668759517406e-07,46.0,9.6919,84.312,17,253,158,185,EgQX9R3Qph1dPHE1Ysou1auSYqRGomCNmLDC28Yg77aq,7.6096,EgQX9R3Qph1dPHE1Ysou1auSYqRGomCNmLDC28Yg77aq,7.6096
BweRjKus784r75xj8YrUHBKc8vtgfifxhUrtsu6Epump,Chokdee,โชคดี,2026-05-18T12:04:32Z,1,35605.56,363.0,1321.43,https://x.com/genyrational/status/2056345121348538742,7ufmve7ZSFCzuNcKRunYrGtyb2Ka1MXzkWwf7jZhVsmL,0,2317,1143,1174,334,1405,5733.0,window,60.0,405,198,8,9.876543,35.679652,25.803109,2192.81,2.0,12.0,1,4.9398530545491336e-08,1.660646201313071e-07,1.839609488324018e-07,2.2404268065511693e-07,33.0,4.5354,84.982,22,159,63,64,EgQX9R3Qph1dPHE1Ysou1auSYqRGomCNmLDC28Yg77aq,5.4272,EgQX9R3Qph1dPHE1Ysou1auSYqRGomCNmLDC28Yg77aq,5.4272
6PTmu947r7D2fu7HCpXiqPCLGcKBARhGSdMkL4Qjpump,PongPong,楊澎澎,2026-05-17T14:22:03Z,0,14307.62,7.0,2058.0,https://x.com/genyrational/status/2056017346796322848,7ufmve7ZSFCzuNcKRunYrGtyb2Ka1MXzkWwf7jZhVsmL,0,1975,1751,224,343,453,2850685.0,window,60.0,445,210,8,9.876543,33.627328,23.750784,2046.35,3.0,13.0,1,4.9398530545491336e-08,1.3076702313477128e-07,1.1324774457115317e-07,1.6600835040252023e-07,7.0,3.3606,86.159,10,178,35,36,5brv79eFZ2rGprXNvqgVJBkBptkkw8GJX1XydJyZLyAr,6.5246,5brv79eFZ2rGprXNvqgVJBkBptkkw8GJX1XydJyZLyAr,6.5246
AR9QXRPfM8KJyUV6EUVqxTn1j9hqcLjuqaQjBBkzpump,Mold,Internet Mold,2026-05-16T17:49:21Z,1,32785.7,6201.0,1330.28,https://x.com/genyrational/status/2055707131337113734,7ufmve7ZSFCzuNcKRunYrGtyb2Ka1MXzkWwf7jZhVsmL,0,3181,2907,274,430,516,36751.0,window,60.0,532,256,10,9.876543,37.603317,27.726774,2409.79,2.0,11.0,1,4.9398530545491336e-08,1.7616941561682786e-07,1.6673105795080113e-07,1.926761151471616e-07,11.0,3.9004,86.912,16,211,65,72,EgQX9R3Qph1dPHE1Ysou1auSYqRGomCNmLDC28Yg77aq,8.3543,EgQX9R3Qph1dPHE1Ysou1auSYqRGomCNmLDC28Yg77aq,8.3543
Cz2M3oyo28kZiKn3MRq75hRmsygErdg6C5i9Hhwkpump,Uta,ウタ,2026-05-16T11:57:53Z,1,44960.97,455.0,1420.71,https://x.com/genyrational/status/2055618666935316578,7ufmve7ZSFCzuNcKRunYrGtyb2Ka1MXzkWwf7jZhVsmL,0,1434,1056,378,356,559,25772.0,window,60.0,512,241,11,9.876543,37.10615,27.229606,2344.62,2.0,17.0,1,4.9398530545491336e-08,1.692902916815462e-07,1.8143446599061308e-07,2.0619349813976057e-07,24.0,4.1741,86.105,17,176,58,61,5brv79eFZ2rGprXNvqgVJBkBptkkw8GJX1XydJyZLyAr,9.1182,5brv79eFZ2rGprXNvqgVJBkBptkkw8GJX1XydJyZLyAr,9.1182
HyKVpQqESessuVsjC3agoS52YGFwSDJtDA1ZdRQ7pump,Curse,The Drake Curse,2026-05-15T12:56:32Z,0,14191.47,7.0,2054.07,https://x.com/genyrational/status/2055271059985756200,7ufmve7ZSFCzuNcKRunYrGtyb2Ka1MXzkWwf7jZhVsmL,0,2237,2050,187,369,449,5751414.0,window,60.0,447,212,7,9.876543,32.552883,22.67634,2054.53,2.0,10.0,1,4.9398530545491336e-08,1.5017070741345515e-07,1.3059649289683446e-07,1.566364782754492e-07,7.0,3.1709,90.602,14,179,49,49,5brv79eFZ2rGprXNvqgVJBkBptkkw8GJX1XydJyZLyAr,5.2974,5brv79eFZ2rGprXNvqgVJBkBptkkw8GJX1XydJyZLyAr,5.2974
9y2VWxWB8JPYbQoPRt7DXpEeqiDubeVZD25adVHBpump,Viltrumite,Viltrumite,2026-05-13T20:09:25Z,1,48957.71,58271.0,1348.91,https://x.com/genyrational/status/2054655208144167387,7ufmve7ZSFCzuNcKRunYrGtyb2Ka1MXzkWwf7jZhVsmL,0,4479,4064,415,340,471,415974.0,window,60.0,454,196,7,9.876543,35.274356,25.397813,2311.12,2.0,12.0,1,4.9398530545491336e-08,1.304483679579658e-07,1.0083181156047528e-07,1.772247073086497e-07,2.0,3.5877,90.997,7,173,37,38,5brv79eFZ2rGprXNvqgVJBkBptkkw8GJX1XydJyZLyAr,5.9162,5brv79eFZ2rGprXNvqgVJBkBptkkw8GJX1XydJyZLyAr,5.9162
ydm6FnL1BLKYJie2opqG6HvDqLZURry9t1Xija5pump,Gǒu,狗,2026-05-13T13:50:38Z,0,23838.18,3642.0,2070.5,https://x.com/genyrational/status/2054559751241892226,7ufmve7ZSFCzuNcKRunYrGtyb2Ka1MXzkWwf7jZhVsmL,0,4162,3703,459,388,477,5373092.0,window,60.0,544,255,8,9.876543,35.736814,25.860271,2383.47,2.0,12.0,1,4.9398530545491336e-08,1.8142478936854226e-07,1.3679851821049002e-07,1.865057321070717e-07,13.0,3.7755,92.167,19,193,55,59,5brv79eFZ2rGprXNvqgVJBkBptkkw8GJX1XydJyZLyAr,5.7727,5brv79eFZ2rGprXNvqgVJBkBptkkw8GJX1XydJyZLyAr,5.7727
Ffg6atqSTH1aEsVhL3H5HXw91FKqiyiuq97eq9Typump,Shiro,Shiro,2026-05-12T16:36:31Z,0,18747.68,1701.0,2054.85,https://x.com/genyrational/status/2054239240255369332,7ufmve7ZSFCzuNcKRunYrGtyb2Ka1MXzkWwf7jZhVsmL,0,2446,2149,297,388,489,5726797.0,window,60.0,481,225,7,9.876543,32.209422,22.332879,2102.0,2.0,9.0,1,4.9398530545491336e-08,1.5340863680590187e-07,1.1851110242061226e-07,1.9741064676565614e-07,6.0,3.9963,94.121,18,195,58,59,EgQX9R3Qph1dPHE1Ysou1auSYqRGomCNmLDC28Yg77aq,5.1312,EgQX9R3Qph1dPHE1Ysou1auSYqRGomCNmLDC28Yg77aq,5.1312
Br89EN3uVz9Zwv4jyMMKHzkXaXRo1fAadctYQNVUpump,Natty,Natty,2026-05-12T12:59:15Z,1,39061.17,1754.0,1459.06,https://x.com/nationals/status/2053826667378852131?s=46,7ufmve7ZSFCzuNcKRunYrGtyb2Ka1MXzkWwf7jZhVsmL,0,1456,1277,179,295,371,3138744.0,window,60.0,368,194,8,9.876543,32.244815,22.368272,2128.86,2.0,12.0,1,4.9398530545491336e-08,1.3288552722217216e-07,1.1591146829681508e-07,1.5532381777991085e-07,3.0,3.1443,95.173,7,161,40,42,DtCJtwcoD6h3mS193e8Kf9Q2B1guBiHnMtLeAsMLVwGe,2.6834,DtCJtwcoD6h3mS193e8Kf9Q2B1guBiHnMtLeAsMLVwGe,2.6834
4dzXtEsnPDxGk1A7SsRtySwAmEKtT4wrn9o8STx4pump,Higher,Higher Hopes,2026-05-11T13:21:27Z,0,23410.18,919.0,2148.94,https://x.com/genyrational/status/2053827766529790132,7ufmve7ZSFCzuNcKRunYrGtyb2Ka1MXzkWwf7jZhVsmL,0,3677,3176,501,265,475,3223006.0,window,60.0,364,176,13,11.851852,38.312022,26.46017,2518.65,2.0,25.0,1,5.4413715542597076e-08,1.4686704671557984e-07,1.2764791722679937e-07,1.610658941023585e-07,0.0,2.96,95.187,16,146,42,43,EgQX9R3Qph1dPHE1Ysou1auSYqRGomCNmLDC28Yg77aq,3.6091,EgQX9R3Qph1dPHE1Ysou1auSYqRGomCNmLDC28Yg77aq,3.6091
9eVnh8jQ4tkGLj2ASC4D8Qw1Tei5ST7EzamGU6X3pump,tits,tits,2026-05-10T15:53:02Z,0,19692.7,1735.0,2057.37,https://x.com/genyrational/status/2053503511480918415,7ufmve7ZSFCzuNcKRunYrGtyb2Ka1MXzkWwf7jZhVsmL,0,3004,2765,239,318,376,3302874.0,window,60.0,443,203,7,9.876543,33.305002,23.428458,2214.25,8.0,15.0,1,4.9398530545491336e-08,1.4646774653199296e-07,1.1530145269152547e-07,1.5927580512979675e-07,8.0,3.2243,94.511,5,155,28,31,5brv79eFZ2rGprXNvqgVJBkBptkkw8GJX1XydJyZLyAr,6.7895,5brv79eFZ2rGprXNvqgVJBkBptkkw8GJX1XydJyZLyAr,6.7895
zes5tE3CShN8srHEuyxVcZ1reMKrXFW5gbRNaLypump,Win,Win,2026-05-09T13:14:32Z,1,52588.06,3033.0,1333.38,https://x.com/genyrational/status/2053101260069364012,7ufmve7ZSFCzuNcKRunYrGtyb2Ka1MXzkWwf7jZhVsmL,0,3824,3268,556,336,426,33743.0,window,60.0,493,238,9,9.876543,34.252478,24.375934,2275.93,2.0,14.0,1,4.9398530545491336e-08,1.563983826753429e-07,1.4406183286989607e-07,1.7616906119179389e-07,43.0,3.5663,93.368,7,156,53,61,5brv79eFZ2rGprXNvqgVJBkBptkkw8GJX1XydJyZLyAr,5.4858,5brv79eFZ2rGprXNvqgVJBkBptkkw8GJX1XydJyZLyAr,5.4858
7PfBNTnLC7tmCSW4cvibSsDbDzrx3mcRfFrRmuExpump,motion,motion,2026-05-08T23:36:08Z,1,75820.07,178408.0,1707.89,https://x.com/genyrational/status/2052895296213143939,7ufmve7ZSFCzuNcKRunYrGtyb2Ka1MXzkWwf7jZhVsmL,0,2874,2525,349,395,577,371214.0,window,60.0,523,220,8,9.876543,30.501477,20.624934,1894.2,2.0,13.0,1,4.9398530545491336e-08,1.0292285923866792e-07,1.3564665342718916e-07,1.8342144072648107e-07,19.0,3.7131,91.84,8,179,69,70,5brv79eFZ2rGprXNvqgVJBkBptkkw8GJX1XydJyZLyAr,4.4636,5brv79eFZ2rGprXNvqgVJBkBptkkw8GJX1XydJyZLyAr,4.4636
2rXsK5JneEyCX8BGuYa3GvjncvNVroqoVtgP8pmnpump,Rico,Rico The Porcupine,2026-05-08T11:53:44Z,1,37478.07,433.0,1319.94,https://x.com/genyrational/status/2052718529586098447,7ufmve7ZSFCzuNcKRunYrGtyb2Ka1MXzkWwf7jZhVsmL,0,1381,1162,219,225,285,3488621.0,window,60.0,331,171,9,9.876543,30.510628,20.634085,1829.11,2.0,16.0,1,4.9398530545491336e-08,1.2454541667602997e-07,1.3026654234952078e-07,1.6021898908213697e-07,43.0,3.2434,88.645,15,125,43,46,5brv79eFZ2rGprXNvqgVJBkBptkkw8GJX1XydJyZLyAr,2.0772,5brv79eFZ2rGprXNvqgVJBkBptkkw8GJX1XydJyZLyAr,2.0772
C7PyU8RGXy1MH7qx1jMS3Mua7siRr4ksBC3nMHaUpump,Lockdown,Lockdown,2026-05-07T19:22:04Z,0,21020.15,678.0,2072.42,https://x.com/genyrational/status/2052468979160248394,7ufmve7ZSFCzuNcKRunYrGtyb2Ka1MXzkWwf7jZhVsmL,0,6992,6700,292,302,387,7032053.0,window,60.0,480,218,10,12.345679,44.808965,32.463286,2868.45,3.0,17.0,1,5.5705390831323345e-08,1.532081065667154e-07,1.3614452259386652e-07,2.0872189742382604e-07,1.0,3.7469,88.36,7,172,33,35,EgQX9R3Qph1dPHE1Ysou1auSYqRGomCNmLDC28Yg77aq,8.5489,EgQX9R3Qph1dPHE1Ysou1auSYqRGomCNmLDC28Yg77aq,8.5489
4sVahM4U8js62mQV58ABSkNRhf6Ztc7Xs2LXUznNpump,Alveus,Alveus Sanctuary,2026-05-06T16:24:19Z,1,35920.22,5573.0,1349.71,https://x.com/genyrational/status/2052061851295355337,7ufmve7ZSFCzuNcKRunYrGtyb2Ka1MXzkWwf7jZhVsmL,0,2375,2079,296,284,362,4146166.0,window,60.0,393,195,8,9.876543,39.935669,30.059126,2670.54,2.0,22.0,1,4.9398530545491336e-08,1.3671611350153594e-07,1.0149969559147668e-07,2.494252663499068e-07,2.0,5.0492,88.843,13,161,27,29,5brv79eFZ2rGprXNvqgVJBkBptkkw8GJX1XydJyZLyAr,11.1708,5brv79eFZ2rGprXNvqgVJBkBptkkw8GJX1XydJyZLyAr,11.1708
C34Zcw52YyAsVcBfFhmaVpsGnHKEPZQHg2pqujdspump,Fox,#SaveAFox,2026-05-06T14:50:47Z,1,36629.85,11.0,1296.61,https://x.com/genyrational/status/2052038322604687578,7ufmve7ZSFCzuNcKRunYrGtyb2Ka1MXzkWwf7jZhVsmL,0,303,79,224,78,164,3800581.0,window,60.0,360,156,13,12.345679,53.941901,41.596222,3685.06,11.0,47.0,1,5.5705390831323345e-08,1.8054424498054873e-07,1.7035772710351517e-07,4.133655618573259e-07,11.0,7.4206,88.591,9,96,17,23,5brv79eFZ2rGprXNvqgVJBkBptkkw8GJX1XydJyZLyAr,27.4826,5brv79eFZ2rGprXNvqgVJBkBptkkw8GJX1XydJyZLyAr,27.4826
FjTjSzPtikyr7woRmtinZjejJhBKsdoJZhQZdeFRpump,Floyd,The Alcatraz Coyote,2026-05-06T10:58:58Z,1,382747.98,6533671.0,1340.93,https://x.com/genyrational/status/2051979542856679859,7ufmve7ZSFCzuNcKRunYrGtyb2Ka1MXzkWwf7jZhVsmL,0,1014,812,202,292,399,293.0,window,60.0,454,190,10,9.876543,43.682451,33.805908,3022.57,2.0,22.0,1,4.9398530545491336e-08,1.8229089566374933e-07,1.7771769684088318e-07,2.558295121634593e-07,0.0,5.1789,89.409,5,151,47,49,5brv79eFZ2rGprXNvqgVJBkBptkkw8GJX1XydJyZLyAr,12.8551,5brv79eFZ2rGprXNvqgVJBkBptkkw8GJX1XydJyZLyAr,12.8551
CCdYjtrXzLStqTNeBgBSkDuZ5iVjqPtsq7n2buLKpump,Molly,Molly,2026-05-05T16:30:34Z,1,43548.02,176.0,1324.63,https://x.com/genyrational/status/2051701054266368458,7ufmve7ZSFCzuNcKRunYrGtyb2Ka1MXzkWwf7jZhVsmL,0,1407,1047,360,372,479,13342.0,window,60.0,540,258,8,9.876543,43.531943,33.6554,2876.37,2.0,12.0,1,4.9398530545491336e-08,1.5988551369388525e-07,1.634691366700426e-07,2.4386543000142256e-07,1.0,4.9367,85.465,10,195,49,51,5brv79eFZ2rGprXNvqgVJBkBptkkw8GJX1XydJyZLyAr,12.1903,5brv79eFZ2rGprXNvqgVJBkBptkkw8GJX1XydJyZLyAr,12.1903
F9kE4sAvv2dx6faqb6qHoMYocPzWv9QRmuEASeHSpump,Beagles,#SaveTheBeagles,2026-05-04T19:28:07Z,1,185541.42,9712.0,2340.45,https://x.com/genyrational/status/2051383330768327064,7ufmve7ZSFCzuNcKRunYrGtyb2Ka1MXzkWwf7jZhVsmL,0,1735,1055,680,484,665,4307478.0,window,60.0,1206,454,7,6.91358,22.699804,15.786224,1332.7,2.0,14.0,1,4.233030153901732e-08,1.608423417892944e-07,3.054692021814974e-07,4.108801701357628e-07,52.0,9.7065,84.422,5,223,153,200,5brv79eFZ2rGprXNvqgVJBkBptkkw8GJX1XydJyZLyAr,6.3576,5brv79eFZ2rGprXNvqgVJBkBptkkw8GJX1XydJyZLyAr,6.3576
J42xMh4sAHLdrBjNTDgKNcPym5A83Ut3twc7L5rQpump,Freddy,turtlewifhat,2026-05-03T12:19:35Z,1,35502.66,2574.0,1305.15,https://x.com/genyrational/status/2050913099784294691,7ufmve7ZSFCzuNcKRunYrGtyb2Ka1MXzkWwf7jZhVsmL,0,1799,1579,220,335,402,2575.0,window,60.0,485,221,7,6.91358,23.394545,16.480965,1386.02,2.0,11.0,1,4.233030153901732e-08,1.3478481925491216e-07,9.716302417774666e-08,1.5729290031255266e-07,13.0,3.7158,84.098,14,175,36,39,5brv79eFZ2rGprXNvqgVJBkBptkkw8GJX1XydJyZLyAr,6.4232,5brv79eFZ2rGprXNvqgVJBkBptkkw8GJX1XydJyZLyAr,6.4232
54pRHAswCHhfytuqKfQ8gA6hyKYX2yroX9N1Q55hpump,Doodle,Grok Horse,2026-05-02T16:10:43Z,0,14006.99,2.0,2053.75,https://x.com/genyrational/status/2050608894573994286,7ufmve7ZSFCzuNcKRunYrGtyb2Ka1MXzkWwf7jZhVsmL,0,1546,1323,223,247,310,2173832.0,window,60.0,381,174,6,6.91358,24.798961,17.885381,1503.31,3.0,10.0,1,4.233030153901732e-08,1.3677277255150974e-07,9.881191508386209e-08,1.6664982300242584e-07,2.0,3.9369,84.053,10,136,30,33,5brv79eFZ2rGprXNvqgVJBkBptkkw8GJX1XydJyZLyAr,9.8981,5brv79eFZ2rGprXNvqgVJBkBptkkw8GJX1XydJyZLyAr,9.8981
F1xSSnfVPymRxzAgbTYMAVMW2rZt3aw8457T4qiRpump,Starmie,Mega Starmie,2026-05-01T17:50:48Z,0,19315.94,889.0,2055.04,https://x.com/genyrational/status/2050271690345664807,7ufmve7ZSFCzuNcKRunYrGtyb2Ka1MXzkWwf7jZhVsmL,0,1552,1366,186,260,319,504655.0,window,60.0,382,207,10,6.91358,21.615718,14.702138,1236.83,3.0,17.0,1,4.233030153901732e-08,1.2012390682500604e-07,9.314419549313132e-08,1.393290704865652e-07,13.0,3.2915,84.126,10,160,35,37,EgQX9R3Qph1dPHE1Ysou1auSYqRGomCNmLDC28Yg77aq,5.1142,EgQX9R3Qph1dPHE1Ysou1auSYqRGomCNmLDC28Yg77aq,5.1142
5zyAoo2t5VjzKPzkazMkYfkoovMwAxcGY8bB9y8Hpump,Chompy,RainbowChomperTheUnstoppable,2026-05-01T16:54:53Z,0,20280.99,53.0,2053.98,https://x.com/genyrational/status/2050257611174605230,7ufmve7ZSFCzuNcKRunYrGtyb2Ka1MXzkWwf7jZhVsmL,0,1068,923,145,260,336,87276.0,window,60.0,390,189,7,6.91358,25.416846,18.503265,1558.94,3.0,14.0,1,4.233030153901732e-08,1.3707275906866817e-07,1.321135560619598e-07,2.4064116958455964e-07,53.0,5.6848,84.252,10,156,56,59,EgQX9R3Qph1dPHE1Ysou1auSYqRGomCNmLDC28Yg77aq,8.3953,EgQX9R3Qph1dPHE1Ysou1auSYqRGomCNmLDC28Yg77aq,8.3953
89tHpU6nSR1BawzwhfxYLNwQKkZ6M7sidhpQDBRFpump,Chimera,PnutWifMoodengFwogAuraPythia,2026-04-30T14:49:40Z,1,37706.21,1620.0,1301.91,https://x.com/genyrational/status/2049863716057841888,7ufmve7ZSFCzuNcKRunYrGtyb2Ka1MXzkWwf7jZhVsmL,0,1749,1604,145,236,290,4168807.0,window,60.0,410,211,8,6.91358,28.915404,22.001824,1830.52,3.0,14.0,1,4.233030153901732e-08,1.4590164351733192e-07,1.2550823283909483e-07,2.010431255794421e-07,2.0,4.7494,83.199,8,148,33,36,CxQtmgayQDGrNZ3JwRFvA3AYGTiCWVtqmS9i4WLB1Ay7,8.0274,CxQtmgayQDGrNZ3JwRFvA3AYGTiCWVtqmS9i4WLB1Ay7,8.0274
9XzzR443dGXL1vCcsnPpJLYUfrd8upxExqtc4MxNpump,Wish,Make-A-Wish,2026-04-29T14:00:24Z,1,35387.87,602.0,1311.33,https://x.com/genyrational/status/2049488930681037244,7ufmve7ZSFCzuNcKRunYrGtyb2Ka1MXzkWwf7jZhVsmL,0,1653,1429,224,214,252,798.0,window,60.0,312,160,7,6.91358,24.166493,17.252913,1448.49,3.0,12.0,1,4.233030153901732e-08,1.228161154086151e-07,1.1744549868431008e-07,1.5936264868057265e-07,0.0,3.7647,83.956,5,115,38,40,5brv79eFZ2rGprXNvqgVJBkBptkkw8GJX1XydJyZLyAr,7.0738,5brv79eFZ2rGprXNvqgVJBkBptkkw8GJX1XydJyZLyAr,7.0738
99hKZwdnirySMKgsiM5obGiMuU5sSEpLoaB7GBZepump,TruthGPT,TruthGPT,2026-04-28T10:25:02Z,1,38343.77,4.0,1306.11,https://x.com/genyrational/status/2049072331293680007,7ufmve7ZSFCzuNcKRunYrGtyb2Ka1MXzkWwf7jZhVsmL,0,120,54,66,54,116,4925.0,window,60.0,415,157,8,9.876543,36.716464,26.839921,2246.57,7.0,42.0,1,4.9398530545491336e-08,6.424557617086263e-08,4.91477532428517e-08,4.5797411030311227e-07,4.0,9.271,83.703,17,116,21,25,7msLC8zCJ8CW3cLLYqx9c8Vgu8ofbwE2i2Zk9wet1F5F,5.4028,7msLC8zCJ8CW3cLLYqx9c8Vgu8ofbwE2i2Zk9wet1F5F,5.4028
2yNV1pfrZh7UoHKuvrFnA5ozpCzb3w3ojEuqGX6cpump,one,all it takes is one,2026-04-27T12:45:53Z,0,20371.01,182.0,2059.59,https://x.com/genyrational/status/2048745372571377804,7ufmve7ZSFCzuNcKRunYrGtyb2Ka1MXzkWwf7jZhVsmL,0,3090,2807,283,296,373,4257679.0,window,60.0,415,232,6,5.925926,27.297828,21.371902,1817.12,2.0,11.0,1,4.0095438133975145e-08,2.022255897962892e-07,1.8701790706361222e-07,2.081398898073877e-07,10.0,5.1911,85.024,19,176,41,44,5brv79eFZ2rGprXNvqgVJBkBptkkw8GJX1XydJyZLyAr,15.2855,5brv79eFZ2rGprXNvqgVJBkBptkkw8GJX1XydJyZLyAr,15.2855
DhKve396PYPUZTsLAuy8yKuupWRuh7aLpZ87CRypump,Trump,You Can't Stump the Trump,2026-04-26T17:57:49Z,1,35464.73,200.0,1309.91,https://x.com/genyrational/status/2048461494925353254,7ufmve7ZSFCzuNcKRunYrGtyb2Ka1MXzkWwf7jZhVsmL,0,1631,1379,252,300,374,418.0,window,60.0,534,279,6,5.925926,25.689779,19.763853,1711.01,2.0,10.0,1,4.0095438133975145e-08,1.592230479272195e-07,2.1174751134229464e-07,2.2165774118372129e-07,60.0,5.5283,86.573,16,182,50,63,74Lbi6WpMu7izeAh1YFsBiyoW74iEch76cFqJ17VgJJz,13.3771,74Lbi6WpMu7izeAh1YFsBiyoW74iEch76cFqJ17VgJJz,13.3771
5wqbNRtu5eEuGLP1houqRMZdMqq2bvHZuVtY1yLcpump,Conspiracist,Conspiracist,2026-04-26T11:58:18Z,1,162160.3,6254.0,1752.41,https://x.com/genyrational/status/2048371032126374277,7ufmve7ZSFCzuNcKRunYrGtyb2Ka1MXzkWwf7jZhVsmL,0,2306,2014,292,202,266,126177.0,window,60.0,323,174,5,5.925926,19.410995,13.485069,1167.06,3.0,12.0,1,4.0095438133975145e-08,1.1446746175063061e-07,1.0209631214008454e-07,1.45957912088987e-07,2.0,3.6403,86.545,11,126,22,24,5brv79eFZ2rGprXNvqgVJBkBptkkw8GJX1XydJyZLyAr,9.5364,5brv79eFZ2rGprXNvqgVJBkBptkkw8GJX1XydJyZLyAr,9.5364
HrYUhPVYPUD6JQTeVgTF9iHmyUx3Jajg7mjvEm7cpump,Degenerates,Degenerates,2026-04-24T17:27:43Z,1,35625.43,11316.0,1325.16,https://x.com/genyrational/status/2047729157535125589,7ufmve7ZSFCzuNcKRunYrGtyb2Ka1MXzkWwf7jZhVsmL,0,4590,3932,658,278,376,310997.0,window,60.0,416,182,7,5.925926,18.581671,12.655745,1093.85,4.0,14.0,1,4.0095438133975145e-08,9.265632849930238e-08,1.2398838701075018e-07,1.8483070000918027e-07,0.0,4.6098,86.431,22,138,25,31,5brv79eFZ2rGprXNvqgVJBkBptkkw8GJX1XydJyZLyAr,11.9035,5brv79eFZ2rGprXNvqgVJBkBptkkw8GJX1XydJyZLyAr,11.9035
6tzmDHEFBUomQLhbJo2HN6ckca9F9JdTPLPfG6vypump,777,Cult 777,2026-04-24T15:06:09Z,0,17449.48,1.0,2059.55,https://x.com/genyrational/status/2047693520203313537,7ufmve7ZSFCzuNcKRunYrGtyb2Ka1MXzkWwf7jZhVsmL,0,3147,2588,559,236,312,4229499.0,window,60.0,429,197,9,5.925926,28.42953,22.503604,1929.72,2.0,13.0,1,4.0095438133975145e-08,1.4838718491525764e-07,1.6598928375511826e-07,2.0329606988611307e-07,1.0,5.0703,85.752,19,131,28,36,Dc5JSJA5Ha51cD1w2PMx1SheNNQZorqMk6zuviJ7HK98,11.6068,Dc5JSJA5Ha51cD1w2PMx1SheNNQZorqMk6zuviJ7HK98,11.6068
EYCLUmraT2HU6h3YgEQins1CZ6BEQx4CyZA3v6azpump,Memestock,Memestock,2026-04-23T11:39:17Z,1,35303.46,1546.0,1325.3,https://x.com/genyrational/status/2047279074549153959,7ufmve7ZSFCzuNcKRunYrGtyb2Ka1MXzkWwf7jZhVsmL,0,3111,2664,447,322,408,3938.0,window,60.0,476,220,9,4.938272,22.640575,17.702303,1516.62,2.0,11.0,1,3.792118119415761e-08,1.3037343751053907e-07,1.6090429860611525e-07,2.053863079820191e-07,41.0,5.4161,85.673,17,170,56,64,EgQX9R3Qph1dPHE1Ysou1auSYqRGomCNmLDC28Yg77aq,11.8328,EgQX9R3Qph1dPHE1Ysou1auSYqRGomCNmLDC28Yg77aq,11.8328
8nhvgnjHte3G12rLRSugsb98JBstoYzK2Q9y2Da1pump,wait,all you had to do was,2026-04-22T12:06:20Z,0,23645.43,220.0,2106.97,https://x.com/genyrational/status/2046923493212582107,7ufmve7ZSFCzuNcKRunYrGtyb2Ka1MXzkWwf7jZhVsmL,0,4490,4185,305,320,382,6739752.0,window,60.0,551,269,7,5.925926,23.134087,17.208161,1519.25,3.0,13.0,1,4.0095438133975145e-08,1.3409472551417843e-07,1.746867530734661e-07,2.141069368908927e-07,35.0,5.3399,88.287,8,186,69,76,5brv79eFZ2rGprXNvqgVJBkBptkkw8GJX1XydJyZLyAr,10.5518,5brv79eFZ2rGprXNvqgVJBkBptkkw8GJX1XydJyZLyAr,10.5518
53RUohPnCrbRcVGjvfHHHUL4cmQX68yP8Ei6poepump,Duobao,Duobao,2026-04-21T10:55:16Z,1,35272.11,1001.0,1358.45,https://x.com/genyrational/status/2046543219031154905,7ufmve7ZSFCzuNcKRunYrGtyb2Ka1MXzkWwf7jZhVsmL,0,2925,2523,402,332,392,30479.0,window,60.0,516,234,7,5.432099,22.943618,17.511519,1511.1,2.0,12.0,1,3.9000733854812605e-08,1.6617774805014872e-07,1.4252462453644857e-07,2.1290009318227765e-07,31.0,5.4589,86.292,16,163,56,57,5brv79eFZ2rGprXNvqgVJBkBptkkw8GJX1XydJyZLyAr,8.9082,5brv79eFZ2rGprXNvqgVJBkBptkkw8GJX1XydJyZLyAr,8.9082
GBmrxrKcEhiSm5z8tnueycaCcqdPDrQzX8tXBhRApump,Human,The Average Human,2026-04-20T17:46:51Z,1,74753.98,382.0,1383.71,https://x.com/genyrational/status/2046284418520842530,7ufmve7ZSFCzuNcKRunYrGtyb2Ka1MXzkWwf7jZhVsmL,0,1634,1415,219,355,417,1401.0,window,60.0,579,245,5,5.432099,18.288811,12.856712,1103.39,2.0,9.0,1,3.9000733854812605e-08,1.2284242351690462e-07,2.1269144921408614e-07,2.2629461286104123e-07,32.0,5.8023,85.822,9,168,85,89,EgQX9R3Qph1dPHE1Ysou1auSYqRGomCNmLDC28Yg77aq,7.4824,EgQX9R3Qph1dPHE1Ysou1auSYqRGomCNmLDC28Yg77aq,7.4824
HtoNB93hCvc3HEmYb55XnEJhhF9PuhDKcb92L73Qpump,69420,hornyCoin,2026-04-20T10:54:05Z,1,174147.58,1766445.0,2466.86,https://x.com/genyrational/status/2046180530941464658,7ufmve7ZSFCzuNcKRunYrGtyb2Ka1MXzkWwf7jZhVsmL,0,3159,2871,288,278,360,1864379.0,window,60.0,425,173,7,6.617284,25.277968,18.660684,1585.54,2.0,11.0,1,4.165347883933861e-08,1.4498752369360822e-07,1.1213959333177902e-07,1.9116361123184334e-07,2.0,4.5894,84.967,10,131,30,34,5brv79eFZ2rGprXNvqgVJBkBptkkw8GJX1XydJyZLyAr,10.8292,5brv79eFZ2rGprXNvqgVJBkBptkkw8GJX1XydJyZLyAr,10.8292
CP1Y8TMA1FL4TWfFFuDsi3ncw1VkTYi2gGzuEXoCpump,Imagine,if we all held,2026-04-19T10:52:43Z,1,88822.83,8362.0,1572.11,https://x.com/genyrational/status/2045817806164295969,7ufmve7ZSFCzuNcKRunYrGtyb2Ka1MXzkWwf7jZhVsmL,0,5032,4622,410,232,283,7894.0,window,60.0,390,174,7,4.938272,20.85543,15.917159,1350.92,2.0,13.0,1,3.792118119415761e-08,1.4855067975851943e-07,1.4221546715306802e-07,1.9054764506556655e-07,6.0,5.0248,84.872,10,130,32,33,EgQX9R3Qph1dPHE1Ysou1auSYqRGomCNmLDC28Yg77aq,13.3834,EgQX9R3Qph1dPHE1Ysou1auSYqRGomCNmLDC28Yg77aq,13.3834
EZum81Bs7pECU7cttRDiJMwSieJJ9mZBjbbCc7Prpump,wawa,ワワ,2026-04-18T12:22:10Z,1,92752.96,14173.0,1613.07,https://x.com/genyrational/status/2045477926083219757,7ufmve7ZSFCzuNcKRunYrGtyb2Ka1MXzkWwf7jZhVsmL,0,4563,4001,562,271,358,242178.0,window,60.0,468,224,5,3.45679,11.908319,8.451529,733.38,2.0,11.0,1,3.477343290568807e-08,1.4960735462325268e-07,2.3815042422911262e-07,2.3828398940299975e-07,60.0,6.8525,86.775,12,142,61,69,E9A63aqLByYGHT1StvJxu9hESmKfFzTfJ8PfZrnN153e,7.5976,E9A63aqLByYGHT1StvJxu9hESmKfFzTfJ8PfZrnN153e,7.5976
5yWb5o2XT4J5dFCg3w6EZHxRAgYhyuj8H1RAEFeUpump,Hope,Hope,2026-04-17T17:08:25Z,1,155835.68,1418.0,1551.16,https://x.com/genyrational/status/2045187557579698227,7ufmve7ZSFCzuNcKRunYrGtyb2Ka1MXzkWwf7jZhVsmL,0,3658,2909,749,312,488,12983.0,window,60.0,539,221,4,3.45679,8.815705,5.358915,483.52,3.0,9.0,1,3.477343290568807e-08,9.875986594630717e-08,1.9852542168435384e-07,1.9894261211530917e-07,60.0,5.7211,90.227,15,136,70,83,5brv79eFZ2rGprXNvqgVJBkBptkkw8GJX1XydJyZLyAr,2.4943,5brv79eFZ2rGprXNvqgVJBkBptkkw8GJX1XydJyZLyAr,2.4943
8pa39xkpXTNdoAJWjX7bcanpkoExKtzvs1YZSGNDpump,Pluto,Make Pluto a Planet Again,2026-04-17T11:31:49Z,1,37025.22,751.0,1506.54,https://x.com/gennyrational/status/2045102874795880529,7ufmve7ZSFCzuNcKRunYrGtyb2Ka1MXzkWwf7jZhVsmL,0,2731,2237,494,235,295,1537.0,window,60.0,432,193,4,3.45679,9.856686,6.399896,564.01,2.0,7.0,1,3.477343290568807e-08,9.001396655895438e-08,1.5024063882080188e-07,1.9643918362601807e-07,31.0,5.6491,88.129,11,129,61,66,2CHrnc2LyagAbMaMFgthiDWh7ZZ9zT9TF8WEJf7MNE71,3.9676,2CHrnc2LyagAbMaMFgthiDWh7ZZ9zT9TF8WEJf7MNE71,3.9676
8LKbhVZWvSimMDnZ7eEZKpu54GsqjK45NQr7BKkUpump,Sandy,Sandy,2026-04-16T17:59:03Z,0,12047.07,134.0,2054.09,https://x.com/gennyrational/status/2044837931194429639,7ufmve7ZSFCzuNcKRunYrGtyb2Ka1MXzkWwf7jZhVsmL,0,645,533,112,117,149,66419.0,window,60.0,160,74,3,3.45679,6.745603,3.288813,284.55,2.0,5.0,1,3.477343290568807e-08,6.087409967760101e-08,5.486810526530447e-08,8.318465440597665e-08,0.0,2.3922,86.521,10,60,11,13,2TAiPNMP9krCV4G1XXcqSm9N6zQpY9gzZwSV8eE1vGgy,0.8498,2TAiPNMP9krCV4G1XXcqSm9N6zQpY9gzZwSV8eE1vGgy,0.8498
93Roq1wh5otHi725CtU1eZQ9FkkfunYA1dWUpVTzpump,Doggo,Wojak's Dog,2026-04-16T16:18:23Z,0,10453.33,1151.0,2069.88,https://x.com/gennyrational/status/2044812614149271716,7ufmve7ZSFCzuNcKRunYrGtyb2Ka1MXzkWwf7jZhVsmL,0,711,598,113,173,225,27185.0,window,60.0,242,110,4,3.45679,6.650634,3.193843,277.5,2.0,6.0,1,3.477343290568807e-08,6.054688071035004e-08,5.624418934666331e-08,8.259965231730188e-08,8.0,2.3754,86.887,6,99,38,39,9QbcuwBLEDXKgJLx6rJKMnYfeXmTovBPzUmkAu9s4a19,1.9353,9QbcuwBLEDXKgJLx6rJKMnYfeXmTovBPzUmkAu9s4a19,1.9353
bWBhZwLW5z8XruKvkRWTgRHDsdoym3jY79M3NLSpump,Mogger,The Mogger,2026-04-16T13:26:31Z,1,36086.78,1085.0,1306.36,https://x.com/gennyrational/status/2044769345826369903,7ufmve7ZSFCzuNcKRunYrGtyb2Ka1MXzkWwf7jZhVsmL,0,1828,1495,333,182,222,43972.0,window,60.0,356,164,3,3.45679,6.371938,2.915148,251.01,2.0,6.0,1,3.477343290568807e-08,5.73380398786551e-08,1.083668050997741e-07,1.0916688591329838e-07,55.0,3.1394,86.105,16,100,42,51,Atgx1JXsp8pTQ9Qsi74wF5pLMVwHwyQc6jJCu84evN7c,1.5678,Atgx1JXsp8pTQ9Qsi74wF5pLMVwHwyQc6jJCu84evN7c,1.5678
5fLDAQA9r4e9WKRSt2PVUZF6hDpg3AicBz745uaYpump,AXM,Axiome,2026-04-16T12:58:46Z,0,7044.06,8.0,2053.97,https://x.com/gennyrational/status/2044762354966233304,7ufmve7ZSFCzuNcKRunYrGtyb2Ka1MXzkWwf7jZhVsmL,0,406,321,85,152,207,979333.0,window,60.0,197,93,3,3.45679,5.989956,2.533166,216.3,2.0,5.0,1,3.477343290568807e-08,4.7612035977897504e-08,5.2445805621969536e-08,8.249694784199545e-08,8.0,2.3724,85.386,15,71,26,32,2CHrnc2LyagAbMaMFgthiDWh7ZZ9zT9TF8WEJf7MNE71,0.9636,2CHrnc2LyagAbMaMFgthiDWh7ZZ9zT9TF8WEJf7MNE71,0.9636
GstDQF9XdDK79NRBNcCXCQLceHwoEJqJUXsRXLkHpump,DiCatprio,Leonardo DiCatprio,2026-04-15T18:15:56Z,0,10392.58,120.0,2053.97,https://x.com/onlybonds/status/2044479769236906074,7ufmve7ZSFCzuNcKRunYrGtyb2Ka1MXzkWwf7jZhVsmL,0,325,270,55,115,145,42764.0,window,60.0,171,79,3,3.45679,6.596298,3.139508,266.85,4.0,8.0,1,3.477343290568807e-08,7.151415090905041e-08,4.9794587133064245e-08,8.102397827949246e-08,0.0,2.3301,84.997,14,58,22,24,68mHfcA12ujLryWmKUvp3RLTqd1LhniVmjFCNwAiiFDS,1.233,68mHfcA12ujLryWmKUvp3RLTqd1LhniVmjFCNwAiiFDS,1.233
B9HjCLSVvnLssdrMwQJriwQKn254LPeEAB4rXyyYpump,SMARTMONEY,Smart Money,2026-04-15T14:54:57Z,0,10286.39,1732.0,2060.47,https://x.com/onlybonds/status/2044429206168219739,7ufmve7ZSFCzuNcKRunYrGtyb2Ka1MXzkWwf7jZhVsmL,0,592,497,95,101,126,89483.0,window,60.0,138,75,3,3.45679,7.793227,4.336437,365.76,3.0,7.0,1,3.477343290568807e-08,5.97840941684105e-08,5.10433426574928e-08,8.736980277653572e-08,1.0,2.5125,84.345,9,64,13,15,9QbcuwBLEDXKgJLx6rJKMnYfeXmTovBPzUmkAu9s4a19,1.1029,9QbcuwBLEDXKgJLx6rJKMnYfeXmTovBPzUmkAu9s4a19,1.1029
66DAtgTnevAD8JTmnNqFNG5qDYztHLpyCSpy5hYRpump,ANI,AnimeCoin,2026-04-15T12:07:15Z,0,12760.53,695.0,2054.69,https://x.com/onlybonds/status/2044386985909850282,7ufmve7ZSFCzuNcKRunYrGtyb2Ka1MXzkWwf7jZhVsmL,0,2420,1896,524,147,183,2712653.0,window,60.0,216,129,4,3.45679,8.912022,5.455232,455.54,3.0,8.0,1,3.477343290568807e-08,1.0701560866937086e-07,1.2113833366697068e-07,1.5009015393222912e-07,34.0,4.3162,83.504,5,97,40,42,EgQX9R3Qph1dPHE1Ysou1auSYqRGomCNmLDC28Yg77aq,3.5348,EgQX9R3Qph1dPHE1Ysou1auSYqRGomCNmLDC28Yg77aq,3.5348
CDEzCk9WKW1B5xQChVWLxGsv5cfY4SzLwBTJ6UyHpump,symphony,i just want to be part of your,2026-04-14T14:31:25Z,0,10097.42,747.0,2061.21,https://x.com/makingrunners/status/2044060913875968491,7ufmve7ZSFCzuNcKRunYrGtyb2Ka1MXzkWwf7jZhVsmL,0,1102,928,174,196,244,1052766.0,window,60.0,299,132,3,3.45679,9.48592,6.02913,527.46,2.0,6.0,1,3.477343290568807e-08,9.979648177692962e-08,5.368845871083298e-08,9.979648177692962e-08,6.0,2.8699,87.486,7,93,19,23,5brv79eFZ2rGprXNvqgVJBkBptkkw8GJX1XydJyZLyAr,2.6512,5brv79eFZ2rGprXNvqgVJBkBptkkw8GJX1XydJyZLyAr,2.6512
EBsrdQw5h99NmCHiKjvmTPxgs2MiKNLZfQBwsS5ipump,Hugo,The Pygmy Hippo,2026-04-14T11:24:09Z,0,10573.82,16.0,2060.0,https://x.com/makingrunners/status/2044013765218193420,7ufmve7ZSFCzuNcKRunYrGtyb2Ka1MXzkWwf7jZhVsmL,0,1059,897,162,202,237,3288925.0,window,60.0,283,139,3,3.45679,9.120566,5.663776,486.45,2.0,6.0,1,3.477343290568807e-08,8.321023613289441e-08,6.982621890823526e-08,1.230802930040948e-07,16.0,3.5395,85.888,13,109,31,34,EgQX9R3Qph1dPHE1Ysou1auSYqRGomCNmLDC28Yg77aq,3.7988,EgQX9R3Qph1dPHE1Ysou1auSYqRGomCNmLDC28Yg77aq,3.7988
DVGdeq5XUJ7B4Ac88rLQqeZNxtWT8yiYVrWQcjZVpump,Guion,Guion,2026-04-13T15:45:47Z,0,11491.52,33600.0,2122.27,https://x.com/makingrunners/status/2043717248515215858,7ufmve7ZSFCzuNcKRunYrGtyb2Ka1MXzkWwf7jZhVsmL,0,1823,1487,336,125,186,9071327.0,window,60.0,198,113,3,3.45679,7.517596,4.060805,335.12,3.0,10.0,1,3.477343290568807e-08,5.9063428927831336e-08,6.630419025825853e-08,1.0002593483604285e-07,3.0,2.8765,82.526,7,77,20,30,5brv79eFZ2rGprXNvqgVJBkBptkkw8GJX1XydJyZLyAr,2.6548,5brv79eFZ2rGprXNvqgVJBkBptkkw8GJX1XydJyZLyAr,2.6548
FEXVgCcWLQrddiMP57Z6KL8Yoxn7uzG3vYSox5vEpump,Momota,モモ太,2026-04-13T12:27:08Z,0,12900.62,371.0,2059.52,https://x.com/makingrunners/status/2043667250473799852,7ufmve7ZSFCzuNcKRunYrGtyb2Ka1MXzkWwf7jZhVsmL,0,2230,1900,330,283,392,5316466.0,window,60.0,441,187,4,3.45679,10.837676,7.380886,604.97,3.0,8.0,1,3.477343290568807e-08,1.2689470352122925e-07,8.455347783903596e-08,1.4813006246234171e-07,8.0,4.2599,81.965,18,143,41,43,EgQX9R3Qph1dPHE1Ysou1auSYqRGomCNmLDC28Yg77aq,5.1727,EgQX9R3Qph1dPHE1Ysou1auSYqRGomCNmLDC28Yg77aq,5.1727
8gbB1eAuHhjjJbeHKH7Gy84WMpjZsuu2Z1pzvz41pump,Sol,ソル,2026-04-12T11:03:44Z,0,25172.93,574.0,2077.8,https://x.com/hubzify/status/2043283873602142469,7ufmve7ZSFCzuNcKRunYrGtyb2Ka1MXzkWwf7jZhVsmL,0,5175,4248,927,195,245,1227690.0,window,60.0,365,178,4,3.45679,10.593451,7.136661,585.34,3.0,14.0,1,3.477343290568807e-08,9.243692012364407e-08,7.615963227048564e-08,1.146730045812707e-07,40.0,3.2977,82.018,5,112,28,31,5brv79eFZ2rGprXNvqgVJBkBptkkw8GJX1XydJyZLyAr,4.8461,5brv79eFZ2rGprXNvqgVJBkBptkkw8GJX1XydJyZLyAr,4.8461
yLT7rHdaNkfnqfg5pxXxCTrx1Rsnagod16DnpKBpump,Nilly,Nilly,2026-04-11T16:30:34Z,1,88334.3,3758.0,1337.6,https://x.com/runnerspawner/status/2043003735295623423,7ufmve7ZSFCzuNcKRunYrGtyb2Ka1MXzkWwf7jZhVsmL,0,3417,2875,542,245,351,2694.0,window,60.0,389,180,3,3.45679,8.301471,4.844681,410.55,2.0,8.0,1,3.477343290568807e-08,6.908622857374009e-08,1.0041421513845012e-07,2.2430696042434742e-07,19.0,6.4505,84.742,9,133,49,49,GoYiMg4YiiEHWyN8W32wgDftB7p9bpKWVrTTq4TD7kRC,3.9916,GoYiMg4YiiEHWyN8W32wgDftB7p9bpKWVrTTq4TD7kRC,3.9916
EJV1Nrap3oRZZ9baDFrcnnmMKb83bnqLsfyDkq4dpump,Zuko,The Rare Ocelot,2026-04-11T12:13:52Z,0,11665.96,2.0,2057.31,https://x.com/runnerspawner/status/2042939117198012799,7ufmve7ZSFCzuNcKRunYrGtyb2Ka1MXzkWwf7jZhVsmL,0,2276,1895,381,224,303,4496008.0,window,60.0,351,171,3,3.45679,9.465137,6.008347,505.96,3.0,7.0,1,3.477343290568807e-08,7.922208978984127e-08,8.9855283550337e-08,1.385481221562421e-07,2.0,3.9843,84.21,13,127,35,41,5brv79eFZ2rGprXNvqgVJBkBptkkw8GJX1XydJyZLyAr,3.6784,5brv79eFZ2rGprXNvqgVJBkBptkkw8GJX1XydJyZLyAr,3.6784
CK2KZAcfDfU3taZVoLMJoPMLRLMC62qKePiywMRzpump,Popo-Chan,ポポちゃん,2026-04-11T10:30:17Z,0,10616.73,2.0,2190.63,https://x.com/runnerspawner/status/2042913040782233828,7ufmve7ZSFCzuNcKRunYrGtyb2Ka1MXzkWwf7jZhVsmL,0,2463,2168,295,160,218,8260280.0,window,60.0,254,104,5,3.45679,11.943167,8.486377,715.29,3.0,8.0,1,3.477343290568807e-08,1.0551994568734148e-07,6.154507803950184e-08,1.259645813175869e-07,2.0,3.6224,84.287,5,90,18,20,GK2AvuGrQSt6KDV3LLNsi3Sckhe5BPNERZxxEyj4G6eB,4.0918,GK2AvuGrQSt6KDV3LLNsi3Sckhe5BPNERZxxEyj4G6eB,4.0918
2n16wWMsnEVHbE2WV9o66z3E4QfhSjcRg7rsTmYkpump,Rina ,Rina The Tiger,2026-04-10T13:26:11Z,0,10357.57,2.0,2086.13,https://x.com/runnerspawner/status/2042594945345749184,7ufmve7ZSFCzuNcKRunYrGtyb2Ka1MXzkWwf7jZhVsmL,0,1870,1601,269,180,236,2792810.0,window,60.0,356,131,4,3.950617,10.069657,6.11904,514.92,3.0,9.0,1,3.5807530719564674e-08,9.149629184975048e-08,6.591717507834734e-08,1.230835513514336e-07,2.0,3.4374,84.151,11,100,21,22,GoYiMg4YiiEHWyN8W32wgDftB7p9bpKWVrTTq4TD7kRC,4.5964,GoYiMg4YiiEHWyN8W32wgDftB7p9bpKWVrTTq4TD7kRC,4.5964
C2F7zkyVymJUpGNvC5RzaJdTESQQ62Ai3AXZ5Cvipump,Abrams,The Alpha,2026-04-10T10:12:38Z,0,20701.76,4271.0,2099.11,https://x.com/runnerspawner/status/2042546234200641658,7ufmve7ZSFCzuNcKRunYrGtyb2Ka1MXzkWwf7jZhVsmL,0,4843,4295,548,252,313,8397843.0,window,60.0,344,152,2,3.950617,10.226041,6.275424,524.09,5.0,7.0,1,3.5807530719564674e-08,1.1245484963239797e-07,9.414469337072123e-08,1.4833135194922386e-07,11.0,4.1425,83.515,12,114,46,46,5brv79eFZ2rGprXNvqgVJBkBptkkw8GJX1XydJyZLyAr,5.1975,5brv79eFZ2rGprXNvqgVJBkBptkkw8GJX1XydJyZLyAr,5.1975
2CQ8xNWn7Y8r47V8omECuaYRUrYWyZtiDozckwPZpump,iGen,Generation I,2026-04-09T17:44:21Z,0,10744.67,6.0,2054.51,https://x.com/runnerspawner/status/2042297529123938356,7ufmve7ZSFCzuNcKRunYrGtyb2Ka1MXzkWwf7jZhVsmL,0,982,726,256,223,328,1409.0,window,60.0,363,179,3,3.45679,10.874387,7.417596,626.58,3.0,11.0,1,3.477343290568807e-08,9.780448597844016e-08,5.990929203430704e-08,1.2728331383022245e-07,6.0,3.6604,84.472,5,133,27,33,GoYiMg4YiiEHWyN8W32wgDftB7p9bpKWVrTTq4TD7kRC,6.9502,GoYiMg4YiiEHWyN8W32wgDftB7p9bpKWVrTTq4TD7kRC,6.9502
DZMYRLGqRUuX5hhXbyDY2MmZdb2w6N6XqyTs4XRJpump,3,Khing Kong Kaew,2026-04-09T13:43:21Z,1,35471.2,1854.0,1358.6,https://x.com/runnerspawner/status/2042236890313588780,7ufmve7ZSFCzuNcKRunYrGtyb2Ka1MXzkWwf7jZhVsmL,0,3033,2512,521,300,413,431380.0,window,60.0,413,174,4,3.45679,12.341307,8.884517,729.01,4.0,9.0,1,3.477343290568807e-08,1.1513282170848421e-07,1.1494299903902425e-07,1.6231360728267468e-07,20.0,4.6677,82.054,10,143,49,54,GoYiMg4YiiEHWyN8W32wgDftB7p9bpKWVrTTq4TD7kRC,7.9248,GoYiMg4YiiEHWyN8W32wgDftB7p9bpKWVrTTq4TD7kRC,7.9248
gSb2Tro1ZEizNVk9Zc6juATs3FGZRZUUySF7Xekpump,Dino,McDino,2026-04-09T10:32:27Z,0,11568.6,246.0,2159.48,https://x.com/runnerspawner/status/2042188811547926811,7ufmve7ZSFCzuNcKRunYrGtyb2Ka1MXzkWwf7jZhVsmL,0,1797,1536,261,140,194,1094173.0,window,60.0,247,117,3,3.45679,8.921238,5.464448,450.76,2.0,6.0,1,3.477343290568807e-08,9.738784024475945e-08,5.5425266837027424e-08,9.738784024475945e-08,6.0,2.8006,82.489,12,80,17,17,5brv79eFZ2rGprXNvqgVJBkBptkkw8GJX1XydJyZLyAr,2.3844,5brv79eFZ2rGprXNvqgVJBkBptkkw8GJX1XydJyZLyAr,2.3844
EsWMxxgrtZCk2wy5bJK18VKUTV4hDDSNuhV7FLxopump,aliens,if aliens visit us,2026-04-08T18:38:46Z,0,10663.73,131.0,2054.66,https://x.com/runnerspawner/status/2041948821375348740,7ufmve7ZSFCzuNcKRunYrGtyb2Ka1MXzkWwf7jZhVsmL,0,2320,2118,202,221,292,36584.0,window,60.0,356,180,3,3.45679,9.468425,6.011635,501.11,2.0,6.0,1,3.477343290568807e-08,8.049583536069637e-08,6.982067796590147e-08,1.1281744522258916e-07,2.0,3.2444,83.357,14,124,22,26,5brv79eFZ2rGprXNvqgVJBkBptkkw8GJX1XydJyZLyAr,6.5505,5brv79eFZ2rGprXNvqgVJBkBptkkw8GJX1XydJyZLyAr,6.5505
4k9H1Xsy54cGzX7Z9TbvG1pRT4Guz7yFE2Pwc9Lnpump,Pulsar,Flag Of Earth,2026-04-08T14:25:23Z,0,30277.55,268.0,2075.1,https://x.com/runnerspawner/status/2041885066079428992,7ufmve7ZSFCzuNcKRunYrGtyb2Ka1MXzkWwf7jZhVsmL,0,4337,3595,742,297,378,4215300.0,window,60.0,460,211,3,3.45679,8.841239,5.384448,449.97,4.0,8.0,1,3.477343290568807e-08,9.661658114945138e-08,1.7684567424893412e-07,1.93844482679617e-07,46.0,5.5745,83.568,11,157,82,84,GoAT1C5MgqKWUanJRFQxzk1rJMshwsPFzucVNQ3c6GYx,7.2125,GoAT1C5MgqKWUanJRFQxzk1rJMshwsPFzucVNQ3c6GYx,7.2125
8rfrBMHtQ6X6kVN79KfiFuohggrxh98nVdKhrne8pump,Crank,Crank It,2026-04-08T14:07:05Z,0,10386.97,325.0,2053.97,https://x.com/runnerspawner/status/2041880464764395521,7ufmve7ZSFCzuNcKRunYrGtyb2Ka1MXzkWwf7jZhVsmL,0,936,680,256,211,316,7061.0,window,60.0,309,168,3,3.45679,9.775895,6.319105,530.32,3.0,7.0,1,3.477343290568807e-08,8.452854262611527e-08,7.586187930466614e-08,1.1382776847066517e-07,8.0,3.2734,83.924,10,126,24,27,EgQX9R3Qph1dPHE1Ysou1auSYqRGomCNmLDC28Yg77aq,7.3298,EgQX9R3Qph1dPHE1Ysou1auSYqRGomCNmLDC28Yg77aq,7.3298
Af5AjoF6QGf42RAzxLasYLUJr5uCmfFDRnqVcbtfpump,Brandy,Brandy,2026-04-08T10:03:38Z,0,13812.26,4.0,2059.49,https://x.com/runnerspawner/status/2041819218052596157,7ufmve7ZSFCzuNcKRunYrGtyb2Ka1MXzkWwf7jZhVsmL,0,2249,1844,405,347,470,6885476.0,window,60.0,467,176,4,3.950617,14.446924,10.496307,888.8,2.0,7.0,1,3.5807530719564674e-08,1.0952093298814667e-07,1.0425476885759395e-07,1.6311611739669768e-07,4.0,4.5554,84.677,3,144,46,46,GoAT1C5MgqKWUanJRFQxzk1rJMshwsPFzucVNQ3c6GYx,10.4971,GoAT1C5MgqKWUanJRFQxzk1rJMshwsPFzucVNQ3c6GYx,10.4971
J7MxvqPyDMxL3bNWhLw4KUHN7Gnc7a213JG3Lz8Cpump,nothing,nothing ever happens,2026-04-07T15:59:03Z,1,112726.07,24148.0,1503.91,https://x.com/runnerspawner/status/2041546269202448820,7ufmve7ZSFCzuNcKRunYrGtyb2Ka1MXzkWwf7jZhVsmL,0,5501,3991,1510,297,429,99480.0,window,60.0,449,199,3,3.45679,8.438563,4.981773,392.67,2.0,5.0,1,3.477343290568807e-08,1.12088879662718e-07,1.6698934675011546e-07,2.1514328833236858e-07,46.0,6.187,78.822,11,146,75,86,GoAT1C5MgqKWUanJRFQxzk1rJMshwsPFzucVNQ3c6GYx,6.2347,GoAT1C5MgqKWUanJRFQxzk1rJMshwsPFzucVNQ3c6GYx,6.2347
13JbNUE6PUmkhda8YyfMaHqUnYYYvtq1Tgp9SJjepump,civilization,a whole civilization will die,2026-04-07T13:27:14Z,0,10361.69,5.0,2054.97,https://x.com/runnerspawner/status/2041508052168216703,7ufmve7ZSFCzuNcKRunYrGtyb2Ka1MXzkWwf7jZhVsmL,0,1319,961,358,228,299,496062.0,window,60.0,385,172,3,3.45679,12.67918,9.22239,727.79,2.0,5.0,1,3.477343290568807e-08,1.2195370286490281e-07,5.956100088771489e-08,1.312970682482651e-07,5.0,3.7758,78.915,8,120,21,24,Bs24o52sJ7krii8zcv3NEjNmm6B68ZQhUxxjmJErownt,6.8902,Bs24o52sJ7krii8zcv3NEjNmm6B68ZQhUxxjmJErownt,6.8902
GFK1VMaoR6WMaU71j9Hypv8zn5CvsVQc7WXrqmhVpump,Crinkle,The DNA Monkey,2026-04-07T10:06:09Z,1,110525.36,3061.0,1423.45,https://x.com/runnerspawner/status/2041457421864796487,7ufmve7ZSFCzuNcKRunYrGtyb2Ka1MXzkWwf7jZhVsmL,0,1362,950,412,228,363,2087.0,window,60.0,331,140,4,3.45679,9.471245,6.014454,482.21,3.0,8.0,1,3.477343290568807e-08,1.0258942608626831e-07,1.603293196466093e-07,1.9517194289619754e-07,40.0,5.6127,80.174,3,108,54,58,EgQX9R3Qph1dPHE1Ysou1auSYqRGomCNmLDC28Yg77aq,5.907,EgQX9R3Qph1dPHE1Ysou1auSYqRGomCNmLDC28Yg77aq,5.907
EsPnd3XRuNLmWJvGHEjb3Mg9wdDSMhEoTzFErXmypump,win,"if i play, i play to win",2026-04-06T16:20:32Z,0,10326.72,7.0,2054.39,https://x.com/spawningrunners/status/2041189263954387017,7ufmve7ZSFCzuNcKRunYrGtyb2Ka1MXzkWwf7jZhVsmL,0,865,654,211,269,389,3305845.0,window,60.0,395,185,3,3.45679,11.07379,7.617,625.22,3.0,6.0,1,3.477343290568807e-08,8.459261111914113e-08,6.839348718665079e-08,1.2579749744300575e-07,7.0,3.6176,82.082,15,149,38,40,5brv79eFZ2rGprXNvqgVJBkBptkkw8GJX1XydJyZLyAr,7.2259,5brv79eFZ2rGprXNvqgVJBkBptkkw8GJX1XydJyZLyAr,7.2259
2ygGLkiJv7f8vaKKx5ZA8giXcG4YaQR6AyZP1nWjpump,Manchas,The Judgemental Dog,2026-04-06T13:43:59Z,0,22827.91,456.0,2060.47,https://x.com/spawningrunners/status/2041149874352038248,7ufmve7ZSFCzuNcKRunYrGtyb2Ka1MXzkWwf7jZhVsmL,0,2901,2344,557,242,369,1230137.0,window,60.0,387,195,2,3.45679,7.828259,4.371469,360.27,8.0,10.0,1,3.477343290568807e-08,9.157917194465949e-08,1.4382921119706598e-07,1.6641975009760408e-07,30.0,4.7858,82.414,11,138,73,84,EgQX9R3Qph1dPHE1Ysou1auSYqRGomCNmLDC28Yg77aq,3.7756,EgQX9R3Qph1dPHE1Ysou1auSYqRGomCNmLDC28Yg77aq,3.7756
6v2KUBmf1JtbRz4aawmNBJrQpnWtwQBjyrSQNDbkpump,Herd,The Herd Theory,2026-04-06T12:55:12Z,0,10474.27,185.0,2055.13,https://x.com/spawningrunners/status/2041137593253777843,7ufmve7ZSFCzuNcKRunYrGtyb2Ka1MXzkWwf7jZhVsmL,0,879,663,216,183,284,7895036.0,window,60.0,258,114,3,3.45679,8.548209,5.091419,419.13,2.0,6.0,1,3.477343290568807e-08,8.669607965066478e-08,5.15516206120372e-08,9.62802804532163e-08,6.0,2.7688,82.321,9,97,22,23,8EBQeFKNhuEQsDwH9LUUeZDMqQyAMgitH9n791Uz7K24,1.5995,8EBQeFKNhuEQsDwH9LUUeZDMqQyAMgitH9n791Uz7K24,1.5995
21oNMqonBPR2UFkShvQFpoLnHmaesnC8vRbz5fd3pump,feels,how it feels,2026-04-06T11:55:04Z,0,15199.38,1098.0,2056.34,https://x.com/spawningrunners/status/2041122452487455217,7ufmve7ZSFCzuNcKRunYrGtyb2Ka1MXzkWwf7jZhVsmL,0,3487,3019,468,209,272,392618.0,window,60.0,301,168,3,3.45679,10.231717,6.774927,558.35,2.0,6.0,1,3.477343290568807e-08,1.1864407512981763e-07,1.0130927152706202e-07,1.2231460610740226e-07,7.0,3.5175,82.414,3,127,24,26,5brv79eFZ2rGprXNvqgVJBkBptkkw8GJX1XydJyZLyAr,6.2501,5brv79eFZ2rGprXNvqgVJBkBptkkw8GJX1XydJyZLyAr,6.2501
HeerBN2kj3WT2zwp3w5onXNaq1EKn8jJD9DisS2ypump,Muchamaru,ムチャマル,2026-04-06T10:12:01Z,0,19391.57,204.0,2065.36,https://x.com/spawningrunners/status/2041096514211061797,7ufmve7ZSFCzuNcKRunYrGtyb2Ka1MXzkWwf7jZhVsmL,0,4620,3880,740,286,400,8220411.0,window,60.0,442,213,3,3.45679,11.875582,8.418792,695.74,2.0,6.0,1,3.477343290568807e-08,9.538792138512264e-08,1.5644275973508073e-07,1.7906189729336302e-07,27.0,5.1494,82.642,6,161,58,66,5brv79eFZ2rGprXNvqgVJBkBptkkw8GJX1XydJyZLyAr,9.3596,5brv79eFZ2rGprXNvqgVJBkBptkkw8GJX1XydJyZLyAr,9.3596
3gp8fDUxsLgL1R9kJZQzHMJHkJuVoy7e4w1JNqa9pump,retarded,what being retarded feels like,2026-04-04T19:45:18Z,1,79525.38,5170.0,1411.25,https://x.com/spawningrunners/status/2040516033925001481,7ufmve7ZSFCzuNcKRunYrGtyb2Ka1MXzkWwf7jZhVsmL,0,4131,3148,983,267,415,372668.0,window,60.0,410,216,3,3.45679,9.292588,5.835798,471.57,2.0,6.0,1,3.477343290568807e-08,1.0091716944811609e-07,1.2538278512100638e-07,1.5774202010835153e-07,11.0,4.5363,80.806,3,152,49,57,EgQX9R3Qph1dPHE1Ysou1auSYqRGomCNmLDC28Yg77aq,6.9636,EgQX9R3Qph1dPHE1Ysou1auSYqRGomCNmLDC28Yg77aq,6.9636
nZRKxe1voadnWr6cyb7WJEgbbX9UhfGoTGCPp5Apump,Xana,The Twitch Cat,2026-04-04T15:13:30Z,0,29123.44,1007.0,2074.38,https://x.com/spawningrunners/status/2040447614785606041,7ufmve7ZSFCzuNcKRunYrGtyb2Ka1MXzkWwf7jZhVsmL,0,10365,7158,3207,267,342,8312444.0,window,60.0,517,199,3,3.45679,9.795383,6.338593,514.54,3.0,6.0,1,3.477343290568807e-08,1.077861482597248e-07,1.2257663878960852e-07,1.381009124584163e-07,35.0,3.9714,81.175,3,113,47,56,GoAT1C5MgqKWUanJRFQxzk1rJMshwsPFzucVNQ3c6GYx,3.5345,GoAT1C5MgqKWUanJRFQxzk1rJMshwsPFzucVNQ3c6GYx,3.5345
HPH2DXvDTTwZbUC84pWEj8fw7KJKEYMDz1Y8waaSpump,Defeat,All defeat is psychological,2026-04-04T12:23:49Z,1,52281.1,1953.0,1349.64,https://x.com/spawningrunners/status/2040404921200103760,7ufmve7ZSFCzuNcKRunYrGtyb2Ka1MXzkWwf7jZhVsmL,0,2133,1476,657,109,197,1112.0,window,60.0,179,102,3,3.45679,7.7189,4.262109,341.82,2.0,5.0,1,3.477343290568807e-08,7.819502540684564e-08,8.617928128971671e-08,1.099934794652332e-07,57.0,3.1631,80.2,5,71,35,41,2CHrnc2LyagAbMaMFgthiDWh7ZZ9zT9TF8WEJf7MNE71,1.2043,2CHrnc2LyagAbMaMFgthiDWh7ZZ9zT9TF8WEJf7MNE71,1.2043
95wWSUYGiKki4p31qRMJgHFFVdofhtbgiAj3yeWppump,Survive,Only the strongest survive,2026-04-04T10:40:57Z,0,10429.33,294.0,2054.77,https://x.com/spawningrunners/status/2040379033725063641,7ufmve7ZSFCzuNcKRunYrGtyb2Ka1MXzkWwf7jZhVsmL,0,705,431,274,126,246,23929.0,window,60.0,179,88,3,3.45679,6.519509,3.062719,245.58,2.0,5.0,1,3.477343290568807e-08,5.2577640088082255e-08,4.275684569976586e-08,7.502819281372111e-08,1.0,2.1576,80.184,7,64,19,23,EgQX9R3Qph1dPHE1Ysou1auSYqRGomCNmLDC28Yg77aq,1.0385,EgQX9R3Qph1dPHE1Ysou1auSYqRGomCNmLDC28Yg77aq,1.0385
vMT2RxoVKGoS5NHRSE3VYdneAojGiQ73M8nysvgpump,Faithful,Tobit’s Dog,2026-04-04T10:08:30Z,0,13326.5,141.0,2057.5,https://x.com/spawningrunners/status/2040370867637493890,7ufmve7ZSFCzuNcKRunYrGtyb2Ka1MXzkWwf7jZhVsmL,0,1738,1163,575,134,194,3123316.0,window,60.0,219,123,3,3.45679,8.385008,4.928218,394.55,2.0,5.0,1,3.477343290568807e-08,6.371992768854635e-08,1.3395265112624734e-07,1.4045751229752175e-07,59.0,4.0392,80.059,3,80,27,30,5brv79eFZ2rGprXNvqgVJBkBptkkw8GJX1XydJyZLyAr,4.9901,5brv79eFZ2rGprXNvqgVJBkBptkkw8GJX1XydJyZLyAr,4.9901
GJtKNh6TNrxyXXYPpMrYeRDGELQA5nHm46x2Sz6dpump,bun,bun,2026-04-03T22:26:05Z,0,9101.41,3.0,2057.89,https://x.com/spawningrunners/status/2040194102323462214,7ufmve7ZSFCzuNcKRunYrGtyb2Ka1MXzkWwf7jZhVsmL,0,433,289,144,169,244,1269772.0,window,60.0,207,90,3,3.950617,11.294605,7.343988,589.23,2.0,6.0,1,3.5807530719564674e-08,1.0884594881424814e-07,3.552447548974963e-08,1.1343817984000902e-07,3.0,3.168,80.232,5,81,12,12,5brv79eFZ2rGprXNvqgVJBkBptkkw8GJX1XydJyZLyAr,6.351,5brv79eFZ2rGprXNvqgVJBkBptkkw8GJX1XydJyZLyAr,6.351
4FEphC5XxY2QRQ1ojKEyKgt3qHE2CTrc6Q3C3RUBpump,Glow,"even in the darkness, we glow",2026-04-03T17:40:58Z,1,82567.56,655.0,1505.29,https://x.com/spawningrunners/status/2040122341217501213,7ufmve7ZSFCzuNcKRunYrGtyb2Ka1MXzkWwf7jZhVsmL,0,986,721,265,453,601,1445.0,window,60.0,1056,402,3,3.45679,9.871209,6.414419,514.37,3.0,5.0,1,3.477343290568807e-08,9.48494458575332e-08,5.105589737763415e-07,5.167275095266891e-07,60.0,14.8598,80.19,6,197,119,149,EgQX9R3Qph1dPHE1Ysou1auSYqRGomCNmLDC28Yg77aq,9.1224,EgQX9R3Qph1dPHE1Ysou1auSYqRGomCNmLDC28Yg77aq,9.1224
9scRR26THWhktQDMnAJA256iDSY8kvCx7t2WjoSwpump,Thankful,Be Thankful,2026-04-03T14:38:14Z,0,10684.93,501.0,2054.44,https://x.com/spawningrunners/status/2040076341823918412,7ufmve7ZSFCzuNcKRunYrGtyb2Ka1MXzkWwf7jZhVsmL,0,1516,1169,347,259,378,34528.0,window,60.0,412,174,3,3.45679,6.943244,3.486454,278.29,3.0,5.0,1,3.477343290568807e-08,6.463584989989918e-08,7.759413839513061e-08,9.308673021231457e-08,48.0,2.6769,79.82,3,104,42,54,EgQX9R3Qph1dPHE1Ysou1auSYqRGomCNmLDC28Yg77aq,2.2267,EgQX9R3Qph1dPHE1Ysou1auSYqRGomCNmLDC28Yg77aq,2.2267
DfsvFZ4YiRQUd9A7Z1R2v4RWavpATC4WTK9t5V1npump,Success,Illusion Of Success,2026-04-03T12:31:43Z,0,11292.87,441.0,2055.59,https://x.com/spawningrunners/status/2040044482301661689,7ufmve7ZSFCzuNcKRunYrGtyb2Ka1MXzkWwf7jZhVsmL,0,717,530,187,183,294,7030435.0,window,60.0,263,130,3,3.45679,8.619422,5.162632,412.08,2.0,5.0,1,3.477343290568807e-08,8.437373920571997e-08,5.242178797464477e-08,9.168672518895054e-08,6.0,2.6367,79.82,3,98,26,30,EgQX9R3Qph1dPHE1Ysou1auSYqRGomCNmLDC28Yg77aq,2.7348,EgQX9R3Qph1dPHE1Ysou1auSYqRGomCNmLDC28Yg77aq,2.7348
DJY8j9L1f7xSnL11xjXMqruW7mBJkVSeDft3yLjdpump,Pallas,マヌルネコ,2026-04-03T10:53:03Z,0,7561.26,297.0,2055.05,https://x.com/spawningrunners/status/2040019602806075728,7ufmve7ZSFCzuNcKRunYrGtyb2Ka1MXzkWwf7jZhVsmL,0,1005,717,288,169,267,258333.0,window,60.0,245,121,3,3.45679,8.288751,4.831961,386.78,3.0,6.0,1,3.477343290568807e-08,7.450067457929827e-08,5.8381561615648436e-08,8.525425054339164e-08,0.0,2.4517,80.047,7,97,23,28,EgQX9R3Qph1dPHE1Ysou1auSYqRGomCNmLDC28Yg77aq,2.8946,EgQX9R3Qph1dPHE1Ysou1auSYqRGomCNmLDC28Yg77aq,2.8946
Fz5B4BErWbsnajL9NrQDywooqFxzZsVCcNeaPQnupump,Hall,The Hallway,2026-04-02T17:43:16Z,0,15758.64,143.0,2059.3,https://x.com/spawningrunners/status/2039760548209008855,7ufmve7ZSFCzuNcKRunYrGtyb2Ka1MXzkWwf7jZhVsmL,0,1675,1305,370,261,402,1204541.0,window,60.0,377,165,3,3.950617,10.849015,6.898398,544.84,3.0,6.0,1,3.5807530719564674e-08,9.37568443839524e-08,8.027132105868704e-08,1.4013549934164834e-07,2.0,3.9136,78.98,11,129,37,45,EgQX9R3Qph1dPHE1Ysou1auSYqRGomCNmLDC28Yg77aq,6.5581,EgQX9R3Qph1dPHE1Ysou1auSYqRGomCNmLDC28Yg77aq,6.5581
2wpWjjDCQSHkvx13ocwJTLuzzMxRRLcPjrKJ6JZZpump,Doug,Doug,2026-04-02T13:23:38Z,1,40316.06,94.0,1351.57,https://x.com/spawningrunners/status/2039695214382571790,7ufmve7ZSFCzuNcKRunYrGtyb2Ka1MXzkWwf7jZhVsmL,0,1004,684,320,279,463,18983.0,window,60.0,598,234,3,2.962963,5.917785,2.954822,228.6,3.0,7.0,1,3.375448671019636e-08,6.892730568726271e-08,3.092375538625722e-07,3.3959549609119804e-07,60.0,10.0608,77.366,8,134,86,95,7TNYdvwDzuRKvquzn24grcGwvrtpsYK58GAWdRBnm3UT,9.4402,7TNYdvwDzuRKvquzn24grcGwvrtpsYK58GAWdRBnm3UT,9.4402
CHvvXd41zuLzTwc3eiKZgkxE99tXZP5uMLUzEW3Wpump,Pringle,Pringle,2026-04-02T13:04:18Z,0,5576.79,0.0,2053.97,https://x.com/spawningrunners/status/2039690320057643264,7ufmve7ZSFCzuNcKRunYrGtyb2Ka1MXzkWwf7jZhVsmL,0,415,290,125,122,191,16115.0,window,60.0,197,91,3,2.962963,5.485689,2.522726,196.85,3.0,7.0,1,3.375448671019636e-08,5.990162687554534e-08,3.887816911837057e-08,7.146818455861051e-08,0.0,2.1173,78.032,6,67,15,18,EgQX9R3Qph1dPHE1Ysou1auSYqRGomCNmLDC28Yg77aq,1.3995,EgQX9R3Qph1dPHE1Ysou1auSYqRGomCNmLDC28Yg77aq,1.3995
FMLCnBYrxJi1DKo3JTsuc7Q2UQK6b96xfGX6qAoTpump,Artemis,The Albino Otter,2026-04-02T09:56:11Z,0,9477.12,1.0,2055.85,https://x.com/hubzthedev/status/2039642968580030586,7ufmve7ZSFCzuNcKRunYrGtyb2Ka1MXzkWwf7jZhVsmL,0,697,551,146,159,245,170517.0,window,60.0,236,104,3,2.962963,7.384006,4.421043,350.17,3.0,7.0,1,3.375448671019636e-08,6.793404130758186e-08,6.342999229662099e-08,1.1963752430265392e-07,1.0,3.5443,79.205,5,78,26,27,FLGQ9cMfc8vxbFRWZbs5JpYdup6W5JHCDEumw3QRMgGa,5.3008,FLGQ9cMfc8vxbFRWZbs5JpYdup6W5JHCDEumw3QRMgGa,5.3008
EsYYK3tsx5VjqPDbML99gr7iYSLhfEJLLdBPU9oKpump,100,There's 100 of us left,2026-04-01T12:06:17Z,0,10016.78,1341.0,2097.17,https://x.com/hubzify/status/2039313286106136789,7ufmve7ZSFCzuNcKRunYrGtyb2Ka1MXzkWwf7jZhVsmL,0,1191,901,290,145,228,3701981.0,window,60.0,244,107,2,3.950617,7.565449,3.614832,301.03,2.0,4.0,1,3.5807530719564674e-08,8.003547378765191e-08,5.880629961922514e-08,8.21041362418228e-08,6.0,2.2929,83.278,9,76,23,24,EgQX9R3Qph1dPHE1Ysou1auSYqRGomCNmLDC28Yg77aq,1.8615,EgQX9R3Qph1dPHE1Ysou1auSYqRGomCNmLDC28Yg77aq,1.8615
nVMw27GvyEhitxri1FLeZNRyeruoKDwfHQnajW9pump,Jester,True Jester,2026-04-01T10:47:17Z,0,10166.52,888.0,2053.97,https://x.com/hubzify/status/2039293465960337679,7ufmve7ZSFCzuNcKRunYrGtyb2Ka1MXzkWwf7jZhVsmL,0,948,763,185,164,259,3984739.0,window,60.0,243,109,3,3.950617,8.968562,5.017945,418.33,2.0,7.0,1,3.5807530719564674e-08,7.173295858281426e-08,5.4952988864827063e-08,9.148436894414881e-08,28.0,2.5549,83.368,10,84,24,30,EgQX9R3Qph1dPHE1Ysou1auSYqRGomCNmLDC28Yg77aq,1.2696,EgQX9R3Qph1dPHE1Ysou1auSYqRGomCNmLDC28Yg77aq,1.2696
5W7mqg9hwvJsuhqug4QrsQZfvFPhrqBobuqiVSxYpump,Shift,Quantum Shift,2026-03-31T12:32:35Z,0,10074.38,250.0,2188.1,https://x.com/hubzify/status/2038957520148889884,7ufmve7ZSFCzuNcKRunYrGtyb2Ka1MXzkWwf7jZhVsmL,0,710,612,98,207,255,31054.0,window,60.0,236,106,3,3.950617,8.923311,4.972693,401.41,3.0,7.0,1,3.5807530719564674e-08,7.161329548429031e-08,3.916592927939449e-08,9.186012314806385e-08,4.0,2.5654,80.723,15,99,25,26,4htXhGA3ArNRyuiURUkbv97ERZHbqBidmpL61qZULsfx,1.2053,4htXhGA3ArNRyuiURUkbv97ERZHbqBidmpL61qZULsfx,1.2053
8vavjWD4yDfFWZC5JgpvHQ5AEURFdBidxF5XeEDdpump,Bag,Just A Bag,2026-03-30T16:17:02Z,0,12016.92,152.0,2066.78,https://x.com/hubzify/status/2038651481566384195,7ufmve7ZSFCzuNcKRunYrGtyb2Ka1MXzkWwf7jZhVsmL,0,1037,816,221,255,382,1801413.0,window,60.0,329,146,2,4.444444,9.372892,4.928448,414.83,2.0,5.0,1,3.685678014763806e-08,5.945201710445188e-08,4.6050613020923665e-08,1.0324873167598354e-07,7.0,2.8013,84.17,3,121,37,38,EgQX9R3Qph1dPHE1Ysou1auSYqRGomCNmLDC28Yg77aq,1.9762,EgQX9R3Qph1dPHE1Ysou1auSYqRGomCNmLDC28Yg77aq,1.9762
6K2Z5F9QqZ7n4jTjYoRC5Vc455231cTSbMmx776gpump,Underdog,Underdog,2026-03-30T14:48:26Z,0,11417.82,28.0,2062.81,https://x.com/hubzify/status/2038629383959613694,7ufmve7ZSFCzuNcKRunYrGtyb2Ka1MXzkWwf7jZhVsmL,0,1540,984,556,336,548,568802.0,window,60.0,529,244,1,2.962963,8.114437,5.151474,431.74,9.0,9.0,1,3.375448671019636e-08,1.1302750373883164e-07,6.893471429899699e-08,1.362350959307398e-07,28.0,4.0361,83.81,3,184,75,76,EgQX9R3Qph1dPHE1Ysou1auSYqRGomCNmLDC28Yg77aq,4.3541,EgQX9R3Qph1dPHE1Ysou1auSYqRGomCNmLDC28Yg77aq,4.3541
55ufobyJoksqFGvJC8Y8eqQC5aj6tepJHCWYCoT8pump,One,One Day,2026-03-30T13:55:05Z,0,7144.15,1.0,2053.97,https://x.com/hubzify/status/2038615920684191899,7ufmve7ZSFCzuNcKRunYrGtyb2Ka1MXzkWwf7jZhVsmL,0,284,227,57,132,182,1705.0,window,60.0,151,77,2,2.962963,5.515211,2.552248,214.87,3.0,5.0,1,3.375448671019636e-08,5.409127989657029e-08,5.264113767257921e-08,8.485833734838041e-08,1.0,2.514,84.189,12,69,19,19,2CHrnc2LyagAbMaMFgthiDWh7ZZ9zT9TF8WEJf7MNE71,0.8554,2CHrnc2LyagAbMaMFgthiDWh7ZZ9zT9TF8WEJf7MNE71,0.8554
9QCFyDY9VsxRg9uLbxKXfpcEa6ZvPHVSDtMAVcUzpump,Illusion,Life is an Illusion,2026-03-29T15:04:02Z,0,10666.3,138.0,2056.13,https://x.com/hubzify/status/2038270764093170062,7ufmve7ZSFCzuNcKRunYrGtyb2Ka1MXzkWwf7jZhVsmL,0,623,480,143,153,231,932.0,window,60.0,201,90,3,3.950617,9.155766,5.205149,426.62,2.0,7.0,1,3.5807530719564674e-08,8.50075481854271e-08,6.12043845809557e-08,1.1404972316631933e-07,0.0,3.1851,81.962,13,69,20,21,27ELeSodytgrHUBEatJPBx16icC7T4xk6ENRqdshtnHs,3.6594,27ELeSodytgrHUBEatJPBx16icC7T4xk6ENRqdshtnHs,3.6594
74zht8bU78ktcL1TmFLJYQuJZCSQwBjosoWMjcm4pump,NHI,Non Human Intelligence,2026-03-28T16:14:51Z,0,10875.39,145.0,2053.97,https://x.com/hubzify/status/2037926330302337483,7ufmve7ZSFCzuNcKRunYrGtyb2Ka1MXzkWwf7jZhVsmL,0,583,461,122,194,257,1027.0,window,60.0,208,90,3,4.444444,9.582587,5.138142,430.22,2.0,6.0,1,3.685678014763806e-08,5.4621957385076716e-08,5.801577296245173e-08,9.748741869067996e-08,5.0,2.645,83.731,13,82,14,14,5brv79eFZ2rGprXNvqgVJBkBptkkw8GJX1XydJyZLyAr,1.5125,5brv79eFZ2rGprXNvqgVJBkBptkkw8GJX1XydJyZLyAr,1.5125
Rr1GZLB9DCcabir8bYYsE13GbpVyMjq6AJqJdvspump,Mask,Cat With Mask,2026-03-28T12:50:34Z,1,35018.22,545.0,1315.89,https://x.com/hubzify/status/2037874904066834845,7ufmve7ZSFCzuNcKRunYrGtyb2Ka1MXzkWwf7jZhVsmL,0,2111,1740,371,240,317,894.0,window,60.0,317,156,2,2.962963,8.005117,5.042154,417.11,3.0,5.0,1,3.375448671019636e-08,8.106683551883099e-08,7.384410066922234e-08,1.0529297862040351e-07,7.0,3.1194,82.725,9,120,50,53,F6uZt6GA4gB7SPGqoVj9JUq7e522i7URh2rfKcfrgCAQ,4.9626,F6uZt6GA4gB7SPGqoVj9JUq7e522i7URh2rfKcfrgCAQ,4.9626
9NmtfD8btjB2NdccihPdmYrnQKHnwb8JCrLxxoAJpump,Walk,Chad Walk,2026-03-28T11:36:16Z,0,9014.15,281.0,2055.28,https://x.com/hubzify/status/2037856211689759074,7ufmve7ZSFCzuNcKRunYrGtyb2Ka1MXzkWwf7jZhVsmL,0,972,825,147,198,238,893280.0,window,60.0,288,152,2,2.962963,6.322489,3.359526,278.47,3.0,5.0,1,3.375448671019636e-08,7.559684811220249e-08,6.133687586285592e-08,1.0067908712359685e-07,8.0,2.9827,82.889,3,114,33,35,2CHrnc2LyagAbMaMFgthiDWh7ZZ9zT9TF8WEJf7MNE71,1.5297,2CHrnc2LyagAbMaMFgthiDWh7ZZ9zT9TF8WEJf7MNE71,1.5297
4XQLHssUxvXLjXYLRsbANkgvCsRmtKMBsShzRFWipump,Moonbase,NASA Moon Base,2026-03-26T16:10:24Z,1,36483.22,4830161.0,1731.76,https://x.com/melxprt/status/2037200438827552983?s=20,7ufmve7ZSFCzuNcKRunYrGtyb2Ka1MXzkWwf7jZhVsmL,0,470,377,93,23,78,4831965.0,window,60.0,29,12,1,2.962963,2.962963,0.0,0.0,43.0,43.0,1,3.375448671019636e-08,2.7958993486486488e-08,2.983403869032492e-08,7.58528086845171e-08,1.0,2.2472,87.471,3,8,3,4,2CHrnc2LyagAbMaMFgthiDWh7ZZ9zT9TF8WEJf7MNE71,0.6357,2CHrnc2LyagAbMaMFgthiDWh7ZZ9zT9TF8WEJf7MNE71,0.6357
2ozGLWmZG5w4ACkUjg4uR82Lj3rZoBh84pdUtdrepump,happiness,happiness is free,2026-03-26T15:42:58Z,0,9249.71,3.0,2053.97,https://x.com/hubzify/status/2037193523028505029,7ufmve7ZSFCzuNcKRunYrGtyb2Ka1MXzkWwf7jZhVsmL,0,561,429,132,260,318,22916.0,window,60.0,320,148,3,3.950617,9.04807,5.097452,445.18,3.0,7.0,1,3.5807530719564674e-08,9.565593859743114e-08,4.107837174924877e-08,1.0591244865614288e-07,3.0,2.9578,87.334,9,130,17,19,5brv79eFZ2rGprXNvqgVJBkBptkkw8GJX1XydJyZLyAr,4.7986,5brv79eFZ2rGprXNvqgVJBkBptkkw8GJX1XydJyZLyAr,4.7986
89kb3kMF44hkHZjmvdA8SXCHzPqpXrcSkdptjbT2pump,Last,Last Ones Standing,2026-03-22T14:45:19Z,0,9079.63,9.0,2059.76,https://x.com/hubzify/status/2035729453821636733,7ufmve7ZSFCzuNcKRunYrGtyb2Ka1MXzkWwf7jZhVsmL,0,1233,983,250,157,231,700736.0,window,60.0,276,137,4,3.950617,10.548718,6.598101,576.34,2.0,8.0,1,3.5807530719564674e-08,7.864947642539428e-08,8.359238031733471e-08,1.0389401234945602e-07,9.0,2.9015,87.35,9,98,46,48,3jYB5GfHVuhmD697Yo6FyE9VkmHBEFZ4HSaC1Bskrncm,4.6412,3jYB5GfHVuhmD697Yo6FyE9VkmHBEFZ4HSaC1Bskrncm,4.6412
71uFjah7v7CeQDXNkmrEKDunZkey6THq26aWwK3Tpump,happiness,happiness,2026-03-20T20:09:58Z,0,14851.54,570.0,2055.49,https://x.com/hubzify/status/2035086338353967490,7ufmve7ZSFCzuNcKRunYrGtyb2Ka1MXzkWwf7jZhVsmL,0,2798,2504,294,247,298,1490346.0,window,60.0,391,190,3,4.444444,14.842937,10.398493,926.7,3.0,7.0,1,3.685678014763806e-08,1.415730726034676e-07,9.570400148848228e-08,1.5030733815798e-07,7.0,4.0781,89.119,11,141,25,27,5brv79eFZ2rGprXNvqgVJBkBptkkw8GJX1XydJyZLyAr,8.1686,5brv79eFZ2rGprXNvqgVJBkBptkkw8GJX1XydJyZLyAr,8.1686
4ssNBY5ERmnPkdtXLZjuraRirf2ovL3BaVFsaYrppump,mentally,mentally i need...,2026-03-19T18:48:42Z,1,36337.19,998.0,1318.73,https://x.com/hubzify/status/2034703390153089532,7ufmve7ZSFCzuNcKRunYrGtyb2Ka1MXzkWwf7jZhVsmL,0,2425,1964,461,243,287,1225.0,window,60.0,358,170,1,3.950617,8.977416,5.026798,441.12,3.0,3.0,1,3.5807530719564674e-08,8.294638352422276e-08,9.065520814166659e-08,1.1042376087309857e-07,5.0,3.0838,87.754,5,127,41,50,GP8Pzx9Kva9yQ38aBNpDUxp8o8EFevJwCSvPVbkV9jGW,2.0097,GP8Pzx9Kva9yQ38aBNpDUxp8o8EFevJwCSvPVbkV9jGW,2.0097
9eRN6d8vTGVwG9M6XTj8sqX3rDBSZWfc2VXF66pnpump,Solana,Solana The Pygmy Hippo,2026-03-17T17:09:47Z,0,29039.73,107.0,2056.61,https://x.com/hubzify/status/2033953803091710113,7ufmve7ZSFCzuNcKRunYrGtyb2Ka1MXzkWwf7jZhVsmL,0,942,734,208,182,234,676471.0,window,60.0,290,140,2,4.938272,15.413359,10.475087,991.02,3.0,5.0,1,3.792118119415761e-08,1.215400675097509e-07,1.4468954624646806e-07,1.8232819366713848e-07,9.0,4.8081,94.608,3,102,39,43,5brv79eFZ2rGprXNvqgVJBkBptkkw8GJX1XydJyZLyAr,11.133,5brv79eFZ2rGprXNvqgVJBkBptkkw8GJX1XydJyZLyAr,11.133
HGL9hnt7nYUYctUGbPTtgSppFLHexBUtdcs4wuC4pump,Solana,Solana The Pygmy Hippo,2026-03-17T17:00:01Z,0,20544.5,84.0,2054.74,https://x.com/hubzify/status/2033951413303448021,7ufmve7ZSFCzuNcKRunYrGtyb2Ka1MXzkWwf7jZhVsmL,0,2106,1597,509,298,435,169513.0,window,60.0,509,188,2,4.938272,17.018551,12.080279,1140.54,4.0,9.0,1,3.792118119415761e-08,1.2800529445920612e-07,1.455775141365436e-07,1.829327506652767e-07,10.0,4.824,94.413,3,129,45,52,EgQX9R3Qph1dPHE1Ysou1auSYqRGomCNmLDC28Yg77aq,9.8575,EgQX9R3Qph1dPHE1Ysou1auSYqRGomCNmLDC28Yg77aq,9.8575
HKXFPic3e6iwEXtP42SAkhkiwZWCkGFz82DtucPkpump,Bands,Blue Bands,2026-03-14T19:00:56Z,0,11619.21,0.0,2054.47,https://x.com/hubzify/status/2032894679369527437,7ufmve7ZSFCzuNcKRunYrGtyb2Ka1MXzkWwf7jZhVsmL,0,934,813,121,152,195,6159499.0,window,60.0,214,110,4,4.938272,14.347687,9.409415,818.44,3.0,22.0,1,3.792118119415761e-08,1.0788965306189857e-07,7.394965102364249e-08,1.3359204472031208e-07,0.0,3.5229,86.98,13,83,24,26,5brv79eFZ2rGprXNvqgVJBkBptkkw8GJX1XydJyZLyAr,4.8192,5brv79eFZ2rGprXNvqgVJBkBptkkw8GJX1XydJyZLyAr,4.8192
9EisLvfTZqpXn9bBwEkcjipZbbwX8bJ6GA5fLf66pump,minning,minning,2026-03-14T17:28:20Z,1,127192.61,6175133.0,1335.12,https://x.com/hubzify/status/2032871424650629373,7ufmve7ZSFCzuNcKRunYrGtyb2Ka1MXzkWwf7jZhVsmL,0,2264,1760,504,235,362,4234.0,window,60.0,357,188,6,4.938272,18.722488,13.784216,1199.59,3.0,18.0,1,3.792118119415761e-08,1.1431535295487547e-07,1.7052031693449328e-07,1.7440726561141069e-07,58.0,4.5992,87.026,6,134,45,57,EgQX9R3Qph1dPHE1Ysou1auSYqRGomCNmLDC28Yg77aq,8.0029,EgQX9R3Qph1dPHE1Ysou1auSYqRGomCNmLDC28Yg77aq,8.0029
8nTq1yi11iJB4M6EC3SqPsj5eoaaRw9kex1ZXgrzpump,Whitepill,Whitepill,2026-03-13T15:44:20Z,1,68580.49,3023.0,1729.67,https://x.com/whitepillsolana,7ufmve7ZSFCzuNcKRunYrGtyb2Ka1MXzkWwf7jZhVsmL,0,1630,1388,242,129,186,3106511.0,window,60.0,215,100,5,4.938272,16.574116,11.635844,1044.99,4.0,17.0,1,3.792118119415761e-08,1.0960188310449324e-07,7.346521547144642e-08,1.759640121670995e-07,0.0,4.6403,89.807,12,70,14,14,2PhCkECAjGdV5Rd3BsL9zs8cevP1LjnLqcoR5HeBFV1b,4.7398,2PhCkECAjGdV5Rd3BsL9zs8cevP1LjnLqcoR5HeBFV1b,4.7398
5RKEu9J3BcQWAno7c1xjkew4L3VJ8Mvaz5jU2kPrpump,escape,escape from reality,2026-03-12T18:09:24Z,1,70631.66,1543.0,1310.64,https://x.com/hubzify/status/2032156924402163724,7ufmve7ZSFCzuNcKRunYrGtyb2Ka1MXzkWwf7jZhVsmL,0,2283,1444,839,196,275,75619.0,window,60.0,365,175,1,3.950617,12.585375,8.634757,746.84,6.0,6.0,1,3.5807530719564674e-08,1.2458748018541906e-07,1.0421872031672875e-07,1.8302633442874432e-07,23.0,5.1114,86.492,8,118,33,38,96hsvFcJewH5fEG1DWfeLBeDYwTd9wCvwLnE61FLRfBx,12.0807,96hsvFcJewH5fEG1DWfeLBeDYwTd9wCvwLnE61FLRfBx,12.0807
F64aoufmfWZBY3BoqR1kVoQj4DJv6gMSkgPdTrPupump,Ceasar,Ceasar,2026-03-02T18:10:46Z,1,53098.43,388.0,1369.22,https://x.com/hubzify/status/2028533421752860706,7ufmve7ZSFCzuNcKRunYrGtyb2Ka1MXzkWwf7jZhVsmL,0,1275,865,410,77,95,726.0,window,60.0,112,65,1,2.962963,4.130675,1.167712,101.99,3.0,3.0,1,3.375448671019636e-08,4.12856197616929e-08,6.981684068562759e-08,9.698716851636004e-08,43.0,2.8733,87.345,8,49,19,20,LoveGx96mepkVBYJ8SU4VFdgaYfz9tD5Fd49KrnxZpT,0.8758,LoveGx96mepkVBYJ8SU4VFdgaYfz9tD5Fd49KrnxZpT,0.8758
BroixebY3yiiqK7ibEuEufVmqFrLTJhiDoWiFUATpump,Puma,The Mogging Puma,2026-03-01T16:33:13Z,1,49836.17,980.0,1385.11,https://x.com/hubzify/status/2028146438689980544,7ufmve7ZSFCzuNcKRunYrGtyb2Ka1MXzkWwf7jZhVsmL,0,850,628,222,68,79,49926.0,window,60.0,90,54,1,2.962963,3.925946,0.962983,82.74,3.0,3.0,1,3.375448671019636e-08,3.860020036426206e-08,5.821242198157006e-08,7.109611062498112e-08,39.0,2.1063,85.923,5,45,23,23,2CHrnc2LyagAbMaMFgthiDWh7ZZ9zT9TF8WEJf7MNE71,0.8322,2CHrnc2LyagAbMaMFgthiDWh7ZZ9zT9TF8WEJf7MNE71,0.8322
A1QVojutHPnDh5KfRZpssWezRr6HQLGoWgSpmRGbpump,mogged,mogged,2026-02-07T22:32:30Z,0,4071.62,1.0,2053.97,https://x.com/hubzify/status/2020264374422655106,7ufmve7ZSFCzuNcKRunYrGtyb2Ka1MXzkWwf7jZhVsmL,0,439,393,46,32,37,3272949.0,window,60.0,32,15,1,2.962963,3.69285,0.729887,64.55,5.0,5.0,1,3.375448671019636e-08,3.4255415788853213e-08,2.7958993492078285e-08,4.6038406146475074e-08,1.0,1.3639,88.432,11,15,5,5,E8oha6AYKZhSjAMS6Ek8CkWkaNu34qfipidYf6uqruVe,0.0474,E8oha6AYKZhSjAMS6Ek8CkWkaNu34qfipidYf6uqruVe,0.0474
66PU1DYEoBYBGXV4eRQq8xjvRHeKbX4npbEESYqkpump,Bear,Nietzschean Bear,2026-01-25T13:15:56Z,0,6851.51,3.0,2053.97,https://x.com/i/communities/2015411862951624743,7ufmve7ZSFCzuNcKRunYrGtyb2Ka1MXzkWwf7jZhVsmL,0,240,89,151,61,88,81.0,window,60.0,88,30,1,3.0,4.642399,1.642399,207.97,5.0,5.0,1,3.383038210624416e-08,4.438581476744115e-08,2.796015312523593e-08,5.4099536921795204e-08,3.0,1.5991,126.624,11,30,14,14,2CHrnc2LyagAbMaMFgthiDWh7ZZ9zT9TF8WEJf7MNE71,0.4648,2CHrnc2LyagAbMaMFgthiDWh7ZZ9zT9TF8WEJf7MNE71,0.4648
6CrQpw1gykHpXzCdJQNBG8MNMHcqjRFt3RxmgPFcpump,Mindset,Mindset,2026-01-24T19:08:24Z,0,8000.85,3.0,2053.97,https://x.com/i/communities/2015138664456618353,7ufmve7ZSFCzuNcKRunYrGtyb2Ka1MXzkWwf7jZhVsmL,0,54,46,8,36,44,2528646.0,window,60.0,38,19,1,3.0,4.480512,1.480512,188.32,5.0,5.0,1,3.383038210624416e-08,4.088316341876624e-08,2.981339651281953e-08,6.289861198282189e-08,3.0,1.8592,127.202,6,19,7,7,DpXvKhy9hgfjwn6yZVK47NshY9111BPwZ6PkEtgGbPnG,0.5026,DpXvKhy9hgfjwn6yZVK47NshY9111BPwZ6PkEtgGbPnG,0.5026
E2f7uVr9ysTD2hjWpKaSsC4aUR5PMGWaoUQiS4Gypump,Mentality,Mentality,2026-01-24T12:54:52Z,0,38926.89,1181.0,2067.11,https://x.com/i/communities/2015042090246271173,7ufmve7ZSFCzuNcKRunYrGtyb2Ka1MXzkWwf7jZhVsmL,0,6531,5500,1031,153,190,9657131.0,window,60.0,234,132,3,3.0,7.281661,4.281661,544.71,4.0,10.0,1,3.383038210624416e-08,8.659817435888245e-08,8.821525435009188e-08,1.1498995554649839e-07,37.0,3.399,127.22,8,100,46,46,7j7AA3HZR2zEjwAQEKPFh2qucLY4fqZpB9iodf39w8xW,2.5031,7j7AA3HZR2zEjwAQEKPFh2qucLY4fqZpB9iodf39w8xW,2.5031
Dv9twowfXAh2Y8weVFkeoro721TzFTUgQGEFXFAXpump,Ascend,Ascend,2025-12-17T22:02:02Z,0,5653.19,1136964.0,2053.97,https://x.com/i/communities/2001412335311990962,7ufmve7ZSFCzuNcKRunYrGtyb2Ka1MXzkWwf7jZhVsmL,0,174,164,10,20,20,7153164.0,window,60.0,20,9,1,2.5,3.044233,0.544233,66.51,2.0,2.0,1,3.281298539919228e-08,3.4796724362113456e-08,2.795899348275862e-08,4.306781164268944e-08,0.0,1.3125,122.215,8,9,1,1,CS6xZBZQ7HfhUNAYeqENdruT2addseDy81PDntyYa1NE,0.0351,CS6xZBZQ7HfhUNAYeqENdruT2addseDy81PDntyYa1NE,0.0351
StSXGEqayVJXBKZsmkcAJzouYcuHDZaCFEoy3Yjpump,End,The Final Chapter,2025-12-17T21:58:25Z,0,4956.25,7.0,2147.34,https://x.com/i/communities/2001411197216723325,7ufmve7ZSFCzuNcKRunYrGtyb2Ka1MXzkWwf7jZhVsmL,0,33,30,3,30,33,27.0,window,60.0,30,14,1,2.5,3.497084,0.997084,122.16,5.0,5.0,1,3.281298539919228e-08,4.130533208416478e-08,2.795899348555452e-08,4.657567958451788e-08,5.0,1.4194,122.522,8,14,2,2,CS6xZBZQ7HfhUNAYeqENdruT2addseDy81PDntyYa1NE,0.0311,CS6xZBZQ7HfhUNAYeqENdruT2addseDy81PDntyYa1NE,0.0311
5ZkT38ZUdvLFx4enBVeviAWoYgnvpoHqRuK9yRaopump,Replenish,Generational Replenishment,2025-12-09T18:48:12Z,0,8421.78,2.0,2053.97,https://x.com/i/communities/1998464479026114693,7ufmve7ZSFCzuNcKRunYrGtyb2Ka1MXzkWwf7jZhVsmL,0,91,71,20,67,87,100.0,window,60.0,70,33,1,3.0,5.102966,2.102966,298.99,3.0,3.0,1,3.383038210624416e-08,4.913291440588376e-08,2.801203563128331e-08,5.923610395363727e-08,2.0,1.751,142.173,12,33,7,7,2CHrnc2LyagAbMaMFgthiDWh7ZZ9zT9TF8WEJf7MNE71,0.1776,2CHrnc2LyagAbMaMFgthiDWh7ZZ9zT9TF8WEJf7MNE71,0.1776
smhXq5nTaBDLxwA85snoefqW3KpXRnGzUeXLp9Fpump,1%,The 1%,2025-12-05T15:39:54Z,0,7739.21,62.0,2053.97,https://x.com/i/communities/1996967024422015147,7ufmve7ZSFCzuNcKRunYrGtyb2Ka1MXzkWwf7jZhVsmL,0,170,153,17,80,90,3872.0,window,60.0,107,54,1,3.0,3.663736,0.663736,90.32,5.0,5.0,1,3.383038210624416e-08,3.4027678277670227e-08,5.076934064519978e-08,5.5486771794186e-08,55.0,1.6401,136.076,7,42,20,21,DcSXoecFEqgmWseReKKpLXCCpdQiW22rAkTDoSrkQG9M,0.4254,DcSXoecFEqgmWseReKKpLXCCpdQiW22rAkTDoSrkQG9M,0.4254
9gGEYsopfiUWHkU6U47AxzrzazPTqGDTQaXmTHCppump,Trenchmade,Trenchmade,2025-12-03T19:56:14Z,0,8493.72,0.0,2053.97,https://x.com/i/communities/1996307105159299434,7ufmve7ZSFCzuNcKRunYrGtyb2Ka1MXzkWwf7jZhVsmL,0,68,36,32,35,67,96.0,window,60.0,35,15,1,3.0,5.174664,2.174664,307.23,2.0,2.0,1,3.383038210624416e-08,3.9048470660216275e-08,2.8123254480985725e-08,6.012060105629785e-08,0.0,1.7771,141.278,5,15,3,3,BBPKQwYLyiPjAX2KTFxanR7vxwa7majAF7c7yoaRX8oR,0.1021,BBPKQwYLyiPjAX2KTFxanR7vxwa7majAF7c7yoaRX8oR,0.1021
FMoMEh6i1aAbDb6ra23C2XmQAsQG19tEYYw1rkaApump,2026,2026 arc,2025-12-03T17:52:05Z,0,6328.2,2.0,2053.97,https://x.com/i/communities/1996275959113167221,7ufmve7ZSFCzuNcKRunYrGtyb2Ka1MXzkWwf7jZhVsmL,0,109,80,29,60,85,2259374.0,window,60.0,64,28,2,3.0,3.632625,0.632625,89.69,2.0,6.0,1,3.383038210624416e-08,3.84165439482402e-08,2.8073106285867816e-08,5.5589230428080045e-08,0.0,1.6432,141.772,7,28,10,10,CY6Xhs3ocXWddzKmuGixoAcB832bhdLTB5beVQ4GtAVM,0.4539,CY6Xhs3ocXWddzKmuGixoAcB832bhdLTB5beVQ4GtAVM,0.4539
6drk82qT3nPJwFwyzXjjmX7Fav2eBsNQUw9nj1kbpump,Lore,What is your Lore?,2025-12-03T11:27:19Z,0,7233.1,2.0,2053.97,https://x.com/i/communities/1996177690148172183,7ufmve7ZSFCzuNcKRunYrGtyb2Ka1MXzkWwf7jZhVsmL,0,117,98,19,67,83,440.0,window,60.0,79,45,1,3.0,4.438623,1.438623,203.65,3.0,3.0,1,3.383038210624416e-08,3.956588432039917e-08,3.4111323525593606e-08,5.1095271630964245e-08,2.0,1.5103,141.561,5,42,9,9,Ba8FprLDSosmEYver5dC3fy3LWJ9gBTV3KkXeFu93Exf,0.1547,Ba8FprLDSosmEYver5dC3fy3LWJ9gBTV3KkXeFu93Exf,0.1547
98hoah7rSYiaVNgW4H3sf6JbT3g3eLxJgqDz7Jk3pump,Era,A New Era,2025-12-03T11:04:31Z,0,14367.41,124.0,2057.3,https://x.com/i/communities/1996172916497506710,7ufmve7ZSFCzuNcKRunYrGtyb2Ka1MXzkWwf7jZhVsmL,0,634,559,75,103,129,12288144.0,window,60.0,173,97,1,3.0,5.614073,2.614073,369.62,4.0,4.0,1,3.383038210624416e-08,5.0923181273810514e-08,7.393248775359557e-08,8.555662220200666e-08,14.0,2.529,141.395,7,64,21,29,BwjJzF8tbiob9msAJrM3uqF7rd5zzAnuGeHv96QmHvbo,1.7879,BwjJzF8tbiob9msAJrM3uqF7rd5zzAnuGeHv96QmHvbo,1.7879
3mu8DaX64bTjDpbYwjDnaQoEn9idP9LxVkGc3mLspump,Arc,Arc,2025-12-02T19:16:23Z,0,11898.88,9.0,2071.52,https://x.com/i/communities/1995934934599405950,7ufmve7ZSFCzuNcKRunYrGtyb2Ka1MXzkWwf7jZhVsmL,0,539,470,69,158,194,7107371.0,window,60.0,244,115,2,3.0,5.762709,2.762709,387.52,5.0,7.0,1,3.383038210624416e-08,7.335847686127307e-08,6.481579445000781e-08,8.482852911165117e-08,9.0,2.5075,140.27,3,82,23,27,BwjJzF8tbiob9msAJrM3uqF7rd5zzAnuGeHv96QmHvbo,1.5214,BwjJzF8tbiob9msAJrM3uqF7rd5zzAnuGeHv96QmHvbo,1.5214
FQ3bCGiAuWwX7EMgiTmYzjZj2ZmYUJRsjf1927SRpump,Pwikachu,Pwikachu,2025-12-02T18:46:17Z,0,13346.53,104.0,2054.22,https://x.com/i/communities/1995926976910266873,7ufmve7ZSFCzuNcKRunYrGtyb2Ka1MXzkWwf7jZhVsmL,0,718,634,84,178,223,13596802.0,window,60.0,243,148,2,3.0,5.908577,2.908577,406.9,3.0,6.0,1,3.383038210624416e-08,6.267634612446864e-08,7.428212135086572e-08,8.878441943509035e-08,18.0,2.6244,139.895,3,116,40,43,A2AqfLV1xt6TtGvktgRTQajRTXQsjiuipKX3qhR5pg7s,1.7172,A2AqfLV1xt6TtGvktgRTQajRTXQsjiuipKX3qhR5pg7s,1.7172
32CdQdBUxbCsLy5AUHWmyidfwhgGUr9N573NBUrDpump,maxxing,maxxing,2025-12-01T19:37:59Z,1,7721545.29,13676942.0,441002.55,https://x.com/i/communities/1995577908677472285,CnV5TnQrMBLdrZGQsRXJC91s38XaXZsFatq27LA2Vpen,1,,,,,,,window,300.0,1190,473,1,3.0,6.244329,3.244329,401.93,4.0,4.0,1,3.383038210624416e-08,7.006890858654627e-08,1.0440979735877248e-07,1.6839156919717796e-07,85.0,4.9775,123.886,6,131,110,340,BBPKQwYLyiPjAX2KTFxanR7vxwa7majAF7c7yoaRX8oR,226.0503,BBPKQwYLyiPjAX2KTFxanR7vxwa7majAF7c7yoaRX8oR,226.0503
