mint,symbol,point,t_s,price_sol,mult_vs_devbuy
EijM3FJm9Ka6Cf6byQB1GdeJxhZqAayfzuV4Xp9Jpump,Restoration,end_of_second_0,0,1.9615668999794588e-07,3.144
EijM3FJm9Ka6Cf6byQB1GdeJxhZqAayfzuV4Xp9Jpump,Restoration,dev_zero,17.0,1.3523551440581395e-07,2.1675
EijM3FJm9Ka6Cf6byQB1GdeJxhZqAayfzuV4Xp9Jpump,Restoration,t30,30,1.1671459407198338e-07,1.8707
EijM3FJm9Ka6Cf6byQB1GdeJxhZqAayfzuV4Xp9Jpump,Restoration,t60,60,1.1258312938288857e-07,1.8045
EijM3FJm9Ka6Cf6byQB1GdeJxhZqAayfzuV4Xp9Jpump,Restoration,t120,120,1.0708394519855139e-07,1.7163
EijM3FJm9Ka6Cf6byQB1GdeJxhZqAayfzuV4Xp9Jpump,Restoration,t300,300,8.761324957504377e-08,1.4043
EijM3FJm9Ka6Cf6byQB1GdeJxhZqAayfzuV4Xp9Jpump,Restoration,window_peak,1.0,2.5397411585895773e-07,4.0707
EiAsJvYospNxVPtUoGbjUreXNbWcxdpKaiqeJNk6pump,shrek,end_of_second_0,0,1.7224485836420096e-07,2.7607
EiAsJvYospNxVPtUoGbjUreXNbWcxdpKaiqeJNk6pump,shrek,dev_zero,20.0,1.4324038524263994e-07,2.2958
EiAsJvYospNxVPtUoGbjUreXNbWcxdpKaiqeJNk6pump,shrek,t30,30,1.7950871878994007e-07,2.8772
EiAsJvYospNxVPtUoGbjUreXNbWcxdpKaiqeJNk6pump,shrek,t60,60,1.2662358218901114e-07,2.0295
EiAsJvYospNxVPtUoGbjUreXNbWcxdpKaiqeJNk6pump,shrek,t120,120,1.212230601505544e-07,1.943
EiAsJvYospNxVPtUoGbjUreXNbWcxdpKaiqeJNk6pump,shrek,t300,300,1.0982773533129399e-07,1.7603
EiAsJvYospNxVPtUoGbjUreXNbWcxdpKaiqeJNk6pump,shrek,window_peak,1.0,2.3282203159937274e-07,3.7317
BLs49DufsjJjuGCHQ5s1ov7rRAKDyrbATDu8v624pump,Luka,end_of_second_0,0,1.8288492538458875e-07,2.9313
BLs49DufsjJjuGCHQ5s1ov7rRAKDyrbATDu8v624pump,Luka,dev_zero,27.0,1.438915828323213e-07,2.3063
BLs49DufsjJjuGCHQ5s1ov7rRAKDyrbATDu8v624pump,Luka,t30,30,1.3911888552848296e-07,2.2298
BLs49DufsjJjuGCHQ5s1ov7rRAKDyrbATDu8v624pump,Luka,t60,60,1.2279705997235662e-07,1.9682
BLs49DufsjJjuGCHQ5s1ov7rRAKDyrbATDu8v624pump,Luka,t120,120,1.9315356963771057e-07,3.0959
BLs49DufsjJjuGCHQ5s1ov7rRAKDyrbATDu8v624pump,Luka,t300,300,1.7868491593096893e-07,2.864
BLs49DufsjJjuGCHQ5s1ov7rRAKDyrbATDu8v624pump,Luka,window_peak,1.0,2.555614863343311e-07,4.0961
FNjhEHDYshbNAU7Bge9bRgTgrk1T9dmFQtcPyGAVpump,Fushin,end_of_second_0,0,1.2951270173049837e-07,2.0758
FNjhEHDYshbNAU7Bge9bRgTgrk1T9dmFQtcPyGAVpump,Fushin,dev_zero,25.0,2.0087427771746285e-07,3.2196
FNjhEHDYshbNAU7Bge9bRgTgrk1T9dmFQtcPyGAVpump,Fushin,t30,30,1.7368005039333616e-07,2.7837
FNjhEHDYshbNAU7Bge9bRgTgrk1T9dmFQtcPyGAVpump,Fushin,t60,60,2.2959843990389487e-07,3.68
FNjhEHDYshbNAU7Bge9bRgTgrk1T9dmFQtcPyGAVpump,Fushin,t120,120,1.9556578343257483e-07,3.1345
FNjhEHDYshbNAU7Bge9bRgTgrk1T9dmFQtcPyGAVpump,Fushin,t300,300,1.7815004666462332e-07,2.8554
FNjhEHDYshbNAU7Bge9bRgTgrk1T9dmFQtcPyGAVpump,Fushin,window_peak,2.0,2.76058708798966e-07,4.4247
GFG5ZFMoeVrc3fapj5iu6mTyRixoN1wgab3NCjwCpump,Baby,end_of_second_0,0,1.7444963233900185e-07,2.7961
GFG5ZFMoeVrc3fapj5iu6mTyRixoN1wgab3NCjwCpump,Baby,dev_zero,22.0,1.1682949113527292e-07,1.8725
GFG5ZFMoeVrc3fapj5iu6mTyRixoN1wgab3NCjwCpump,Baby,t30,30,1.03146595380183e-07,1.6532
GFG5ZFMoeVrc3fapj5iu6mTyRixoN1wgab3NCjwCpump,Baby,t60,60,1.0236108129631971e-07,1.6406
GFG5ZFMoeVrc3fapj5iu6mTyRixoN1wgab3NCjwCpump,Baby,t120,120,1.2518880948922798e-07,2.0065
GFG5ZFMoeVrc3fapj5iu6mTyRixoN1wgab3NCjwCpump,Baby,t300,300,1.1216110314755446e-07,1.7977
GFG5ZFMoeVrc3fapj5iu6mTyRixoN1wgab3NCjwCpump,Baby,window_peak,1.0,2.2633187051174623e-07,3.6276
6Quog29HQ5tA5BdnCv3FWpW8WEpdxCsxEpt2TGCZpump,Gnomes,end_of_second_0,0,1.7756865370613863e-07,2.8461
6Quog29HQ5tA5BdnCv3FWpW8WEpdxCsxEpt2TGCZpump,Gnomes,dev_zero,23.0,1.4249586642859248e-07,2.2839
6Quog29HQ5tA5BdnCv3FWpW8WEpdxCsxEpt2TGCZpump,Gnomes,t30,30,1.3713870592984443e-07,2.1981
6Quog29HQ5tA5BdnCv3FWpW8WEpdxCsxEpt2TGCZpump,Gnomes,t60,60,1.293303542905516e-07,2.0729
6Quog29HQ5tA5BdnCv3FWpW8WEpdxCsxEpt2TGCZpump,Gnomes,t120,120,1.2570511306518965e-07,2.0148
6Quog29HQ5tA5BdnCv3FWpW8WEpdxCsxEpt2TGCZpump,Gnomes,t300,300,2.77558871134061e-07,4.4487
6Quog29HQ5tA5BdnCv3FWpW8WEpdxCsxEpt2TGCZpump,Gnomes,window_peak,283.0,3.116779359767528e-07,4.9956
FBKyGDGLg4WYVecXfSL8Ke2fNXe8Si72NeGbcRSXpump,Nuannuan,end_of_second_0,0,1.7530119968062999e-07,2.8097
FBKyGDGLg4WYVecXfSL8Ke2fNXe8Si72NeGbcRSXpump,Nuannuan,dev_zero,20.0,1.386425341209757e-07,2.2222
FBKyGDGLg4WYVecXfSL8Ke2fNXe8Si72NeGbcRSXpump,Nuannuan,t30,30,1.1715576146694768e-07,1.8778
FBKyGDGLg4WYVecXfSL8Ke2fNXe8Si72NeGbcRSXpump,Nuannuan,t60,60,1.0641435525907121e-07,1.7056
FBKyGDGLg4WYVecXfSL8Ke2fNXe8Si72NeGbcRSXpump,Nuannuan,t120,120,1.0610739834678204e-07,1.7007
FBKyGDGLg4WYVecXfSL8Ke2fNXe8Si72NeGbcRSXpump,Nuannuan,t300,300,1.6730819943020328e-07,2.6816
FBKyGDGLg4WYVecXfSL8Ke2fNXe8Si72NeGbcRSXpump,Nuannuan,window_peak,1.0,2.431354434243127e-07,3.897
FjLbCT5pj246VsQmJ5fj4za7nULWQPv5cwipFKmJpump,大坏蛋,end_of_second_0,0,1.500810208510234e-07,2.4055
FjLbCT5pj246VsQmJ5fj4za7nULWQPv5cwipFKmJpump,大坏蛋,dev_zero,17.0,1.6115146211078632e-07,2.5829
FjLbCT5pj246VsQmJ5fj4za7nULWQPv5cwipFKmJpump,大坏蛋,t30,30,1.49025971277681e-07,2.3886
FjLbCT5pj246VsQmJ5fj4za7nULWQPv5cwipFKmJpump,大坏蛋,t60,60,2.344883761807413e-07,3.7584
FjLbCT5pj246VsQmJ5fj4za7nULWQPv5cwipFKmJpump,大坏蛋,t120,120,2.2522288694643903e-07,3.6099
FjLbCT5pj246VsQmJ5fj4za7nULWQPv5cwipFKmJpump,大坏蛋,t300,300,7.512549052423392e-08,1.2041
FjLbCT5pj246VsQmJ5fj4za7nULWQPv5cwipFKmJpump,大坏蛋,window_peak,144.0,4.1088017043229726e-07,6.5856
3gEf38VM49swbxd3XynsgejSM3MSGKxkiCNBoeEbpump,Calitures,end_of_second_0,0,1.856654191879287e-07,2.9758
3gEf38VM49swbxd3XynsgejSM3MSGKxkiCNBoeEbpump,Calitures,dev_zero,16.0,1.860473880122919e-07,2.982
3gEf38VM49swbxd3XynsgejSM3MSGKxkiCNBoeEbpump,Calitures,t30,30,2.0999253967611648e-07,3.3657
3gEf38VM49swbxd3XynsgejSM3MSGKxkiCNBoeEbpump,Calitures,t60,60,2.0345147187262091e-07,3.2609
3gEf38VM49swbxd3XynsgejSM3MSGKxkiCNBoeEbpump,Calitures,t120,120,2.049262600476172e-07,3.2845
3gEf38VM49swbxd3XynsgejSM3MSGKxkiCNBoeEbpump,Calitures,t300,300,2.1855389197112752e-07,3.503
3gEf38VM49swbxd3XynsgejSM3MSGKxkiCNBoeEbpump,Calitures,window_peak,75.0,2.8192151107856517e-07,4.5186
EDbFTcQsdezqk1HNxnciwbVYPFWovz6ibZgUVp59pump,Slap,end_of_second_0,0,1.800180388577569e-07,2.8853
EDbFTcQsdezqk1HNxnciwbVYPFWovz6ibZgUVp59pump,Slap,dev_zero,22.0,1.638328405903698e-07,2.6259
EDbFTcQsdezqk1HNxnciwbVYPFWovz6ibZgUVp59pump,Slap,t30,30,2.1493544394518551e-07,3.445
EDbFTcQsdezqk1HNxnciwbVYPFWovz6ibZgUVp59pump,Slap,t60,60,2.8555485224600514e-07,4.5769
EDbFTcQsdezqk1HNxnciwbVYPFWovz6ibZgUVp59pump,Slap,t120,120,4.10880169903537e-07,6.5856
EDbFTcQsdezqk1HNxnciwbVYPFWovz6ibZgUVp59pump,Slap,t300,300,3.4451058300218397e-07,5.5218
EDbFTcQsdezqk1HNxnciwbVYPFWovz6ibZgUVp59pump,Slap,window_peak,232.0,4.2925390469239065e-07,6.8801
2xEVzpcMoHQJVzJXUEXLmwqQeSxb2cyRQWA5N9Sxpump,zalgo,end_of_second_0,0,1.6779567035540986e-07,2.6894
2xEVzpcMoHQJVzJXUEXLmwqQeSxb2cyRQWA5N9Sxpump,zalgo,dev_zero,18.0,9.63576907178344e-08,1.5444
2xEVzpcMoHQJVzJXUEXLmwqQeSxb2cyRQWA5N9Sxpump,zalgo,t30,30,8.637533512029659e-08,1.3844
2xEVzpcMoHQJVzJXUEXLmwqQeSxb2cyRQWA5N9Sxpump,zalgo,t60,60,8.409798922495407e-08,1.3479
2xEVzpcMoHQJVzJXUEXLmwqQeSxb2cyRQWA5N9Sxpump,zalgo,t120,120,9.566719654119155e-08,1.5333
2xEVzpcMoHQJVzJXUEXLmwqQeSxb2cyRQWA5N9Sxpump,zalgo,t300,300,9.422759999201827e-08,1.5103
2xEVzpcMoHQJVzJXUEXLmwqQeSxb2cyRQWA5N9Sxpump,zalgo,window_peak,1.0,2.168918333320753e-07,3.4763
BwBFxTNL7kA1wr4dwFw8tZRE1zQM68gKQcfVGEzEpump,Killswitch,end_of_second_0,0,1.799769520380844e-07,2.8847
BwBFxTNL7kA1wr4dwFw8tZRE1zQM68gKQcfVGEzEpump,Killswitch,dev_zero,17.0,1.2035328448796728e-07,1.929
BwBFxTNL7kA1wr4dwFw8tZRE1zQM68gKQcfVGEzEpump,Killswitch,t30,30,1.5693728453460108e-07,2.5154
BwBFxTNL7kA1wr4dwFw8tZRE1zQM68gKQcfVGEzEpump,Killswitch,t60,60,1.3026693317598963e-07,2.0879
BwBFxTNL7kA1wr4dwFw8tZRE1zQM68gKQcfVGEzEpump,Killswitch,t120,120,1.8326958290594355e-07,2.9374
BwBFxTNL7kA1wr4dwFw8tZRE1zQM68gKQcfVGEzEpump,Killswitch,t300,300,2.506376090091767e-07,4.0172
BwBFxTNL7kA1wr4dwFw8tZRE1zQM68gKQcfVGEzEpump,Killswitch,window_peak,288.0,2.6423724150184086e-07,4.2352
GZZJZVNpy6P2D3B51r4vEfbEXJDz4fFVamNXBCa3pump,Restricted,end_of_second_0,0,1.9108381852955642e-07,3.0627
GZZJZVNpy6P2D3B51r4vEfbEXJDz4fFVamNXBCa3pump,Restricted,dev_zero,18.0,1.392526072633169e-07,2.2319
GZZJZVNpy6P2D3B51r4vEfbEXJDz4fFVamNXBCa3pump,Restricted,t30,30,1.0504544726866092e-07,1.6837
GZZJZVNpy6P2D3B51r4vEfbEXJDz4fFVamNXBCa3pump,Restricted,t60,60,1.1876667693196729e-07,1.9036
GZZJZVNpy6P2D3B51r4vEfbEXJDz4fFVamNXBCa3pump,Restricted,t120,120,1.0963844550358814e-07,1.7573
GZZJZVNpy6P2D3B51r4vEfbEXJDz4fFVamNXBCa3pump,Restricted,t300,300,7.59449040613426e-08,1.2172
GZZJZVNpy6P2D3B51r4vEfbEXJDz4fFVamNXBCa3pump,Restricted,window_peak,1.0,2.5118585303645816e-07,4.026
4moo1vE7oReTVzhMwx7awW2Ue8vSZncKpvCS1PV6pump,Lele,end_of_second_0,0,1.5961809064853928e-07,2.5583
4moo1vE7oReTVzhMwx7awW2Ue8vSZncKpvCS1PV6pump,Lele,dev_zero,18.0,1.409090115111346e-07,2.2585
4moo1vE7oReTVzhMwx7awW2Ue8vSZncKpvCS1PV6pump,Lele,t30,30,1.1798501568889472e-07,1.8911
4moo1vE7oReTVzhMwx7awW2Ue8vSZncKpvCS1PV6pump,Lele,t60,60,1.244562349642174e-07,1.9948
4moo1vE7oReTVzhMwx7awW2Ue8vSZncKpvCS1PV6pump,Lele,t120,120,1.2800193929270976e-07,2.0516
4moo1vE7oReTVzhMwx7awW2Ue8vSZncKpvCS1PV6pump,Lele,t300,300,1.3104176288835677e-07,2.1003
4moo1vE7oReTVzhMwx7awW2Ue8vSZncKpvCS1PV6pump,Lele,window_peak,2.0,2.2206951738100714e-07,3.5593
Dx55tp8UGDZV51hy99hUq3ZPRqnsVeWBd2f59Lhppump,马克,end_of_second_0,0,1.7327361925261976e-07,2.7772
Dx55tp8UGDZV51hy99hUq3ZPRqnsVeWBd2f59Lhppump,马克,dev_zero,17.0,1.3331012144703798e-07,2.1367
Dx55tp8UGDZV51hy99hUq3ZPRqnsVeWBd2f59Lhppump,马克,t30,30,1.3961267406754106e-07,2.2377
Dx55tp8UGDZV51hy99hUq3ZPRqnsVeWBd2f59Lhppump,马克,t60,60,1.3212929671592863e-07,2.1178
Dx55tp8UGDZV51hy99hUq3ZPRqnsVeWBd2f59Lhppump,马克,t120,120,1.6274989528073016e-07,2.6085
Dx55tp8UGDZV51hy99hUq3ZPRqnsVeWBd2f59Lhppump,马克,window_peak,1.0,2.2192264688028075e-07,3.557
6HWgQuKsq96UguqoZPfeLxN9TgNTq18yUrKv6EvEpump,Cracked,end_of_second_0,0,1.2951270172652703e-07,2.0758
6HWgQuKsq96UguqoZPfeLxN9TgNTq18yUrKv6EvEpump,Cracked,dev_zero,16.0,1.2153527561512692e-07,1.948
6HWgQuKsq96UguqoZPfeLxN9TgNTq18yUrKv6EvEpump,Cracked,t30,30,1.0146636745412029e-07,1.6263
6HWgQuKsq96UguqoZPfeLxN9TgNTq18yUrKv6EvEpump,Cracked,t60,60,1.1052728701890411e-07,1.7715
6HWgQuKsq96UguqoZPfeLxN9TgNTq18yUrKv6EvEpump,Cracked,window_peak,2.0,2.2281996304995848e-07,3.5713
6cmSs58irWKE2ayjUouJgawxgM6zvhqVdnZPRV7Zpump,Dale,end_of_second_0,0,1.762686426898564e-07,2.8252
6cmSs58irWKE2ayjUouJgawxgM6zvhqVdnZPRV7Zpump,Dale,dev_zero,11.0,1.500690821247348e-07,2.4053
6cmSs58irWKE2ayjUouJgawxgM6zvhqVdnZPRV7Zpump,Dale,t30,30,1.3096375397298623e-07,2.0991
6cmSs58irWKE2ayjUouJgawxgM6zvhqVdnZPRV7Zpump,Dale,t60,60,1.089074879565626e-07,1.7456
6cmSs58irWKE2ayjUouJgawxgM6zvhqVdnZPRV7Zpump,Dale,t120,120,1.2655078579439768e-07,2.0283
6cmSs58irWKE2ayjUouJgawxgM6zvhqVdnZPRV7Zpump,Dale,window_peak,1.0,2.0595387705891828e-07,3.301
6mXDkq6ytS174mGXqBbLareojc89drKi1sZuG7WDpump,nobrainer,end_of_second_0,0,1.9689507991237276e-07,3.1558
6mXDkq6ytS174mGXqBbLareojc89drKi1sZuG7WDpump,nobrainer,dev_zero,15.0,1.9050860866526342e-07,3.0535
6mXDkq6ytS174mGXqBbLareojc89drKi1sZuG7WDpump,nobrainer,t30,30,1.60713670546433e-07,2.5759
6mXDkq6ytS174mGXqBbLareojc89drKi1sZuG7WDpump,nobrainer,t60,60,1.1869104578163167e-07,1.9024
6mXDkq6ytS174mGXqBbLareojc89drKi1sZuG7WDpump,nobrainer,window_peak,2.0,2.646447935103553e-07,4.2417
7333nQt9wsxqaYipXdC96Jq3wNZZpVoFf4tiFraEpump,Sol,end_of_second_0,0,1.8606217762117598e-07,2.9822
7333nQt9wsxqaYipXdC96Jq3wNZZpVoFf4tiFraEpump,Sol,dev_zero,17.0,1.4436603842562732e-07,2.3139
7333nQt9wsxqaYipXdC96Jq3wNZZpVoFf4tiFraEpump,Sol,t30,30,9.177468758112046e-08,1.471
7333nQt9wsxqaYipXdC96Jq3wNZZpVoFf4tiFraEpump,Sol,t60,60,5.8482741039271136e-08,0.9374
7333nQt9wsxqaYipXdC96Jq3wNZZpVoFf4tiFraEpump,Sol,t120,120,5.283805446121752e-08,0.8469
7333nQt9wsxqaYipXdC96Jq3wNZZpVoFf4tiFraEpump,Sol,t300,300,7.023672914771371e-08,1.1258
7333nQt9wsxqaYipXdC96Jq3wNZZpVoFf4tiFraEpump,Sol,window_peak,5.0,4.20357535411812e-07,6.7375
GxN4wsPK42AsN8xgaj6xMynFmdCwHyeCGGgvGNF3pump,Spam,end_of_second_0,0,1.5726101321270076e-07,2.5206
GxN4wsPK42AsN8xgaj6xMynFmdCwHyeCGGgvGNF3pump,Spam,dev_zero,14.0,2.1111198670534993e-07,3.3837
GxN4wsPK42AsN8xgaj6xMynFmdCwHyeCGGgvGNF3pump,Spam,t30,30,1.2266810936415434e-07,1.9661
GxN4wsPK42AsN8xgaj6xMynFmdCwHyeCGGgvGNF3pump,Spam,t60,60,1.3130215393042082e-07,2.1045
GxN4wsPK42AsN8xgaj6xMynFmdCwHyeCGGgvGNF3pump,Spam,window_peak,1.0,2.1523863777374063e-07,3.4498
3BhUv3FtuuqBgM1n6yYEhEvQ78dpdR99v4frjmXUpump,Dummy,end_of_second_0,0,1.2951270172652703e-07,2.0758
3BhUv3FtuuqBgM1n6yYEhEvQ78dpdR99v4frjmXUpump,Dummy,dev_zero,15.0,3.260335803626149e-07,5.2256
3BhUv3FtuuqBgM1n6yYEhEvQ78dpdR99v4frjmXUpump,Dummy,t30,30,2.8089991434936847e-07,4.5022
3BhUv3FtuuqBgM1n6yYEhEvQ78dpdR99v4frjmXUpump,Dummy,t60,60,4.752583751883891e-07,7.6174
3BhUv3FtuuqBgM1n6yYEhEvQ78dpdR99v4frjmXUpump,Dummy,t120,120,5.263235137787309e-07,8.4359
3BhUv3FtuuqBgM1n6yYEhEvQ78dpdR99v4frjmXUpump,Dummy,window_peak,57.0,5.938298312178434e-07,9.5179
9dXyJoRc8vXfE1YATFfh3FkK4d5yg5NEUodoPmfspump,Us,end_of_second_0,0,1.6385254876156249e-07,2.6262
9dXyJoRc8vXfE1YATFfh3FkK4d5yg5NEUodoPmfspump,Us,dev_zero,13.0,1.5461147722889156e-07,2.4781
9dXyJoRc8vXfE1YATFfh3FkK4d5yg5NEUodoPmfspump,Us,t30,30,1.2850128330314503e-07,2.0596
9dXyJoRc8vXfE1YATFfh3FkK4d5yg5NEUodoPmfspump,Us,t60,60,1.2443985669444777e-07,1.9945
9dXyJoRc8vXfE1YATFfh3FkK4d5yg5NEUodoPmfspump,Us,t120,120,1.3400280132544796e-07,2.1478
9dXyJoRc8vXfE1YATFfh3FkK4d5yg5NEUodoPmfspump,Us,t300,300,9.993429515650943e-08,1.6017
9dXyJoRc8vXfE1YATFfh3FkK4d5yg5NEUodoPmfspump,Us,window_peak,1.0,1.9741247305840087e-07,3.1641
HHUMekq9aj3FP46dGW6ryFvUVoVKcRBZZg6hso3mpump,Jabarkus,end_of_second_0,0,1.8335548193381355e-07,2.9388
HHUMekq9aj3FP46dGW6ryFvUVoVKcRBZZg6hso3mpump,Jabarkus,dev_zero,16.0,1.4697063784797377e-07,2.3556
HHUMekq9aj3FP46dGW6ryFvUVoVKcRBZZg6hso3mpump,Jabarkus,t30,30,1.7777142287048687e-07,2.8493
HHUMekq9aj3FP46dGW6ryFvUVoVKcRBZZg6hso3mpump,Jabarkus,t60,60,1.989149509821285e-07,3.1882
HHUMekq9aj3FP46dGW6ryFvUVoVKcRBZZg6hso3mpump,Jabarkus,t120,120,2.0897904827779112e-07,3.3495
HHUMekq9aj3FP46dGW6ryFvUVoVKcRBZZg6hso3mpump,Jabarkus,window_peak,51.0,2.3322835304476962e-07,3.7382
3ujG4J8UVbyi5Kke7cZVe3qRirnbQvnAup9TtmBdpump,Lala,end_of_second_0,0,1.6953206693759232e-07,2.7173
3ujG4J8UVbyi5Kke7cZVe3qRirnbQvnAup9TtmBdpump,Lala,dev_zero,12.0,1.2752904167986532e-07,2.044
3ujG4J8UVbyi5Kke7cZVe3qRirnbQvnAup9TtmBdpump,Lala,t30,30,1.2079481951543408e-07,1.9361
3ujG4J8UVbyi5Kke7cZVe3qRirnbQvnAup9TtmBdpump,Lala,t60,60,1.3658913346598428e-07,2.1892
3ujG4J8UVbyi5Kke7cZVe3qRirnbQvnAup9TtmBdpump,Lala,t120,120,1.58044542792613e-07,2.5331
3ujG4J8UVbyi5Kke7cZVe3qRirnbQvnAup9TtmBdpump,Lala,t300,300,3.202733670801734e-07,5.1333
3ujG4J8UVbyi5Kke7cZVe3qRirnbQvnAup9TtmBdpump,Lala,window_peak,245.0,4.108801703001072e-07,6.5856
BQDTXj9bvYRY9hksEmnXVMxsPu5VwFDW3bwiXpiDpump,Sagawa,end_of_second_0,0,2.0189851939506742e-07,3.236
BQDTXj9bvYRY9hksEmnXVMxsPu5VwFDW3bwiXpiDpump,Sagawa,dev_zero,10.0,1.3211086084294972e-07,2.1175
BQDTXj9bvYRY9hksEmnXVMxsPu5VwFDW3bwiXpiDpump,Sagawa,t30,30,1.1758895671208307e-07,1.8847
BQDTXj9bvYRY9hksEmnXVMxsPu5VwFDW3bwiXpiDpump,Sagawa,t60,60,1.4538279401050466e-07,2.3302
BQDTXj9bvYRY9hksEmnXVMxsPu5VwFDW3bwiXpiDpump,Sagawa,t120,120,2.047754718860928e-07,3.2821
BQDTXj9bvYRY9hksEmnXVMxsPu5VwFDW3bwiXpiDpump,Sagawa,t300,300,1.8871589595278485e-07,3.0247
BQDTXj9bvYRY9hksEmnXVMxsPu5VwFDW3bwiXpiDpump,Sagawa,window_peak,219.0,2.9915923580239147e-07,4.7949
AxshJi4UveAFeB7gz1XJmPbqQz86mLSSGTLJKyrNpump,papoi,end_of_second_0,0,1.6156426426688185e-07,2.5895
AxshJi4UveAFeB7gz1XJmPbqQz86mLSSGTLJKyrNpump,papoi,dev_zero,16.0,1.1825616293626923e-07,1.8954
AxshJi4UveAFeB7gz1XJmPbqQz86mLSSGTLJKyrNpump,papoi,t30,30,1.2927828642537752e-07,2.0721
AxshJi4UveAFeB7gz1XJmPbqQz86mLSSGTLJKyrNpump,papoi,t60,60,1.681146754942881e-07,2.6945
AxshJi4UveAFeB7gz1XJmPbqQz86mLSSGTLJKyrNpump,papoi,t120,120,2.855752190389418e-07,4.5772
AxshJi4UveAFeB7gz1XJmPbqQz86mLSSGTLJKyrNpump,papoi,t300,300,2.504665072791709e-07,4.0145
AxshJi4UveAFeB7gz1XJmPbqQz86mLSSGTLJKyrNpump,papoi,window_peak,210.0,4.3891777640839614e-07,7.0349
2XXdGaoXw6jjenAZ4mUXrZU8BZzDXAzyoxXcsn5Spump,AI,end_of_second_0,0,1.698371347511423e-07,2.7221
2XXdGaoXw6jjenAZ4mUXrZU8BZzDXAzyoxXcsn5Spump,AI,dev_zero,10.0,1.0090330837057965e-07,1.6173
2XXdGaoXw6jjenAZ4mUXrZU8BZzDXAzyoxXcsn5Spump,AI,t30,30,8.954195316334919e-08,1.4352
2XXdGaoXw6jjenAZ4mUXrZU8BZzDXAzyoxXcsn5Spump,AI,t60,60,8.180451924434598e-08,1.3112
2XXdGaoXw6jjenAZ4mUXrZU8BZzDXAzyoxXcsn5Spump,AI,t120,120,7.354907290627127e-08,1.1788
2XXdGaoXw6jjenAZ4mUXrZU8BZzDXAzyoxXcsn5Spump,AI,t300,300,1.0991425097641193e-07,1.7617
2XXdGaoXw6jjenAZ4mUXrZU8BZzDXAzyoxXcsn5Spump,AI,window_peak,1.0,2.1468653017896801e-07,3.441
DGWppJtfyyTb1FXCw9M88bYwP6QbWdw5v5wpYy2Qpump,Gus,end_of_second_0,0,1.593942125425794e-07,2.5548
DGWppJtfyyTb1FXCw9M88bYwP6QbWdw5v5wpYy2Qpump,Gus,dev_zero,9.0,8.596133954132463e-08,1.3778
DGWppJtfyyTb1FXCw9M88bYwP6QbWdw5v5wpYy2Qpump,Gus,t30,30,8.364626014923337e-08,1.3407
DGWppJtfyyTb1FXCw9M88bYwP6QbWdw5v5wpYy2Qpump,Gus,t60,60,9.571992438844206e-08,1.5342
DGWppJtfyyTb1FXCw9M88bYwP6QbWdw5v5wpYy2Qpump,Gus,window_peak,1.0,2.111002226953734e-07,3.3835
7sg3WtyB8ceeJPxeLrKgYvGZqz95xaftdxdixCDWpump,bug,end_of_second_0,0,1.824997050369707e-07,2.9251
7sg3WtyB8ceeJPxeLrKgYvGZqz95xaftdxdixCDWpump,bug,dev_zero,10.0,1.0234003053677737e-07,1.6403
7sg3WtyB8ceeJPxeLrKgYvGZqz95xaftdxdixCDWpump,bug,t30,30,7.413735662444552e-08,1.1883
7sg3WtyB8ceeJPxeLrKgYvGZqz95xaftdxdixCDWpump,bug,t60,60,9.140062071183632e-08,1.465
7sg3WtyB8ceeJPxeLrKgYvGZqz95xaftdxdixCDWpump,bug,window_peak,2.0,2.1220459313963576e-07,3.4012
PVSnrYxBZTfPqzn4sMuiRXt2bUnRvR2b58QaqgDpump,Ripple,end_of_second_0,0,1.6052143750473432e-07,2.5728
PVSnrYxBZTfPqzn4sMuiRXt2bUnRvR2b58QaqgDpump,Ripple,dev_zero,11.0,1.1286786002703938e-07,1.809
PVSnrYxBZTfPqzn4sMuiRXt2bUnRvR2b58QaqgDpump,Ripple,t30,30,8.70610665499245e-08,1.3954
PVSnrYxBZTfPqzn4sMuiRXt2bUnRvR2b58QaqgDpump,Ripple,t60,60,1.0378516893640096e-07,1.6635
PVSnrYxBZTfPqzn4sMuiRXt2bUnRvR2b58QaqgDpump,Ripple,window_peak,1.0,2.1133684446309475e-07,3.3873
2HXK4CBcYeJQezA1MxNgSCHgXDx3kYgpe4ivk1hZpump,Benben,end_of_second_0,0,1.5334289999318224e-07,2.4578
2HXK4CBcYeJQezA1MxNgSCHgXDx3kYgpe4ivk1hZpump,Benben,dev_zero,15.0,1.4044245220929565e-07,2.251
2HXK4CBcYeJQezA1MxNgSCHgXDx3kYgpe4ivk1hZpump,Benben,t30,30,1.1209241970933315e-07,1.7966
2HXK4CBcYeJQezA1MxNgSCHgXDx3kYgpe4ivk1hZpump,Benben,t60,60,1.0865776263774801e-07,1.7416
2HXK4CBcYeJQezA1MxNgSCHgXDx3kYgpe4ivk1hZpump,Benben,window_peak,3.0,2.0866824156979332e-07,3.3445
5K1ynvA5u4zvyUt2zDcP3UU5uJxUMNPmxj1wManmpump,Haru,end_of_second_0,0,1.6493247745708563e-07,2.6435
5K1ynvA5u4zvyUt2zDcP3UU5uJxUMNPmxj1wManmpump,Haru,dev_zero,18.0,8.923196507048202e-08,1.4302
5K1ynvA5u4zvyUt2zDcP3UU5uJxUMNPmxj1wManmpump,Haru,t30,30,8.32612460568067e-08,1.3345
5K1ynvA5u4zvyUt2zDcP3UU5uJxUMNPmxj1wManmpump,Haru,t60,60,8.874793887468813e-08,1.4224
5K1ynvA5u4zvyUt2zDcP3UU5uJxUMNPmxj1wManmpump,Haru,window_peak,2.0,2.0054726108377767e-07,3.2144
7dMQWa2QW8U42BFQBHriMWxwJLufL939pezXBZfipump,Cozy,end_of_second_0,0,1.9452800576433286e-07,3.1179
7dMQWa2QW8U42BFQBHriMWxwJLufL939pezXBZfipump,Cozy,dev_zero,24.0,1.2542050505392392e-07,2.0102
7dMQWa2QW8U42BFQBHriMWxwJLufL939pezXBZfipump,Cozy,t30,30,9.204991721003074e-08,1.4754
7dMQWa2QW8U42BFQBHriMWxwJLufL939pezXBZfipump,Cozy,t60,60,8.162387412357152e-08,1.3083
7dMQWa2QW8U42BFQBHriMWxwJLufL939pezXBZfipump,Cozy,window_peak,1.0,2.1287082571711562e-07,3.4119
5XtdwC6NwagPFuBkHKFGZw6apmRV1aR4LYydXsvppump,chill,end_of_second_0,0,1.5814452697421345e-07,2.5347
5XtdwC6NwagPFuBkHKFGZw6apmRV1aR4LYydXsvppump,chill,dev_zero,24.0,8.035626991664589e-08,1.2879
5XtdwC6NwagPFuBkHKFGZw6apmRV1aR4LYydXsvppump,chill,t30,30,6.931943245599969e-08,1.111
5XtdwC6NwagPFuBkHKFGZw6apmRV1aR4LYydXsvppump,chill,t60,60,6.645843416292847e-08,1.0652
5XtdwC6NwagPFuBkHKFGZw6apmRV1aR4LYydXsvppump,chill,window_peak,1.0,1.9585059996241252e-07,3.1391
FmTxW5tevUFbFKNdrQbCbfmcfrGbjH6DtW2MJyyopump,Paningning,end_of_second_0,0,1.6058084588487522e-07,2.5738
FmTxW5tevUFbFKNdrQbCbfmcfrGbjH6DtW2MJyyopump,Paningning,dev_zero,19.0,1.0621210061842649e-07,1.7024
FmTxW5tevUFbFKNdrQbCbfmcfrGbjH6DtW2MJyyopump,Paningning,t30,30,9.480018819946033e-08,1.5195
FmTxW5tevUFbFKNdrQbCbfmcfrGbjH6DtW2MJyyopump,Paningning,t60,60,1.1464614538053511e-07,1.8375
FmTxW5tevUFbFKNdrQbCbfmcfrGbjH6DtW2MJyyopump,Paningning,window_peak,2.0,1.9519153482818352e-07,3.1285
FgugfvpbfMyJotGb4rijVDSHQueDmvXDwxKR7Lgpump,cat,end_of_second_0,0,1.7055774870117654e-07,2.7337
FgugfvpbfMyJotGb4rijVDSHQueDmvXDwxKR7Lgpump,cat,dev_zero,15.0,8.570236440155014e-08,1.3736
FgugfvpbfMyJotGb4rijVDSHQueDmvXDwxKR7Lgpump,cat,t30,30,8.537869717242091e-08,1.3684
FgugfvpbfMyJotGb4rijVDSHQueDmvXDwxKR7Lgpump,cat,t60,60,8.68301774863197e-08,1.3917
FgugfvpbfMyJotGb4rijVDSHQueDmvXDwxKR7Lgpump,cat,window_peak,0.0,1.7861891372797825e-07,2.8629
GRFGFrLtM5N1znXAhLPXsajXBf6DHho2SEhcDUqgpump,Robbinghood,end_of_second_0,0,1.9089270084727569e-07,3.0596
GRFGFrLtM5N1znXAhLPXsajXBf6DHho2SEhcDUqgpump,Robbinghood,dev_zero,21.0,1.2126302118264377e-07,1.9436
GRFGFrLtM5N1znXAhLPXsajXBf6DHho2SEhcDUqgpump,Robbinghood,t30,30,1.1021829225470477e-07,1.7666
GRFGFrLtM5N1znXAhLPXsajXBf6DHho2SEhcDUqgpump,Robbinghood,t60,60,9.594517951074345e-08,1.5378
GRFGFrLtM5N1znXAhLPXsajXBf6DHho2SEhcDUqgpump,Robbinghood,window_peak,2.0,2.1774565072067008e-07,3.49
6DoLTBDEsvDswhUo6HwXPH5kDhY85k9x3pC7g6KVpump,Lockin,end_of_second_0,0,5.920097902776908e-07,6.0383
6DoLTBDEsvDswhUo6HwXPH5kDhY85k9x3pC7g6KVpump,Lockin,t30,30,2.9065654904079847e-07,2.9646
6DoLTBDEsvDswhUo6HwXPH5kDhY85k9x3pC7g6KVpump,Lockin,t60,60,2.9954289576937153e-07,3.0553
6DoLTBDEsvDswhUo6HwXPH5kDhY85k9x3pC7g6KVpump,Lockin,window_peak,0.0,6.087142874858265e-07,6.2087
3KJJ6UdnEYWG7HK39NTKxpi8GzJWLRe2wYV1zBfcpump,bob,end_of_second_0,0,1.783646573358277e-07,2.8588
3KJJ6UdnEYWG7HK39NTKxpi8GzJWLRe2wYV1zBfcpump,bob,dev_zero,23.0,8.829167411518567e-08,1.4151
3KJJ6UdnEYWG7HK39NTKxpi8GzJWLRe2wYV1zBfcpump,bob,t30,30,7.189616106734159e-08,1.1523
3KJJ6UdnEYWG7HK39NTKxpi8GzJWLRe2wYV1zBfcpump,bob,t60,60,7.227372773412514e-08,1.1584
3KJJ6UdnEYWG7HK39NTKxpi8GzJWLRe2wYV1zBfcpump,bob,window_peak,1.0,2.2078591434362513e-07,3.5387
9uyrFtA4gM4X7UZN9wS892anAKoAP9tjpdruBT85pump,Yui,end_of_second_0,0,1.7985458247220825e-07,2.8827
9uyrFtA4gM4X7UZN9wS892anAKoAP9tjpdruBT85pump,Yui,dev_zero,18.0,9.013696620121482e-08,1.4447
9uyrFtA4gM4X7UZN9wS892anAKoAP9tjpdruBT85pump,Yui,t30,30,9.471881639184196e-08,1.5181
9uyrFtA4gM4X7UZN9wS892anAKoAP9tjpdruBT85pump,Yui,t60,60,1.1050852523480812e-07,1.7712
9uyrFtA4gM4X7UZN9wS892anAKoAP9tjpdruBT85pump,Yui,window_peak,2.0,2.2901689616818055e-07,3.6707
AXWqvGRy7q4e4xpZY1F3N7fjfZ1QgiY3weZCLxefpump,Trump,end_of_second_0,0,4.1954809949223436e-07,1.8133
AXWqvGRy7q4e4xpZY1F3N7fjfZ1QgiY3weZCLxefpump,Trump,t30,30,1.047075349309769e-06,4.5256
AXWqvGRy7q4e4xpZY1F3N7fjfZ1QgiY3weZCLxefpump,Trump,t60,60,7.620675971477857e-07,3.2937
AXWqvGRy7q4e4xpZY1F3N7fjfZ1QgiY3weZCLxefpump,Trump,window_peak,35.0,1.4022000850984467e-06,6.0605
TH2YAkgTu82ur3Cr7dX9fEvqUgfuSgSViizroo5pump,Chudimals,end_of_second_0,0,1.80405935475592e-07,2.8915
TH2YAkgTu82ur3Cr7dX9fEvqUgfuSgSViizroo5pump,Chudimals,dev_zero,18.0,7.65906774767279e-08,1.2276
TH2YAkgTu82ur3Cr7dX9fEvqUgfuSgSViizroo5pump,Chudimals,t30,30,6.896408304692877e-08,1.1054
TH2YAkgTu82ur3Cr7dX9fEvqUgfuSgSViizroo5pump,Chudimals,t60,60,7.704156756551752e-08,1.2348
TH2YAkgTu82ur3Cr7dX9fEvqUgfuSgSViizroo5pump,Chudimals,window_peak,1.0,2.339271095275779e-07,3.7494
3ySgaPqYE2XWsepKi6drYFnKhzsa4MUFPNk1uomepump,Bulls,end_of_second_0,0,3.5365677990413876e-07,1.9658
3ySgaPqYE2XWsepKi6drYFnKhzsa4MUFPNk1uomepump,Bulls,t30,30,5.334221738561464e-07,2.965
3ySgaPqYE2XWsepKi6drYFnKhzsa4MUFPNk1uomepump,Bulls,t60,60,3.310830065447081e-07,1.8403
3ySgaPqYE2XWsepKi6drYFnKhzsa4MUFPNk1uomepump,Bulls,window_peak,18.0,6.908119063483487e-07,3.8399
Cw8pzbFogvkryGDS8fZkjFrVueaur1taynqRu1rtpump,float,end_of_second_0,0,2.573642829638905e-07,2.625
Cw8pzbFogvkryGDS8fZkjFrVueaur1taynqRu1rtpump,float,t30,30,4.5693872240930176e-07,4.6606
Cw8pzbFogvkryGDS8fZkjFrVueaur1taynqRu1rtpump,float,t60,60,2.3174044511684032e-07,2.3637
Cw8pzbFogvkryGDS8fZkjFrVueaur1taynqRu1rtpump,float,window_peak,36.0,6.551698310829639e-07,6.6825
HcFyoZpa68HL5RfMftYBM4RETxgtQdpCFkWaMMcGpump,250,end_of_second_0,0,1.7711535275635904e-07,2.8388
HcFyoZpa68HL5RfMftYBM4RETxgtQdpCFkWaMMcGpump,250,dev_zero,14.0,8.800057944711468e-08,1.4105
HcFyoZpa68HL5RfMftYBM4RETxgtQdpCFkWaMMcGpump,250,t30,30,6.216725143611309e-08,0.9964
HcFyoZpa68HL5RfMftYBM4RETxgtQdpCFkWaMMcGpump,250,t60,60,6.399882019469762e-08,1.0258
HcFyoZpa68HL5RfMftYBM4RETxgtQdpCFkWaMMcGpump,250,window_peak,1.0,2.151361357036093e-07,3.4482
EYN1xR5V41eG14eWC5eoHr5s4CnEt3KWb2WEvhd8pump,AIB,end_of_second_0,0,1.767060986372601e-07,2.8322
EYN1xR5V41eG14eWC5eoHr5s4CnEt3KWb2WEvhd8pump,AIB,dev_zero,16.0,9.289000879108218e-08,1.4888
EYN1xR5V41eG14eWC5eoHr5s4CnEt3KWb2WEvhd8pump,AIB,t30,30,6.248783789656247e-08,1.0016
EYN1xR5V41eG14eWC5eoHr5s4CnEt3KWb2WEvhd8pump,AIB,t60,60,6.94621703606218e-08,1.1133
EYN1xR5V41eG14eWC5eoHr5s4CnEt3KWb2WEvhd8pump,AIB,window_peak,1.0,2.0761227671988212e-07,3.3276
QaL6zWWUqsaXYXgUofeUjXy1Swmwx7tA9JQZZZDpump,POW,end_of_second_0,0,1.619373621411453e-07,2.5955
QaL6zWWUqsaXYXgUofeUjXy1Swmwx7tA9JQZZZDpump,POW,dev_zero,13.0,1.0269376413235877e-07,1.646
QaL6zWWUqsaXYXgUofeUjXy1Swmwx7tA9JQZZZDpump,POW,t30,30,1.2718021342993075e-07,2.0384
QaL6zWWUqsaXYXgUofeUjXy1Swmwx7tA9JQZZZDpump,POW,t60,60,1.1737363830349365e-07,1.8813
QaL6zWWUqsaXYXgUofeUjXy1Swmwx7tA9JQZZZDpump,POW,window_peak,3.0,2.0172852927939647e-07,3.2333
2K3rNJbmK9JXqPQtLaCteUQJ2ps2bQ9fr5w8rtC7pump,luna,end_of_second_0,0,1.8095735834140796e-07,2.9004
2K3rNJbmK9JXqPQtLaCteUQJ2ps2bQ9fr5w8rtC7pump,luna,dev_zero,13.0,7.529918643244807e-08,1.2069
2K3rNJbmK9JXqPQtLaCteUQJ2ps2bQ9fr5w8rtC7pump,luna,t30,30,7.249578097401042e-08,1.162
2K3rNJbmK9JXqPQtLaCteUQJ2ps2bQ9fr5w8rtC7pump,luna,t60,60,6.353861201287038e-08,1.0184
2K3rNJbmK9JXqPQtLaCteUQJ2ps2bQ9fr5w8rtC7pump,luna,window_peak,1.0,2.1530658367266167e-07,3.4509
8RxXax9Npp8bb6RV9pTeC8QWdjf8fkwGWwboigempump,muu,end_of_second_0,0,1.804563348149252e-07,2.8923
8RxXax9Npp8bb6RV9pTeC8QWdjf8fkwGWwboigempump,muu,dev_zero,18.0,1.1039267777713737e-07,1.7694
8RxXax9Npp8bb6RV9pTeC8QWdjf8fkwGWwboigempump,muu,t30,30,9.886976684441578e-08,1.5847
8RxXax9Npp8bb6RV9pTeC8QWdjf8fkwGWwboigempump,muu,t60,60,1.1569335458746952e-07,1.8543
8RxXax9Npp8bb6RV9pTeC8QWdjf8fkwGWwboigempump,muu,window_peak,1.0,3.125717072837102e-07,5.0099
GJb2iDKzRBdjdS46Q3Z4hPxJLkhjN7qyVZVYFHXjpump,itsy,end_of_second_0,0,1.2951270172251725e-07,2.0758
GJb2iDKzRBdjdS46Q3Z4hPxJLkhjN7qyVZVYFHXjpump,itsy,dev_zero,22.0,1.0833349146621797e-07,1.7364
GJb2iDKzRBdjdS46Q3Z4hPxJLkhjN7qyVZVYFHXjpump,itsy,t30,30,1.0273849154569436e-07,1.6467
GJb2iDKzRBdjdS46Q3Z4hPxJLkhjN7qyVZVYFHXjpump,itsy,t60,60,1.0360168914906695e-07,1.6605
GJb2iDKzRBdjdS46Q3Z4hPxJLkhjN7qyVZVYFHXjpump,itsy,window_peak,2.0,2.1160181368565496e-07,3.3915
F2G2n8N66KZa1EidkLxHJRs5Zes89Bfjdgqip5MQpump,punch,end_of_second_0,0,1.6589335671451762e-07,2.6589
F2G2n8N66KZa1EidkLxHJRs5Zes89Bfjdgqip5MQpump,punch,dev_zero,19.0,1.1486032726216132e-07,1.841
F2G2n8N66KZa1EidkLxHJRs5Zes89Bfjdgqip5MQpump,punch,t30,30,1.209169606239998e-07,1.9381
F2G2n8N66KZa1EidkLxHJRs5Zes89Bfjdgqip5MQpump,punch,t60,60,9.93562590633069e-08,1.5925
F2G2n8N66KZa1EidkLxHJRs5Zes89Bfjdgqip5MQpump,punch,window_peak,1.0,2.0456793661854982e-07,3.2788
AKvo9h7sKSW8je7psL4nZLCGpTK2ZSKQD2AFNDR9pump,relax,end_of_second_0,0,1.6556836905008753e-07,2.6537
AKvo9h7sKSW8je7psL4nZLCGpTK2ZSKQD2AFNDR9pump,relax,dev_zero,21.0,1.2677518074907026e-07,2.0319
AKvo9h7sKSW8je7psL4nZLCGpTK2ZSKQD2AFNDR9pump,relax,t30,30,1.238030859117855e-07,1.9843
AKvo9h7sKSW8je7psL4nZLCGpTK2ZSKQD2AFNDR9pump,relax,t60,60,1.476532358660815e-07,2.3666
AKvo9h7sKSW8je7psL4nZLCGpTK2ZSKQD2AFNDR9pump,relax,window_peak,2.0,2.1195821812431608e-07,3.3973
BB55VR9sdrXLZjEx94gToBMnMNF2qoT7PmkHqbuWpump,doug,end_of_second_0,0,1.847104608987488e-07,2.9605
BB55VR9sdrXLZjEx94gToBMnMNF2qoT7PmkHqbuWpump,doug,dev_zero,15.0,6.840240562887579e-08,1.0963
BB55VR9sdrXLZjEx94gToBMnMNF2qoT7PmkHqbuWpump,doug,t30,30,6.192808889970188e-08,0.9926
BB55VR9sdrXLZjEx94gToBMnMNF2qoT7PmkHqbuWpump,doug,t60,60,5.05606982322178e-08,0.8104
BB55VR9sdrXLZjEx94gToBMnMNF2qoT7PmkHqbuWpump,doug,window_peak,1.0,2.2378933497161488e-07,3.5869
V2ZjLZT5cCfLZXUukcG72Xz1BxSPMyD6FPtgg58pump,Float,end_of_second_0,0,3.649992688804306e-07,2.0289
V2ZjLZT5cCfLZXUukcG72Xz1BxSPMyD6FPtgg58pump,Float,t30,30,4.629661870793077e-07,2.5734
V2ZjLZT5cCfLZXUukcG72Xz1BxSPMyD6FPtgg58pump,Float,t60,60,8.799553904316855e-07,4.8913
V2ZjLZT5cCfLZXUukcG72Xz1BxSPMyD6FPtgg58pump,Float,window_peak,60.0,8.799553904316855e-07,4.8913
HG5n378tCKpifGc4MgZqiH8yfqbxiSVcVB4ES5zspump,Max,end_of_second_0,0,1.8272747467111605e-07,2.9287
HG5n378tCKpifGc4MgZqiH8yfqbxiSVcVB4ES5zspump,Max,dev_zero,19.0,1.0422353531596019e-07,1.6705
HG5n378tCKpifGc4MgZqiH8yfqbxiSVcVB4ES5zspump,Max,t30,30,8.294409434001196e-08,1.3294
HG5n378tCKpifGc4MgZqiH8yfqbxiSVcVB4ES5zspump,Max,t60,60,8.200256425781492e-08,1.3143
HG5n378tCKpifGc4MgZqiH8yfqbxiSVcVB4ES5zspump,Max,window_peak,1.0,2.3048483319369912e-07,3.6942
7Gs7gFKec9xPQgoX4LnkaHMcUwHatdiRcwfUQ97Hpump,Bullieve,end_of_second_0,0,1.9412693776227352e-07,3.2997
7Gs7gFKec9xPQgoX4LnkaHMcUwHatdiRcwfUQ97Hpump,Bullieve,t30,30,1.3805749391301344e-07,2.3467
7Gs7gFKec9xPQgoX4LnkaHMcUwHatdiRcwfUQ97Hpump,Bullieve,t60,60,1.662321409545198e-07,2.8256
7Gs7gFKec9xPQgoX4LnkaHMcUwHatdiRcwfUQ97Hpump,Bullieve,window_peak,1.0,4.203641758440387e-07,7.1452
9Qab65FhveQekBiwDEV6er1vhYoNJmwdQgqhoKmQpump,bullcoin,end_of_second_0,0,1.8119988758268e-07,2.9043
9Qab65FhveQekBiwDEV6er1vhYoNJmwdQgqhoKmQpump,bullcoin,dev_zero,25.0,2.14941713931443e-07,3.4451
9Qab65FhveQekBiwDEV6er1vhYoNJmwdQgqhoKmQpump,bullcoin,t30,30,2.1281483353972192e-07,3.411
9Qab65FhveQekBiwDEV6er1vhYoNJmwdQgqhoKmQpump,bullcoin,t60,60,1.632098922828078e-07,2.6159
9Qab65FhveQekBiwDEV6er1vhYoNJmwdQgqhoKmQpump,bullcoin,window_peak,28.0,2.3866206056795343e-07,3.8253
FKeaJZ1nKME7uhkC1bUFGHUg33C52uLVH5bVMTetpump,Milly,end_of_second_0,0,2.5395058969500434e-07,2.5816
FKeaJZ1nKME7uhkC1bUFGHUg33C52uLVH5bVMTetpump,Milly,t30,30,4.557607283674641e-07,4.6332
FKeaJZ1nKME7uhkC1bUFGHUg33C52uLVH5bVMTetpump,Milly,t60,60,1.9717367724796515e-07,2.0044
FKeaJZ1nKME7uhkC1bUFGHUg33C52uLVH5bVMTetpump,Milly,window_peak,9.0,6.114354053814651e-07,6.2157
8mm6qx9GC8v16z8Ttfi5Zk1efmTPAETvYrshBCz6pump,Bull,end_of_second_0,0,1.4881654414889231e-07,2.3852
8mm6qx9GC8v16z8Ttfi5Zk1efmTPAETvYrshBCz6pump,Bull,dev_zero,16.0,1.0815956047551706e-07,1.7336
8mm6qx9GC8v16z8Ttfi5Zk1efmTPAETvYrshBCz6pump,Bull,t30,30,9.343167887114346e-08,1.4975
8mm6qx9GC8v16z8Ttfi5Zk1efmTPAETvYrshBCz6pump,Bull,t60,60,9.932174751002566e-08,1.5919
8mm6qx9GC8v16z8Ttfi5Zk1efmTPAETvYrshBCz6pump,Bull,window_peak,1.0,2.3570890006875575e-07,3.7779
dbjukFeNb3MaWAfX8CCHy4utNDbgLHhEi7FPn7Jpump,Gorda,end_of_second_0,0,1.8615823558273725e-07,2.9837
dbjukFeNb3MaWAfX8CCHy4utNDbgLHhEi7FPn7Jpump,Gorda,dev_zero,21.0,9.507087720963893e-08,1.5238
dbjukFeNb3MaWAfX8CCHy4utNDbgLHhEi7FPn7Jpump,Gorda,t30,30,1.0353622334296843e-07,1.6595
dbjukFeNb3MaWAfX8CCHy4utNDbgLHhEi7FPn7Jpump,Gorda,t60,60,8.468688061370235e-08,1.3574
dbjukFeNb3MaWAfX8CCHy4utNDbgLHhEi7FPn7Jpump,Gorda,window_peak,1.0,2.0121936649936764e-07,3.2251
83KSngkonyyJCuEQ7vfBnCFKyfGk6FttQnuQToUppump,Ran-Chan,end_of_second_0,0,1.2951270172251725e-07,2.0758
83KSngkonyyJCuEQ7vfBnCFKyfGk6FttQnuQToUppump,Ran-Chan,dev_zero,20.0,1.1057771465435079e-07,1.7723
83KSngkonyyJCuEQ7vfBnCFKyfGk6FttQnuQToUppump,Ran-Chan,t30,30,9.958350509312854e-08,1.5961
83KSngkonyyJCuEQ7vfBnCFKyfGk6FttQnuQToUppump,Ran-Chan,t60,60,9.363750956936611e-08,1.5008
83KSngkonyyJCuEQ7vfBnCFKyfGk6FttQnuQToUppump,Ran-Chan,window_peak,2.0,2.1263370093908573e-07,3.4081
5Yosn38PiL2nUHT4Sgoj3axjE85XcjrgMV2Utq6Ppump,MU,end_of_second_0,0,1.656629497430684e-07,2.6552
5Yosn38PiL2nUHT4Sgoj3axjE85XcjrgMV2Utq6Ppump,MU,dev_zero,23.0,1.1880063338924672e-07,1.9041
5Yosn38PiL2nUHT4Sgoj3axjE85XcjrgMV2Utq6Ppump,MU,t30,30,1.1136114709333663e-07,1.7849
5Yosn38PiL2nUHT4Sgoj3axjE85XcjrgMV2Utq6Ppump,MU,t60,60,1.2309440140706686e-07,1.9729
5Yosn38PiL2nUHT4Sgoj3axjE85XcjrgMV2Utq6Ppump,MU,window_peak,4.0,2.006135780214189e-07,3.2154
7wVuSgQV3TPJMQqyWQn31jj846V98GfEWHkVkGFDpump,Invasion,end_of_second_0,0,1.5743566929889265e-07,2.5234
7wVuSgQV3TPJMQqyWQn31jj846V98GfEWHkVkGFDpump,Invasion,dev_zero,24.0,1.0904099910193167e-07,1.7477
7wVuSgQV3TPJMQqyWQn31jj846V98GfEWHkVkGFDpump,Invasion,t30,30,1.2366952927186587e-07,1.9822
7wVuSgQV3TPJMQqyWQn31jj846V98GfEWHkVkGFDpump,Invasion,t60,60,9.807738873130733e-08,1.572
7wVuSgQV3TPJMQqyWQn31jj846V98GfEWHkVkGFDpump,Invasion,window_peak,2.0,2.1751773502455085e-07,3.4864
GW3wyPJYHGSaZbEb3hcXNvLhdEqr1YLoULXDcduApump,Sparkle,end_of_second_0,0,1.5726877689212073e-07,2.5207
GW3wyPJYHGSaZbEb3hcXNvLhdEqr1YLoULXDcduApump,Sparkle,dev_zero,23.0,8.778119237916811e-08,1.407
GW3wyPJYHGSaZbEb3hcXNvLhdEqr1YLoULXDcduApump,Sparkle,t30,30,1.0232517909264527e-07,1.6401
GW3wyPJYHGSaZbEb3hcXNvLhdEqr1YLoULXDcduApump,Sparkle,t60,60,9.09735269257773e-08,1.4581
GW3wyPJYHGSaZbEb3hcXNvLhdEqr1YLoULXDcduApump,Sparkle,window_peak,4.0,1.833997998229394e-07,2.9395
Br2QU7n8ELDNP5xD7c8v5PHisUT736paXVucqRM4pump,Pufferfish,end_of_second_0,0,1.6317833767792273e-07,2.6154
Br2QU7n8ELDNP5xD7c8v5PHisUT736paXVucqRM4pump,Pufferfish,dev_zero,24.0,1.0917038603190978e-07,1.7498
Br2QU7n8ELDNP5xD7c8v5PHisUT736paXVucqRM4pump,Pufferfish,t30,30,1.2322454499606284e-07,1.975
Br2QU7n8ELDNP5xD7c8v5PHisUT736paXVucqRM4pump,Pufferfish,t60,60,1.1511768200223754e-07,1.8451
Br2QU7n8ELDNP5xD7c8v5PHisUT736paXVucqRM4pump,Pufferfish,window_peak,1.0,2.2749785740760742e-07,3.6463
CbUZMbDLM7qRn2yDDhXA4kWTSwjtezhWH9YTC3qmpump,Rupert,end_of_second_0,0,1.509671396672469e-07,2.4197
CbUZMbDLM7qRn2yDDhXA4kWTSwjtezhWH9YTC3qmpump,Rupert,dev_zero,33.0,9.894200155919931e-08,1.5858
CbUZMbDLM7qRn2yDDhXA4kWTSwjtezhWH9YTC3qmpump,Rupert,t30,30,9.358879579773611e-08,1.5
CbUZMbDLM7qRn2yDDhXA4kWTSwjtezhWH9YTC3qmpump,Rupert,t60,60,8.080676605573178e-08,1.2952
CbUZMbDLM7qRn2yDDhXA4kWTSwjtezhWH9YTC3qmpump,Rupert,window_peak,2.0,1.920705354123437e-07,3.0785
C62QnxGVAa9AV4br5BpUzonaKxXc8jAczp6hFL47pump,Horse,end_of_second_0,0,1.6091142452294663e-07,2.5791
C62QnxGVAa9AV4br5BpUzonaKxXc8jAczp6hFL47pump,Horse,dev_zero,26.0,1.218594530012825e-07,1.9532
C62QnxGVAa9AV4br5BpUzonaKxXc8jAczp6hFL47pump,Horse,t30,30,1.338009277188505e-07,2.1446
C62QnxGVAa9AV4br5BpUzonaKxXc8jAczp6hFL47pump,Horse,t60,60,1.3459679693011547e-07,2.1573
C62QnxGVAa9AV4br5BpUzonaKxXc8jAczp6hFL47pump,Horse,window_peak,2.0,1.9953749682274258e-07,3.1982
BhpFrL1P674W73udftHSZUfqvgRkFpdxQk3tdUmFpump,Ronaldo,end_of_second_0,0,1.6787004277892025e-07,2.6906
BhpFrL1P674W73udftHSZUfqvgRkFpdxQk3tdUmFpump,Ronaldo,dev_zero,27.0,9.928423796885048e-08,1.5913
BhpFrL1P674W73udftHSZUfqvgRkFpdxQk3tdUmFpump,Ronaldo,t30,30,1.10347722485296e-07,1.7686
BhpFrL1P674W73udftHSZUfqvgRkFpdxQk3tdUmFpump,Ronaldo,t60,60,9.831237831066496e-08,1.5757
BhpFrL1P674W73udftHSZUfqvgRkFpdxQk3tdUmFpump,Ronaldo,window_peak,8.0,1.9355409373819425e-07,3.1023
3C8Hz8sqdwn4gUJaWek23PsRfvyDsVZhaqoKooNMpump,Arnold,end_of_second_0,0,1.6863519118261848e-07,2.7029
3C8Hz8sqdwn4gUJaWek23PsRfvyDsVZhaqoKooNMpump,Arnold,dev_zero,29.0,1.1669984863477006e-07,1.8705
3C8Hz8sqdwn4gUJaWek23PsRfvyDsVZhaqoKooNMpump,Arnold,t30,30,1.1712451029502633e-07,1.8773
3C8Hz8sqdwn4gUJaWek23PsRfvyDsVZhaqoKooNMpump,Arnold,t60,60,1.0174694898162974e-07,1.6308
3C8Hz8sqdwn4gUJaWek23PsRfvyDsVZhaqoKooNMpump,Arnold,window_peak,1.0,2.154088843837067e-07,3.4526
4tY3WSKcKXio57oBoT25vLHXKEparqkX1QgX4wxgpump,Shrek,end_of_second_0,0,1.6389944525972754e-07,2.627
4tY3WSKcKXio57oBoT25vLHXKEparqkX1QgX4wxgpump,Shrek,dev_zero,25.0,1.196340054223755e-07,1.9175
4tY3WSKcKXio57oBoT25vLHXKEparqkX1QgX4wxgpump,Shrek,t30,30,1.0910398070108843e-07,1.7487
4tY3WSKcKXio57oBoT25vLHXKEparqkX1QgX4wxgpump,Shrek,t60,60,1.2162123072951257e-07,1.9493
4tY3WSKcKXio57oBoT25vLHXKEparqkX1QgX4wxgpump,Shrek,window_peak,1.0,2.1495054366405884e-07,3.4452
x8JR3vcwY4uJfFLKfwjd9QHKWEvfJkKorFFEFe5pump,Pan,end_of_second_0,0,1.5831684851375196e-07,2.5375
x8JR3vcwY4uJfFLKfwjd9QHKWEvfJkKorFFEFe5pump,Pan,dev_zero,20.0,8.780307912717818e-08,1.4073
x8JR3vcwY4uJfFLKfwjd9QHKWEvfJkKorFFEFe5pump,Pan,t30,30,7.174230785367171e-08,1.1499
x8JR3vcwY4uJfFLKfwjd9QHKWEvfJkKorFFEFe5pump,Pan,t60,60,8.468780787818049e-08,1.3574
x8JR3vcwY4uJfFLKfwjd9QHKWEvfJkKorFFEFe5pump,Pan,window_peak,1.0,1.9977243166020509e-07,3.2019
EzrXiBWKcr3WSGLdJWeXvfBSkWRHkaymU7gW5fXpump,Kittens,end_of_second_0,0,1.716308108201479e-07,2.7509
EzrXiBWKcr3WSGLdJWeXvfBSkWRHkaymU7gW5fXpump,Kittens,dev_zero,25.0,1.2999456103544612e-07,2.0835
EzrXiBWKcr3WSGLdJWeXvfBSkWRHkaymU7gW5fXpump,Kittens,t30,30,1.2457135348434834e-07,1.9966
EzrXiBWKcr3WSGLdJWeXvfBSkWRHkaymU7gW5fXpump,Kittens,t60,60,1.2306069639082034e-07,1.9724
EzrXiBWKcr3WSGLdJWeXvfBSkWRHkaymU7gW5fXpump,Kittens,window_peak,6.0,2.1967499720298324e-07,3.5209
AL7D9X5gUcjy2v2yRDQDbGKCcREcrLffKPhNTNhmpump,Larry,end_of_second_0,0,1.5623163717675656e-07,2.5041
AL7D9X5gUcjy2v2yRDQDbGKCcREcrLffKPhNTNhmpump,Larry,dev_zero,23.0,1.0017606006842703e-07,1.6056
AL7D9X5gUcjy2v2yRDQDbGKCcREcrLffKPhNTNhmpump,Larry,t30,30,9.314823745607267e-08,1.493
AL7D9X5gUcjy2v2yRDQDbGKCcREcrLffKPhNTNhmpump,Larry,t60,60,9.541303334301022e-08,1.5293
AL7D9X5gUcjy2v2yRDQDbGKCcREcrLffKPhNTNhmpump,Larry,window_peak,3.0,1.9717782147986384e-07,3.1604
7LS4TVEVp5wadBoAzXw7Xsh59V87gQGxnEAKtc9jpump,Marley,end_of_second_0,0,1.5815915508335626e-07,2.535
7LS4TVEVp5wadBoAzXw7Xsh59V87gQGxnEAKtc9jpump,Marley,dev_zero,22.0,1.868680267360509e-07,2.9951
7LS4TVEVp5wadBoAzXw7Xsh59V87gQGxnEAKtc9jpump,Marley,t30,30,1.626998718206816e-07,2.6077
7LS4TVEVp5wadBoAzXw7Xsh59V87gQGxnEAKtc9jpump,Marley,t60,60,1.3650980097932288e-07,2.188
7LS4TVEVp5wadBoAzXw7Xsh59V87gQGxnEAKtc9jpump,Marley,window_peak,5.0,2.6375310228591496e-07,4.2274
FJajEKNDrbQTQF1ZL3SWf2PrsQGLyQsaMvNfXw2Epump,间谍海龟,end_of_second_0,0,1.6670807852752275e-07,2.672
FJajEKNDrbQTQF1ZL3SWf2PrsQGLyQsaMvNfXw2Epump,间谍海龟,dev_zero,23.0,1.1288223832648904e-07,1.8093
FJajEKNDrbQTQF1ZL3SWf2PrsQGLyQsaMvNfXw2Epump,间谍海龟,t30,30,1.2181559920706473e-07,1.9525
FJajEKNDrbQTQF1ZL3SWf2PrsQGLyQsaMvNfXw2Epump,间谍海龟,t60,60,1.191573552933493e-07,1.9098
FJajEKNDrbQTQF1ZL3SWf2PrsQGLyQsaMvNfXw2Epump,间谍海龟,window_peak,2.0,2.0626314394249935e-07,3.306
E1S2RV6aNSU4inxH7k1wVWFczegAZGj54nyFDhDnpump,Elonify,end_of_second_0,0,1.4724536198648417e-07,2.36
E1S2RV6aNSU4inxH7k1wVWFczegAZGj54nyFDhDnpump,Elonify,dev_zero,24.0,1.3503573143636654e-07,2.1643
E1S2RV6aNSU4inxH7k1wVWFczegAZGj54nyFDhDnpump,Elonify,t30,30,1.2890475124937415e-07,2.0661
E1S2RV6aNSU4inxH7k1wVWFczegAZGj54nyFDhDnpump,Elonify,t60,60,1.2031399531688157e-07,1.9284
E1S2RV6aNSU4inxH7k1wVWFczegAZGj54nyFDhDnpump,Elonify,window_peak,3.0,1.9446744846616543e-07,3.1169
5oVXijfWo3CnJStQV9cxpa6DBzgMAk46vw3wpin6pump,Chadjak,end_of_second_0,0,1.5498906220309317e-07,2.4842
5oVXijfWo3CnJStQV9cxpa6DBzgMAk46vw3wpin6pump,Chadjak,dev_zero,20.0,9.20481083048351e-08,1.4753
5oVXijfWo3CnJStQV9cxpa6DBzgMAk46vw3wpin6pump,Chadjak,t30,30,7.934407516468918e-08,1.2717
5oVXijfWo3CnJStQV9cxpa6DBzgMAk46vw3wpin6pump,Chadjak,t60,60,6.290631843873303e-08,1.0083
5oVXijfWo3CnJStQV9cxpa6DBzgMAk46vw3wpin6pump,Chadjak,window_peak,1.0,2.1579161158565607e-07,3.4587
CfSY4fPPNfgfsm4dds46CLaZre6USKTKabhdLE2tpump,Goblin,end_of_second_0,0,1.440845224226899e-07,2.3094
CfSY4fPPNfgfsm4dds46CLaZre6USKTKabhdLE2tpump,Goblin,dev_zero,24.0,1.3100108924132506e-07,2.0997
CfSY4fPPNfgfsm4dds46CLaZre6USKTKabhdLE2tpump,Goblin,t30,30,1.3883534198700726e-07,2.2252
CfSY4fPPNfgfsm4dds46CLaZre6USKTKabhdLE2tpump,Goblin,t60,60,9.178104693543136e-08,1.4711
CfSY4fPPNfgfsm4dds46CLaZre6USKTKabhdLE2tpump,Goblin,window_peak,3.0,1.9951988372449648e-07,3.1979
CccTALHeFndQhWsN1KdPPiDZPtSzvv2KeQfjasqBpump,Tortoise ,end_of_second_0,0,1.6064270170118813e-07,2.5748
CccTALHeFndQhWsN1KdPPiDZPtSzvv2KeQfjasqBpump,Tortoise ,dev_zero,21.0,9.389488932516478e-08,1.5049
CccTALHeFndQhWsN1KdPPiDZPtSzvv2KeQfjasqBpump,Tortoise ,t30,30,1.139343903359344e-07,1.8261
CccTALHeFndQhWsN1KdPPiDZPtSzvv2KeQfjasqBpump,Tortoise ,t60,60,8.88078235157784e-08,1.4234
CccTALHeFndQhWsN1KdPPiDZPtSzvv2KeQfjasqBpump,Tortoise ,window_peak,2.0,2.3421092442704357e-07,3.7539
2VzeNtYL2LLV48T2j7QydBNFFgAwBZyC3ag2NW4cpump,Shapes,end_of_second_0,0,1.6001297988168694e-07,2.5647
2VzeNtYL2LLV48T2j7QydBNFFgAwBZyC3ag2NW4cpump,Shapes,dev_zero,21.0,1.1325515945345559e-07,1.8152
2VzeNtYL2LLV48T2j7QydBNFFgAwBZyC3ag2NW4cpump,Shapes,t30,30,1.0701066994005079e-07,1.7152
2VzeNtYL2LLV48T2j7QydBNFFgAwBZyC3ag2NW4cpump,Shapes,t60,60,8.718402108864723e-08,1.3974
2VzeNtYL2LLV48T2j7QydBNFFgAwBZyC3ag2NW4cpump,Shapes,window_peak,1.0,2.1569330570475396e-07,3.4571
EvHSTyDpJVXovjHdsM5ccdVTpy6etftfHt26W6Q1pump,クマ,end_of_second_0,0,1.6860354543534837e-07,2.7024
EvHSTyDpJVXovjHdsM5ccdVTpy6etftfHt26W6Q1pump,クマ,dev_zero,28.0,1.0041474261784699e-07,1.6094
EvHSTyDpJVXovjHdsM5ccdVTpy6etftfHt26W6Q1pump,クマ,t30,30,1.1407090111651337e-07,1.8283
EvHSTyDpJVXovjHdsM5ccdVTpy6etftfHt26W6Q1pump,クマ,t60,60,1.0749047859126164e-07,1.7229
EvHSTyDpJVXovjHdsM5ccdVTpy6etftfHt26W6Q1pump,クマ,window_peak,1.0,1.9172362561754326e-07,3.0729
EL8SwnwpPf3BCBY9jZoHvdtYV7kLtWiTmm6rw3E9pump,Simulator,end_of_second_0,0,1.5643679590366725e-07,2.5074
EL8SwnwpPf3BCBY9jZoHvdtYV7kLtWiTmm6rw3E9pump,Simulator,dev_zero,26.0,1.3715905634059002e-07,2.1984
EL8SwnwpPf3BCBY9jZoHvdtYV7kLtWiTmm6rw3E9pump,Simulator,t30,30,1.3461695498537623e-07,2.1576
EL8SwnwpPf3BCBY9jZoHvdtYV7kLtWiTmm6rw3E9pump,Simulator,t60,60,1.2279698023026865e-07,1.9682
EL8SwnwpPf3BCBY9jZoHvdtYV7kLtWiTmm6rw3E9pump,Simulator,window_peak,2.0,1.9989890022537553e-07,3.204
5TQo5BPJf2PtKadyHmGARQZSHvza7wmjJ49kzsBipump,Iceberg,end_of_second_0,0,1.2951270171850512e-07,2.0758
5TQo5BPJf2PtKadyHmGARQZSHvza7wmjJ49kzsBipump,Iceberg,dev_zero,27.0,1.2340379521003819e-07,1.9779
5TQo5BPJf2PtKadyHmGARQZSHvza7wmjJ49kzsBipump,Iceberg,t30,30,1.3148343215982166e-07,2.1074
5TQo5BPJf2PtKadyHmGARQZSHvza7wmjJ49kzsBipump,Iceberg,t60,60,1.3334087501414876e-07,2.1372
5TQo5BPJf2PtKadyHmGARQZSHvza7wmjJ49kzsBipump,Iceberg,window_peak,4.0,1.745582293019282e-07,2.7978
BykNFEmVTQag6kytQ8PYfdrFQroUi8HuRXNanyvJpump,Diamond,end_of_second_0,0,1.493747347052737e-07,2.3942
BykNFEmVTQag6kytQ8PYfdrFQroUi8HuRXNanyvJpump,Diamond,dev_zero,16.0,1.228807114533325e-07,1.9695
BykNFEmVTQag6kytQ8PYfdrFQroUi8HuRXNanyvJpump,Diamond,t30,30,1.2456930604873836e-07,1.9966
BykNFEmVTQag6kytQ8PYfdrFQroUi8HuRXNanyvJpump,Diamond,t60,60,1.1614222432968158e-07,1.8615
BykNFEmVTQag6kytQ8PYfdrFQroUi8HuRXNanyvJpump,Diamond,window_peak,0.0,1.5344354800569808e-07,2.4594
9M9FKSWdCVFN8GVTqhZ89hBxwoAKd8xxBezP6P1Ypump,Chikuwa-Kun,end_of_second_0,0,1.3424677277625847e-07,2.1517
9M9FKSWdCVFN8GVTqhZ89hBxwoAKd8xxBezP6P1Ypump,Chikuwa-Kun,dev_zero,19.0,1.1392822873402415e-07,1.826
9M9FKSWdCVFN8GVTqhZ89hBxwoAKd8xxBezP6P1Ypump,Chikuwa-Kun,t30,30,1.0148599614350195e-07,1.6266
9M9FKSWdCVFN8GVTqhZ89hBxwoAKd8xxBezP6P1Ypump,Chikuwa-Kun,t60,60,1.1508553228984328e-07,1.8446
9M9FKSWdCVFN8GVTqhZ89hBxwoAKd8xxBezP6P1Ypump,Chikuwa-Kun,window_peak,1.0,1.4279906741844485e-07,2.2888
H5pStqxNwPVoc7Zp4fZbdeDNebu5S7Z61AwcvqeSpump,BrownBear,end_of_second_0,0,1.1516236103479973e-07,1.8458
H5pStqxNwPVoc7Zp4fZbdeDNebu5S7Z61AwcvqeSpump,BrownBear,dev_zero,21.0,1.0724354157393575e-07,1.7189
H5pStqxNwPVoc7Zp4fZbdeDNebu5S7Z61AwcvqeSpump,BrownBear,t30,30,1.000739568393638e-07,1.604
H5pStqxNwPVoc7Zp4fZbdeDNebu5S7Z61AwcvqeSpump,BrownBear,t60,60,1.0529482832343548e-07,1.6877
H5pStqxNwPVoc7Zp4fZbdeDNebu5S7Z61AwcvqeSpump,BrownBear,window_peak,0.0,1.3630512012233664e-07,2.1847
97nnzgv9tmGPcc6bAytrsqx4GRavn3wnocPCGwUCpump,maxxing,end_of_second_0,0,1.2655520395529165e-07,1.3915
97nnzgv9tmGPcc6bAytrsqx4GRavn3wnocPCGwUCpump,maxxing,dev_zero,15.0,1.6154718894909285e-07,1.7762
97nnzgv9tmGPcc6bAytrsqx4GRavn3wnocPCGwUCpump,maxxing,t30,30,1.419862285534203e-07,1.5611
97nnzgv9tmGPcc6bAytrsqx4GRavn3wnocPCGwUCpump,maxxing,t60,60,1.123435767072059e-07,1.2352
97nnzgv9tmGPcc6bAytrsqx4GRavn3wnocPCGwUCpump,maxxing,window_peak,4.0,1.8622047457496785e-07,2.0475
HneacB2qXYfToYeb3nd4NtYeVjdEfXCGPwqCwv56pump,PvE,end_of_second_0,0,1.3809411368964243e-07,2.2134
HneacB2qXYfToYeb3nd4NtYeVjdEfXCGPwqCwv56pump,PvE,dev_zero,18.0,1.2171728041948967e-07,1.9509
HneacB2qXYfToYeb3nd4NtYeVjdEfXCGPwqCwv56pump,PvE,t30,30,1.3610918600530725e-07,2.1816
HneacB2qXYfToYeb3nd4NtYeVjdEfXCGPwqCwv56pump,PvE,t60,60,9.061087191794081e-08,1.4523
HneacB2qXYfToYeb3nd4NtYeVjdEfXCGPwqCwv56pump,PvE,window_peak,4.0,1.6577659498211495e-07,2.6571
FaEXgcaRekBgQ6aVFDK2PuVX7ps9K9xn2JvfuTbEpump,Peque,end_of_second_0,0,1.734176403198317e-07,2.7795
FaEXgcaRekBgQ6aVFDK2PuVX7ps9K9xn2JvfuTbEpump,Peque,dev_zero,24.0,1.1112945798174536e-07,1.7812
FaEXgcaRekBgQ6aVFDK2PuVX7ps9K9xn2JvfuTbEpump,Peque,t30,30,1.0686683629502528e-07,1.7129
FaEXgcaRekBgQ6aVFDK2PuVX7ps9K9xn2JvfuTbEpump,Peque,t60,60,9.996450344074884e-08,1.6022
FaEXgcaRekBgQ6aVFDK2PuVX7ps9K9xn2JvfuTbEpump,Peque,window_peak,0.0,1.799603955606102e-07,2.8844
GugurhdcJvntY1hXDMFB9Zk8K3aL2aH8g89u1ctDpump,Banknote,end_of_second_0,0,1.2505314413100272e-07,2.5315
GugurhdcJvntY1hXDMFB9Zk8K3aL2aH8g89u1ctDpump,Banknote,dev_zero,17.0,8.506855400952131e-08,1.7221
GugurhdcJvntY1hXDMFB9Zk8K3aL2aH8g89u1ctDpump,Banknote,t30,30,7.287169978149312e-08,1.4752
GugurhdcJvntY1hXDMFB9Zk8K3aL2aH8g89u1ctDpump,Banknote,t60,60,8.405012331518165e-08,1.7015
GugurhdcJvntY1hXDMFB9Zk8K3aL2aH8g89u1ctDpump,Banknote,window_peak,1.0,1.3371827461042236e-07,2.7069
CEHMrrvU6CEJofgXUq9gwRACRwSCG2SwVzRoi5BPpump,Mary,end_of_second_0,0,1.5057234445357514e-07,3.0481
CEHMrrvU6CEJofgXUq9gwRACRwSCG2SwVzRoi5BPpump,Mary,dev_zero,20.0,1.5827645629613865e-07,3.2041
CEHMrrvU6CEJofgXUq9gwRACRwSCG2SwVzRoi5BPpump,Mary,t30,30,1.5145397546757372e-07,3.066
CEHMrrvU6CEJofgXUq9gwRACRwSCG2SwVzRoi5BPpump,Mary,t60,60,1.4766117733672121e-07,2.9892
CEHMrrvU6CEJofgXUq9gwRACRwSCG2SwVzRoi5BPpump,Mary,window_peak,5.0,1.9597966862133736e-07,3.9673
4u1LwQQWgR6vyhjrp3sJvv4d6wXCNrVdS78HxWAypump,Gem,end_of_second_0,0,1.624123666777557e-07,3.2878
4u1LwQQWgR6vyhjrp3sJvv4d6wXCNrVdS78HxWAypump,Gem,dev_zero,17.0,1.40150812010648e-07,2.8371
4u1LwQQWgR6vyhjrp3sJvv4d6wXCNrVdS78HxWAypump,Gem,t30,30,1.2831359510712882e-07,2.5975
4u1LwQQWgR6vyhjrp3sJvv4d6wXCNrVdS78HxWAypump,Gem,t60,60,1.7715614807073144e-07,3.5863
4u1LwQQWgR6vyhjrp3sJvv4d6wXCNrVdS78HxWAypump,Gem,window_peak,60.0,1.8188431074965145e-07,3.682
2aqfW4bNxHiZ3Ta5mo42kmrGisYbmo98ARxD3BFqpump,Potter,end_of_second_0,0,1.2167121298718686e-07,2.4631
2aqfW4bNxHiZ3Ta5mo42kmrGisYbmo98ARxD3BFqpump,Potter,dev_zero,16.0,1.2111217109521962e-07,2.4517
2aqfW4bNxHiZ3Ta5mo42kmrGisYbmo98ARxD3BFqpump,Potter,t30,30,1.244130826123823e-07,2.5186
2aqfW4bNxHiZ3Ta5mo42kmrGisYbmo98ARxD3BFqpump,Potter,t60,60,1.340320988137274e-07,2.7133
2aqfW4bNxHiZ3Ta5mo42kmrGisYbmo98ARxD3BFqpump,Potter,window_peak,17.0,1.838092195293409e-07,3.7209
4fqNB5X22yq9uMkWX42UuVJaNaN18YSV4aUySRCvpump,Him,end_of_second_0,0,1.5081981454303815e-07,3.0531
4fqNB5X22yq9uMkWX42UuVJaNaN18YSV4aUySRCvpump,Him,dev_zero,20.0,1.6791824101595292e-07,3.3993
4fqNB5X22yq9uMkWX42UuVJaNaN18YSV4aUySRCvpump,Him,t30,30,1.3427837689479803e-07,2.7183
4fqNB5X22yq9uMkWX42UuVJaNaN18YSV4aUySRCvpump,Him,t60,60,1.3936025941345564e-07,2.8211
4fqNB5X22yq9uMkWX42UuVJaNaN18YSV4aUySRCvpump,Him,window_peak,5.0,1.724006402556801e-07,3.49
4CfMnSmxBsJQuDLSerRHFcA5zcbMdTHgM9Uz4nXvpump,Inkyy,end_of_second_0,0,1.3251719072337802e-07,2.6826
4CfMnSmxBsJQuDLSerRHFcA5zcbMdTHgM9Uz4nXvpump,Inkyy,dev_zero,19.0,1.7126438386745883e-07,3.467
4CfMnSmxBsJQuDLSerRHFcA5zcbMdTHgM9Uz4nXvpump,Inkyy,t30,30,1.4228824164356474e-07,2.8804
4CfMnSmxBsJQuDLSerRHFcA5zcbMdTHgM9Uz4nXvpump,Inkyy,t60,60,1.4611294163502555e-07,2.9578
4CfMnSmxBsJQuDLSerRHFcA5zcbMdTHgM9Uz4nXvpump,Inkyy,window_peak,14.0,1.834128289876225e-07,3.7129
6P33UYzYbjLYNMqn5EMUdi8v6QieQpz4pBr6pm7Vpump,Dax,end_of_second_0,0,1.3615082305785032e-07,2.7562
6P33UYzYbjLYNMqn5EMUdi8v6QieQpz4pBr6pm7Vpump,Dax,dev_zero,20.0,1.2171373337054654e-07,2.4639
6P33UYzYbjLYNMqn5EMUdi8v6QieQpz4pBr6pm7Vpump,Dax,t30,30,1.1571225674641996e-07,2.3424
6P33UYzYbjLYNMqn5EMUdi8v6QieQpz4pBr6pm7Vpump,Dax,t60,60,8.61520460021347e-08,1.744
6P33UYzYbjLYNMqn5EMUdi8v6QieQpz4pBr6pm7Vpump,Dax,window_peak,9.0,1.464383055617923e-07,2.9644
AKV6w9QZKr1zmoZ13szWeRYQRnAEBPbnnBorUwxPpump,Badger,end_of_second_0,0,2.3544972282185606e-07,4.7663
AKV6w9QZKr1zmoZ13szWeRYQRnAEBPbnnBorUwxPpump,Badger,dev_zero,23.0,1.5818167643672698e-07,3.2022
AKV6w9QZKr1zmoZ13szWeRYQRnAEBPbnnBorUwxPpump,Badger,t30,30,1.74747025143606e-07,3.5375
AKV6w9QZKr1zmoZ13szWeRYQRnAEBPbnnBorUwxPpump,Badger,t60,60,1.592047145063953e-07,3.2229
AKV6w9QZKr1zmoZ13szWeRYQRnAEBPbnnBorUwxPpump,Badger,window_peak,1.0,2.3571691067754582e-07,4.7717
9yMgJHG75fhHhEKAGeMSWAMrTWnCnfwTGzELZ34spump,Bingus,end_of_second_0,0,1.2582251450588094e-07,2.5471
9yMgJHG75fhHhEKAGeMSWAMrTWnCnfwTGzELZ34spump,Bingus,dev_zero,21.0,1.6300269132850083e-07,3.2997
9yMgJHG75fhHhEKAGeMSWAMrTWnCnfwTGzELZ34spump,Bingus,t30,30,1.836013070550261e-07,3.7167
9yMgJHG75fhHhEKAGeMSWAMrTWnCnfwTGzELZ34spump,Bingus,t60,60,1.7837198924984588e-07,3.6109
9yMgJHG75fhHhEKAGeMSWAMrTWnCnfwTGzELZ34spump,Bingus,window_peak,37.0,2.0981768716526937e-07,4.2474
FcmXm8f5sk31fuLeRNjaSudFakvak4yNScnkosWgpump,Eşek,end_of_second_0,0,1.2209464092061737e-07,2.4716
FcmXm8f5sk31fuLeRNjaSudFakvak4yNScnkosWgpump,Eşek,dev_zero,22.0,1.4461087186455232e-07,2.9274
FcmXm8f5sk31fuLeRNjaSudFakvak4yNScnkosWgpump,Eşek,t30,30,1.5594103875851053e-07,3.1568
FcmXm8f5sk31fuLeRNjaSudFakvak4yNScnkosWgpump,Eşek,t60,60,1.256139410202039e-07,2.5429
FcmXm8f5sk31fuLeRNjaSudFakvak4yNScnkosWgpump,Eşek,window_peak,27.0,1.8831856062244669e-07,3.8122
87ECoUcsioYVxcV71JAwWMhiAEof3gKBV6XLb4szpump,Trencher,end_of_second_0,0,1.3228825705176727e-07,2.678
87ECoUcsioYVxcV71JAwWMhiAEof3gKBV6XLb4szpump,Trencher,dev_zero,21.0,1.6732802829936018e-07,3.3873
87ECoUcsioYVxcV71JAwWMhiAEof3gKBV6XLb4szpump,Trencher,t30,30,1.5740853096673595e-07,3.1865
87ECoUcsioYVxcV71JAwWMhiAEof3gKBV6XLb4szpump,Trencher,t60,60,1.4422886290609784e-07,2.9197
87ECoUcsioYVxcV71JAwWMhiAEof3gKBV6XLb4szpump,Trencher,window_peak,15.0,1.862899726344719e-07,3.7712
9n89XRJz2hFQWTYjHpkuCSUwDze75KHUDVf9JojZpump,Rinko,end_of_second_0,0,1.1170825354094599e-07,2.2614
9n89XRJz2hFQWTYjHpkuCSUwDze75KHUDVf9JojZpump,Rinko,dev_zero,20.0,1.6069810584158177e-07,3.2531
9n89XRJz2hFQWTYjHpkuCSUwDze75KHUDVf9JojZpump,Rinko,t30,30,1.7397538238648923e-07,3.5219
9n89XRJz2hFQWTYjHpkuCSUwDze75KHUDVf9JojZpump,Rinko,t60,60,1.8681830086241965e-07,3.7819
9n89XRJz2hFQWTYjHpkuCSUwDze75KHUDVf9JojZpump,Rinko,window_peak,54.0,2.053295550212733e-07,4.1566
Fh4jGXXRf9jMXyPmUJRMPDB6MhrNuREHBozQvhaEpump,Octopus,end_of_second_0,0,1.653303862923806e-07,3.3469
Fh4jGXXRf9jMXyPmUJRMPDB6MhrNuREHBozQvhaEpump,Octopus,dev_zero,20.0,1.8437272536284786e-07,3.7324
Fh4jGXXRf9jMXyPmUJRMPDB6MhrNuREHBozQvhaEpump,Octopus,t30,30,1.843164864569767e-07,3.7312
Fh4jGXXRf9jMXyPmUJRMPDB6MhrNuREHBozQvhaEpump,Octopus,t60,60,1.6044484559626588e-07,3.248
Fh4jGXXRf9jMXyPmUJRMPDB6MhrNuREHBozQvhaEpump,Octopus,window_peak,0.0,2.3448441021947127e-07,4.7468
FgJtjhHGSzRecAEErPzwmbq7SxieqDRzwrziUrtzpump,Sdlaana,end_of_second_0,0,3.1610792824477715e-09,0.064
FgJtjhHGSzRecAEErPzwmbq7SxieqDRzwrziUrtzpump,Sdlaana,dev_zero,18.0,1.7285504700066212e-07,3.4992
FgJtjhHGSzRecAEErPzwmbq7SxieqDRzwrziUrtzpump,Sdlaana,t30,30,1.7896180294212206e-07,3.6228
FgJtjhHGSzRecAEErPzwmbq7SxieqDRzwrziUrtzpump,Sdlaana,t60,60,1.9716379904939601e-07,3.9913
FgJtjhHGSzRecAEErPzwmbq7SxieqDRzwrziUrtzpump,Sdlaana,window_peak,6.0,2.1024429887328608e-07,4.2561
CympZjkuNLSzXmTd9P375dH5rVnnja4rACvgNCsEpump,Chungus,end_of_second_0,0,1.2814718851957672e-07,2.5941
CympZjkuNLSzXmTd9P375dH5rVnnja4rACvgNCsEpump,Chungus,dev_zero,12.0,1.2337345907722476e-07,2.4975
CympZjkuNLSzXmTd9P375dH5rVnnja4rACvgNCsEpump,Chungus,t30,30,1.624384903148677e-07,3.2883
CympZjkuNLSzXmTd9P375dH5rVnnja4rACvgNCsEpump,Chungus,t60,60,1.855263734576963e-07,3.7557
CympZjkuNLSzXmTd9P375dH5rVnnja4rACvgNCsEpump,Chungus,window_peak,16.0,1.9383108826596296e-07,3.9238
6kNFL3SmeqBJpiFtfUUZXxTacm48gCPx3aaqPhskpump,Kintaro,end_of_second_0,0,1.434856977471147e-07,2.9047
6kNFL3SmeqBJpiFtfUUZXxTacm48gCPx3aaqPhskpump,Kintaro,dev_zero,16.0,1.4069028293937967e-07,2.8481
6kNFL3SmeqBJpiFtfUUZXxTacm48gCPx3aaqPhskpump,Kintaro,t30,30,1.5615494532048598e-07,3.1611
6kNFL3SmeqBJpiFtfUUZXxTacm48gCPx3aaqPhskpump,Kintaro,t60,60,1.639679237607487e-07,3.3193
6kNFL3SmeqBJpiFtfUUZXxTacm48gCPx3aaqPhskpump,Kintaro,window_peak,49.0,1.8952192460928248e-07,3.8366
HmDbKdd7uoM8KSBuWdFq8B45yeeqti5KWKNXNm8apump,Gary,end_of_second_0,0,1.1930769681149653e-07,2.4152
HmDbKdd7uoM8KSBuWdFq8B45yeeqti5KWKNXNm8apump,Gary,dev_zero,17.0,1.2265675692918035e-07,2.483
HmDbKdd7uoM8KSBuWdFq8B45yeeqti5KWKNXNm8apump,Gary,t30,30,1.2825116172911056e-07,2.5963
HmDbKdd7uoM8KSBuWdFq8B45yeeqti5KWKNXNm8apump,Gary,t60,60,1.0814125244505721e-07,2.1892
HmDbKdd7uoM8KSBuWdFq8B45yeeqti5KWKNXNm8apump,Gary,window_peak,9.0,1.5100282030114856e-07,3.0568
H6e9XnLJAvmXjRQEHqL6N7bZqURVdyE2wEQntcnMpump,Valera,end_of_second_0,0,1.431727121585182e-07,2.2948
H6e9XnLJAvmXjRQEHqL6N7bZqURVdyE2wEQntcnMpump,Valera,dev_zero,18.0,1.4570075526280478e-07,2.3353
H6e9XnLJAvmXjRQEHqL6N7bZqURVdyE2wEQntcnMpump,Valera,t30,30,1.4213384756825412e-07,2.2781
H6e9XnLJAvmXjRQEHqL6N7bZqURVdyE2wEQntcnMpump,Valera,t60,60,1.288104488899369e-07,2.0646
H6e9XnLJAvmXjRQEHqL6N7bZqURVdyE2wEQntcnMpump,Valera,window_peak,0.0,1.653138443247722e-07,2.6496
A9YTBnsbweCwcAg6s4exHDa6PK1eHePRahGF9giNpump,Universal,end_of_second_0,0,1.9841501968528553e-07,3.1802
A9YTBnsbweCwcAg6s4exHDa6PK1eHePRahGF9giNpump,Universal,dev_zero,18.0,1.8686808945993599e-07,2.9951
A9YTBnsbweCwcAg6s4exHDa6PK1eHePRahGF9giNpump,Universal,t30,30,1.6242103764120457e-07,2.6033
A9YTBnsbweCwcAg6s4exHDa6PK1eHePRahGF9giNpump,Universal,t60,60,1.6140659091631644e-07,2.587
A9YTBnsbweCwcAg6s4exHDa6PK1eHePRahGF9giNpump,Universal,window_peak,2.0,2.381275078010435e-07,3.8167
DmuXsG8SaXYpz5TbDD48Rb6fJrJ6KV87EEjmwCmJpump,Greg,end_of_second_0,0,1.451013133114045e-07,2.9374
DmuXsG8SaXYpz5TbDD48Rb6fJrJ6KV87EEjmwCmJpump,Greg,dev_zero,15.0,1.6364634036801366e-07,3.3128
DmuXsG8SaXYpz5TbDD48Rb6fJrJ6KV87EEjmwCmJpump,Greg,t30,30,1.7345546392984103e-07,3.5113
DmuXsG8SaXYpz5TbDD48Rb6fJrJ6KV87EEjmwCmJpump,Greg,t60,60,1.6508782570668674e-07,3.342
DmuXsG8SaXYpz5TbDD48Rb6fJrJ6KV87EEjmwCmJpump,Greg,window_peak,38.0,2.2126523735473862e-07,4.4792
B8oVNMRvRBuD1p78T5PdifECFstbiRfGfNVwZokepump,🤨,end_of_second_0,0,1.2288849792721784e-07,2.4877
B8oVNMRvRBuD1p78T5PdifECFstbiRfGfNVwZokepump,🤨,dev_zero,15.0,1.6456762375082518e-07,3.3314
B8oVNMRvRBuD1p78T5PdifECFstbiRfGfNVwZokepump,🤨,t30,30,2.40052353446869e-07,4.8595
B8oVNMRvRBuD1p78T5PdifECFstbiRfGfNVwZokepump,🤨,t60,60,3.164160666208925e-07,6.4054
B8oVNMRvRBuD1p78T5PdifECFstbiRfGfNVwZokepump,🤨,window_peak,46.0,4.787668759517406e-07,9.6919
BweRjKus784r75xj8YrUHBKc8vtgfifxhUrtsu6Epump,Chokdee,end_of_second_0,0,1.151088880697999e-07,2.3302
BweRjKus784r75xj8YrUHBKc8vtgfifxhUrtsu6Epump,Chokdee,dev_zero,12.0,1.660646201313071e-07,3.3617
BweRjKus784r75xj8YrUHBKc8vtgfifxhUrtsu6Epump,Chokdee,t30,30,1.7595570003289967e-07,3.562
BweRjKus784r75xj8YrUHBKc8vtgfifxhUrtsu6Epump,Chokdee,t60,60,1.839609488324018e-07,3.724
BweRjKus784r75xj8YrUHBKc8vtgfifxhUrtsu6Epump,Chokdee,window_peak,33.0,2.2404268065511693e-07,4.5354
6PTmu947r7D2fu7HCpXiqPCLGcKBARhGSdMkL4Qjpump,PongPong,end_of_second_0,0,1.1491787261771959e-07,2.3263
6PTmu947r7D2fu7HCpXiqPCLGcKBARhGSdMkL4Qjpump,PongPong,dev_zero,13.0,1.3076702313477128e-07,2.6472
6PTmu947r7D2fu7HCpXiqPCLGcKBARhGSdMkL4Qjpump,PongPong,t30,30,1.2546455333802873e-07,2.5398
6PTmu947r7D2fu7HCpXiqPCLGcKBARhGSdMkL4Qjpump,PongPong,t60,60,1.1324774457115317e-07,2.2925
6PTmu947r7D2fu7HCpXiqPCLGcKBARhGSdMkL4Qjpump,PongPong,window_peak,7.0,1.6600835040252023e-07,3.3606
AR9QXRPfM8KJyUV6EUVqxTn1j9hqcLjuqaQjBBkzpump,Mold,end_of_second_0,0,1.6177210708528798e-07,3.2748
AR9QXRPfM8KJyUV6EUVqxTn1j9hqcLjuqaQjBBkzpump,Mold,dev_zero,11.0,1.7616941561682786e-07,3.5663
AR9QXRPfM8KJyUV6EUVqxTn1j9hqcLjuqaQjBBkzpump,Mold,t30,30,1.48258866160517e-07,3.0013
AR9QXRPfM8KJyUV6EUVqxTn1j9hqcLjuqaQjBBkzpump,Mold,t60,60,1.6673105795080113e-07,3.3752
AR9QXRPfM8KJyUV6EUVqxTn1j9hqcLjuqaQjBBkzpump,Mold,window_peak,11.0,1.926761151471616e-07,3.9004
Cz2M3oyo28kZiKn3MRq75hRmsygErdg6C5i9Hhwkpump,Uta,end_of_second_0,0,1.3715417513486452e-07,2.7765
Cz2M3oyo28kZiKn3MRq75hRmsygErdg6C5i9Hhwkpump,Uta,dev_zero,17.0,1.692902916815462e-07,3.427
Cz2M3oyo28kZiKn3MRq75hRmsygErdg6C5i9Hhwkpump,Uta,t30,30,1.7189054979633754e-07,3.4797
Cz2M3oyo28kZiKn3MRq75hRmsygErdg6C5i9Hhwkpump,Uta,t60,60,1.8143446599061308e-07,3.6729
Cz2M3oyo28kZiKn3MRq75hRmsygErdg6C5i9Hhwkpump,Uta,window_peak,24.0,2.0619349813976057e-07,4.1741
HyKVpQqESessuVsjC3agoS52YGFwSDJtDA1ZdRQ7pump,Curse,end_of_second_0,0,1.2561987569804592e-07,2.543
HyKVpQqESessuVsjC3agoS52YGFwSDJtDA1ZdRQ7pump,Curse,dev_zero,10.0,1.5017070741345515e-07,3.04
HyKVpQqESessuVsjC3agoS52YGFwSDJtDA1ZdRQ7pump,Curse,t30,30,1.3779760599774935e-07,2.7895
HyKVpQqESessuVsjC3agoS52YGFwSDJtDA1ZdRQ7pump,Curse,t60,60,1.3059649289683446e-07,2.6437
HyKVpQqESessuVsjC3agoS52YGFwSDJtDA1ZdRQ7pump,Curse,window_peak,7.0,1.566364782754492e-07,3.1709
9y2VWxWB8JPYbQoPRt7DXpEeqiDubeVZD25adVHBpump,Viltrumite,end_of_second_0,0,1.4584614409488202e-07,2.9524
9y2VWxWB8JPYbQoPRt7DXpEeqiDubeVZD25adVHBpump,Viltrumite,dev_zero,12.0,1.304483679579658e-07,2.6407
9y2VWxWB8JPYbQoPRt7DXpEeqiDubeVZD25adVHBpump,Viltrumite,t30,30,1.297716048752359e-07,2.627
9y2VWxWB8JPYbQoPRt7DXpEeqiDubeVZD25adVHBpump,Viltrumite,t60,60,1.0083181156047528e-07,2.0412
9y2VWxWB8JPYbQoPRt7DXpEeqiDubeVZD25adVHBpump,Viltrumite,window_peak,2.0,1.772247073086497e-07,3.5877
ydm6FnL1BLKYJie2opqG6HvDqLZURry9t1Xija5pump,Gǒu,end_of_second_0,0,1.509725616597633e-07,3.0562
ydm6FnL1BLKYJie2opqG6HvDqLZURry9t1Xija5pump,Gǒu,dev_zero,12.0,1.8142478936854226e-07,3.6727
ydm6FnL1BLKYJie2opqG6HvDqLZURry9t1Xija5pump,Gǒu,t30,30,1.4769131940973158e-07,2.9898
ydm6FnL1BLKYJie2opqG6HvDqLZURry9t1Xija5pump,Gǒu,t60,60,1.3679851821049002e-07,2.7693
ydm6FnL1BLKYJie2opqG6HvDqLZURry9t1Xija5pump,Gǒu,window_peak,13.0,1.865057321070717e-07,3.7755
Ffg6atqSTH1aEsVhL3H5HXw91FKqiyiuq97eq9Typump,Shiro,end_of_second_0,0,1.3786521324143203e-07,2.7909
Ffg6atqSTH1aEsVhL3H5HXw91FKqiyiuq97eq9Typump,Shiro,dev_zero,9.0,1.5340863680590187e-07,3.1055
Ffg6atqSTH1aEsVhL3H5HXw91FKqiyiuq97eq9Typump,Shiro,t30,30,1.260240700761198e-07,2.5512
Ffg6atqSTH1aEsVhL3H5HXw91FKqiyiuq97eq9Typump,Shiro,t60,60,1.1851110242061226e-07,2.3991
Ffg6atqSTH1aEsVhL3H5HXw91FKqiyiuq97eq9Typump,Shiro,window_peak,6.0,1.9741064676565614e-07,3.9963
Br89EN3uVz9Zwv4jyMMKHzkXaXRo1fAadctYQNVUpump,Natty,end_of_second_0,0,1.2456853069186625e-07,2.5217
Br89EN3uVz9Zwv4jyMMKHzkXaXRo1fAadctYQNVUpump,Natty,dev_zero,12.0,1.3288552722217216e-07,2.6901
Br89EN3uVz9Zwv4jyMMKHzkXaXRo1fAadctYQNVUpump,Natty,t30,30,1.1284768969169567e-07,2.2844
Br89EN3uVz9Zwv4jyMMKHzkXaXRo1fAadctYQNVUpump,Natty,t60,60,1.1591146829681508e-07,2.3465
Br89EN3uVz9Zwv4jyMMKHzkXaXRo1fAadctYQNVUpump,Natty,window_peak,3.0,1.5532381777991085e-07,3.1443
4dzXtEsnPDxGk1A7SsRtySwAmEKtT4wrn9o8STx4pump,Higher,end_of_second_0,0,1.569482952746097e-07,2.8844
4dzXtEsnPDxGk1A7SsRtySwAmEKtT4wrn9o8STx4pump,Higher,dev_zero,25.0,1.4686704671557984e-07,2.6991
4dzXtEsnPDxGk1A7SsRtySwAmEKtT4wrn9o8STx4pump,Higher,t30,30,1.411208465339895e-07,2.5935
4dzXtEsnPDxGk1A7SsRtySwAmEKtT4wrn9o8STx4pump,Higher,t60,60,1.2764791722679937e-07,2.3459
4dzXtEsnPDxGk1A7SsRtySwAmEKtT4wrn9o8STx4pump,Higher,window_peak,0.0,1.610658941023585e-07,2.96
9eVnh8jQ4tkGLj2ASC4D8Qw1Tei5ST7EzamGU6X3pump,tits,end_of_second_0,0,6.801229116004869e-08,1.3768
9eVnh8jQ4tkGLj2ASC4D8Qw1Tei5ST7EzamGU6X3pump,tits,dev_zero,15.0,1.4646774653199296e-07,2.965
9eVnh8jQ4tkGLj2ASC4D8Qw1Tei5ST7EzamGU6X3pump,tits,t30,30,1.2430570747464476e-07,2.5164
9eVnh8jQ4tkGLj2ASC4D8Qw1Tei5ST7EzamGU6X3pump,tits,t60,60,1.1530145269152547e-07,2.3341
9eVnh8jQ4tkGLj2ASC4D8Qw1Tei5ST7EzamGU6X3pump,tits,window_peak,8.0,1.5927580512979675e-07,3.2243
zes5tE3CShN8srHEuyxVcZ1reMKrXFW5gbRNaLypump,Win,end_of_second_0,0,1.38425653943138e-07,2.8022
zes5tE3CShN8srHEuyxVcZ1reMKrXFW5gbRNaLypump,Win,dev_zero,14.0,1.563983826753429e-07,3.1661
zes5tE3CShN8srHEuyxVcZ1reMKrXFW5gbRNaLypump,Win,t30,30,1.4945585672457183e-07,3.0255
zes5tE3CShN8srHEuyxVcZ1reMKrXFW5gbRNaLypump,Win,t60,60,1.4406183286989607e-07,2.9163
zes5tE3CShN8srHEuyxVcZ1reMKrXFW5gbRNaLypump,Win,window_peak,43.0,1.7616906119179389e-07,3.5663
7PfBNTnLC7tmCSW4cvibSsDbDzrx3mcRfFrRmuExpump,motion,end_of_second_0,0,1.285228746049275e-07,2.6018
7PfBNTnLC7tmCSW4cvibSsDbDzrx3mcRfFrRmuExpump,motion,dev_zero,13.0,1.0292285923866792e-07,2.0835
7PfBNTnLC7tmCSW4cvibSsDbDzrx3mcRfFrRmuExpump,motion,t30,30,1.5259736569089987e-07,3.0891
7PfBNTnLC7tmCSW4cvibSsDbDzrx3mcRfFrRmuExpump,motion,t60,60,1.3564665342718916e-07,2.746
7PfBNTnLC7tmCSW4cvibSsDbDzrx3mcRfFrRmuExpump,motion,window_peak,19.0,1.8342144072648107e-07,3.7131
2rXsK5JneEyCX8BGuYa3GvjncvNVroqoVtgP8pmnpump,Rico,end_of_second_0,0,1.315412788400273e-07,2.6629
2rXsK5JneEyCX8BGuYa3GvjncvNVroqoVtgP8pmnpump,Rico,dev_zero,16.0,1.2454541667602997e-07,2.5212
2rXsK5JneEyCX8BGuYa3GvjncvNVroqoVtgP8pmnpump,Rico,t30,30,1.1659718487583899e-07,2.3603
2rXsK5JneEyCX8BGuYa3GvjncvNVroqoVtgP8pmnpump,Rico,t60,60,1.3026654234952078e-07,2.6371
2rXsK5JneEyCX8BGuYa3GvjncvNVroqoVtgP8pmnpump,Rico,window_peak,43.0,1.6021898908213697e-07,3.2434
C7PyU8RGXy1MH7qx1jMS3Mua7siRr4ksBC3nMHaUpump,Lockdown,end_of_second_0,0,1.9406192053110227e-07,3.4837
C7PyU8RGXy1MH7qx1jMS3Mua7siRr4ksBC3nMHaUpump,Lockdown,dev_zero,17.0,1.532081065667154e-07,2.7503
C7PyU8RGXy1MH7qx1jMS3Mua7siRr4ksBC3nMHaUpump,Lockdown,t30,30,1.6723882831952104e-07,3.0022
C7PyU8RGXy1MH7qx1jMS3Mua7siRr4ksBC3nMHaUpump,Lockdown,t60,60,1.3614452259386652e-07,2.444
C7PyU8RGXy1MH7qx1jMS3Mua7siRr4ksBC3nMHaUpump,Lockdown,window_peak,1.0,2.0872189742382604e-07,3.7469
4sVahM4U8js62mQV58ABSkNRhf6Ztc7Xs2LXUznNpump,Alveus,end_of_second_0,0,2.430919110095898e-07,4.921
4sVahM4U8js62mQV58ABSkNRhf6Ztc7Xs2LXUznNpump,Alveus,dev_zero,22.0,1.3671611350153594e-07,2.7676
4sVahM4U8js62mQV58ABSkNRhf6Ztc7Xs2LXUznNpump,Alveus,t30,30,1.4036314016503537e-07,2.8414
4sVahM4U8js62mQV58ABSkNRhf6Ztc7Xs2LXUznNpump,Alveus,t60,60,1.0149969559147668e-07,2.0547
4sVahM4U8js62mQV58ABSkNRhf6Ztc7Xs2LXUznNpump,Alveus,window_peak,2.0,2.494252663499068e-07,5.0492
C34Zcw52YyAsVcBfFhmaVpsGnHKEPZQHg2pqujdspump,Fox,end_of_second_0,0,2.744282658451965e-07,4.9264
C34Zcw52YyAsVcBfFhmaVpsGnHKEPZQHg2pqujdspump,Fox,dev_zero,47.0,1.8054424498054873e-07,3.2411
C34Zcw52YyAsVcBfFhmaVpsGnHKEPZQHg2pqujdspump,Fox,t30,30,1.9316517045918623e-07,3.4676
C34Zcw52YyAsVcBfFhmaVpsGnHKEPZQHg2pqujdspump,Fox,t60,60,1.7035772710351517e-07,3.0582
C34Zcw52YyAsVcBfFhmaVpsGnHKEPZQHg2pqujdspump,Fox,window_peak,11.0,4.133655618573259e-07,7.4206
FjTjSzPtikyr7woRmtinZjejJhBKsdoJZhQZdeFRpump,Floyd,end_of_second_0,0,2.2617329229380063e-07,4.5785
FjTjSzPtikyr7woRmtinZjejJhBKsdoJZhQZdeFRpump,Floyd,dev_zero,22.0,1.8229089566374933e-07,3.6902
FjTjSzPtikyr7woRmtinZjejJhBKsdoJZhQZdeFRpump,Floyd,t30,30,1.5638614097251438e-07,3.1658
FjTjSzPtikyr7woRmtinZjejJhBKsdoJZhQZdeFRpump,Floyd,t60,60,1.7771769684088318e-07,3.5976
FjTjSzPtikyr7woRmtinZjejJhBKsdoJZhQZdeFRpump,Floyd,window_peak,0.0,2.558295121634593e-07,5.1789
CCdYjtrXzLStqTNeBgBSkDuZ5iVjqPtsq7n2buLKpump,Molly,end_of_second_0,0,2.0071401339398472e-07,4.0632
CCdYjtrXzLStqTNeBgBSkDuZ5iVjqPtsq7n2buLKpump,Molly,dev_zero,12.0,1.5988551369388525e-07,3.2366
CCdYjtrXzLStqTNeBgBSkDuZ5iVjqPtsq7n2buLKpump,Molly,t30,30,1.518492080868335e-07,3.074
CCdYjtrXzLStqTNeBgBSkDuZ5iVjqPtsq7n2buLKpump,Molly,t60,60,1.634691366700426e-07,3.3092
CCdYjtrXzLStqTNeBgBSkDuZ5iVjqPtsq7n2buLKpump,Molly,window_peak,1.0,2.4386543000142256e-07,4.9367
F9kE4sAvv2dx6faqb6qHoMYocPzWv9QRmuEASeHSpump,Beagles,end_of_second_0,0,1.279177589871785e-07,3.0219
F9kE4sAvv2dx6faqb6qHoMYocPzWv9QRmuEASeHSpump,Beagles,dev_zero,14.0,1.608423417892944e-07,3.7997
F9kE4sAvv2dx6faqb6qHoMYocPzWv9QRmuEASeHSpump,Beagles,t30,30,2.1371357065444342e-07,5.0487
F9kE4sAvv2dx6faqb6qHoMYocPzWv9QRmuEASeHSpump,Beagles,t60,60,3.054692021814974e-07,7.2163
F9kE4sAvv2dx6faqb6qHoMYocPzWv9QRmuEASeHSpump,Beagles,window_peak,52.0,4.108801701357628e-07,9.7065
J42xMh4sAHLdrBjNTDgKNcPym5A83Ut3twc7L5rQpump,Freddy,end_of_second_0,0,1.3558671803534294e-07,3.2031
J42xMh4sAHLdrBjNTDgKNcPym5A83Ut3twc7L5rQpump,Freddy,dev_zero,11.0,1.3478481925491216e-07,3.1841
J42xMh4sAHLdrBjNTDgKNcPym5A83Ut3twc7L5rQpump,Freddy,t30,30,1.1085874554713886e-07,2.6189
J42xMh4sAHLdrBjNTDgKNcPym5A83Ut3twc7L5rQpump,Freddy,t60,60,9.716302417774666e-08,2.2954
J42xMh4sAHLdrBjNTDgKNcPym5A83Ut3twc7L5rQpump,Freddy,window_peak,13.0,1.5729290031255266e-07,3.7158
54pRHAswCHhfytuqKfQ8gA6hyKYX2yroX9N1Q55hpump,Doodle,end_of_second_0,0,1.4760390538976843e-07,3.487
54pRHAswCHhfytuqKfQ8gA6hyKYX2yroX9N1Q55hpump,Doodle,dev_zero,10.0,1.3677277255150974e-07,3.2311
54pRHAswCHhfytuqKfQ8gA6hyKYX2yroX9N1Q55hpump,Doodle,t30,30,1.1897221226995152e-07,2.8106
54pRHAswCHhfytuqKfQ8gA6hyKYX2yroX9N1Q55hpump,Doodle,t60,60,9.881191508386209e-08,2.3343
54pRHAswCHhfytuqKfQ8gA6hyKYX2yroX9N1Q55hpump,Doodle,window_peak,2.0,1.6664982300242584e-07,3.9369
F1xSSnfVPymRxzAgbTYMAVMW2rZt3aw8457T4qiRpump,Starmie,end_of_second_0,0,1.0504421070466314e-07,2.4815
F1xSSnfVPymRxzAgbTYMAVMW2rZt3aw8457T4qiRpump,Starmie,dev_zero,17.0,1.2012390682500604e-07,2.8378
F1xSSnfVPymRxzAgbTYMAVMW2rZt3aw8457T4qiRpump,Starmie,t30,30,1.008075772491832e-07,2.3815
F1xSSnfVPymRxzAgbTYMAVMW2rZt3aw8457T4qiRpump,Starmie,t60,60,9.314419549313132e-08,2.2004
F1xSSnfVPymRxzAgbTYMAVMW2rZt3aw8457T4qiRpump,Starmie,window_peak,13.0,1.393290704865652e-07,3.2915
5zyAoo2t5VjzKPzkazMkYfkoovMwAxcGY8bB9y8Hpump,Chompy,end_of_second_0,0,1.4668514880427173e-07,3.4653
5zyAoo2t5VjzKPzkazMkYfkoovMwAxcGY8bB9y8Hpump,Chompy,dev_zero,14.0,1.3707275906866817e-07,3.2382
5zyAoo2t5VjzKPzkazMkYfkoovMwAxcGY8bB9y8Hpump,Chompy,t30,30,1.2933712598983097e-07,3.0554
5zyAoo2t5VjzKPzkazMkYfkoovMwAxcGY8bB9y8Hpump,Chompy,t60,60,1.321135560619598e-07,3.121
5zyAoo2t5VjzKPzkazMkYfkoovMwAxcGY8bB9y8Hpump,Chompy,window_peak,53.0,2.4064116958455964e-07,5.6848
89tHpU6nSR1BawzwhfxYLNwQKkZ6M7sidhpQDBRFpump,Chimera,end_of_second_0,0,1.7676301714614573e-07,4.1758
89tHpU6nSR1BawzwhfxYLNwQKkZ6M7sidhpQDBRFpump,Chimera,dev_zero,14.0,1.4590164351733192e-07,3.4467
89tHpU6nSR1BawzwhfxYLNwQKkZ6M7sidhpQDBRFpump,Chimera,t30,30,1.4947338011568914e-07,3.5311
89tHpU6nSR1BawzwhfxYLNwQKkZ6M7sidhpQDBRFpump,Chimera,t60,60,1.2550823283909483e-07,2.965
89tHpU6nSR1BawzwhfxYLNwQKkZ6M7sidhpQDBRFpump,Chimera,window_peak,2.0,2.010431255794421e-07,4.7494
9XzzR443dGXL1vCcsnPpJLYUfrd8upxExqtc4MxNpump,Wish,end_of_second_0,0,1.2985054460815439e-07,3.0676
9XzzR443dGXL1vCcsnPpJLYUfrd8upxExqtc4MxNpump,Wish,dev_zero,12.0,1.228161154086151e-07,2.9014
9XzzR443dGXL1vCcsnPpJLYUfrd8upxExqtc4MxNpump,Wish,t30,30,1.369052156817835e-07,3.2342
9XzzR443dGXL1vCcsnPpJLYUfrd8upxExqtc4MxNpump,Wish,t60,60,1.1744549868431008e-07,2.7745
9XzzR443dGXL1vCcsnPpJLYUfrd8upxExqtc4MxNpump,Wish,window_peak,0.0,1.5936264868057265e-07,3.7647
99hKZwdnirySMKgsiM5obGiMuU5sSEpLoaB7GBZepump,TruthGPT,end_of_second_0,0,1.4778546552581782e-07,2.9917
99hKZwdnirySMKgsiM5obGiMuU5sSEpLoaB7GBZepump,TruthGPT,dev_zero,42.0,6.424557617086263e-08,1.3006
99hKZwdnirySMKgsiM5obGiMuU5sSEpLoaB7GBZepump,TruthGPT,t30,30,8.68995787984025e-08,1.7592
99hKZwdnirySMKgsiM5obGiMuU5sSEpLoaB7GBZepump,TruthGPT,t60,60,4.91477532428517e-08,0.9949
99hKZwdnirySMKgsiM5obGiMuU5sSEpLoaB7GBZepump,TruthGPT,window_peak,4.0,4.5797411030311227e-07,9.271
2yNV1pfrZh7UoHKuvrFnA5ozpCzb3w3ojEuqGX6cpump,one,end_of_second_0,0,1.8433176425453568e-07,4.5973
2yNV1pfrZh7UoHKuvrFnA5ozpCzb3w3ojEuqGX6cpump,one,dev_zero,11.0,2.022255897962892e-07,5.0436
2yNV1pfrZh7UoHKuvrFnA5ozpCzb3w3ojEuqGX6cpump,one,t30,30,1.8615986351205212e-07,4.6429
2yNV1pfrZh7UoHKuvrFnA5ozpCzb3w3ojEuqGX6cpump,one,t60,60,1.8701790706361222e-07,4.6643
2yNV1pfrZh7UoHKuvrFnA5ozpCzb3w3ojEuqGX6cpump,one,window_peak,10.0,2.081398898073877e-07,5.1911
DhKve396PYPUZTsLAuy8yKuupWRuh7aLpZ87CRypump,Trump,end_of_second_0,0,1.4219758156763887e-07,3.5465
DhKve396PYPUZTsLAuy8yKuupWRuh7aLpZ87CRypump,Trump,dev_zero,10.0,1.592230479272195e-07,3.9711
DhKve396PYPUZTsLAuy8yKuupWRuh7aLpZ87CRypump,Trump,t30,30,1.7607443907727074e-07,4.3914
DhKve396PYPUZTsLAuy8yKuupWRuh7aLpZ87CRypump,Trump,t60,60,2.1174751134229464e-07,5.2811
DhKve396PYPUZTsLAuy8yKuupWRuh7aLpZ87CRypump,Trump,window_peak,60.0,2.2165774118372129e-07,5.5283
5wqbNRtu5eEuGLP1houqRMZdMqq2bvHZuVtY1yLcpump,Conspiracist,end_of_second_0,0,9.864556329208719e-08,2.4603
5wqbNRtu5eEuGLP1houqRMZdMqq2bvHZuVtY1yLcpump,Conspiracist,dev_zero,12.0,1.1446746175063061e-07,2.8549
5wqbNRtu5eEuGLP1houqRMZdMqq2bvHZuVtY1yLcpump,Conspiracist,t30,30,1.2126677009661013e-07,3.0245
5wqbNRtu5eEuGLP1houqRMZdMqq2bvHZuVtY1yLcpump,Conspiracist,t60,60,1.0209631214008454e-07,2.5463
5wqbNRtu5eEuGLP1houqRMZdMqq2bvHZuVtY1yLcpump,Conspiracist,window_peak,2.0,1.45957912088987e-07,3.6403
HrYUhPVYPUD6JQTeVgTF9iHmyUx3Jajg7mjvEm7cpump,Degenerates,end_of_second_0,0,1.5225428327720718e-07,3.7973
HrYUhPVYPUD6JQTeVgTF9iHmyUx3Jajg7mjvEm7cpump,Degenerates,dev_zero,14.0,9.265632849930238e-08,2.3109
HrYUhPVYPUD6JQTeVgTF9iHmyUx3Jajg7mjvEm7cpump,Degenerates,t30,30,9.391980127476137e-08,2.3424
HrYUhPVYPUD6JQTeVgTF9iHmyUx3Jajg7mjvEm7cpump,Degenerates,t60,60,1.2398838701075018e-07,3.0923
HrYUhPVYPUD6JQTeVgTF9iHmyUx3Jajg7mjvEm7cpump,Degenerates,window_peak,0.0,1.8483070000918027e-07,4.6098
6tzmDHEFBUomQLhbJo2HN6ckca9F9JdTPLPfG6vypump,777,end_of_second_0,0,2.0001672656360545e-07,4.9885
6tzmDHEFBUomQLhbJo2HN6ckca9F9JdTPLPfG6vypump,777,dev_zero,13.0,1.4838718491525764e-07,3.7008
6tzmDHEFBUomQLhbJo2HN6ckca9F9JdTPLPfG6vypump,777,t30,30,1.7595207498816438e-07,4.3883
6tzmDHEFBUomQLhbJo2HN6ckca9F9JdTPLPfG6vypump,777,t60,60,1.6598928375511826e-07,4.1399
6tzmDHEFBUomQLhbJo2HN6ckca9F9JdTPLPfG6vypump,777,window_peak,1.0,2.0329606988611307e-07,5.0703
EYCLUmraT2HU6h3YgEQins1CZ6BEQx4CyZA3v6azpump,Memestock,end_of_second_0,0,1.1868955707252022e-07,3.1299
EYCLUmraT2HU6h3YgEQins1CZ6BEQx4CyZA3v6azpump,Memestock,dev_zero,11.0,1.3037343751053907e-07,3.438
EYCLUmraT2HU6h3YgEQins1CZ6BEQx4CyZA3v6azpump,Memestock,t30,30,1.6337574541395696e-07,4.3083
EYCLUmraT2HU6h3YgEQins1CZ6BEQx4CyZA3v6azpump,Memestock,t60,60,1.6090429860611525e-07,4.2431
EYCLUmraT2HU6h3YgEQins1CZ6BEQx4CyZA3v6azpump,Memestock,window_peak,41.0,2.053863079820191e-07,5.4161
8nhvgnjHte3G12rLRSugsb98JBstoYzK2Q9y2Da1pump,wait,end_of_second_0,0,1.1572865398114202e-07,2.8863
8nhvgnjHte3G12rLRSugsb98JBstoYzK2Q9y2Da1pump,wait,dev_zero,13.0,1.3409472551417843e-07,3.3444
8nhvgnjHte3G12rLRSugsb98JBstoYzK2Q9y2Da1pump,wait,t30,30,1.4057041398823782e-07,3.5059
8nhvgnjHte3G12rLRSugsb98JBstoYzK2Q9y2Da1pump,wait,t60,60,1.746867530734661e-07,4.3568
8nhvgnjHte3G12rLRSugsb98JBstoYzK2Q9y2Da1pump,wait,window_peak,35.0,2.141069368908927e-07,5.3399
53RUohPnCrbRcVGjvfHHHUL4cmQX68yP8Ei6poepump,Duobao,end_of_second_0,0,1.855131576161491e-07,4.7567
53RUohPnCrbRcVGjvfHHHUL4cmQX68yP8Ei6poepump,Duobao,dev_zero,12.0,1.6617774805014872e-07,4.2609
53RUohPnCrbRcVGjvfHHHUL4cmQX68yP8Ei6poepump,Duobao,t30,30,1.6034684522604384e-07,4.1114
53RUohPnCrbRcVGjvfHHHUL4cmQX68yP8Ei6poepump,Duobao,t60,60,1.4252462453644857e-07,3.6544
53RUohPnCrbRcVGjvfHHHUL4cmQX68yP8Ei6poepump,Duobao,window_peak,31.0,2.1290009318227765e-07,5.4589
GBmrxrKcEhiSm5z8tnueycaCcqdPDrQzX8tXBhRApump,Human,end_of_second_0,0,1.0237871678639571e-07,2.625
GBmrxrKcEhiSm5z8tnueycaCcqdPDrQzX8tXBhRApump,Human,dev_zero,9.0,1.2284242351690462e-07,3.1497
GBmrxrKcEhiSm5z8tnueycaCcqdPDrQzX8tXBhRApump,Human,t30,30,1.9273436001199162e-07,4.9418
GBmrxrKcEhiSm5z8tnueycaCcqdPDrQzX8tXBhRApump,Human,t60,60,2.1269144921408614e-07,5.4535
GBmrxrKcEhiSm5z8tnueycaCcqdPDrQzX8tXBhRApump,Human,window_peak,32.0,2.2629461286104123e-07,5.8023
HtoNB93hCvc3HEmYb55XnEJhhF9PuhDKcb92L73Qpump,69420,end_of_second_0,0,1.4481919159770274e-07,3.4768
HtoNB93hCvc3HEmYb55XnEJhhF9PuhDKcb92L73Qpump,69420,dev_zero,11.0,1.4498752369360822e-07,3.4808
HtoNB93hCvc3HEmYb55XnEJhhF9PuhDKcb92L73Qpump,69420,t30,30,1.5394691432325962e-07,3.6959
HtoNB93hCvc3HEmYb55XnEJhhF9PuhDKcb92L73Qpump,69420,t60,60,1.1213959333177902e-07,2.6922
HtoNB93hCvc3HEmYb55XnEJhhF9PuhDKcb92L73Qpump,69420,window_peak,2.0,1.9116361123184334e-07,4.5894
CP1Y8TMA1FL4TWfFFuDsi3ncw1VkTYi2gGzuEXoCpump,Imagine,end_of_second_0,0,1.205525516859412e-07,3.179
CP1Y8TMA1FL4TWfFFuDsi3ncw1VkTYi2gGzuEXoCpump,Imagine,dev_zero,13.0,1.4855067975851943e-07,3.9174
CP1Y8TMA1FL4TWfFFuDsi3ncw1VkTYi2gGzuEXoCpump,Imagine,t30,30,1.358608591813024e-07,3.5827
CP1Y8TMA1FL4TWfFFuDsi3ncw1VkTYi2gGzuEXoCpump,Imagine,t60,60,1.4221546715306802e-07,3.7503
CP1Y8TMA1FL4TWfFFuDsi3ncw1VkTYi2gGzuEXoCpump,Imagine,window_peak,6.0,1.9054764506556655e-07,5.0248
EZum81Bs7pECU7cttRDiJMwSieJJ9mZBjbbCc7Prpump,wawa,end_of_second_0,0,1.179814209981286e-07,3.3929
EZum81Bs7pECU7cttRDiJMwSieJJ9mZBjbbCc7Prpump,wawa,dev_zero,11.0,1.4960735462325268e-07,4.3023
EZum81Bs7pECU7cttRDiJMwSieJJ9mZBjbbCc7Prpump,wawa,t30,30,1.668263246124202e-07,4.7975
EZum81Bs7pECU7cttRDiJMwSieJJ9mZBjbbCc7Prpump,wawa,t60,60,2.3815042422911262e-07,6.8486
EZum81Bs7pECU7cttRDiJMwSieJJ9mZBjbbCc7Prpump,wawa,window_peak,60.0,2.3828398940299975e-07,6.8525
5yWb5o2XT4J5dFCg3w6EZHxRAgYhyuj8H1RAEFeUpump,Hope,end_of_second_0,0,7.027489801310815e-08,2.0209
5yWb5o2XT4J5dFCg3w6EZHxRAgYhyuj8H1RAEFeUpump,Hope,dev_zero,9.0,9.875986594630717e-08,2.8401
5yWb5o2XT4J5dFCg3w6EZHxRAgYhyuj8H1RAEFeUpump,Hope,t30,30,1.0955194923256477e-07,3.1504
5yWb5o2XT4J5dFCg3w6EZHxRAgYhyuj8H1RAEFeUpump,Hope,t60,60,1.9852542168435384e-07,5.7091
5yWb5o2XT4J5dFCg3w6EZHxRAgYhyuj8H1RAEFeUpump,Hope,window_peak,60.0,1.9894261211530917e-07,5.7211
8pa39xkpXTNdoAJWjX7bcanpkoExKtzvs1YZSGNDpump,Pluto,end_of_second_0,0,8.970190972756396e-08,2.5796
8pa39xkpXTNdoAJWjX7bcanpkoExKtzvs1YZSGNDpump,Pluto,dev_zero,7.0,9.001396655895438e-08,2.5886
8pa39xkpXTNdoAJWjX7bcanpkoExKtzvs1YZSGNDpump,Pluto,t30,30,1.6429817076651554e-07,4.7248
8pa39xkpXTNdoAJWjX7bcanpkoExKtzvs1YZSGNDpump,Pluto,t60,60,1.5024063882080188e-07,4.3206
8pa39xkpXTNdoAJWjX7bcanpkoExKtzvs1YZSGNDpump,Pluto,window_peak,31.0,1.9643918362601807e-07,5.6491
8LKbhVZWvSimMDnZ7eEZKpu54GsqjK45NQr7BKkUpump,Sandy,end_of_second_0,0,6.479572641680716e-08,1.8634
8LKbhVZWvSimMDnZ7eEZKpu54GsqjK45NQr7BKkUpump,Sandy,dev_zero,5.0,6.087409967760101e-08,1.7506
8LKbhVZWvSimMDnZ7eEZKpu54GsqjK45NQr7BKkUpump,Sandy,t30,30,4.9158550724336174e-08,1.4137
8LKbhVZWvSimMDnZ7eEZKpu54GsqjK45NQr7BKkUpump,Sandy,t60,60,5.486810526530447e-08,1.5779
8LKbhVZWvSimMDnZ7eEZKpu54GsqjK45NQr7BKkUpump,Sandy,window_peak,0.0,8.318465440597665e-08,2.3922
93Roq1wh5otHi725CtU1eZQ9FkkfunYA1dWUpVTzpump,Doggo,end_of_second_0,0,6.955176747724483e-08,2.0001
93Roq1wh5otHi725CtU1eZQ9FkkfunYA1dWUpVTzpump,Doggo,dev_zero,6.0,6.054688071035004e-08,1.7412
93Roq1wh5otHi725CtU1eZQ9FkkfunYA1dWUpVTzpump,Doggo,t30,30,6.343269405176057e-08,1.8242
93Roq1wh5otHi725CtU1eZQ9FkkfunYA1dWUpVTzpump,Doggo,t60,60,5.624418934666331e-08,1.6174
93Roq1wh5otHi725CtU1eZQ9FkkfunYA1dWUpVTzpump,Doggo,window_peak,8.0,8.259965231730188e-08,2.3754
bWBhZwLW5z8XruKvkRWTgRHDsdoym3jY79M3NLSpump,Mogger,end_of_second_0,0,5.919015483723013e-08,1.7022
bWBhZwLW5z8XruKvkRWTgRHDsdoym3jY79M3NLSpump,Mogger,dev_zero,6.0,5.73380398786551e-08,1.6489
bWBhZwLW5z8XruKvkRWTgRHDsdoym3jY79M3NLSpump,Mogger,t30,30,7.864289287972574e-08,2.2616
bWBhZwLW5z8XruKvkRWTgRHDsdoym3jY79M3NLSpump,Mogger,t60,60,1.083668050997741e-07,3.1164
bWBhZwLW5z8XruKvkRWTgRHDsdoym3jY79M3NLSpump,Mogger,window_peak,55.0,1.0916688591329838e-07,3.1394
5fLDAQA9r4e9WKRSt2PVUZF6hDpg3AicBz745uaYpump,AXM,end_of_second_0,0,6.824385557670646e-08,1.9625
5fLDAQA9r4e9WKRSt2PVUZF6hDpg3AicBz745uaYpump,AXM,dev_zero,5.0,4.7612035977897504e-08,1.3692
5fLDAQA9r4e9WKRSt2PVUZF6hDpg3AicBz745uaYpump,AXM,t30,30,5.128336978873344e-08,1.4748
5fLDAQA9r4e9WKRSt2PVUZF6hDpg3AicBz745uaYpump,AXM,t60,60,5.2445805621969536e-08,1.5082
5fLDAQA9r4e9WKRSt2PVUZF6hDpg3AicBz745uaYpump,AXM,window_peak,8.0,8.249694784199545e-08,2.3724
GstDQF9XdDK79NRBNcCXCQLceHwoEJqJUXsRXLkHpump,DiCatprio,end_of_second_0,0,6.910419504825458e-08,1.9873
GstDQF9XdDK79NRBNcCXCQLceHwoEJqJUXsRXLkHpump,DiCatprio,dev_zero,8.0,7.151415090905041e-08,2.0566
GstDQF9XdDK79NRBNcCXCQLceHwoEJqJUXsRXLkHpump,DiCatprio,t30,30,4.550043179287715e-08,1.3085
GstDQF9XdDK79NRBNcCXCQLceHwoEJqJUXsRXLkHpump,DiCatprio,t60,60,4.9794587133064245e-08,1.432
GstDQF9XdDK79NRBNcCXCQLceHwoEJqJUXsRXLkHpump,DiCatprio,window_peak,0.0,8.102397827949246e-08,2.3301
B9HjCLSVvnLssdrMwQJriwQKn254LPeEAB4rXyyYpump,SMARTMONEY,end_of_second_0,0,8.503308278047372e-08,2.4453
B9HjCLSVvnLssdrMwQJriwQKn254LPeEAB4rXyyYpump,SMARTMONEY,dev_zero,7.0,5.97840941684105e-08,1.7192
B9HjCLSVvnLssdrMwQJriwQKn254LPeEAB4rXyyYpump,SMARTMONEY,t30,30,5.041386695877099e-08,1.4498
B9HjCLSVvnLssdrMwQJriwQKn254LPeEAB4rXyyYpump,SMARTMONEY,t60,60,5.10433426574928e-08,1.4679
B9HjCLSVvnLssdrMwQJriwQKn254LPeEAB4rXyyYpump,SMARTMONEY,window_peak,1.0,8.736980277653572e-08,2.5125
66DAtgTnevAD8JTmnNqFNG5qDYztHLpyCSpy5hYRpump,ANI,end_of_second_0,0,4.842458462886479e-08,1.3926
66DAtgTnevAD8JTmnNqFNG5qDYztHLpyCSpy5hYRpump,ANI,dev_zero,8.0,1.0701560866937086e-07,3.0775
66DAtgTnevAD8JTmnNqFNG5qDYztHLpyCSpy5hYRpump,ANI,t30,30,1.2032031135815216e-07,3.4601
66DAtgTnevAD8JTmnNqFNG5qDYztHLpyCSpy5hYRpump,ANI,t60,60,1.2113833366697068e-07,3.4836
66DAtgTnevAD8JTmnNqFNG5qDYztHLpyCSpy5hYRpump,ANI,window_peak,34.0,1.5009015393222912e-07,4.3162
CDEzCk9WKW1B5xQChVWLxGsv5cfY4SzLwBTJ6UyHpump,symphony,end_of_second_0,0,8.790663532066962e-08,2.528
CDEzCk9WKW1B5xQChVWLxGsv5cfY4SzLwBTJ6UyHpump,symphony,dev_zero,6.0,9.979648177692962e-08,2.8699
CDEzCk9WKW1B5xQChVWLxGsv5cfY4SzLwBTJ6UyHpump,symphony,t30,30,7.382223634919904e-08,2.1229
CDEzCk9WKW1B5xQChVWLxGsv5cfY4SzLwBTJ6UyHpump,symphony,t60,60,5.368845871083298e-08,1.544
CDEzCk9WKW1B5xQChVWLxGsv5cfY4SzLwBTJ6UyHpump,symphony,window_peak,6.0,9.979648177692962e-08,2.8699
EBsrdQw5h99NmCHiKjvmTPxgs2MiKNLZfQBwsS5ipump,Hugo,end_of_second_0,0,7.493654550881877e-08,2.155
EBsrdQw5h99NmCHiKjvmTPxgs2MiKNLZfQBwsS5ipump,Hugo,dev_zero,6.0,8.321023613289441e-08,2.3929
EBsrdQw5h99NmCHiKjvmTPxgs2MiKNLZfQBwsS5ipump,Hugo,t30,30,8.293556114840604e-08,2.385
EBsrdQw5h99NmCHiKjvmTPxgs2MiKNLZfQBwsS5ipump,Hugo,t60,60,6.982621890823526e-08,2.008
EBsrdQw5h99NmCHiKjvmTPxgs2MiKNLZfQBwsS5ipump,Hugo,window_peak,16.0,1.230802930040948e-07,3.5395
DVGdeq5XUJ7B4Ac88rLQqeZNxtWT8yiYVrWQcjZVpump,Guion,end_of_second_0,0,9.76794601081306e-08,2.809
DVGdeq5XUJ7B4Ac88rLQqeZNxtWT8yiYVrWQcjZVpump,Guion,dev_zero,10.0,5.9063428927831336e-08,1.6985
DVGdeq5XUJ7B4Ac88rLQqeZNxtWT8yiYVrWQcjZVpump,Guion,t30,30,5.205788564532094e-08,1.4971
DVGdeq5XUJ7B4Ac88rLQqeZNxtWT8yiYVrWQcjZVpump,Guion,t60,60,6.630419025825853e-08,1.9067
DVGdeq5XUJ7B4Ac88rLQqeZNxtWT8yiYVrWQcjZVpump,Guion,window_peak,3.0,1.0002593483604285e-07,2.8765
FEXVgCcWLQrddiMP57Z6KL8Yoxn7uzG3vYSox5vEpump,Momota,end_of_second_0,0,8.00378234869842e-08,2.3017
FEXVgCcWLQrddiMP57Z6KL8Yoxn7uzG3vYSox5vEpump,Momota,dev_zero,8.0,1.2689470352122925e-07,3.6492
FEXVgCcWLQrddiMP57Z6KL8Yoxn7uzG3vYSox5vEpump,Momota,t30,30,1.052679304965126e-07,3.0273
FEXVgCcWLQrddiMP57Z6KL8Yoxn7uzG3vYSox5vEpump,Momota,t60,60,8.455347783903596e-08,2.4316
FEXVgCcWLQrddiMP57Z6KL8Yoxn7uzG3vYSox5vEpump,Momota,window_peak,8.0,1.4813006246234171e-07,4.2599
8gbB1eAuHhjjJbeHKH7Gy84WMpjZsuu2Z1pzvz41pump,Sol,end_of_second_0,0,4.842458462886479e-08,1.3926
8gbB1eAuHhjjJbeHKH7Gy84WMpjZsuu2Z1pzvz41pump,Sol,dev_zero,14.0,9.243692012364407e-08,2.6583
8gbB1eAuHhjjJbeHKH7Gy84WMpjZsuu2Z1pzvz41pump,Sol,t30,30,9.422302701881297e-08,2.7096
8gbB1eAuHhjjJbeHKH7Gy84WMpjZsuu2Z1pzvz41pump,Sol,t60,60,7.615963227048564e-08,2.1902
8gbB1eAuHhjjJbeHKH7Gy84WMpjZsuu2Z1pzvz41pump,Sol,window_peak,40.0,1.146730045812707e-07,3.2977
yLT7rHdaNkfnqfg5pxXxCTrx1Rsnagod16DnpKBpump,Nilly,end_of_second_0,0,9.836230219557419e-08,2.8287
yLT7rHdaNkfnqfg5pxXxCTrx1Rsnagod16DnpKBpump,Nilly,dev_zero,8.0,6.908622857374009e-08,1.9868
yLT7rHdaNkfnqfg5pxXxCTrx1Rsnagod16DnpKBpump,Nilly,t30,30,1.2541743633249514e-07,3.6067
yLT7rHdaNkfnqfg5pxXxCTrx1Rsnagod16DnpKBpump,Nilly,t60,60,1.0041421513845012e-07,2.8877
yLT7rHdaNkfnqfg5pxXxCTrx1Rsnagod16DnpKBpump,Nilly,window_peak,19.0,2.2430696042434742e-07,6.4505
EJV1Nrap3oRZZ9baDFrcnnmMKb83bnqLsfyDkq4dpump,Zuko,end_of_second_0,0,1.0689461275374151e-07,3.074
EJV1Nrap3oRZZ9baDFrcnnmMKb83bnqLsfyDkq4dpump,Zuko,dev_zero,7.0,7.922208978984127e-08,2.2782
EJV1Nrap3oRZZ9baDFrcnnmMKb83bnqLsfyDkq4dpump,Zuko,t30,30,9.917762289319138e-08,2.8521
EJV1Nrap3oRZZ9baDFrcnnmMKb83bnqLsfyDkq4dpump,Zuko,t60,60,8.9855283550337e-08,2.584
EJV1Nrap3oRZZ9baDFrcnnmMKb83bnqLsfyDkq4dpump,Zuko,window_peak,2.0,1.385481221562421e-07,3.9843
CK2KZAcfDfU3taZVoLMJoPMLRLMC62qKePiywMRzpump,Popo-Chan,end_of_second_0,0,9.566370957400713e-08,2.7511
CK2KZAcfDfU3taZVoLMJoPMLRLMC62qKePiywMRzpump,Popo-Chan,dev_zero,8.0,1.0551994568734148e-07,3.0345
CK2KZAcfDfU3taZVoLMJoPMLRLMC62qKePiywMRzpump,Popo-Chan,t30,30,8.129668230438026e-08,2.3379
CK2KZAcfDfU3taZVoLMJoPMLRLMC62qKePiywMRzpump,Popo-Chan,t60,60,6.154507803950184e-08,1.7699
CK2KZAcfDfU3taZVoLMJoPMLRLMC62qKePiywMRzpump,Popo-Chan,window_peak,2.0,1.259645813175869e-07,3.6224
2n16wWMsnEVHbE2WV9o66z3E4QfhSjcRg7rsTmYkpump,Rina ,end_of_second_0,0,8.744462383570373e-08,2.4421
2n16wWMsnEVHbE2WV9o66z3E4QfhSjcRg7rsTmYkpump,Rina ,dev_zero,9.0,9.149629184975048e-08,2.5552
2n16wWMsnEVHbE2WV9o66z3E4QfhSjcRg7rsTmYkpump,Rina ,t30,30,6.816753376550444e-08,1.9037
2n16wWMsnEVHbE2WV9o66z3E4QfhSjcRg7rsTmYkpump,Rina ,t60,60,6.591717507834734e-08,1.8409
2n16wWMsnEVHbE2WV9o66z3E4QfhSjcRg7rsTmYkpump,Rina ,window_peak,2.0,1.230835513514336e-07,3.4374
C2F7zkyVymJUpGNvC5RzaJdTESQQ62Ai3AXZ5Cvipump,Abrams,end_of_second_0,0,8.934042982352748e-08,2.495
C2F7zkyVymJUpGNvC5RzaJdTESQQ62Ai3AXZ5Cvipump,Abrams,dev_zero,7.0,1.1245484963239797e-07,3.1405
C2F7zkyVymJUpGNvC5RzaJdTESQQ62Ai3AXZ5Cvipump,Abrams,t30,30,9.223503481511554e-08,2.5759
C2F7zkyVymJUpGNvC5RzaJdTESQQ62Ai3AXZ5Cvipump,Abrams,t60,60,9.414469337072123e-08,2.6292
C2F7zkyVymJUpGNvC5RzaJdTESQQ62Ai3AXZ5Cvipump,Abrams,window_peak,11.0,1.4833135194922386e-07,4.1425
2CQ8xNWn7Y8r47V8omECuaYRUrYWyZtiDozckwPZpump,iGen,end_of_second_0,0,9.767945889155271e-08,2.809
2CQ8xNWn7Y8r47V8omECuaYRUrYWyZtiDozckwPZpump,iGen,dev_zero,11.0,9.780448597844016e-08,2.8126
2CQ8xNWn7Y8r47V8omECuaYRUrYWyZtiDozckwPZpump,iGen,t30,30,7.796026729990367e-08,2.2419
2CQ8xNWn7Y8r47V8omECuaYRUrYWyZtiDozckwPZpump,iGen,t60,60,5.990929203430704e-08,1.7228
2CQ8xNWn7Y8r47V8omECuaYRUrYWyZtiDozckwPZpump,iGen,window_peak,6.0,1.2728331383022245e-07,3.6604
DZMYRLGqRUuX5hhXbyDY2MmZdb2w6N6XqyTs4XRJpump,3,end_of_second_0,0,8.487462503712633e-08,2.4408
DZMYRLGqRUuX5hhXbyDY2MmZdb2w6N6XqyTs4XRJpump,3,dev_zero,9.0,1.1513282170848421e-07,3.3109
DZMYRLGqRUuX5hhXbyDY2MmZdb2w6N6XqyTs4XRJpump,3,t30,30,1.2399788413937946e-07,3.5659
DZMYRLGqRUuX5hhXbyDY2MmZdb2w6N6XqyTs4XRJpump,3,t60,60,1.1494299903902425e-07,3.3055
DZMYRLGqRUuX5hhXbyDY2MmZdb2w6N6XqyTs4XRJpump,3,window_peak,20.0,1.6231360728267468e-07,4.6677
gSb2Tro1ZEizNVk9Zc6juATs3FGZRZUUySF7Xekpump,Dino,end_of_second_0,0,8.327846285501604e-08,2.3949
gSb2Tro1ZEizNVk9Zc6juATs3FGZRZUUySF7Xekpump,Dino,dev_zero,6.0,9.738784024475945e-08,2.8006
gSb2Tro1ZEizNVk9Zc6juATs3FGZRZUUySF7Xekpump,Dino,t30,30,7.128736147737291e-08,2.0501
gSb2Tro1ZEizNVk9Zc6juATs3FGZRZUUySF7Xekpump,Dino,t60,60,5.5425266837027424e-08,1.5939
gSb2Tro1ZEizNVk9Zc6juATs3FGZRZUUySF7Xekpump,Dino,window_peak,6.0,9.738784024475945e-08,2.8006
EsWMxxgrtZCk2wy5bJK18VKUTV4hDDSNuhV7FLxopump,aliens,end_of_second_0,0,1.03548499485664e-07,2.9778
EsWMxxgrtZCk2wy5bJK18VKUTV4hDDSNuhV7FLxopump,aliens,dev_zero,6.0,8.049583536069637e-08,2.3149
EsWMxxgrtZCk2wy5bJK18VKUTV4hDDSNuhV7FLxopump,aliens,t30,30,6.15793417098349e-08,1.7709
EsWMxxgrtZCk2wy5bJK18VKUTV4hDDSNuhV7FLxopump,aliens,t60,60,6.982067796590147e-08,2.0079
EsWMxxgrtZCk2wy5bJK18VKUTV4hDDSNuhV7FLxopump,aliens,window_peak,2.0,1.1281744522258916e-07,3.2444
4k9H1Xsy54cGzX7Z9TbvG1pRT4Guz7yFE2Pwc9Lnpump,Pulsar,end_of_second_0,0,9.474021525760678e-08,2.7245
4k9H1Xsy54cGzX7Z9TbvG1pRT4Guz7yFE2Pwc9Lnpump,Pulsar,dev_zero,8.0,9.661658114945138e-08,2.7785
4k9H1Xsy54cGzX7Z9TbvG1pRT4Guz7yFE2Pwc9Lnpump,Pulsar,t30,30,1.5867644787892868e-07,4.5632
4k9H1Xsy54cGzX7Z9TbvG1pRT4Guz7yFE2Pwc9Lnpump,Pulsar,t60,60,1.7684567424893412e-07,5.0857
4k9H1Xsy54cGzX7Z9TbvG1pRT4Guz7yFE2Pwc9Lnpump,Pulsar,window_peak,46.0,1.93844482679617e-07,5.5745
8rfrBMHtQ6X6kVN79KfiFuohggrxh98nVdKhrne8pump,Crank,end_of_second_0,0,8.43294690407534e-08,2.4251
8rfrBMHtQ6X6kVN79KfiFuohggrxh98nVdKhrne8pump,Crank,dev_zero,7.0,8.452854262611527e-08,2.4308
8rfrBMHtQ6X6kVN79KfiFuohggrxh98nVdKhrne8pump,Crank,t30,30,7.370682793639861e-08,2.1196
8rfrBMHtQ6X6kVN79KfiFuohggrxh98nVdKhrne8pump,Crank,t60,60,7.586187930466614e-08,2.1816
8rfrBMHtQ6X6kVN79KfiFuohggrxh98nVdKhrne8pump,Crank,window_peak,8.0,1.1382776847066517e-07,3.2734
Af5AjoF6QGf42RAzxLasYLUJr5uCmfFDRnqVcbtfpump,Brandy,end_of_second_0,0,4.347046065647312e-08,1.214
Af5AjoF6QGf42RAzxLasYLUJr5uCmfFDRnqVcbtfpump,Brandy,dev_zero,7.0,1.0952093298814667e-07,3.0586
Af5AjoF6QGf42RAzxLasYLUJr5uCmfFDRnqVcbtfpump,Brandy,t30,30,1.1517220047916765e-07,3.2164
Af5AjoF6QGf42RAzxLasYLUJr5uCmfFDRnqVcbtfpump,Brandy,t60,60,1.0425476885759395e-07,2.9115
Af5AjoF6QGf42RAzxLasYLUJr5uCmfFDRnqVcbtfpump,Brandy,window_peak,4.0,1.6311611739669768e-07,4.5554
J7MxvqPyDMxL3bNWhLw4KUHN7Gnc7a213JG3Lz8Cpump,nothing,end_of_second_0,0,8.505135883707851e-08,2.4459
J7MxvqPyDMxL3bNWhLw4KUHN7Gnc7a213JG3Lz8Cpump,nothing,dev_zero,5.0,1.12088879662718e-07,3.2234
J7MxvqPyDMxL3bNWhLw4KUHN7Gnc7a213JG3Lz8Cpump,nothing,t30,30,1.438488460268822e-07,4.1367
J7MxvqPyDMxL3bNWhLw4KUHN7Gnc7a213JG3Lz8Cpump,nothing,t60,60,1.6698934675011546e-07,4.8022
J7MxvqPyDMxL3bNWhLw4KUHN7Gnc7a213JG3Lz8Cpump,nothing,window_peak,46.0,2.1514328833236858e-07,6.187
13JbNUE6PUmkhda8YyfMaHqUnYYYvtq1Tgp9SJjepump,civilization,end_of_second_0,0,8.929881329479973e-08,2.568
13JbNUE6PUmkhda8YyfMaHqUnYYYvtq1Tgp9SJjepump,civilization,dev_zero,5.0,1.2195370286490281e-07,3.5071
13JbNUE6PUmkhda8YyfMaHqUnYYYvtq1Tgp9SJjepump,civilization,t30,30,8.367073620089335e-08,2.4062
13JbNUE6PUmkhda8YyfMaHqUnYYYvtq1Tgp9SJjepump,civilization,t60,60,5.956100088771489e-08,1.7128
13JbNUE6PUmkhda8YyfMaHqUnYYYvtq1Tgp9SJjepump,civilization,window_peak,5.0,1.312970682482651e-07,3.7758
GFK1VMaoR6WMaU71j9Hypv8zn5CvsVQc7WXrqmhVpump,Crinkle,end_of_second_0,0,4.233030152846853e-08,1.2173
GFK1VMaoR6WMaU71j9Hypv8zn5CvsVQc7WXrqmhVpump,Crinkle,dev_zero,8.0,1.0258942608626831e-07,2.9502
GFK1VMaoR6WMaU71j9Hypv8zn5CvsVQc7WXrqmhVpump,Crinkle,t30,30,1.414978902155932e-07,4.0691
GFK1VMaoR6WMaU71j9Hypv8zn5CvsVQc7WXrqmhVpump,Crinkle,t60,60,1.603293196466093e-07,4.6107
GFK1VMaoR6WMaU71j9Hypv8zn5CvsVQc7WXrqmhVpump,Crinkle,window_peak,40.0,1.9517194289619754e-07,5.6127
EsPnd3XRuNLmWJvGHEjb3Mg9wdDSMhEoTzFErXmypump,win,end_of_second_0,0,9.38814627014988e-08,2.6998
EsPnd3XRuNLmWJvGHEjb3Mg9wdDSMhEoTzFErXmypump,win,dev_zero,6.0,8.459261111914113e-08,2.4327
EsPnd3XRuNLmWJvGHEjb3Mg9wdDSMhEoTzFErXmypump,win,t30,30,8.601979443694793e-08,2.4737
EsPnd3XRuNLmWJvGHEjb3Mg9wdDSMhEoTzFErXmypump,win,t60,60,6.839348718665079e-08,1.9668
EsPnd3XRuNLmWJvGHEjb3Mg9wdDSMhEoTzFErXmypump,win,window_peak,7.0,1.2579749744300575e-07,3.6176
2ygGLkiJv7f8vaKKx5ZA8giXcG4YaQR6AyZP1nWjpump,Manchas,end_of_second_0,0,7.067588944996738e-08,2.0325
2ygGLkiJv7f8vaKKx5ZA8giXcG4YaQR6AyZP1nWjpump,Manchas,dev_zero,10.0,9.157917194465949e-08,2.6336
2ygGLkiJv7f8vaKKx5ZA8giXcG4YaQR6AyZP1nWjpump,Manchas,t30,30,1.0634138616713577e-07,3.0581
2ygGLkiJv7f8vaKKx5ZA8giXcG4YaQR6AyZP1nWjpump,Manchas,t60,60,1.4382921119706598e-07,4.1362
2ygGLkiJv7f8vaKKx5ZA8giXcG4YaQR6AyZP1nWjpump,Manchas,window_peak,30.0,1.6641975009760408e-07,4.7858
6v2KUBmf1JtbRz4aawmNBJrQpnWtwQBjyrSQNDbkpump,Herd,end_of_second_0,0,8.609622644069818e-08,2.4759
6v2KUBmf1JtbRz4aawmNBJrQpnWtwQBjyrSQNDbkpump,Herd,dev_zero,6.0,8.669607965066478e-08,2.4932
6v2KUBmf1JtbRz4aawmNBJrQpnWtwQBjyrSQNDbkpump,Herd,t30,30,6.319208570670281e-08,1.8173
6v2KUBmf1JtbRz4aawmNBJrQpnWtwQBjyrSQNDbkpump,Herd,t60,60,5.15516206120372e-08,1.4825
6v2KUBmf1JtbRz4aawmNBJrQpnWtwQBjyrSQNDbkpump,Herd,window_peak,6.0,9.62802804532163e-08,2.7688
21oNMqonBPR2UFkShvQFpoLnHmaesnC8vRbz5fd3pump,feels,end_of_second_0,0,4.233030152846853e-08,1.2173
21oNMqonBPR2UFkShvQFpoLnHmaesnC8vRbz5fd3pump,feels,dev_zero,6.0,1.1864407512981763e-07,3.4119
21oNMqonBPR2UFkShvQFpoLnHmaesnC8vRbz5fd3pump,feels,t30,30,8.7582720057899e-08,2.5187
21oNMqonBPR2UFkShvQFpoLnHmaesnC8vRbz5fd3pump,feels,t60,60,1.0130927152706202e-07,2.9134
21oNMqonBPR2UFkShvQFpoLnHmaesnC8vRbz5fd3pump,feels,window_peak,7.0,1.2231460610740226e-07,3.5175
HeerBN2kj3WT2zwp3w5onXNaq1EKn8jJD9DisS2ypump,Muchamaru,end_of_second_0,0,8.506156336043097e-08,2.4462
HeerBN2kj3WT2zwp3w5onXNaq1EKn8jJD9DisS2ypump,Muchamaru,dev_zero,6.0,9.538792138512264e-08,2.7431
HeerBN2kj3WT2zwp3w5onXNaq1EKn8jJD9DisS2ypump,Muchamaru,t30,30,1.5719942957272937e-07,4.5207
HeerBN2kj3WT2zwp3w5onXNaq1EKn8jJD9DisS2ypump,Muchamaru,t60,60,1.5644275973508073e-07,4.4989
HeerBN2kj3WT2zwp3w5onXNaq1EKn8jJD9DisS2ypump,Muchamaru,window_peak,27.0,1.7906189729336302e-07,5.1494
3gp8fDUxsLgL1R9kJZQzHMJHkJuVoy7e4w1JNqa9pump,retarded,end_of_second_0,0,4.233030152846853e-08,1.2173
3gp8fDUxsLgL1R9kJZQzHMJHkJuVoy7e4w1JNqa9pump,retarded,dev_zero,6.0,1.0091716944811609e-07,2.9021
3gp8fDUxsLgL1R9kJZQzHMJHkJuVoy7e4w1JNqa9pump,retarded,t30,30,9.445082577658481e-08,2.7162
3gp8fDUxsLgL1R9kJZQzHMJHkJuVoy7e4w1JNqa9pump,retarded,t60,60,1.2538278512100638e-07,3.6057
3gp8fDUxsLgL1R9kJZQzHMJHkJuVoy7e4w1JNqa9pump,retarded,window_peak,11.0,1.5774202010835153e-07,4.5363
nZRKxe1voadnWr6cyb7WJEgbbX9UhfGoTGCPp5Apump,Xana,end_of_second_0,0,4.233030152846853e-08,1.2173
nZRKxe1voadnWr6cyb7WJEgbbX9UhfGoTGCPp5Apump,Xana,dev_zero,6.0,1.077861482597248e-07,3.0997
nZRKxe1voadnWr6cyb7WJEgbbX9UhfGoTGCPp5Apump,Xana,t30,30,8.422622474695742e-08,2.4221
nZRKxe1voadnWr6cyb7WJEgbbX9UhfGoTGCPp5Apump,Xana,t60,60,1.2257663878960852e-07,3.525
nZRKxe1voadnWr6cyb7WJEgbbX9UhfGoTGCPp5Apump,Xana,window_peak,35.0,1.381009124584163e-07,3.9714
HPH2DXvDTTwZbUC84pWEj8fw7KJKEYMDz1Y8waaSpump,Defeat,end_of_second_0,0,6.801229115888047e-08,1.9559
HPH2DXvDTTwZbUC84pWEj8fw7KJKEYMDz1Y8waaSpump,Defeat,dev_zero,5.0,7.819502540684564e-08,2.2487
HPH2DXvDTTwZbUC84pWEj8fw7KJKEYMDz1Y8waaSpump,Defeat,t30,30,8.652528706604857e-08,2.4883
HPH2DXvDTTwZbUC84pWEj8fw7KJKEYMDz1Y8waaSpump,Defeat,t60,60,8.617928128971671e-08,2.4783
HPH2DXvDTTwZbUC84pWEj8fw7KJKEYMDz1Y8waaSpump,Defeat,window_peak,57.0,1.099934794652332e-07,3.1631
95wWSUYGiKki4p31qRMJgHFFVdofhtbgiAj3yeWppump,Survive,end_of_second_0,0,6.697958107123583e-08,1.9262
95wWSUYGiKki4p31qRMJgHFFVdofhtbgiAj3yeWppump,Survive,dev_zero,5.0,5.2577640088082255e-08,1.512
95wWSUYGiKki4p31qRMJgHFFVdofhtbgiAj3yeWppump,Survive,t30,30,4.851681018903089e-08,1.3952
95wWSUYGiKki4p31qRMJgHFFVdofhtbgiAj3yeWppump,Survive,t60,60,4.275684569976586e-08,1.2296
95wWSUYGiKki4p31qRMJgHFFVdofhtbgiAj3yeWppump,Survive,window_peak,1.0,7.502819281372111e-08,2.1576
vMT2RxoVKGoS5NHRSE3VYdneAojGiQ73M8nysvgpump,Faithful,end_of_second_0,0,7.683306909616136e-08,2.2095
vMT2RxoVKGoS5NHRSE3VYdneAojGiQ73M8nysvgpump,Faithful,dev_zero,5.0,6.371992768854635e-08,1.8324
vMT2RxoVKGoS5NHRSE3VYdneAojGiQ73M8nysvgpump,Faithful,t30,30,8.1544347987859e-08,2.345
vMT2RxoVKGoS5NHRSE3VYdneAojGiQ73M8nysvgpump,Faithful,t60,60,1.3395265112624734e-07,3.8522
vMT2RxoVKGoS5NHRSE3VYdneAojGiQ73M8nysvgpump,Faithful,window_peak,59.0,1.4045751229752175e-07,4.0392
GJtKNh6TNrxyXXYPpMrYeRDGELQA5nHm46x2Sz6dpump,bun,end_of_second_0,0,8.5991267994426e-08,2.4015
GJtKNh6TNrxyXXYPpMrYeRDGELQA5nHm46x2Sz6dpump,bun,dev_zero,6.0,1.0884594881424814e-07,3.0398
GJtKNh6TNrxyXXYPpMrYeRDGELQA5nHm46x2Sz6dpump,bun,t30,30,4.6566942953117316e-08,1.3005
GJtKNh6TNrxyXXYPpMrYeRDGELQA5nHm46x2Sz6dpump,bun,t60,60,3.552447548974963e-08,0.9921
GJtKNh6TNrxyXXYPpMrYeRDGELQA5nHm46x2Sz6dpump,bun,window_peak,3.0,1.1343817984000902e-07,3.168
4FEphC5XxY2QRQ1ojKEyKgt3qHE2CTrc6Q3C3RUBpump,Glow,end_of_second_0,0,6.232745167259343e-08,1.7924
4FEphC5XxY2QRQ1ojKEyKgt3qHE2CTrc6Q3C3RUBpump,Glow,dev_zero,5.0,9.48494458575332e-08,2.7276
4FEphC5XxY2QRQ1ojKEyKgt3qHE2CTrc6Q3C3RUBpump,Glow,t30,30,2.2283092266842983e-07,6.4081
4FEphC5XxY2QRQ1ojKEyKgt3qHE2CTrc6Q3C3RUBpump,Glow,t60,60,5.105589737763415e-07,14.6824
4FEphC5XxY2QRQ1ojKEyKgt3qHE2CTrc6Q3C3RUBpump,Glow,window_peak,60.0,5.167275095266891e-07,14.8598
9scRR26THWhktQDMnAJA256iDSY8kvCx7t2WjoSwpump,Thankful,end_of_second_0,0,4.233030152846853e-08,1.2173
9scRR26THWhktQDMnAJA256iDSY8kvCx7t2WjoSwpump,Thankful,dev_zero,5.0,6.463584989989918e-08,1.8588
9scRR26THWhktQDMnAJA256iDSY8kvCx7t2WjoSwpump,Thankful,t30,30,6.447435729447664e-08,1.8541
9scRR26THWhktQDMnAJA256iDSY8kvCx7t2WjoSwpump,Thankful,t60,60,7.759413839513061e-08,2.2314
9scRR26THWhktQDMnAJA256iDSY8kvCx7t2WjoSwpump,Thankful,window_peak,48.0,9.308673021231457e-08,2.6769
DfsvFZ4YiRQUd9A7Z1R2v4RWavpATC4WTK9t5V1npump,Success,end_of_second_0,0,7.547820039913068e-08,2.1706
DfsvFZ4YiRQUd9A7Z1R2v4RWavpATC4WTK9t5V1npump,Success,dev_zero,5.0,8.437373920571997e-08,2.4264
DfsvFZ4YiRQUd9A7Z1R2v4RWavpATC4WTK9t5V1npump,Success,t30,30,6.124604180716543e-08,1.7613
DfsvFZ4YiRQUd9A7Z1R2v4RWavpATC4WTK9t5V1npump,Success,t60,60,5.242178797464477e-08,1.5075
DfsvFZ4YiRQUd9A7Z1R2v4RWavpATC4WTK9t5V1npump,Success,window_peak,6.0,9.168672518895054e-08,2.6367
DJY8j9L1f7xSnL11xjXMqruW7mBJkVSeDft3yLjdpump,Pallas,end_of_second_0,0,6.966427642819371e-08,2.0034
DJY8j9L1f7xSnL11xjXMqruW7mBJkVSeDft3yLjdpump,Pallas,dev_zero,6.0,7.450067457929827e-08,2.1425
DJY8j9L1f7xSnL11xjXMqruW7mBJkVSeDft3yLjdpump,Pallas,t30,30,6.747552149549413e-08,1.9404
DJY8j9L1f7xSnL11xjXMqruW7mBJkVSeDft3yLjdpump,Pallas,t60,60,5.8381561615648436e-08,1.6789
DJY8j9L1f7xSnL11xjXMqruW7mBJkVSeDft3yLjdpump,Pallas,window_peak,0.0,8.525425054339164e-08,2.4517
Fz5B4BErWbsnajL9NrQDywooqFxzZsVCcNeaPQnupump,Hall,end_of_second_0,0,1.1450778712232494e-07,3.1979
Fz5B4BErWbsnajL9NrQDywooqFxzZsVCcNeaPQnupump,Hall,dev_zero,6.0,9.37568443839524e-08,2.6184
Fz5B4BErWbsnajL9NrQDywooqFxzZsVCcNeaPQnupump,Hall,t30,30,9.310906998655431e-08,2.6003
Fz5B4BErWbsnajL9NrQDywooqFxzZsVCcNeaPQnupump,Hall,t60,60,8.027132105868704e-08,2.2417
Fz5B4BErWbsnajL9NrQDywooqFxzZsVCcNeaPQnupump,Hall,window_peak,2.0,1.4013549934164834e-07,3.9136
2wpWjjDCQSHkvx13ocwJTLuzzMxRRLcPjrKJ6JZZpump,Doug,end_of_second_0,0,6.323023393813555e-08,1.8732
2wpWjjDCQSHkvx13ocwJTLuzzMxRRLcPjrKJ6JZZpump,Doug,dev_zero,7.0,6.892730568726271e-08,2.042
2wpWjjDCQSHkvx13ocwJTLuzzMxRRLcPjrKJ6JZZpump,Doug,t30,30,2.3928305399824735e-07,7.0889
2wpWjjDCQSHkvx13ocwJTLuzzMxRRLcPjrKJ6JZZpump,Doug,t60,60,3.092375538625722e-07,9.1614
2wpWjjDCQSHkvx13ocwJTLuzzMxRRLcPjrKJ6JZZpump,Doug,window_peak,60.0,3.3959549609119804e-07,10.0608
CHvvXd41zuLzTwc3eiKZgkxE99tXZP5uMLUzEW3Wpump,Pringle,end_of_second_0,0,5.912543256274542e-08,1.7516
CHvvXd41zuLzTwc3eiKZgkxE99tXZP5uMLUzEW3Wpump,Pringle,dev_zero,7.0,5.990162687554534e-08,1.7746
CHvvXd41zuLzTwc3eiKZgkxE99tXZP5uMLUzEW3Wpump,Pringle,t30,30,5.0597527910519277e-08,1.499
CHvvXd41zuLzTwc3eiKZgkxE99tXZP5uMLUzEW3Wpump,Pringle,t60,60,3.887816911837057e-08,1.1518
CHvvXd41zuLzTwc3eiKZgkxE99tXZP5uMLUzEW3Wpump,Pringle,window_peak,0.0,7.146818455861051e-08,2.1173
FMLCnBYrxJi1DKo3JTsuc7Q2UQK6b96xfGX6qAoTpump,Artemis,end_of_second_0,0,7.594000999142772e-08,2.2498
FMLCnBYrxJi1DKo3JTsuc7Q2UQK6b96xfGX6qAoTpump,Artemis,dev_zero,7.0,6.793404130758186e-08,2.0126
FMLCnBYrxJi1DKo3JTsuc7Q2UQK6b96xfGX6qAoTpump,Artemis,t30,30,7.400809819943725e-08,2.1925
FMLCnBYrxJi1DKo3JTsuc7Q2UQK6b96xfGX6qAoTpump,Artemis,t60,60,6.342999229662099e-08,1.8792
FMLCnBYrxJi1DKo3JTsuc7Q2UQK6b96xfGX6qAoTpump,Artemis,window_peak,1.0,1.1963752430265392e-07,3.5443
EsYYK3tsx5VjqPDbML99gr7iYSLhfEJLLdBPU9oKpump,100,end_of_second_0,0,6.29652072480057e-08,1.7584
EsYYK3tsx5VjqPDbML99gr7iYSLhfEJLLdBPU9oKpump,100,dev_zero,4.0,8.003547378765191e-08,2.2352
EsYYK3tsx5VjqPDbML99gr7iYSLhfEJLLdBPU9oKpump,100,t30,30,6.912602389570785e-08,1.9305
EsYYK3tsx5VjqPDbML99gr7iYSLhfEJLLdBPU9oKpump,100,t60,60,5.880629961922514e-08,1.6423
EsYYK3tsx5VjqPDbML99gr7iYSLhfEJLLdBPU9oKpump,100,window_peak,6.0,8.21041362418228e-08,2.2929
nVMw27GvyEhitxri1FLeZNRyeruoKDwfHQnajW9pump,Jester,end_of_second_0,0,7.283689753987118e-08,2.0341
nVMw27GvyEhitxri1FLeZNRyeruoKDwfHQnajW9pump,Jester,dev_zero,7.0,7.173295858281426e-08,2.0033
nVMw27GvyEhitxri1FLeZNRyeruoKDwfHQnajW9pump,Jester,t30,30,6.909894587233155e-08,1.9297
nVMw27GvyEhitxri1FLeZNRyeruoKDwfHQnajW9pump,Jester,t60,60,5.4952988864827063e-08,1.5347
nVMw27GvyEhitxri1FLeZNRyeruoKDwfHQnajW9pump,Jester,window_peak,28.0,9.148436894414881e-08,2.5549
5W7mqg9hwvJsuhqug4QrsQZfvFPhrqBobuqiVSxYpump,Shift,end_of_second_0,0,6.966558604070853e-08,1.9456
5W7mqg9hwvJsuhqug4QrsQZfvFPhrqBobuqiVSxYpump,Shift,dev_zero,7.0,7.161329548429031e-08,2.0
5W7mqg9hwvJsuhqug4QrsQZfvFPhrqBobuqiVSxYpump,Shift,t30,30,4.386657707566361e-08,1.2251
5W7mqg9hwvJsuhqug4QrsQZfvFPhrqBobuqiVSxYpump,Shift,t60,60,3.916592927939449e-08,1.0938
5W7mqg9hwvJsuhqug4QrsQZfvFPhrqBobuqiVSxYpump,Shift,window_peak,4.0,9.186012314806385e-08,2.5654
8vavjWD4yDfFWZC5JgpvHQ5AEURFdBidxF5XeEDdpump,Bag,end_of_second_0,0,4.462577139845967e-08,1.2108
8vavjWD4yDfFWZC5JgpvHQ5AEURFdBidxF5XeEDdpump,Bag,dev_zero,5.0,5.945201710445188e-08,1.6131
8vavjWD4yDfFWZC5JgpvHQ5AEURFdBidxF5XeEDdpump,Bag,t30,30,6.055610216211564e-08,1.643
8vavjWD4yDfFWZC5JgpvHQ5AEURFdBidxF5XeEDdpump,Bag,t60,60,4.6050613020923665e-08,1.2494
8vavjWD4yDfFWZC5JgpvHQ5AEURFdBidxF5XeEDdpump,Bag,window_peak,7.0,1.0324873167598354e-07,2.8013
6K2Z5F9QqZ7n4jTjYoRC5Vc455231cTSbMmx776gpump,Underdog,end_of_second_0,0,4.120529401906362e-08,1.2207
6K2Z5F9QqZ7n4jTjYoRC5Vc455231cTSbMmx776gpump,Underdog,dev_zero,9.0,1.1302750373883164e-07,3.3485
6K2Z5F9QqZ7n4jTjYoRC5Vc455231cTSbMmx776gpump,Underdog,t30,30,1.2453139530553505e-07,3.6893
6K2Z5F9QqZ7n4jTjYoRC5Vc455231cTSbMmx776gpump,Underdog,t60,60,6.893471429899699e-08,2.0422
6K2Z5F9QqZ7n4jTjYoRC5Vc455231cTSbMmx776gpump,Underdog,window_peak,28.0,1.362350959307398e-07,4.0361
55ufobyJoksqFGvJC8Y8eqQC5aj6tepJHCWYCoT8pump,One,end_of_second_0,0,8.35113322267621e-08,2.4741
55ufobyJoksqFGvJC8Y8eqQC5aj6tepJHCWYCoT8pump,One,dev_zero,5.0,5.409127989657029e-08,1.6025
55ufobyJoksqFGvJC8Y8eqQC5aj6tepJHCWYCoT8pump,One,t30,30,4.884521332484201e-08,1.4471
55ufobyJoksqFGvJC8Y8eqQC5aj6tepJHCWYCoT8pump,One,t60,60,5.264113767257921e-08,1.5595
55ufobyJoksqFGvJC8Y8eqQC5aj6tepJHCWYCoT8pump,One,window_peak,1.0,8.485833734838041e-08,2.514
9QCFyDY9VsxRg9uLbxKXfpcEa6ZvPHVSDtMAVcUzpump,Illusion,end_of_second_0,0,9.446025556220413e-08,2.638
9QCFyDY9VsxRg9uLbxKXfpcEa6ZvPHVSDtMAVcUzpump,Illusion,dev_zero,7.0,8.50075481854271e-08,2.374
9QCFyDY9VsxRg9uLbxKXfpcEa6ZvPHVSDtMAVcUzpump,Illusion,t30,30,5.499945097202855e-08,1.536
9QCFyDY9VsxRg9uLbxKXfpcEa6ZvPHVSDtMAVcUzpump,Illusion,t60,60,6.12043845809557e-08,1.7093
9QCFyDY9VsxRg9uLbxKXfpcEa6ZvPHVSDtMAVcUzpump,Illusion,window_peak,0.0,1.1404972316631933e-07,3.1851
74zht8bU78ktcL1TmFLJYQuJZCSQwBjosoWMjcm4pump,NHI,end_of_second_0,0,6.711374342957502e-08,1.8209
74zht8bU78ktcL1TmFLJYQuJZCSQwBjosoWMjcm4pump,NHI,dev_zero,6.0,5.4621957385076716e-08,1.482
74zht8bU78ktcL1TmFLJYQuJZCSQwBjosoWMjcm4pump,NHI,t30,30,4.313665719014204e-08,1.1704
74zht8bU78ktcL1TmFLJYQuJZCSQwBjosoWMjcm4pump,NHI,t60,60,5.801577296245173e-08,1.5741
74zht8bU78ktcL1TmFLJYQuJZCSQwBjosoWMjcm4pump,NHI,window_peak,5.0,9.748741869067996e-08,2.645
Rr1GZLB9DCcabir8bYYsE13GbpVyMjq6AJqJdvspump,Mask,end_of_second_0,0,1.0063737855142633e-07,2.9815
Rr1GZLB9DCcabir8bYYsE13GbpVyMjq6AJqJdvspump,Mask,dev_zero,5.0,8.106683551883099e-08,2.4017
Rr1GZLB9DCcabir8bYYsE13GbpVyMjq6AJqJdvspump,Mask,t30,30,8.322808477849019e-08,2.4657
Rr1GZLB9DCcabir8bYYsE13GbpVyMjq6AJqJdvspump,Mask,t60,60,7.384410066922234e-08,2.1877
Rr1GZLB9DCcabir8bYYsE13GbpVyMjq6AJqJdvspump,Mask,window_peak,7.0,1.0529297862040351e-07,3.1194
9NmtfD8btjB2NdccihPdmYrnQKHnwb8JCrLxxoAJpump,Walk,end_of_second_0,0,4.120529401906362e-08,1.2207
9NmtfD8btjB2NdccihPdmYrnQKHnwb8JCrLxxoAJpump,Walk,dev_zero,5.0,7.559684811220249e-08,2.2396
9NmtfD8btjB2NdccihPdmYrnQKHnwb8JCrLxxoAJpump,Walk,t30,30,6.417972492963544e-08,1.9014
9NmtfD8btjB2NdccihPdmYrnQKHnwb8JCrLxxoAJpump,Walk,t60,60,6.133687586285592e-08,1.8171
9NmtfD8btjB2NdccihPdmYrnQKHnwb8JCrLxxoAJpump,Walk,window_peak,8.0,1.0067908712359685e-07,2.9827
4XQLHssUxvXLjXYLRsbANkgvCsRmtKMBsShzRFWipump,Moonbase,end_of_second_0,0,4.120529401906362e-08,1.2207
4XQLHssUxvXLjXYLRsbANkgvCsRmtKMBsShzRFWipump,Moonbase,dev_zero,43.0,2.7958993486486488e-08,0.8283
4XQLHssUxvXLjXYLRsbANkgvCsRmtKMBsShzRFWipump,Moonbase,t30,30,3.375448672146049e-08,1.0
4XQLHssUxvXLjXYLRsbANkgvCsRmtKMBsShzRFWipump,Moonbase,t60,60,2.983403869032492e-08,0.8839
4XQLHssUxvXLjXYLRsbANkgvCsRmtKMBsShzRFWipump,Moonbase,window_peak,1.0,7.58528086845171e-08,2.2472
2ozGLWmZG5w4ACkUjg4uR82Lj3rZoBh84pdUtdrepump,happiness,end_of_second_0,0,8.927310288784172e-08,2.4931
2ozGLWmZG5w4ACkUjg4uR82Lj3rZoBh84pdUtdrepump,happiness,dev_zero,7.0,9.565593859743114e-08,2.6714
2ozGLWmZG5w4ACkUjg4uR82Lj3rZoBh84pdUtdrepump,happiness,t30,30,7.254360275706725e-08,2.0259
2ozGLWmZG5w4ACkUjg4uR82Lj3rZoBh84pdUtdrepump,happiness,t60,60,4.107837174924877e-08,1.1472
2ozGLWmZG5w4ACkUjg4uR82Lj3rZoBh84pdUtdrepump,happiness,window_peak,3.0,1.0591244865614288e-07,2.9578
89kb3kMF44hkHZjmvdA8SXCHzPqpXrcSkdptjbT2pump,Last,end_of_second_0,0,9.937036715916027e-08,2.7751
89kb3kMF44hkHZjmvdA8SXCHzPqpXrcSkdptjbT2pump,Last,dev_zero,8.0,7.864947642539428e-08,2.1965
89kb3kMF44hkHZjmvdA8SXCHzPqpXrcSkdptjbT2pump,Last,t30,30,7.613107420172856e-08,2.1261
89kb3kMF44hkHZjmvdA8SXCHzPqpXrcSkdptjbT2pump,Last,t60,60,8.359238031733471e-08,2.3345
89kb3kMF44hkHZjmvdA8SXCHzPqpXrcSkdptjbT2pump,Last,window_peak,9.0,1.0389401234945602e-07,2.9015
71uFjah7v7CeQDXNkmrEKDunZkey6THq26aWwK3Tpump,happiness,end_of_second_0,0,1.3961229081892224e-07,3.788
71uFjah7v7CeQDXNkmrEKDunZkey6THq26aWwK3Tpump,happiness,dev_zero,7.0,1.415730726034676e-07,3.8412
71uFjah7v7CeQDXNkmrEKDunZkey6THq26aWwK3Tpump,happiness,t30,30,1.1348016331466613e-07,3.0789
71uFjah7v7CeQDXNkmrEKDunZkey6THq26aWwK3Tpump,happiness,t60,60,9.570400148848228e-08,2.5966
71uFjah7v7CeQDXNkmrEKDunZkey6THq26aWwK3Tpump,happiness,window_peak,7.0,1.5030733815798e-07,4.0781
4ssNBY5ERmnPkdtXLZjuraRirf2ovL3BaVFsaYrppump,mentally,end_of_second_0,0,4.9032164444483727e-08,1.3693
4ssNBY5ERmnPkdtXLZjuraRirf2ovL3BaVFsaYrppump,mentally,dev_zero,3.0,8.294638352422276e-08,2.3165
4ssNBY5ERmnPkdtXLZjuraRirf2ovL3BaVFsaYrppump,mentally,t30,30,7.73051860227869e-08,2.1589
4ssNBY5ERmnPkdtXLZjuraRirf2ovL3BaVFsaYrppump,mentally,t60,60,9.065520814166659e-08,2.5317
4ssNBY5ERmnPkdtXLZjuraRirf2ovL3BaVFsaYrppump,mentally,window_peak,5.0,1.1042376087309857e-07,3.0838
9eRN6d8vTGVwG9M6XTj8sqX3rDBSZWfc2VXF66pnpump,Solana,end_of_second_0,0,8.798488925812615e-08,2.3202
9eRN6d8vTGVwG9M6XTj8sqX3rDBSZWfc2VXF66pnpump,Solana,dev_zero,5.0,1.215400675097509e-07,3.2051
9eRN6d8vTGVwG9M6XTj8sqX3rDBSZWfc2VXF66pnpump,Solana,t30,30,1.2484537088908805e-07,3.2922
9eRN6d8vTGVwG9M6XTj8sqX3rDBSZWfc2VXF66pnpump,Solana,t60,60,1.4468954624646806e-07,3.8155
9eRN6d8vTGVwG9M6XTj8sqX3rDBSZWfc2VXF66pnpump,Solana,window_peak,9.0,1.8232819366713848e-07,4.8081
HGL9hnt7nYUYctUGbPTtgSppFLHexBUtdcs4wuC4pump,Solana,end_of_second_0,0,4.579623375910713e-08,1.2077
HGL9hnt7nYUYctUGbPTtgSppFLHexBUtdcs4wuC4pump,Solana,dev_zero,9.0,1.2800529445920612e-07,3.3756
HGL9hnt7nYUYctUGbPTtgSppFLHexBUtdcs4wuC4pump,Solana,t30,30,8.967496274299924e-08,2.3648
HGL9hnt7nYUYctUGbPTtgSppFLHexBUtdcs4wuC4pump,Solana,t60,60,1.455775141365436e-07,3.8389
HGL9hnt7nYUYctUGbPTtgSppFLHexBUtdcs4wuC4pump,Solana,window_peak,10.0,1.829327506652767e-07,4.824
HKXFPic3e6iwEXtP42SAkhkiwZWCkGFz82DtucPkpump,Bands,end_of_second_0,0,1.3215268696276635e-07,3.4849
HKXFPic3e6iwEXtP42SAkhkiwZWCkGFz82DtucPkpump,Bands,dev_zero,22.0,1.0788965306189857e-07,2.8451
HKXFPic3e6iwEXtP42SAkhkiwZWCkGFz82DtucPkpump,Bands,t30,30,9.704415223408542e-08,2.5591
HKXFPic3e6iwEXtP42SAkhkiwZWCkGFz82DtucPkpump,Bands,t60,60,7.394965102364249e-08,1.9501
HKXFPic3e6iwEXtP42SAkhkiwZWCkGFz82DtucPkpump,Bands,window_peak,0.0,1.3359204472031208e-07,3.5229
9EisLvfTZqpXn9bBwEkcjipZbbwX8bJ6GA5fLf66pump,minning,end_of_second_0,0,1.2654464156866636e-07,3.337
9EisLvfTZqpXn9bBwEkcjipZbbwX8bJ6GA5fLf66pump,minning,dev_zero,18.0,1.1431535295487547e-07,3.0146
9EisLvfTZqpXn9bBwEkcjipZbbwX8bJ6GA5fLf66pump,minning,t30,30,1.36323837527956e-07,3.5949
9EisLvfTZqpXn9bBwEkcjipZbbwX8bJ6GA5fLf66pump,minning,t60,60,1.7052031693449328e-07,4.4967
9EisLvfTZqpXn9bBwEkcjipZbbwX8bJ6GA5fLf66pump,minning,window_peak,58.0,1.7440726561141069e-07,4.5992
8nTq1yi11iJB4M6EC3SqPsj5eoaaRw9kex1ZXgrzpump,Whitepill,end_of_second_0,0,1.759640121670995e-07,4.6403
8nTq1yi11iJB4M6EC3SqPsj5eoaaRw9kex1ZXgrzpump,Whitepill,dev_zero,17.0,1.0960188310449324e-07,2.8903
8nTq1yi11iJB4M6EC3SqPsj5eoaaRw9kex1ZXgrzpump,Whitepill,t30,30,9.737288036081774e-08,2.5678
8nTq1yi11iJB4M6EC3SqPsj5eoaaRw9kex1ZXgrzpump,Whitepill,t60,60,7.346521547144642e-08,1.9373
8nTq1yi11iJB4M6EC3SqPsj5eoaaRw9kex1ZXgrzpump,Whitepill,window_peak,0.0,1.759640121670995e-07,4.6403
5RKEu9J3BcQWAno7c1xjkew4L3VJ8Mvaz5jU2kPrpump,escape,end_of_second_0,0,1.0347612713425829e-07,2.8898
5RKEu9J3BcQWAno7c1xjkew4L3VJ8Mvaz5jU2kPrpump,escape,dev_zero,6.0,1.2458748018541906e-07,3.4794
5RKEu9J3BcQWAno7c1xjkew4L3VJ8Mvaz5jU2kPrpump,escape,t30,30,1.5144762895044518e-07,4.2295
5RKEu9J3BcQWAno7c1xjkew4L3VJ8Mvaz5jU2kPrpump,escape,t60,60,1.0421872031672875e-07,2.9105
5RKEu9J3BcQWAno7c1xjkew4L3VJ8Mvaz5jU2kPrpump,escape,window_peak,23.0,1.8302633442874432e-07,5.1114
F64aoufmfWZBY3BoqR1kVoQj4DJv6gMSkgPdTrPupump,Ceasar,end_of_second_0,0,5.5575994117538274e-08,1.6465
F64aoufmfWZBY3BoqR1kVoQj4DJv6gMSkgPdTrPupump,Ceasar,dev_zero,3.0,4.12856197616929e-08,1.2231
F64aoufmfWZBY3BoqR1kVoQj4DJv6gMSkgPdTrPupump,Ceasar,t30,30,7.052495623199807e-08,2.0894
F64aoufmfWZBY3BoqR1kVoQj4DJv6gMSkgPdTrPupump,Ceasar,t60,60,6.981684068562759e-08,2.0684
F64aoufmfWZBY3BoqR1kVoQj4DJv6gMSkgPdTrPupump,Ceasar,window_peak,43.0,9.698716851636004e-08,2.8733
BroixebY3yiiqK7ibEuEufVmqFrLTJhiDoWiFUATpump,Puma,end_of_second_0,0,4.233607015422666e-08,1.2542
BroixebY3yiiqK7ibEuEufVmqFrLTJhiDoWiFUATpump,Puma,dev_zero,3.0,3.860020036426206e-08,1.1436
BroixebY3yiiqK7ibEuEufVmqFrLTJhiDoWiFUATpump,Puma,t30,30,5.992811542895039e-08,1.7754
BroixebY3yiiqK7ibEuEufVmqFrLTJhiDoWiFUATpump,Puma,t60,60,5.821242198157006e-08,1.7246
BroixebY3yiiqK7ibEuEufVmqFrLTJhiDoWiFUATpump,Puma,window_peak,39.0,7.109611062498112e-08,2.1063
A1QVojutHPnDh5KfRZpssWezRr6HQLGoWgSpmRGbpump,mogged,end_of_second_0,0,4.465138946965243e-08,1.3228
A1QVojutHPnDh5KfRZpssWezRr6HQLGoWgSpmRGbpump,mogged,dev_zero,5.0,3.4255415788853213e-08,1.0148
A1QVojutHPnDh5KfRZpssWezRr6HQLGoWgSpmRGbpump,mogged,t30,30,2.7958993492078285e-08,0.8283
A1QVojutHPnDh5KfRZpssWezRr6HQLGoWgSpmRGbpump,mogged,t60,60,2.7958993492078285e-08,0.8283
A1QVojutHPnDh5KfRZpssWezRr6HQLGoWgSpmRGbpump,mogged,window_peak,1.0,4.6038406146475074e-08,1.3639
66PU1DYEoBYBGXV4eRQq8xjvRHeKbX4npbEESYqkpump,Bear,end_of_second_0,0,4.459611536233073e-08,1.3182
66PU1DYEoBYBGXV4eRQq8xjvRHeKbX4npbEESYqkpump,Bear,dev_zero,5.0,4.438581476744115e-08,1.312
66PU1DYEoBYBGXV4eRQq8xjvRHeKbX4npbEESYqkpump,Bear,t30,30,3.485893528781411e-08,1.0304
66PU1DYEoBYBGXV4eRQq8xjvRHeKbX4npbEESYqkpump,Bear,t60,60,2.796015312523593e-08,0.8265
66PU1DYEoBYBGXV4eRQq8xjvRHeKbX4npbEESYqkpump,Bear,window_peak,3.0,5.4099536921795204e-08,1.5991
6CrQpw1gykHpXzCdJQNBG8MNMHcqjRFt3RxmgPFcpump,Mindset,end_of_second_0,0,4.24851142761044e-08,1.2558
6CrQpw1gykHpXzCdJQNBG8MNMHcqjRFt3RxmgPFcpump,Mindset,dev_zero,5.0,4.088316341876624e-08,1.2085
6CrQpw1gykHpXzCdJQNBG8MNMHcqjRFt3RxmgPFcpump,Mindset,t30,30,2.998305225957987e-08,0.8863
6CrQpw1gykHpXzCdJQNBG8MNMHcqjRFt3RxmgPFcpump,Mindset,t60,60,2.981339651281953e-08,0.8813
6CrQpw1gykHpXzCdJQNBG8MNMHcqjRFt3RxmgPFcpump,Mindset,window_peak,3.0,6.289861198282189e-08,1.8592
E2f7uVr9ysTD2hjWpKaSsC4aUR5PMGWaoUQiS4Gypump,Mentality,end_of_second_0,0,4.464634350514328e-08,1.3197
E2f7uVr9ysTD2hjWpKaSsC4aUR5PMGWaoUQiS4Gypump,Mentality,dev_zero,10.0,8.659817435888245e-08,2.5598
E2f7uVr9ysTD2hjWpKaSsC4aUR5PMGWaoUQiS4Gypump,Mentality,t30,30,1.0915618004942278e-07,3.2266
E2f7uVr9ysTD2hjWpKaSsC4aUR5PMGWaoUQiS4Gypump,Mentality,t60,60,8.821525435009188e-08,2.6076
E2f7uVr9ysTD2hjWpKaSsC4aUR5PMGWaoUQiS4Gypump,Mentality,window_peak,37.0,1.1498995554649839e-07,3.399
Dv9twowfXAh2Y8weVFkeoro721TzFTUgQGEFXFAXpump,Ascend,end_of_second_0,0,4.306781164268944e-08,1.3125
Dv9twowfXAh2Y8weVFkeoro721TzFTUgQGEFXFAXpump,Ascend,dev_zero,2.0,3.4796724362113456e-08,1.0605
Dv9twowfXAh2Y8weVFkeoro721TzFTUgQGEFXFAXpump,Ascend,t30,30,2.795899348275862e-08,0.8521
Dv9twowfXAh2Y8weVFkeoro721TzFTUgQGEFXFAXpump,Ascend,t60,60,2.795899348275862e-08,0.8521
Dv9twowfXAh2Y8weVFkeoro721TzFTUgQGEFXFAXpump,Ascend,window_peak,0.0,4.306781164268944e-08,1.3125
StSXGEqayVJXBKZsmkcAJzouYcuHDZaCFEoy3Yjpump,End,end_of_second_0,0,4.025363168496837e-08,1.2268
StSXGEqayVJXBKZsmkcAJzouYcuHDZaCFEoy3Yjpump,End,dev_zero,5.0,4.130533208416478e-08,1.2588
StSXGEqayVJXBKZsmkcAJzouYcuHDZaCFEoy3Yjpump,End,t30,30,2.795899348555452e-08,0.8521
StSXGEqayVJXBKZsmkcAJzouYcuHDZaCFEoy3Yjpump,End,t60,60,2.795899348555452e-08,0.8521
StSXGEqayVJXBKZsmkcAJzouYcuHDZaCFEoy3Yjpump,End,window_peak,5.0,4.657567958451788e-08,1.4194
5ZkT38ZUdvLFx4enBVeviAWoYgnvpoHqRuK9yRaopump,Replenish,end_of_second_0,0,4.598713063877853e-08,1.3593
5ZkT38ZUdvLFx4enBVeviAWoYgnvpoHqRuK9yRaopump,Replenish,dev_zero,3.0,4.913291440588376e-08,1.4523
5ZkT38ZUdvLFx4enBVeviAWoYgnvpoHqRuK9yRaopump,Replenish,t30,30,2.801571348955525e-08,0.8281
5ZkT38ZUdvLFx4enBVeviAWoYgnvpoHqRuK9yRaopump,Replenish,t60,60,2.801203563128331e-08,0.828
5ZkT38ZUdvLFx4enBVeviAWoYgnvpoHqRuK9yRaopump,Replenish,window_peak,2.0,5.923610395363727e-08,1.751
smhXq5nTaBDLxwA85snoefqW3KpXRnGzUeXLp9Fpump,1%,end_of_second_0,0,4.3867940740367266e-08,1.2967
smhXq5nTaBDLxwA85snoefqW3KpXRnGzUeXLp9Fpump,1%,dev_zero,5.0,3.4027678277670227e-08,1.0058
smhXq5nTaBDLxwA85snoefqW3KpXRnGzUeXLp9Fpump,1%,t30,30,4.403395330089377e-08,1.3016
smhXq5nTaBDLxwA85snoefqW3KpXRnGzUeXLp9Fpump,1%,t60,60,5.076934064519978e-08,1.5007
smhXq5nTaBDLxwA85snoefqW3KpXRnGzUeXLp9Fpump,1%,window_peak,55.0,5.5486771794186e-08,1.6401
9gGEYsopfiUWHkU6U47AxzrzazPTqGDTQaXmTHCppump,Trenchmade,end_of_second_0,0,6.012060105629785e-08,1.7771
9gGEYsopfiUWHkU6U47AxzrzazPTqGDTQaXmTHCppump,Trenchmade,dev_zero,2.0,3.9048470660216275e-08,1.1542
9gGEYsopfiUWHkU6U47AxzrzazPTqGDTQaXmTHCppump,Trenchmade,t30,30,2.8123254480985725e-08,0.8313
9gGEYsopfiUWHkU6U47AxzrzazPTqGDTQaXmTHCppump,Trenchmade,t60,60,2.8123254480985725e-08,0.8313
9gGEYsopfiUWHkU6U47AxzrzazPTqGDTQaXmTHCppump,Trenchmade,window_peak,0.0,6.012060105629785e-08,1.7771
FMoMEh6i1aAbDb6ra23C2XmQAsQG19tEYYw1rkaApump,2026,end_of_second_0,0,5.5589230428080045e-08,1.6432
FMoMEh6i1aAbDb6ra23C2XmQAsQG19tEYYw1rkaApump,2026,dev_zero,6.0,3.84165439482402e-08,1.1356
FMoMEh6i1aAbDb6ra23C2XmQAsQG19tEYYw1rkaApump,2026,t30,30,2.9435133074303545e-08,0.8701
FMoMEh6i1aAbDb6ra23C2XmQAsQG19tEYYw1rkaApump,2026,t60,60,2.8073106285867816e-08,0.8298
FMoMEh6i1aAbDb6ra23C2XmQAsQG19tEYYw1rkaApump,2026,window_peak,0.0,5.5589230428080045e-08,1.6432
6drk82qT3nPJwFwyzXjjmX7Fav2eBsNQUw9nj1kbpump,Lore,end_of_second_0,0,4.8043507112706517e-08,1.4201
6drk82qT3nPJwFwyzXjjmX7Fav2eBsNQUw9nj1kbpump,Lore,dev_zero,3.0,3.956588432039917e-08,1.1695
6drk82qT3nPJwFwyzXjjmX7Fav2eBsNQUw9nj1kbpump,Lore,t30,30,4.0538282449879295e-08,1.1983
6drk82qT3nPJwFwyzXjjmX7Fav2eBsNQUw9nj1kbpump,Lore,t60,60,3.4111323525593606e-08,1.0083
6drk82qT3nPJwFwyzXjjmX7Fav2eBsNQUw9nj1kbpump,Lore,window_peak,2.0,5.1095271630964245e-08,1.5103
98hoah7rSYiaVNgW4H3sf6JbT3g3eLxJgqDz7Jk3pump,Era,end_of_second_0,0,5.034353914628118e-08,1.4881
98hoah7rSYiaVNgW4H3sf6JbT3g3eLxJgqDz7Jk3pump,Era,dev_zero,4.0,5.0923181273810514e-08,1.5052
98hoah7rSYiaVNgW4H3sf6JbT3g3eLxJgqDz7Jk3pump,Era,t30,30,6.787668165109578e-08,2.0064
98hoah7rSYiaVNgW4H3sf6JbT3g3eLxJgqDz7Jk3pump,Era,t60,60,7.393248775359557e-08,2.1854
98hoah7rSYiaVNgW4H3sf6JbT3g3eLxJgqDz7Jk3pump,Era,window_peak,14.0,8.555662220200666e-08,2.529
3mu8DaX64bTjDpbYwjDnaQoEn9idP9LxVkGc3mLspump,Arc,end_of_second_0,0,5.522686957022858e-08,1.6325
3mu8DaX64bTjDpbYwjDnaQoEn9idP9LxVkGc3mLspump,Arc,dev_zero,7.0,7.335847686127307e-08,2.1684
3mu8DaX64bTjDpbYwjDnaQoEn9idP9LxVkGc3mLspump,Arc,t30,30,6.325625726441088e-08,1.8698
3mu8DaX64bTjDpbYwjDnaQoEn9idP9LxVkGc3mLspump,Arc,t60,60,6.481579445000781e-08,1.9159
3mu8DaX64bTjDpbYwjDnaQoEn9idP9LxVkGc3mLspump,Arc,window_peak,9.0,8.482852911165117e-08,2.5075
FQ3bCGiAuWwX7EMgiTmYzjZj2ZmYUJRsjf1927SRpump,Pwikachu,end_of_second_0,0,4.0260950605778134e-08,1.1901
FQ3bCGiAuWwX7EMgiTmYzjZj2ZmYUJRsjf1927SRpump,Pwikachu,dev_zero,6.0,6.267634612446864e-08,1.8527
FQ3bCGiAuWwX7EMgiTmYzjZj2ZmYUJRsjf1927SRpump,Pwikachu,t30,30,6.760209111743202e-08,1.9983
FQ3bCGiAuWwX7EMgiTmYzjZj2ZmYUJRsjf1927SRpump,Pwikachu,t60,60,7.428212135086572e-08,2.1957
FQ3bCGiAuWwX7EMgiTmYzjZj2ZmYUJRsjf1927SRpump,Pwikachu,window_peak,18.0,8.878441943509035e-08,2.6244
32CdQdBUxbCsLy5AUHWmyidfwhgGUr9N573NBUrDpump,maxxing,end_of_second_0,0,4.5287912174100846e-08,1.3387
32CdQdBUxbCsLy5AUHWmyidfwhgGUr9N573NBUrDpump,maxxing,dev_zero,4.0,7.006890858654627e-08,2.0712
32CdQdBUxbCsLy5AUHWmyidfwhgGUr9N573NBUrDpump,maxxing,t30,30,9.182744858960022e-08,2.7143
32CdQdBUxbCsLy5AUHWmyidfwhgGUr9N573NBUrDpump,maxxing,t60,60,1.0440979735877248e-07,3.0863
32CdQdBUxbCsLy5AUHWmyidfwhgGUr9N573NBUrDpump,maxxing,t120,120,1.1567173878640208e-07,3.4192
32CdQdBUxbCsLy5AUHWmyidfwhgGUr9N573NBUrDpump,maxxing,t300,300,1.1783612346098868e-07,3.4831
32CdQdBUxbCsLy5AUHWmyidfwhgGUr9N573NBUrDpump,maxxing,window_peak,85.0,1.6839156919717796e-07,4.9775
