wallet,launches,launches_closed,median_stake_sol,median_entry_t_s,median_entry_price_mult,median_first_exit_price_mult,median_hold_s,median_buys,median_sells,create_slot_frac,median_closed_pnl_sol,total_closed_pnl_sol,closed_hit_rate
2CHrnc2LyagAbMaMFgthiDWh7ZZ9zT9TF8WEJf7MNE71,235,221,1.3333,0.0,1.075,2.219,25.0,1,1,1.0,2.1561,503.9001,0.977
Atgx1JXsp8pTQ9Qsi74wF5pLMVwHwyQc6jJCu84evN7c,235,215,1.284,0.0,1.146,2.085,31.0,1,1,1.0,1.4661,375.0741,0.93
5brv79eFZ2rGprXNvqgVJBkBptkkw8GJX1XydJyZLyAr,97,90,4.9383,0.0,2.271,2.631,10.0,1,7,0.856,1.2739,313.7423,0.967
8kzFH4rgFzy4ccz97AhgqRT7Qbt7HnD5oJCDK1Sxdarb,235,208,1.2049,0.0,1.217,2.072,35.0,1,1,1.0,1.0448,269.9189,0.856
EgQX9R3Qph1dPHE1Ysou1auSYqRGomCNmLDC28Yg77aq,48,48,8.3951,0.0,1.986,2.157,17.0,1.0,5.0,0.708,3.9767,227.8351,0.938
2CQgjcdNEo7WtbQLpJTAVcC3Ga61pNvRDTgP5grzctFG,62,60,3.0,0.0,2.325,2.708,8.0,1.0,4.0,0.855,0.1273,38.0273,0.617
GoYiMg4YiiEHWyN8W32wgDftB7p9bpKWVrTTq4TD7kRC,7,6,9.8765,0.0,2.159,2.818,35.0,1,17,0.571,5.7715,31.2064,1.0
GoAT1C5MgqKWUanJRFQxzk1rJMshwsPFzucVNQ3c6GYx,5,4,9.8765,0.0,1.956,2.164,30.0,1,19,0.6,6.7236,27.4782,1.0
GfJA84gwT9LpeyzeckeXkCsf8vdQuA64ZYQ91xoBawvt,174,100,1.8074,0.0,1.41,2.007,43.0,1.0,1.0,1.0,0.0644,27.0088,0.53
Anubis512ho5t7S6LNSwoxUWdeQmX2kf3RvZ8ApHHF5w,76,76,2.2123,0.0,2.904,3.118,2.0,1.0,1.0,0.5,0.2908,26.386,0.855
7gEnRjDud56BVmBQMWLTticJoouzrpnyaAnN5A3EEqiy,39,38,2.4691,0.0,2.22,2.382,25.0,1,5,0.667,0.3001,19.5123,0.684
7TNYdvwDzuRKvquzn24grcGwvrtpsYK58GAWdRBnm3UT,10,6,3.9111,7.0,2.537,2.739,37.5,1.0,1.0,0.0,0.5735,16.356,0.667
7FovysP3MGZjFb2MRPtQPn27Ntejdjot2u2WAyL1fUaA,38,37,2.963,5.0,2.543,2.531,3.0,1.0,1.0,0.0,0.4247,15.1466,0.892
8eMntzBDpLZjk6jxWryhU6AZand54sqRhmv81LHmguvZ,29,29,2.963,0.0,2.649,2.75,2.0,1,3,0.862,0.5438,14.7419,0.931
3RRrTmKfKFfgHgDYTGgoaa8QgWjagtQpid7atLtgGnCp,5,2,1.9556,6.0,1.675,4.33,4.5,1,0,0.4,7.2751,14.5501,1.0
DuuRTor81GRbkNPPTmpwLDVhgtLvnbYpb1dcSuxHNFZW,117,117,2.3437,8.0,2.532,2.481,10.0,3,3,0.009,0.1149,14.4606,0.786
5P8A9bGUhroskpuA4hhRbybgt37TcTz7ft5zLAh8orpn,173,94,2.1728,0.0,1.544,2.113,43.5,1,1,1.0,-0.21,14.4381,0.351
Gku8cuthhvfoPoG18rg1EULt58xB7j1fgPoifJcyh411,61,61,3.8838,11.0,2.286,2.352,25.0,5,5,0.016,0.1788,12.7564,0.852
GDQeTnqkyeLyRSjWaeFY5HsxaWoQmmXFc1N6wyuuHiQD,23,23,2.963,0.0,2.822,2.862,1.0,1,2,0.957,0.3923,11.9449,0.913
64hP97Bwr5PubotcTeGgfhkFrGiLVVxT2kVo9M9b4AEz,99,57,1.4267,31.0,2.291,2.365,19.0,1,1,0.0,0.0684,11.134,0.737
ARMxNyBe1X3nT12usybG35Eg2LnRGmo6R4bYte8SCMuE,6,4,0.9778,16.5,1.691,2.587,18.5,1.0,1.0,0.333,2.1114,9.6855,1.0
8U3rggHbZK1VtFMA55JDyhPPy66eF8UZAQtENCo2Ur57,71,55,1.4667,17.0,1.954,2.11,9.0,1,1,0.0,0.1263,9.094,0.709
FEZ7FbH71TS57o2xgFkoD7nFPCqNUsHWyYJoD57KWmZC,19,18,0.642,10.0,2.01,2.321,10.0,1,1,0.105,0.094,8.341,0.833
2mqrindMAjJEQPLhroYWyiYPo5h9iAsahfdd4QtsjwdY,9,9,3.3899,0.0,2.293,2.578,4.0,1,4,1.0,0.5397,7.7337,0.889
CyBZ1M42J7m2z34VUDd3qVhbuH5GdcGnqgMGJJhAX8MR,59,58,1.5135,6.0,2.643,2.68,9.0,2,2,0.0,0.0824,7.1141,0.845
7WSDufZW7ScdYeWDooJaMLL51BmzM7zwaFu7TZGwq63k,42,5,1.9556,11.0,2.299,3.447,68.0,2.0,0.0,0.0,1.0531,6.8711,0.8
Bhv2qFE1KY8ZqqGUjcq88kX7GLNBA4rxiSM8Ad8ENPWy,22,22,2.4691,0.0,2.52,2.521,3.0,1.0,3.0,0.818,0.4285,6.8097,0.818
6bqbSJXwMrmu8BHPcMp3mHrqqMS9CTL5LM1SdT7Hs82K,39,39,2.9333,10.0,2.472,2.317,1.0,1,1,0.0,0.0544,6.7153,0.667
BNwVduQq1AH3ee5hnLQtbJmPyrBJHaS29b6VQt3pzvsR,99,99,0.7395,5.0,2.453,2.657,5.0,1,1,0.0,0.0403,6.3065,0.636
61ohufUkdgu8sxxP3Rj4zTMfN9qrNwg97SBzHNETng32,60,45,1.9753,14.0,2.32,2.332,12.0,1.0,1.0,0.0,0.0895,6.2686,0.644
MeskxyRYaBhYERcNP2zLVTqFVR43TMX4MihyH7AU4XN,22,20,1.9753,5.0,2.275,2.358,10.0,1.0,1.0,0.0,0.3287,6.2292,0.9
8Stx1qXxSbLxc5Dnz4m1ecCCEcTkxVU1LgJCY5cWe1k6,29,23,2.963,7.0,2.547,2.533,1.0,1,1,0.0,0.2185,6.1483,0.826
A1i5Jkxo2oAncsKtjStGq98fGk7v1drJRjTjDvDaZAL1,9,4,1.4667,6.0,2.702,4.297,38.0,1,0,0.0,0.7088,5.8611,1.0
43x1zWzjVWJbQErWM78m3Acx83FFuGSQEhmgyxUrPdQs,88,80,3.5062,0.0,1.908,1.506,43.0,1.0,1.0,1.0,-0.231,5.6883,0.412
62dTXVyxza4msU2K2BiouQ5vWXtXBeanquKJRiSjmtjv,17,17,3.5556,2.0,2.504,2.847,7.0,3,3,0.176,0.2541,5.4604,0.765
CyaE1VxvBrahnPWkqm5VsdCvyS2QmNht2UFrKJHga54o,12,6,4.8901,10.5,2.893,3.506,21.0,2.0,0.5,0.0,0.6612,5.2961,0.833
Aoc5Cd9bp2THAUPPx4bEr9JiFYma3kRJtzDcby9Cg84q,6,6,2.4321,6.0,2.445,3.349,6.0,1.0,2.0,0.0,0.9483,5.284,1.0
GmNi3xSt4zSB3PEuwDmT41V7KobZBaPnCeN26sJX8DUs,20,20,1.9753,18.5,1.554,1.576,1.0,1.0,1.0,0.0,0.2216,5.2727,0.85
Cvmo9SmWvBabC6ssW5uwThNKWipYJ6UUycBf4dibdQ97,18,10,2.3839,16.0,2.75,2.329,31.5,2.0,1.0,0.0,-0.0613,5.2409,0.4
3firtMAKkeqK3p4pB7WMT4YE8v6hyFWy5LWyHS9pvwtK,5,5,1.9513,15.0,2.744,2.326,40.0,1,1,0.0,-0.0014,5.1958,0.4
9tid6pXgWfWE5KY6kPiYjY1B8EQrzDrq6f7FoatjW57X,41,17,0.9778,8.0,2.169,2.603,32.0,1,0,0.0,0.2478,5.1402,0.765
4htXhGA3ArNRyuiURUkbv97ERZHbqBidmpL61qZULsfx,16,11,2.963,0.0,2.631,2.645,7.0,1.0,1.0,0.875,0.5488,5.0426,0.818
Gj5PtdfcU3LF8k2wLegRGyCVcrdk1tUkt1WitL4YcMv5,20,13,3.1617,5.5,2.659,2.306,5.0,1.0,1.0,0.0,0.1326,5.0041,0.615
qKpZbAeu97Ba4sgpRqEehXD7dSwxWW59pNQkWSxsySJ,36,22,2.963,7.5,2.562,2.399,0.5,1.0,1.0,0.0,0.1867,4.8522,0.818
2t2u46cL1tP99Hq5LyEC3fwtL1wNWrHSh2JxRhnQJ8tu,37,35,0.9778,11.0,2.208,2.448,4.0,1,1,0.0,0.1749,4.7649,0.771
8HTrY8mES1ZyzVLkJRvnADvdxDsb5sMAoauUBTSDodw6,9,3,0.9778,2.0,3.64,5.041,36.0,1,0,0.0,0.6398,4.7045,0.667
FC1dfS8CAhzMcvsfbJpKwvW3EPDj6QSNMvt4GTHwpvdg,8,8,4.9383,6.0,2.226,2.245,6.0,2.0,2.0,0.0,0.6137,4.6344,0.875
5s4F9of2LYCURsaSHGDAc35xfD5dmqyhgKuRFjSeqRNe,7,6,5.9259,0.0,2.233,2.175,10.0,1,3,0.857,0.881,4.6298,0.833
9QTHeFTWysTe4NEriJoQSbMP7enGFGKKUkrD4JJUFDxx,51,45,1.7111,12.0,2.412,2.39,9.5,1,1,0.0,-0.0261,4.5702,0.467
7j7AA3HZR2zEjwAQEKPFh2qucLY4fqZpB9iodf39w8xW,15,9,1.1733,15.0,2.445,2.826,28.0,1,1,0.0,-0.0385,4.5693,0.333
GRevWsvJCmmZ6cF6GdAkpKNW6TCLm5MBKyBc3XtUeMmB,47,46,0.5993,0.0,2.752,2.832,1.0,1,1,0.766,0.0035,4.5277,0.522
4Bf9D68XCsqVUQf7akzfEFJSYbpRBrSnwV8Qr8DkCXzn,5,5,2.963,0.0,2.615,2.819,2.0,1,3,0.8,0.8775,4.4923,1.0
undwZZbXFTXAizTeeNpmygJDa4pWopEr1UCDSWpyo4y,27,27,1.9753,7.0,2.794,2.934,4.0,1,1,0.0,0.1379,4.3914,0.741
E35uoEGT6mR2ae94KNuSfk4X86y7bcNeomDNV4T7GaFs,75,75,0.6046,3.0,2.575,2.782,3.0,1,1,0.0,0.0237,4.3647,0.6
ardinRsN1mNYVeoJWTBsWeYeXvuR9UUDGMsCDKpb6AT,10,8,1.9556,16.5,2.809,2.299,9.0,1.0,1.0,0.0,0.0664,4.2563,0.625
4kiqwPb4ihe9hvMhqT58P4R4iS5mDPc4MushU85582pu,31,15,2.1511,6.0,2.755,3.325,35.0,1,3,0.0,0.1214,4.1899,0.733
27KnsCtPQP3QvALzcc4dpiSi5NA51weN8dubpBb4qCgt,7,7,2.0665,11.0,2.577,2.668,37.0,2,1,0.0,0.2533,4.1797,0.714
57stAMFvwctAjkBS76RXGoK4QKyS1QoxbGMbzFFe4DyZ,15,15,2.963,12.0,2.618,2.501,10.0,1,5,0.0,0.1456,4.1665,0.733
27uKfiSGAZdqNrYrZSiEsfXt77s15sKikgSJkFoF48Mr,12,8,2.5287,13.0,2.764,2.883,30.0,2.0,1.0,0.0,0.0934,4.1249,0.5
3RHCsZRxbQ8NnxwL1xwbbAZaFy2CkKZfozLDL46TCZXh,20,20,2.4383,5.0,2.54,2.501,4.5,1.0,1.0,0.0,0.1723,4.1068,0.65
7msLC8zCJ8CW3cLLYqx9c8Vgu8ofbwE2i2Zk9wet1F5F,8,5,5.9259,0.0,3.976,3.112,35.0,1.0,5.0,0.875,0.0564,4.0688,0.6
AdmuNy6KJgYa8GoJXDqCknBte57WQEf8khQG9iu9cY5,9,9,3.9506,7.0,3.041,2.958,6.0,2,2,0.0,0.4252,4.0308,0.889
76ws2A2fvuMxw4Ko2ZaeV5fNPR71EXt2Vx2F9JpVU4YE,79,36,0.9778,16.0,2.297,2.5,30.0,1,1,0.0,0.1089,4.0254,0.75
B8vYdiPJCJBUX2ZqSDXhs76vw6rMqstZgHQfwjmmtt21,43,43,2.7654,5.0,2.483,2.261,1.0,1,1,0.0,0.0826,4.0187,0.605
C3GPsu8ovkb8J5XYQMczsDkMzfVruLyqB4MyixhAydMn,7,1,1.4667,13.0,2.946,5.327,17.0,1,0,0.0,3.9018,3.9018,1.0
BzHQjAyuwhSHvMGbcXJvEsYohhtx9ngJDmNJKykfaM2R,24,18,1.4667,9.5,2.728,2.817,11.0,1.0,2.0,0.0,0.0704,3.8253,0.722
BiTsy8M6CQKtiGUvuemNLymyGHzLjPo6ByQSajcXZnGn,8,5,1.6769,32.5,2.06,2.166,215.0,1.5,1.0,0.0,0.4041,3.6945,1.0
AWoqw161VX3qckzFggC1xFFeFhpKS3dLrFM6Hze6ojXh,30,11,0.5926,0.0,2.517,3.441,11.0,1.0,0.0,0.433,0.3083,3.6774,1.0
haqqiUUXB5gp7gDbSjpEkw3phAjQb25r86uXJsZQgWq,125,121,0.7407,4.0,2.304,2.252,10.0,2,2,0.04,-0.0013,3.6462,0.471
CCCCQCrL6zVjnDeucDzcxJgxAs5ahNmrhw1CDexPhqrd,49,27,0.8289,30.0,1.647,2.297,10.0,1,1,0.0,0.0853,3.4115,0.667
3JD7zrZVXfGozgaSrnn3GzAcGsHCM5ATazX8EqwJqZWY,13,7,3.1972,12.0,2.935,2.32,18.0,1,1,0.0,-0.0666,3.3136,0.429
EHPfFYYRMbH3CCpusLV6vBeH9AVYj4eHybt3Z54QrMVZ,5,5,1.4815,0.0,2.575,3.071,1.0,1,2,0.8,0.4159,3.2773,1.0
6fwAdfiAKWJNxTy84jzTnvBhQVX29JR14yJLSctGuRB3,29,10,0.3911,27.0,2.547,4.354,155.5,1,0,0.0,0.1963,3.2715,0.9
E3MjAnpkj83hAdFrgTq7biRFgmFLM326WShDCHBycJPY,14,11,1.1481,13.0,2.324,1.772,13.0,1.0,1.0,0.0,0.0258,3.2195,0.636
B6Y8UxpTYhSjphE5F6F6yRd2VxhqurZLobGLDen3iK3Z,7,5,2.6889,19.0,2.736,2.776,10.0,1,2,0.0,0.3226,3.1909,1.0
B7phGQG4ZfB3hHApQSc1z778sSsTrtnW4iP7ov841xPh,47,32,0.5926,4.0,2.571,3.008,18.5,1,1,0.0,0.098,3.1674,0.875
7cp6zxvhxbfS7QgYTB7ts2RqFf7zDYwtjfuHcEHhKLAz,45,45,0.9807,0.0,2.896,2.981,2.0,1,1,0.222,0.0611,3.1038,0.689
NoqPdBtyz8xCeTQtj4FcnKpF39Td2cBnw1DrFWFTkS7,30,19,0.9778,6.0,2.805,2.707,31.0,1.0,1.0,0.0,0.0275,3.0728,0.579
RTYizu6bjvFTBfiS56cEoqkKRqk5xa5VBKsHQUeUNDs,20,20,1.9753,6.0,2.631,2.846,2.0,1.0,1.0,0.0,0.1896,3.0666,0.85
Bv9rXTo1zTLs2C9kAzRbMER9tnbETWpvsZjVkAsZpwvp,21,21,2.4691,4.0,2.105,2.203,1.0,1,1,0.0,0.1073,3.0566,0.81
EFChfXjVUuWRqBkrMDRGNahsUCZKr33pCPnyFoLH4rj1,25,6,0.4889,26.0,2.28,3.046,40.0,1,0,0.0,0.0368,2.9211,0.667
GhNgR53EzCuFrusWGvLW51P4bX6TSTtBzjf8qLEcFeMv,34,34,4.5679,4.0,2.52,2.216,2.5,2.5,2.5,0.0,0.0285,2.9027,0.559
4iubzbC4MFyS5zeK8wbr6WgX3T6gor5Qs3pyzyTcK5qp,25,20,0.9704,16.0,1.961,2.011,8.0,1,1,0.0,0.0258,2.8889,0.7
365ox2yoGYXQfzubohqCgzhg2MrG5PKxBRi4p9gpNQGi,22,8,1.3716,10.5,2.076,2.087,44.5,1.0,0.0,0.0,0.3538,2.8869,0.625
9CGPQ35yojUP4oP2tv5suWtUdhevp68BmUGoykgZX2Yv,26,26,0.4938,0.0,2.486,2.904,1.0,1.0,1.0,0.769,0.0764,2.834,0.808
9nkXdTQJfJyc86joArh6dktWZdQ1TgwHzyyCrw6FEbuV,24,15,1.76,26.0,1.606,1.828,14.0,1.0,1.5,0.0,0.1929,2.8333,0.667
2UpB92MDsdNPED7KFBHSiLds16FJcB2wPKkcuFWFmxrN,7,5,0.9778,15.0,2.329,2.846,160.0,1,1,0.0,-0.2076,2.7996,0.4
J5xbgXFyv3zabwX67FUsitcxFhzAVBSj2tbdiimNUStC,31,31,1.905,4.0,2.854,2.955,3.0,2,2,0.0,0.038,2.7643,0.613
R2yk4kGMptc81DV55146oYY4J9Qp3vuzncmJ73osHyu,11,11,1.9753,2.0,2.488,2.642,2.0,1,2,0.0,0.138,2.7549,0.909
DqhDuYbRfLoiyMZJdqEKXAA5yaUPwUGHzdD3L8K4btSL,10,5,0.5867,10.0,2.633,1.647,38.0,1.0,0.5,0.0,0.1957,2.7535,0.6
GBZC7v3SVRaNjFJEyLiRDcygH5ojPr2wRemmBpEgeGua,11,10,3.9506,4.0,2.78,2.8,14.0,2,2,0.0,0.313,2.7373,0.9
86ZoL3QNAbDy9tgrn7TxemdGiBQioQ1E3xXujcGpGVHP,6,6,4.8395,4.5,2.214,2.398,1.5,3.0,3.0,0.0,0.3211,2.7228,0.833
F35VF7nWWMRcGrEPXgjsZmNxcz8GLLVGS1S88NkrR5rb,9,6,0.9011,48.0,2.958,3.352,71.0,1,1,0.0,0.1876,2.7126,0.667
6GGytYh7paCtSpHbNQEhEsLxydpzam7SjPJHwxFvU332,5,5,2.0142,26.0,2.371,1.926,23.0,1,1,0.0,0.7514,2.7104,0.8
C4eNLxxC7XLUivghMi35YUeSfvACgnvKB18115uPUqjg,25,19,1.4667,11.0,2.45,2.319,15.0,2,1,0.0,-0.0435,2.6619,0.316
2DcYQBjFps6F7sY4gJgsVzuzM7VSrUnC7JQS6dWcaU35,52,7,1.4667,10.0,2.543,3.094,27.0,1.0,0.0,0.0,0.005,2.6524,0.571
CSK4x9WZntofUjvSF9dK7kTcrN4cV4EBPNiMMex5bFLF,8,6,1.282,5.0,2.806,2.719,129.5,6.5,1.5,0.0,0.319,2.6508,1.0
SQHK48QT8SY1vYN44iXji7wQ6CJek8AjfX6mBp47TZq,43,11,1.2831,44.0,2.67,2.622,53.0,1,0,0.0,0.1411,2.6291,0.636
FqLNMNV9vG3cmZEVyueWXGrizZ6eBJwXxBfrz8s1vcqA,15,6,1.9132,16.0,2.544,2.358,35.0,4,0,0.0,0.0216,2.6102,0.667
8hGRwXvWXz6ungB1WFgj47rLbTL3Gxmk9KHJ4Ten25LG,9,6,0.941,48.0,2.927,3.3,71.0,1,1,0.0,0.1629,2.6087,0.667
8Wnqm72wwKHcnvxXgb5j6LzH7wMxJv7utHyc5UzR9K9g,9,9,3.9506,5.0,2.359,2.232,22.0,3,3,0.0,0.1343,2.5534,0.667
Bi3J5mQHG6UVgzTSZatSyKcV7YEuqcLMKRoAeFsGfmZX,5,5,2.963,0.0,2.258,2.495,7.0,1,2,0.6,0.6954,2.5462,0.8
Dogz5UoxqULHUE3CMWbCrNTwMsCBsnhcGe8Uuk2hwvv3,22,21,0.9778,9.0,2.41,2.555,1.0,1.0,1.0,0.0,0.1088,2.5455,0.762
FuU4YuViuphyhsV1dFgW2gpZu81xBvmua8AcgggpXfJZ,14,10,0.9877,0.0,2.236,2.589,3.0,1.0,1.0,1.0,0.1236,2.5361,0.8
DzRqREhHeiSVpGSurhnHvyqoFrweh99u9yUSdXL6CQft,70,70,0.915,6.0,2.161,2.236,3.0,1.0,1.0,0.0,-0.0,2.5347,0.5
7bWimGRToZRULUjo4iynrwGRUgdmLsCWZTGh3JvxEGdj,22,14,1.8478,7.0,2.027,2.207,20.0,1.0,1.0,0.0,-0.1492,2.5221,0.429
GcNY3SXi9JfP3Wj9538vwDenhA6CxURAwZF2rCPXgrCC,9,6,0.8345,48.0,2.994,3.238,71.0,1,1,0.0,0.2313,2.4145,0.667
CUK1yKAUxJMPWWz27EqLsu7EwGk27At6PWqiHaSvWU2e,22,8,1.2222,22.0,1.826,2.482,16.0,1.0,0.0,0.0,0.0055,2.3895,0.5
DGaCiYrUMCqtV2fG3vfvvHmwgFqrfKhEQeDXm2dmbvaA,21,3,2.963,0.0,2.598,3.538,46.5,1,1,0.857,0.5333,2.3004,1.0
BTf4A2exGK9BCVDNzy65b9dUzXgMqB4weVkvTMFQsadd,10,5,4.0494,19.5,2.95,1.743,21.0,2.0,0.5,0.0,0.1258,2.2828,0.6
R2RxpV94CYekeZiLE7XsLXagmjJiZU1AwtCAccEPfB5,5,5,1.9753,5.0,2.657,3.084,1.0,1,2,0.0,0.4579,2.2811,1.0
3Nvif9r1Q8R6r34ywzsDnsLw4HAUczRbR6guT8G3XqkF,13,8,1.0458,15.0,2.466,2.563,18.0,1,1,0.0,-0.0171,2.2625,0.5
8EbyrY91t2CxymzsAehPYMJMn4uctgoLBk5CK5BbdovV,9,9,1.4815,7.0,2.775,2.956,1.0,1,1,0.0,0.1499,2.2223,0.889
7EFVZJreVZZicpuWS4dCb6fR1EfEWP8AYLYEJ6n4YA1F,6,6,0.2864,2.5,2.881,3.0,3.5,1.0,1.0,0.0,0.0296,2.1865,0.833
8deHpCQhZJek6bQPhrvaXMjrPM2XXzgtwfwo8qoS7mMK,9,8,0.88,7.0,2.021,2.306,27.0,1,3,0.0,0.0888,2.1651,0.625
8AaoJGZ8mMZeu5jiadgq9N6DodjMJ5M1TdWhf6e3BfSU,16,11,1.7111,26.0,2.426,2.73,15.0,1.0,1.0,0.0,0.0465,2.1147,0.727
7jBcDMNmQoAZbYXeWwJNL7Pg36p2UtKRHWvgZDpf2TUR,24,9,0.4365,37.0,1.368,2.07,15.0,1.0,1.0,0.0,0.2029,2.1001,0.889
FTWyXCVC7e8evMsUbDM7Yz6R7KyCqgkXXJJzEFWYfzQE,7,5,1.2711,33.0,2.422,4.318,33.5,1,1,0.0,0.6783,2.0957,0.6
EY9UZTYGBXUxda5WeFHt8yqXm29fbKFjCBfrW5iJxUxB,11,4,1.0122,9.0,2.505,2.741,14.0,1,1,0.0,0.1293,2.0954,0.5
Dpdn5FZL9wHeWipULCbfirkxBVyb8aZRn4bJBY6p2Xt9,11,4,1.0673,9.0,2.448,2.803,14.0,1,1,0.0,0.1069,2.0944,0.5
54xrJ798DGwH1UA2H35QtAzKT55t8pL8bjBs9Arz3eoP,5,1,3.1836,37.0,2.924,4.424,96.0,2,0,0.0,2.0087,2.0087,1.0
5T229oePmJGE5Cefys8jE9Jq8C7qfGNNWy3RVA7SmwEP,7,4,3.6204,50.0,3.428,3.952,24.0,1,1,0.0,0.2794,1.9951,0.5
5yL14nq42VuM3uJyUebA9wQJzVJzArA23bF3yqp3sqJ5,5,5,1.1852,0.0,2.433,3.193,3.0,1,2,1.0,0.284,1.9921,1.0
H31vEBxSJk1nQdUN11qZgZyhScyShhscKhvhZZU3dQoU,6,5,3.4568,13.0,2.764,2.704,15.0,1.0,1.0,0.0,0.1952,1.9874,0.8
HQFWtFtkjyD8smiW5YjcCcEN2jiMkWjMv95vBfZAMyZq,9,3,2.4049,55.0,2.653,3.412,105.5,1,0,0.0,1.0847,1.9763,0.667
3oUz5vBdhKzri46PwEeq8cGxvwv6tXXEv8bAU4Jwdugg,5,5,2.963,0.0,2.151,1.957,5.0,1,2,0.6,0.52,1.9726,0.6
4vw54BmAogeRV3vPKWyFet5yf8DTLcREzdSzx4rw9Ud9,12,8,1.9849,19.5,2.583,2.748,27.0,1.0,1.0,0.0,0.2612,1.9609,0.875
J3SxFu8sc9dDBNX2d3xZmZz3fjGkNXaa1MrFG6GMwphp,12,5,1.0468,18.0,3.503,3.745,27.5,1.0,1.0,0.0,0.1832,1.9463,0.6
LUXrU5tGWemJxvqDeqSXANqLc8F31vVLgeYNzFrozdc,7,6,1.9753,15.0,2.641,2.893,4.0,2,2,0.0,0.2056,1.9443,1.0
8EmHGWQkTKhbSvMEWDrvqT3YjALCtmqSXsuxLzLxgs8w,18,16,0.3911,12.0,2.867,3.012,2.0,1.0,1.0,0.0,0.0056,1.9422,0.562
3E6Eq28ZzG2gE1wna6BoDFaPVgbY8edJqQNF5mqcZv2c,10,6,0.6248,13.0,2.256,2.045,12.0,1.0,1.0,0.0,0.1863,1.928,0.667
3BLjRcxWGtR7WRshJ3hL25U3RjWr5Ud98wMcczQqk4Ei,5,3,2.4259,25.0,3.57,3.742,22.0,2,1,0.0,0.1024,1.9233,0.667
4crpAYFUmGJqNMqfhVKDsMBhSXr2PSMwCUQRmFfy7naL,8,2,2.2687,35.5,3.573,4.533,28.0,1.0,0.0,0.0,0.9605,1.9209,1.0
9QbcuwBLEDXKgJLx6rJKMnYfeXmTovBPzUmkAu9s4a19,17,3,2.7867,7.0,2.429,2.746,33.0,1,1,0.0,0.0411,1.9157,1.0
Bq5VTQ5dvWJgRA1wumMYkajnLQVFEXiHjCx1RZrERhKU,11,4,0.9307,9.0,2.579,2.658,14.0,1,1,0.0,0.1311,1.8808,0.75
5fLXLj4vkhBG4Sj8Zw9P2vCfafJm2m3jEV1TsjpQtfmD,20,9,0.9665,9.0,2.582,3.0,46.0,1.5,1.0,0.0,0.0149,1.8544,0.556
4NGX3sD6PQJLwPCSHdLTACFzLRqR1JhpUEtjpsmCAwGn,10,5,1.1291,4.5,2.738,2.869,28.0,1.0,1.0,0.0,0.1228,1.8487,0.6
ntPp1V2u5n8RLz1K3fttGjg9HcM78tJh3AyjK4vmoff,24,24,0.9877,0.0,2.542,2.864,6.5,1.0,2.0,0.75,0.0241,1.8419,0.542
AVjEtg2ECYKXYeqdRQXvaaAZBjfTjYuSMTR4WLhKoeQN,10,5,1.1821,4.5,2.676,2.779,28.0,1.0,1.0,0.0,0.0032,1.8323,0.6
D42aZNqdhfk8xjbwLTB4MEFeA6BkVCD7VYDEWBRvG2nm,30,23,0.5008,7.0,3.037,3.141,9.5,1.0,1.0,0.0,0.0551,1.829,0.739
Hizm5RqiLwx7EeXXYEQ8tp25ZHZZDbPXChSj1qskVUi8,10,5,1.12,4.5,2.805,2.975,28.0,1.0,1.0,0.0,0.04,1.8233,0.6
CAwkpFhxxkw8vYNNhBt7HyPVsndHtjaRyys73KVr14J9,10,6,0.5854,13.0,2.254,2.071,12.0,1.0,1.0,0.0,0.1756,1.7897,0.667
4QTKZSb5ARRAKLFvEARERA7Zv68pmGZSLUp1Nwc6mJLH,23,14,2.4321,8.0,2.946,2.963,15.0,1,2,0.0,0.0617,1.781,0.571
DbuoxEFfnTe2WhoNujGiCxNqd1B3Mrv8GdGBTht7stXv,29,22,0.507,7.0,3.07,3.057,9.0,1,1,0.0,0.0677,1.7484,0.818
7NBMEiAMXTSwAapRaajXE6L7qGodGszjsKsGt4Ea7fzJ,8,8,1.4815,21.0,2.659,2.624,2.0,1.0,1.0,0.0,0.1393,1.7307,0.875
AmdAbVa17PbsL8kqPmL4A1PyxnLveRfjM5eLrCMz3nKY,7,6,1.7442,10.0,2.617,2.583,6.0,1,1,0.0,0.2176,1.6773,0.5
8CLkTAHZt1joF4Swh7YKjGAA8qge1T1SZdoWJJsoGgys,14,4,1.4741,19.5,2.601,1.925,31.0,1.0,0.0,0.0,-0.0385,1.6759,0.25
4EQpdsiQYnoLuSYnqhmZfectShcxVgG8T9CWvjedjVtJ,17,15,0.642,11.0,1.932,2.215,11.5,1,1,0.0,0.0557,1.664,0.8
AwRYcJ8ZF4MVWVF5M2i3u8c9xzq1cFbrzDKD7gGEAPAk,40,29,0.1907,9.5,2.465,2.472,23.0,1.0,2.0,0.0,0.0112,1.6591,0.655
Hd9cUvNqbqzagVeJqwMq1UmMTs1iVbLsUbo4gXTx18by,9,5,1.9753,161.0,3.184,3.847,70.0,1,1,0.0,0.5472,1.6452,0.8
AtFS2W1dMWX2oBef9dJ3gSx5VKXfzqvasbY1iMWAMxGT,8,2,2.5185,35.5,3.352,4.32,28.0,1.0,0.0,0.0,0.8084,1.6167,1.0
CC4Ud8MCMziQ6yVqvWqqYgnSGQ5UnEkfo6rh6BT4nap,6,3,1.3212,9.0,3.213,4.125,28.0,1.0,0.5,0.0,0.1679,1.6004,1.0
7kCo5vrQGVYZJf9qjABWTHeSeDafkdeFD7ttrQhxvxvJ,9,3,3.256,3.0,2.726,2.797,20.0,1,1,0.0,0.1812,1.5657,0.667
7wJ4xxReWt1Hh55TSFDVZRvGmXi4QKsXTNetaiFPNpbg,12,12,0.6716,0.0,2.609,2.892,0.5,1.0,1.0,0.917,0.0695,1.5597,0.833
NigaK3dmoQ2hLph39JAkPQoprnBX8doh9n71kAGcFNW,6,4,0.6922,16.5,2.747,2.996,15.5,1.0,1.0,0.0,0.2591,1.5547,1.0
DkioBQf1aZDx4cYARPKZKvGtwyvyABFdze8bAd5YX4j1,5,3,1.425,8.0,2.345,3.059,11.5,1,1,0.0,0.3161,1.5362,0.667
GPKuYwnfM6mG4ffZCiuJo7tJnQQ9PqSdPNVsCXarkDyf,24,6,0.9877,1.0,2.744,3.787,23.5,1.0,0.0,0.375,0.3714,1.5152,0.667
9NXKesq2uujXeh3SLZQC1MoLy2whDxivEBM1rtgxWdFS,15,3,0.2963,0.0,2.323,3.428,35.5,1,0,0.733,0.6452,1.4221,1.0
AiAGENTzB5Fo2F85twCrETmsJZ2JCVHBc8i6Fm7JCSyE,5,4,1.9556,7.0,2.098,2.02,27.0,1,1,0.0,0.0263,1.4106,0.5
29HCXPUTJFSvJAAoWYYap64amtg364Rj9CPg512Arm1d,22,6,0.4938,0.0,2.821,3.558,15.5,1.0,0.0,0.455,0.2484,1.4066,0.833
HXF22jVNJyhauWJGLiRtXahjbzPQU7hr74Y2r2qX29ue,8,7,3.4568,10.5,2.277,2.29,63.5,1.0,3.0,0.0,-0.2513,1.3995,0.429
GVVP8N7jnxgr3QdtR461bsuCNNQmuNu4DBW2Ab4tzKVp,14,11,1.7718,166.0,2.257,2.557,115.5,2.5,2.0,0.0,0.1338,1.394,0.727
HjiY4xjdGXfxiupvZbBt7UiycWG5s2VgzDGSUvCG5XGL,7,1,0.0,50.0,2.544,4.651,264.0,2,0,0.0,1.374,1.374,1.0
86PwpZLtatNFKAkAurS8tmFtLgZTrHAURiiuXcfYjcvt,29,5,0.9778,13.0,2.488,2.529,41.5,1,0,0.0,0.073,1.3633,0.8
HD6PbMcVtJ1vBkBmYWJrMASmwHqo1ZNcnZPszJrgxbUH,5,5,0.5867,31.0,1.807,2.124,165.0,1,2,0.0,0.0699,1.3466,1.0
6nWLPrww43HxwYwCGShgSNK126426aFLFknSFZYX9NxL,5,3,1.6775,47.0,2.421,2.557,19.5,1,1,0.0,0.543,1.3448,0.667
2V6LVH3jY75M7XZgkhd2DCY7D8CQYZ6PAPayXbtrRgUA,6,6,1.284,0.0,2.433,2.823,0.0,1.0,2.0,0.833,0.2749,1.3331,1.0
6yRBpeDDba4yASyjmWBLstxv1gYHVsvdHfuBpVpr63N2,27,27,0.4938,6.0,1.993,2.083,5.0,1,1,0.0,0.0307,1.3314,0.63
BoHSCCNHeUZikCqfUZaYbJKHbWFyyzaoDGFLEh8sJNt9,20,6,1.9927,8.5,2.072,2.268,98.0,2.0,2.5,0.0,0.2283,1.3287,0.667
9n41LRRpbemienUzSzFMgR7LP6iriqFrKPwsZEV7CuB,81,31,0.6823,28.0,1.919,2.06,22.0,1,1,0.0,0.0221,1.3211,0.548
41sEWFMHD169ivPv4AWQDB4wfczAptzoHdHmyNkMLG5c,7,1,1.8578,41.0,3.706,7.695,49.0,1,0,0.0,1.318,1.318,1.0
Bi4rd5FH5bYEN8scZ7wevxNZyNmKHdaBcvewdPFxYdLt,10,6,3.0914,16.5,3.144,2.383,19.0,1.0,1.0,0.0,-0.357,1.3169,0.333
Ec1ipse6UaVrnzhTVrXdCZzQmZvLsFmpkMZaRkgxWi1d,7,1,1.4028,16.0,2.072,5.529,135.0,1,0,0.0,1.2908,1.2908,1.0
CmHmEyUgTTWWeETRq2wm3k1dzV6phBKmxHp4uh5jdd9U,22,15,2.9259,14.0,1.83,1.985,28.5,2.0,2.0,0.0,0.0757,1.2833,0.733
5qgkMzRKmfYMhUzhPsFj4gBcKN7HY9Bbegtu7DpTLTwX,24,7,0.2963,26.5,2.086,3.33,121.0,1.0,0.0,0.0,0.0983,1.2793,0.857
8Vceaxp4Xc6VQ4onWWo6ag5zn9s4Zy4GnbEsnTdkyuVy,13,13,0.8723,9.0,2.647,2.655,1.0,1,1,0.0,0.0108,1.2747,0.538
5iBeTSRgoGW479RgrMmJfSvQGyji37eDfiYwzLoBkeHo,9,4,0.7647,6.0,3.249,4.191,21.0,1,0,0.0,0.1824,1.2597,1.0
HWm12ykw4rGWu9JX2fnh4axtKiZHTsE8nKNyLJuVzkUx,5,4,0.6844,9.0,2.183,3.29,106.5,7,1,0.0,0.3275,1.255,0.75
9iPs19PVLcUyMzLaSMiSnUewaxWzgJt7TePtVdh2TAfa,20,7,1.0703,4.5,2.539,3.441,18.0,1.0,0.0,0.0,-0.0515,1.2487,0.429
AiL1zYykdj5bjAFSFPXNZj61paERd9GQXY4dnV2Xq9VM,21,21,1.0501,5.0,2.497,2.624,1.0,1,1,0.0,0.0782,1.2482,0.667
ARu4n5mFdZogZAravu7CcizaojWnS6oqka37gdLT5SZn,118,14,0.2466,33.0,2.74,2.791,25.5,2.0,0.0,0.0,-0.0057,1.2355,0.429
JSPpg9V6yZBBXzwShyihRD57fjJeBHwG3EL2nVRZYT9,5,5,1.7778,1.0,3.131,3.174,1.0,1,1,0.2,0.0925,1.2204,1.0
3ooJBsnBPYtZCd4cr32r6SFosMAK5ubge63SvYKGHBHk,5,5,1.284,0.0,2.358,2.644,0.0,1,2,0.8,0.2393,1.2157,1.0
AzWJxoZnNWAZVgePo22LGLxJFW3TZLcuJhve6GnVTYpv,5,1,0.9877,48.0,2.965,5.747,38.0,1,0,0.0,1.2125,1.2125,1.0
swag6aBGmqkAJFVB8w8GK67pjKoUgS5jcTcLy4MWb3m,21,18,2.4321,7.0,3.005,3.285,25.0,1,3,0.0,0.1159,1.2109,0.722
2zafsmSGA3eUS2HawzcnDHRVri6MWtZ1pVUDquZNzSFi,9,4,0.6702,6.0,3.225,4.123,21.0,1,0,0.0,0.1265,1.1916,1.0
73ykZggozxCqsdER7zSi3d1NjnZmpRhQgeKQCavWErYT,5,5,1.284,0.0,2.623,2.971,0.0,1,2,0.8,0.2603,1.1906,1.0
pekN74koZ15b48R8Kj3N9disT3XjaceT3HjfnUfgmwE,23,22,1.0224,0.0,2.704,2.848,9.0,1,2,0.609,-0.0126,1.1796,0.455
3g3hpaiGPWfs57CtnvmRdHVG2sDYuD5MY98PnLvmhsmU,5,1,0.9877,48.0,2.783,5.618,38.0,1,0,0.0,1.1749,1.1749,1.0
CcuS6zjBQmMj86z3drYMCA12W8bhHWP1voMyKKj2C97D,22,18,1.0051,7.0,2.671,2.62,19.0,2.0,2.0,0.0,0.0188,1.1732,0.611
HurJbsfi9t4kJZg6UwjC29A3gnB7rDwWwoj75xobsfhh,11,6,1.9556,9.0,1.991,1.979,40.0,1,3,0.0,0.269,1.1592,0.833
4BKrTf5N5FSkAKYMg4H9oPu4ouPAV4SAQzdix33ex61X,8,4,1.7025,4.5,2.52,2.679,26.0,1.0,1.0,0.0,0.2211,1.1501,0.5
AfPWFykWPZZxU2CyF6BcPoY2v8VEkmYS7ZggvELK7Pv1,19,19,0.9877,1.0,2.856,2.965,7.0,1,1,0.211,0.033,1.1307,0.579
CmYCyGeMPMjzMe7zoirybkLnQ9PMEv77TuVbHfWcnXm9,5,1,1.9159,41.0,3.375,7.528,49.0,1,0,0.0,1.1193,1.1193,1.0
JBfdpG1jWubSkT2jTGRBXygVxs187kVvB5AH9iFYW1iJ,11,11,1.9556,4.0,2.372,2.518,11.0,1,2,0.0,0.1848,1.1145,0.545
Bney7YfJwsNimbSYFzMimsCrZB78f41eazqMJei6iWZP,36,20,0.0883,20.5,1.896,1.838,25.0,1.0,1.0,0.0,-0.0055,1.114,0.4
Gr2m7oXexz2d3moyFUi3rcFQBmpLyNVdggErYJdYujxc,9,6,1.5574,11.0,2.149,1.889,17.5,1,1,0.0,-0.0533,1.1091,0.5
9A7um9R3So5a9ZgiE8H4DmrcSPhLeA18u1VbsUUKjS5A,38,38,0.8379,3.0,2.622,2.69,5.0,1.0,1.0,0.0,0.0146,1.1055,0.684
EqgpVyzFTpuDTDmsSi9a8t5WXoAwfXxvBKBdLeXTyr4w,22,22,0.2806,6.0,2.011,2.037,11.5,1.0,1.0,0.0,0.0254,1.102,0.773
8njAn7DmUemXTVpzACGPaLwxwGpYFToAzXqHurtsWYun,13,7,2.9333,4.0,2.736,3.158,34.0,1,3,0.0,0.0262,1.102,0.571
jCBdzqdfXsHBM2VYNELyhj4VGSfXyhtwaAgrY6AmvgE,8,6,0.1369,20.5,2.775,2.403,17.5,1.0,1.0,0.0,-0.0079,1.091,0.333
5Dk5kyAJKoDt5VEkmb3UgMKjP1RUTwwaEKHAN2ZEtB1W,16,16,0.9877,0.0,2.267,2.211,1.0,1.0,1.0,0.625,0.0399,1.0793,0.625
7BNmLfXMRZPmRGBBtCHz52LBGqBdJDqPDRJH4T64reJg,28,12,0.4156,16.0,2.566,2.477,18.0,1.0,0.0,0.0,0.0309,1.0772,0.75
A57zp2gQ6aQ8LVYvJNJoZS84crV6ds1R4GBprVxkVxqb,10,9,1.2222,12.0,2.317,2.331,19.5,1.0,2.5,0.0,0.2014,1.0717,0.667
J2L495ZPcJ6Btuyd4YqXz5uw7hpKiQXGcLvALwumabED,15,9,1.4029,4.0,2.432,2.34,11.0,1,1,0.0,0.1061,1.0689,0.667
9s3h6GKxG5xxpV3v8qFNsHHA4fgmMUW5sGcrNSH858Dz,17,4,0.9877,1.0,2.876,1.968,11.0,1,0,0.059,0.1941,1.0658,1.0
4EXTG3CCsmBSTCNVKLhuiL75ttFEoL2g7HFNDwd3zjyt,6,5,0.9776,24.0,2.028,2.213,174.0,5.0,3.0,0.0,0.2476,1.0554,0.8
E1C6reyxgp2MgBov85RJMZDpHjiUV6ZCrWtDBfSwQsYB,6,2,0.6219,2.0,3.607,3.276,29.0,1.0,0.5,0.0,0.5274,1.0549,0.5
9vLNwyGUPqi7sKKLu6QzbiQoe8nB6x7Wmm8zWS5ZcQbz,20,17,1.0289,7.5,2.695,2.645,19.0,2.0,2.0,0.0,0.036,1.0477,0.647
92619616543in8ZMDrLj1ZQezcUzNWVHRd9uHoygQXCW,18,6,0.5573,3.0,2.835,2.999,12.5,1.5,1.0,0.056,0.0264,1.0439,0.833
meoriV2dBxQGhiBseswZvm2n759XT7bXunEdttidkDe,13,8,0.977,2.0,2.848,2.911,9.0,1,1,0.0,0.0599,1.0422,0.5
FqamE7xrahg7FEWoByrx1o8SeyHt44rpmE6ZQfT7zrve,5,2,1.9753,45.0,2.475,1.73,203.0,1,1,0.0,0.5197,1.0394,1.0
AVMpb2bXMdNec6ykkEvf7krff7nXMZuKvadPELPNA9M6,6,6,0.9877,0.0,2.311,2.788,8.0,1.0,1.0,0.833,0.281,1.0359,0.667
2mtUno6hv7U5yhtuwmGm1DAxeVAkmjCv9gFWUfmtHe8v,22,3,0.6505,15.0,2.011,2.317,49.5,1.0,0.0,0.0,0.4191,1.0268,1.0
33yMXYAXdzMDYFVTbazGRyUvmF3JR94o4LphvV4ngB8a,14,13,0.9768,11.5,2.032,1.974,16.0,1.0,1.0,0.0,0.0761,1.0217,0.769
FmSMAbd3JWMgtKfZq9Yn9s6nwXh339zpuwDMD2j9u7Z7,7,4,0.5068,2.0,1.925,2.413,12.0,1,1,0.0,0.24,1.018,1.0
5K8uyThncKHhPqRjMaWPHaxvYVkKyKLjquJTnkAA9yBi,13,6,2.201,53.0,2.464,2.909,132.5,1,1,0.0,0.0555,1.007,0.833
F9Kkxs8NEsu71wsv7eKaqG4gcaAMysDFLPLTXq4yu8yL,7,6,0.7333,7.0,3.016,3.64,21.5,1,1,0.0,0.1768,1.0026,0.667
EJwYzqMrGpof8Am7K6pmf9XFiRCJiALb4mxhFrDwpGrD,11,3,0.7617,14.0,2.046,3.645,28.0,1,0,0.0,0.4147,0.994,1.0
7RTfNMC23pNWuDnNRcK7CMhj2RDz2fmpaTqW3B7dQyGH,8,3,0.6844,5.0,3.025,3.037,52.0,1.0,1.0,0.0,-0.0735,0.992,0.333
GyxV38Dio9va7XDUMfGYN5jWo21rJUdgv6F1AV3W3VxQ,12,11,0.8959,8.5,3.041,2.937,21.0,3.0,1.0,0.0,0.0145,0.9892,0.545
4AEZANPtAVdESQY7ntztL1BSkKzocvoP2QsmMz34zd5m,6,5,0.9933,24.0,2.037,2.197,174.0,5.0,3.0,0.0,0.2692,0.9859,0.8
EE8nGTaEJdMA7RkUqAgTjfCt1qD1ivnUefeB9Htg3U4q,7,3,0.9783,11.0,2.594,3.246,32.0,1,1,0.0,0.2782,0.9815,1.0
BALDEraP3A73eyUjMTgD3wkyhAuoE47WkdU9mQpDXTCK,6,4,1.4815,20.5,2.956,3.067,2.0,1.0,1.0,0.0,0.0895,0.9813,0.5
4uBqztBzwjbb4HS7ZUspeordDkagY5fYENAeiqi8xcYU,27,19,0.8839,27.0,1.656,1.686,16.0,1,1,0.0,0.0699,0.9796,0.632
6tUtwYpAzrdDULTzeUuRnprEgkQsseN9VjdFDaRCshDm,18,8,0.8623,9.0,2.421,2.68,48.0,2.0,1.0,0.0,0.0206,0.9764,0.5
CHqtqbfUz6SvuWiUfAfqDtockfePFyspgz6yn33kH8dU,44,36,0.4889,13.0,2.309,1.971,15.0,1.0,1.0,0.0,-0.0122,0.9684,0.417
8fStGV461vNqwhmQkvYvTFEYkxT4dKqNsyepgtFFDcud,45,30,0.2511,12.0,2.601,2.601,10.0,1,1,0.0,0.0281,0.9641,0.8
FXCtC1xdCs5N91YYpEDqW4r4fRMLhF1thrPCs8nG8xwG,5,5,0.4928,10.0,2.757,3.258,31.0,1,1,0.0,0.0667,0.9527,0.8
H2x4rKKXK6jpQacfy2ADK4NbD4vK2e44aCi9GWnWBpK5,6,5,1.6378,6.0,3.024,3.309,14.0,1.0,1.0,0.0,0.1369,0.9267,0.8
CDyrw8vcrEXtUH1TYwX3cU2mTqB4aQMY41Kc8RWfCLUa,13,3,0.9778,8.0,2.005,2.138,28.0,1,0,0.0,-0.0502,0.9178,0.333
CJCUQo5EV7QGgWhG1RmgdYAFCWeXSAPKr4LMU6nqBqwT,12,5,1.9556,4.0,2.864,3.227,30.0,1.0,0.0,0.0,0.0309,0.9087,0.6
BtWAdShyQXtmrPfFEXYur89exMncrU8vR7DYUYmqAnBE,22,14,0.2444,25.5,1.972,2.259,44.0,1.0,1.0,0.0,0.0268,0.9044,0.786
2Xdd6ZqoFxkodNY3TqXnYHuptwDF6rmdwG5YMWsTsnaS,21,21,0.5906,0.0,2.39,2.504,4.0,1,3,0.762,0.0607,0.8982,0.714
3oK8m93QYJFSW57ixVyp4paQhZqrF5oZk2q2uJKust3i,8,4,1.7531,12.5,2.699,2.047,26.0,1.0,0.5,0.0,0.1514,0.8955,0.75
CdP6qd97kg1xJUsk56CWHKi4cGDKp4Uxa6EpHPfgTZUR,17,17,0.2933,8.0,2.036,2.294,13.0,1,1,0.0,0.0659,0.895,0.706
5DZ6xyEB42gLpcQPy7hUEARgEgTXUFEDt38P8vgnHsZa,9,9,1.9556,16.0,2.361,2.408,2.0,1,1,0.0,0.0246,0.8882,0.667
DTiLzEMn1ajSEc76kcEQVYjyvBhKbgAGsqeG69kJueEx,21,6,0.9778,18.0,1.569,1.723,38.0,1,1,0.0,0.0547,0.8814,0.667
AEVHU1pgsXvphkTey3hGFqRvHmqkFGfWsNoAYJTj7hCe,42,17,0.6629,33.5,1.737,1.892,44.0,1.0,1.0,0.0,0.0007,0.8811,0.588
8hnS6wu4anQoKHBs3xw4kwcKxejuVFuLsUVqhpkdFxza,23,6,0.6488,15.0,2.142,2.284,35.5,1,0,0.0,0.0402,0.8726,0.833
ByJ7XAjpjGAiE4jJHVZESFpKj9cC3Cma9YAcTTkAkJQz,13,12,0.9876,11.0,1.586,1.635,26.5,1,1,0.0,0.0194,0.8668,0.583
DB1ceJmcKNjh6cEJxyNDcP4A5xogETeaY5YoHqDkZPMy,71,27,0.6632,28.0,1.97,1.995,24.5,1,1,0.0,0.0046,0.8667,0.519
DrdsaNTG8Bz1vrX167DWrCURHBGbyJV8r5wk2t1wS3NE,13,6,1.0801,5.0,2.435,2.267,18.0,1,1,0.0,-0.0085,0.8628,0.5
UDuxGmpRGSRWVay9s5Yh6iZ5CgQs2JGUgyQSiqL5jxX,8,4,2.9333,32.0,2.951,2.941,27.0,1.0,0.5,0.0,-0.1647,0.8498,0.25
GFzaXHYA2ZKCxojXf3VW9in92kMqqabVSpcg3EW1ANRU,6,4,0.737,31.0,2.076,1.752,23.0,1.0,1.5,0.0,0.0123,0.8494,0.5
9tEoeD2xzPzFZ5SYWPFwCEaT6aKt6vmFzKK1p3SrBtYz,10,9,0.66,28.5,2.435,2.434,9.0,1.0,1.0,0.0,0.0044,0.8481,0.556
HVcSfJFJDW85G7fauHKoZUZpyTzBWpSZ49yPZeFNjdot,6,4,0.7407,29.0,2.512,2.453,39.0,1.0,1.5,0.0,0.1483,0.8422,0.75
CKMM67PfiH82C7T3ywP1rGv3Zzr9EiA7Bv145iCwum6U,6,4,0.9768,18.5,2.843,2.264,10.5,2.0,1.0,0.0,-0.1256,0.8407,0.25
61693GDxzBDgr8y5gssTKNoHu28PFN5BvHE2psNN2d7w,60,15,0.6844,10.0,2.446,2.345,42.5,2.0,0.0,0.0,-0.0249,0.8365,0.4
574QABp92xpXN4rYfBZFMQLBuFPLDWLJAeP3ZuYbXL1i,11,10,0.8125,8.0,3.063,2.915,21.5,4,1,0.0,-0.0232,0.8323,0.4
BBBByrLHua2oYFKviRze4N9n7ay7FcXqy2NzQXfXYEMm,28,16,0.4745,20.5,1.77,2.316,21.0,1.0,1.0,0.0,0.0204,0.8318,0.562
HT3AVo9C1ZuhdP8irL7vUDtFasSzJwRcoM2BjiHkCFhw,5,2,1.1402,12.0,3.391,2.624,23.0,6,1,0.0,0.4149,0.8298,0.5
3rEC2WVfnxHseZ2H6hZvRrfWcDjmsMYt1CKC3aG9YG4x,33,27,0.7178,6.0,2.101,2.033,7.5,1,2,0.0,-0.0078,0.8035,0.481
4qFfFMuDqLFMQ3XQjCcFddxx9Y764JTR9AT5f2C79ujs,7,3,1.4667,22.0,3.155,3.645,25.0,1,0,0.0,0.3361,0.7997,0.667
C9XcW7QNuFoVGbo5YQtFf9Pxxc4Qhur4Fuu5RgFVfLXL,11,3,0.9778,23.0,3.142,5.084,40.0,1,0,0.0,0.3981,0.7899,0.667
4wwyjDYbzcgNJnNzzBGQbQE7RmwvbdJ8FXJwhXV2AkU9,22,18,1.4667,7.0,2.454,2.566,5.0,1.0,1.0,0.0,0.0018,0.7856,0.5
7hEXnDWfR3nTZjyMPwLHLCAE8b28uwFxytMrajW9ehui,13,8,0.4952,5.0,2.561,2.801,30.0,1,1,0.0,-0.0173,0.7831,0.5
D9vqMRd9hztjN9YGNzQHBUJvdcBLf33Tru2StJ3JnKM7,19,19,0.3129,6.0,1.951,2.046,2.0,1,1,0.0,0.0155,0.7723,0.789
6PSJr6HhnRxTGj4dkA4fnXQrnB8AWGVS6WZVdVR9SSXq,5,5,1.0074,0.0,1.962,1.999,4.0,1,1,0.6,0.1722,0.7703,0.6
8WoSfnGF5zm1XE8iSp6tDE7mUt72emRAX8LA15NvVUGu,24,15,0.5268,5.0,2.602,2.799,9.0,1.0,1.0,0.0,-0.002,0.7611,0.467
3xBNve6Y9murpfHdj7rAiZxSNYU3geQ4wpTDi9EKwfGs,5,3,0.4889,7.0,2.391,3.205,8.0,1,1,0.0,0.2441,0.761,1.0
DVDiUa47uEUYLaVTHfHAuBLf43gPBvok3JdyFPd7nEBZ,5,5,2.1558,1.0,3.081,2.888,2.0,1,1,0.4,0.03,0.7517,0.8
J1GhftgeHgJisdGTccEWvsk56Ud53TTbCWZHmwXLAWn8,38,25,0.3911,10.5,2.417,2.631,9.0,1.0,1.0,0.0,0.0195,0.7461,0.72
3HjedYMFbXhdMHxR6qkJfHuvZFmd2JaU1UaqMkdxqbPP,6,5,1.4774,36.0,1.878,1.878,33.0,1.0,3.0,0.0,0.138,0.7412,0.6
6mAHkEZ8iPcPQyXvEF73GeFbXVg6WDqrNe2u1bVsYUUP,22,6,0.9788,26.5,2.514,2.916,30.0,1.0,0.0,0.0,-0.0411,0.7404,0.333
FC1RZf6MTebDXdKFpPfhkiftU8TFz333g8ugbsPJ1Wbd,29,29,0.6596,4.0,2.172,2.346,3.0,1,1,0.138,0.0222,0.7345,0.586
6FbdG7JWV8owt5gdDe7mswSCZUqF5axyp4VryW3q825j,29,17,0.4889,10.0,2.488,3.166,28.0,1,1,0.0,0.0298,0.7332,0.529
EBm14YdXS6MDcvyEPYfuSQZBoo14DVL6W2YZB5NVxbsG,8,2,0.4889,32.0,2.263,4.068,198.0,1.0,0.0,0.0,0.3654,0.7309,1.0
8yziUrT6xCgE8cKSByF4zjdYnuLTkMHTotcHaCZka5DU,30,4,0.9778,8.0,2.738,4.208,26.0,1.0,0.0,0.0,0.1422,0.7253,0.75
AEDBfdz4VuqRHhCgFS1f8B4MgsrVWjHT9Nq98NsqqYvT,14,6,0.2933,3.0,2.71,2.951,17.0,1.0,0.5,0.0,0.0382,0.7222,0.667
7WUtxKcC8NuUjzWcKvX2QGpswg1jTej6cV73FyiwWRrc,18,9,0.7822,16.0,2.742,3.286,8.0,1.0,0.5,0.0,0.0844,0.7195,0.889
3aqkUU5GoYeQiNP4zDGjBrDR8up7Q56JW1kewSQXzbX6,9,4,1.505,1.0,2.808,3.534,46.0,1,4,0.111,0.1209,0.7096,0.75
FYTVwP5hgCUiB14eYYTPtZpBCBL4tqbYFbRkjmRwbNto,14,10,1.0111,174.5,2.128,2.809,77.5,2.0,2.0,0.0,0.0817,0.7095,0.8
EkuXDEQKrBTqfadB1SecQ4WTLoVj4n2zNua9wUi7z5Wr,27,27,0.1302,3.0,2.35,2.711,3.0,1,1,0.0,0.0054,0.7005,0.63
8ffjvojhshDexboDqQWU8DXt3C2gSAoZHZVDZH3Wvie2,11,3,1.4245,9.0,2.038,1.68,44.5,1,0,0.0,0.0841,0.6978,0.667
2VbSVLUJUUQtoEFGnBaJJQAfAegpep75sLMJMBPeP7p5,10,7,0.4897,20.0,2.446,2.855,52.0,1.5,1.0,0.0,0.0584,0.6935,0.714
F1WYv89YB2T5ENvVjq5NA8aCFmPJj4uThoXUerDrbSnJ,54,54,0.1481,3.0,2.667,2.838,4.0,1.0,1.0,0.0,0.0063,0.6884,0.648
5MibXGiqHwUohJVSsLUHwEcJ6nzzuSfjA3aQH2dhigT2,11,10,0.3129,32.0,2.152,2.383,114.5,4,5,0.0,0.054,0.6854,0.9
EPtPvuMeoy4tiPPrumoRrfFpeUbnLpK8gzuPe8Tv3UNR,17,11,0.3333,2.0,2.504,2.529,18.0,1,1,0.0,0.0125,0.6831,0.545
HjZmWHwQZLMKzJSTogCTqq9LieVUqh2F9Md2DCwgm927,14,6,0.4914,15.5,2.098,2.489,7.5,1.0,0.0,0.0,0.0667,0.683,1.0
HojxDfWi729BCp76edmvBVoGoCsx5U3payJ56n1LdnTk,10,3,1.117,8.5,2.856,2.603,25.0,1.5,0.5,0.0,0.2516,0.6718,1.0
5yzcoiJauWeKr6eMQxi8bHUdRgNVDtJCiUWaPNWJbhaC,6,1,2.4948,3.0,3.166,2.856,40.5,1.0,0.0,0.0,0.667,0.667,1.0
NULLioEUhd89Jo5Acm9sX88bwjNjrsAVy6KWkXD7qZh,41,38,0.1975,3.0,2.789,3.099,3.0,1,1,0.366,0.0167,0.6627,0.632
2VqgVNTkTu4BQyKVcLCteJnJmVGKS2SmUwntSmSmHReK,9,9,0.4889,8.0,2.59,2.74,2.0,1,1,0.0,0.0332,0.6608,0.889
9fpUmh3Tv3UCdeHLyq3o4QhkTBu5XAbEiKP9FtGaSndb,7,7,1.9556,22.0,2.7,2.648,4.0,1,1,0.0,0.1204,0.6538,0.714
3BwupfLy1TpX4kK1BjFDjSQQxjqgto67VbSstmicmCbU,5,3,2.963,0.0,3.508,3.067,7.0,1,2,0.6,0.1503,0.6523,0.667
63otb3qfCMz5bghv2vyEEwMoZnhnqyv7mj6rVco1hwnH,38,26,0.2735,13.0,2.273,2.457,18.5,2.0,1.0,0.0,0.0243,0.6486,0.769
CaR3ZKSL23vLqPj8dRHB9om6wXoyPJvKwPodYkkW8eog,10,5,1.5575,42.0,1.749,1.883,27.0,1.0,1.5,0.0,0.0458,0.6462,1.0
FH7f6m2AKvvxMg6QpBqQGvCyx4mLzqY64RjRRUNehS8b,24,6,0.6844,26.0,2.435,2.786,38.0,1.0,0.0,0.0,0.1045,0.6404,1.0
CtoLtp8m54TMisKD6TYjUHDuSR33efjXTn8TZnZkJhqY,8,8,1.0095,2.0,2.536,2.559,0.5,1.0,1.0,0.0,0.038,0.6404,0.625
CWD5aZTMAWGe9QVo6WjaFC9e9yEL759NM7BmudxmVNiM,6,4,0.4938,21.0,2.062,2.667,79.0,1.0,1.0,0.0,0.1204,0.6363,1.0
GpCTWXotFfwyBZBW9EuXcVnaX8PkcjHPFKkM6SJGCedT,8,3,2.0028,3.0,2.873,2.641,13.0,1.0,1.0,0.0,-0.0503,0.6363,0.333
HQM1wLhkLCrYnW7RXUJZpVST1gWs3oKU9SrS5T677ZFr,6,5,1.5889,8.0,2.732,2.434,18.0,1.0,1.0,0.0,0.0982,0.6312,0.8
9wZKBHJhuo2ytDxAX6ZMRojcdKYXx5BAfC8JJwDLtwgU,6,6,0.7671,16.0,1.869,2.064,14.5,2.0,2.0,0.0,0.1351,0.6285,0.833
GpWzQoGQRY5Lcb4NTeZvb2HjCcG5y8Wy46TBejzZu18g,9,5,0.4016,3.0,2.157,3.335,4.0,1,1,0.0,0.1601,0.6272,0.6
Gx4C7Lf24SNBfnNKseuucc86zwW9DxLCG6VVpGkK3Qo6,10,4,0.6844,6.0,2.555,2.702,17.0,1.0,1.0,0.0,0.1865,0.6202,0.75
v7yF6C5TWHD8E3S6r98ZF79duA5PW5btsd3sJ8iuaAx,9,1,0.4938,17.0,2.292,2.803,142.0,1,0,0.0,0.6143,0.6143,1.0
GmDdvAESNCNvBTdgXFnQaS6uA3tMLQJm1peQLkF9poxs,5,5,2.963,11.0,3.455,2.847,0.0,1,1,0.0,0.0339,0.6071,0.6
8P3Geo9TWG3QGYYskx82z5TawVQydjymfAFWHcetVG6u,9,9,0.2249,12.0,2.571,2.583,3.0,1,1,0.0,0.0136,0.6056,0.778
HNwEoMmVS3rSNWLT4omZ4D7VqNpD9TaDy2yN3MTpEm9H,9,7,1.7111,18.0,2.116,2.227,25.0,2,2,0.0,-0.0047,0.6026,0.429
HqBLXnqnDY1xrGnMsa3rRfw4C6qoQYiCsbQCap5LUyGQ,5,2,1.5978,12.0,3.395,2.387,19.0,2,1,0.0,0.3011,0.6022,1.0
4R1F9sKeb3ri94rRLDBfc7V532udumzzHxD2rNmvyEe6,38,5,1.1856,6.0,2.385,3.052,22.0,1.0,0.0,0.0,0.1252,0.6014,0.8
4pDf3NFQvTQF2JBAFD1uwUSXAQQCE11NND2PJUKeuGYu,13,6,0.9358,23.0,1.895,1.987,29.0,1,1,0.0,-0.0314,0.6003,0.333
5Gbbfx1LVvqTJFPQKkwEQwPEJM2NfghPWaYY9KtXrswg,6,4,1.4178,11.5,2.271,1.959,163.0,2.0,1.5,0.0,-0.0179,0.5928,0.5
FERyu6cVeorenHgF5NUc8ArzK5aKsXxLKveNUe3nJgLq,16,4,0.4938,0.0,2.723,3.392,8.0,1.0,0.0,0.562,0.1987,0.5813,0.75
7kV42MiJTamjUTdu2uhNdAXsPbqDwtKyhDEPrSE539Wz,5,1,2.1658,18.0,2.169,2.42,16.0,3,0,0.0,0.5805,0.5805,1.0
BA36AnwpTfKeqNhExVUFFbzUAQTyKYvJrEokKJqVCTPi,6,3,5.3778,10.0,3.371,3.173,11.0,3.0,2.0,0.0,0.1877,0.5735,0.667
BLAMEEhCJyRuChcs6p6ckex6MKUNmLLmtfC6vteCddEg,6,6,0.5926,0.0,2.898,3.322,1.5,1.0,1.0,0.167,0.1208,0.5729,0.833
1aDerPKk87xJHCAqTY5bGxF5Xet2MG476y4Zmq2WJ8Y,5,5,0.9383,121.0,5.043,5.561,29.0,2,2,0.0,0.107,0.5712,1.0
2uzFRUJBLrQmMrsJkGHFzY2YFGqqpJo2xMbXtwcvSEoa,9,4,0.4889,17.0,2.483,2.697,42.5,1,0,0.0,0.1128,0.5645,1.0
Ha6Q5AKLZyCBMxXZ1zV83FD5xiFHCoUU3gTkoF1QVojs,27,20,0.1956,5.0,2.725,3.027,10.5,1,1,0.0,0.0211,0.5614,0.7
DpdHn43rRQiBdhRucKq4Jzx9rVymqd1ybk3sy3ciDt4u,9,3,0.7822,39.0,1.788,2.521,172.5,1,1,0.0,-0.0833,0.5585,0.333
3MgJY2ya18xR4ZQiahhBz1tQPSpA2NK2m7GAtAFkvFhF,25,3,0.6844,35.0,2.38,1.904,172.0,1,0,0.0,0.0191,0.5565,0.667
35RArQiyVX4sh8ijprpizqb8Lodxz83PKu4Z7E9usSbn,29,4,0.4889,26.0,2.151,2.183,23.0,2,0,0.0,0.0266,0.552,0.75
485VRgQ1aCfqspezdjYjByAR1TfsmR1WYkhzyoEsQV8d,20,15,0.9778,16.5,1.471,1.983,13.0,1.0,1.0,0.0,0.0105,0.5472,0.533
2fAXoG7mBS36GUEi45uh4TJ4e3JUwPsFGCVFS8q5oE2w,18,5,0.4889,24.5,1.43,1.726,40.0,1.0,0.0,0.0,0.1363,0.546,0.8
AbuGAb9M4AgXBchk42pJ3NSGgQKbiW6Lgc48BtMMKqkN,28,23,0.222,31.0,1.642,1.827,19.0,1.0,1.0,0.0,0.0326,0.543,0.783
GzYoXxQnmuMZ4aroSbAfa8FwDQTBjUTgt7zqMLNsevvn,7,6,0.2933,9.0,2.566,3.215,13.5,1,1,0.0,0.0684,0.5405,1.0
8twv5s98BQKPstD6QYShG3DpLzrygMm8w22Ud29HiPmT,8,6,1.9556,19.5,2.718,2.361,18.5,1.0,1.0,0.0,-0.1376,0.5349,0.167
9FcXtnb7W5JozD39sa1TvBJnLW5We3hmsmqria1sNoku,10,5,0.2641,9.5,2.092,2.21,115.0,1.5,2.5,0.0,0.0814,0.5342,0.8
sALemB5ztggvhVxWcnfkFU6jXBHnahCXP3z227PrRKz,6,4,0.4988,208.5,2.433,1.747,12.5,1.0,1.0,0.0,0.0923,0.529,0.75
JARE49JrmtmKeDnSxupb2784awi9HEAapNeRn3tfbRM,9,7,0.9778,14.0,2.156,1.78,9.0,1,1,0.0,0.0124,0.5277,0.571
fk1mySwAWiUEzHqMUTFxbXhYTRk2Z8FpCejwSe4ncJt,7,7,0.5926,47.0,5.644,6.088,15.0,2,2,0.0,0.0484,0.5204,0.857
AreSXNRAsnwrKaQvg2H5trpQNqfprRPT62Y5EDU5h7xf,5,5,0.9778,7.0,2.084,2.139,12.0,1,1,0.0,0.0578,0.517,0.8
6jjrNC9GSpcZiVqDS1z5d9HTi7aD8h3SP9XXYazzrP4C,6,6,0.4938,0.0,2.426,2.722,1.0,1.0,1.0,0.667,0.0786,0.5168,1.0
5sPSxYJP4Zm4ZjSG46JKE7257se4P6HbUricApTA7tS7,14,2,0.7263,13.5,1.765,2.082,84.0,1.0,0.0,0.0,0.2569,0.5138,1.0
2gSzFCwozvNBHH3sDNHAJxwqbAXvL93brVapmSWTExU3,7,6,1.8681,10.0,2.513,2.575,6.0,1,1,0.0,0.0994,0.5092,0.5
91EmVRUks22PoKs1ebGhhden8h2MiFix7m8ebKd7iNJv,25,23,0.1755,4.0,2.686,2.924,5.0,1,1,0.12,0.0238,0.507,0.783
5yZx1tJramkVgxh49u89PahACux6oWVfspVdBiYMJPMx,12,12,0.3457,0.0,2.876,3.323,1.0,1.0,1.0,0.75,0.0449,0.5024,0.833
HpBQZoprdtWC9MFZoLEKSi1PvSFhGFYDJt9ryxooUHCT,5,4,1.3505,125.0,5.507,4.698,39.0,3,2,0.0,0.0555,0.4947,0.75
AfLmsne1c33VLEXHcqByD1tkmQNAot6xEJz1mpXF8oiZ,10,9,0.2178,4.0,2.01,2.067,4.5,1.0,1.0,0.0,0.017,0.4902,0.667
2zX7uqvAj4hWKX2pARGutu8yEctjU7RYi2uxuwkdLQA8,18,14,0.2124,35.5,2.37,2.6,6.0,1.0,1.0,0.0,-0.0032,0.49,0.429
9asBCQqp2o5BicHWPJZJ1RBh8hKQR76rejKgkQkzNwPy,6,5,2.4691,19.0,3.078,3.425,15.0,2.5,2.5,0.0,0.0359,0.488,0.8
ERtByczoxvFpS15DBWdUdq4HTKSvtkty8wxSPA9N6FCB,7,3,1.5281,1.0,3.056,3.501,46.0,1,4,0.0,0.1501,0.4784,0.667
AoHMMtizfB922FXBXaiqhtsHYUY6xGJuXPQx1zVwH5iq,6,2,0.6233,25.5,1.914,2.653,20.5,1.0,0.0,0.0,0.2341,0.4683,0.5
DiBotq6hCMTw2kZTdzhwU3sU87548EC9DZhqtfEKVS3n,8,2,0.9877,0.0,2.716,2.896,3.0,1.0,0.5,0.5,0.2321,0.4643,0.5
7Ymz8ccMNNeZdbdJzB1gtMPPVHNk7N7X6UNiJgGvzRb2,16,1,0.6537,18.0,2.416,4.325,29.0,1.0,0.0,0.0,0.4607,0.4607,1.0
AuJpukQE3zt8d51jdY48fJP1fwgaxy2PKadnhrr7qFy8,20,10,0.2146,15.5,1.935,2.097,34.5,1.0,0.5,0.0,0.0433,0.4602,0.7
6dsrXvjLki53LVnriLv1tSUBxsFytzDKTRW1Bs1KWiCX,46,16,0.1504,28.0,2.173,1.705,23.0,1.0,0.0,0.0,-0.0102,0.4573,0.375
7Mirf2mCnBufrsUvas5ATfWZ1baT2vDcFPNY8XJSNR4o,20,17,2.4321,6.0,2.76,2.994,23.0,1.0,1.5,0.0,-0.0291,0.4555,0.471
FKr33ueFUU2mmL2yErta1cFxHW3YNfh6h4A7n6gH6KaU,5,2,0.9778,13.0,2.503,3.424,27.0,1,0,0.0,0.2256,0.4512,1.0
7t9d28YmTLm3sqXm83rfB4ZW21EFsvvNCcuosndAB8EJ,11,6,0.2257,18.0,2.335,3.566,122.0,2,1,0.0,0.0527,0.4494,1.0
GwxeiVH86ZGVYuUZizGAcgMLGCrghGeMBFfxkzixUsd5,15,8,0.2444,14.0,2.328,2.261,114.0,3,2,0.0,0.0422,0.4464,0.625
74D4qALKxtmpiPPmbN78x8tbd2C8ZtYjvpGXmu8ezjqW,46,16,0.1548,28.0,2.173,1.695,23.0,1.0,0.0,0.0,-0.0086,0.4459,0.375
25PuSE1RVeeau3XhVLY4Wrhu1D5osFf5DZkYqVqKHmDf,12,12,0.4938,1.0,2.291,2.281,2.0,1.0,1.0,0.167,0.0259,0.4439,0.583
GumbVYaXgz6CbMxeZcz1khKgQfjspq5PX14FpaDLC1zu,7,3,1.0165,10.0,2.668,2.605,29.5,3,1,0.0,-0.0309,0.4422,0.333
2jDGTaLSJawCm3b714cuCwQ8wF7wNzY8cXwfVoU6tus8,8,6,0.1746,17.5,2.24,3.544,122.0,2.0,1.0,0.0,0.0525,0.4404,1.0
Hdre2LuaZCr3gR5BnhBXjHF9xyZL75dPGozFHTyaS9Qs,7,3,0.947,10.0,2.831,2.581,29.5,3,1,0.0,-0.0122,0.4384,0.333
9ZJF9EiQ1CEkarzd1ir9nfz76Df1x4TeTsog4tx9mwDi,11,6,0.1235,18.0,2.33,3.588,122.0,2,1,0.0,0.0518,0.4368,0.833
2tw33mipyCRpMmS2UMr7LWremZitksj88rnTKDyPtarS,5,5,1.2222,15.0,2.531,2.027,26.0,1,1,0.0,0.0009,0.4361,0.6
3dhJwmuBW6Q92qjqrwuB2Ejx7QhcSzzNnAr4rVv8c6ZS,7,2,0.1975,0.0,2.663,5.832,48.0,1,0,0.143,0.2169,0.4339,1.0
6pZ84BcZtuR2rfNU7rJvjCTehrPY5pQVM42DPPu51HHX,5,5,0.7406,7.0,1.886,1.838,7.0,1,1,0.0,-0.0494,0.4325,0.4
98bbfV2NU9NjPBr5xeUnsY4VJyLne47GBZsK8TzjyCG5,16,14,0.1467,6.0,1.997,2.274,28.5,1.0,1.0,0.0,0.0133,0.4247,0.786
AvvvMpRMWQkK43APpWVbiGB9eTd1p8sz7SDRZ6qYPAME,6,6,0.3575,1.0,2.83,3.279,0.0,1.0,1.0,0.0,0.0555,0.4215,0.833
3WSNsfKgybZTE9F8vLUYhe94q5oSZeaPkdSUUgrFdNhR,5,5,1.9556,5.0,2.71,2.771,3.0,1,1,0.0,0.0541,0.4204,1.0
6cBKfWrS15ToPNUFZLb1maqkYUqYMyvPNNHC2yq16p7L,5,2,2.417,43.0,3.197,3.85,24.0,1,0,0.0,0.2086,0.4171,0.5
4hbrU5AQqHTj1qCSzY7rzqX99YFuK5UNdf7aJFbJvbyG,23,7,0.7012,0.0,2.723,2.798,24.0,1,0,0.13,-0.0155,0.4155,0.286
Ckfh4kBZaVsJFqyQefxzzDJV67EVNkVuY1Z72vkZGLcs,9,3,0.1956,4.0,2.772,3.232,23.5,2,0,0.0,0.0303,0.4149,1.0
9bjHu6uwqBBJn4fqg6wZ8tDJrjEY3oXQzTNvWy8RWUw9,23,8,1.2711,21.0,1.746,1.964,28.0,1,1,0.0,-0.0404,0.4113,0.375
9999huSCf6QpepPHQVFLZ9smhsbwkV4XWPLboiy9qqRj,18,6,0.9703,38.0,1.869,2.807,17.0,1.0,0.0,0.0,0.0274,0.4094,0.667
9waSiPr3dtr89K4aTUxNWFmQ7a1gUwDesBTn7yWCkhGG,8,6,0.1235,17.5,2.255,3.592,122.0,2.0,1.0,0.0,0.0518,0.4069,0.833
FSd5jo1Kny1EYXz67qbZuL4TXTA4zsSWA7ZxQUaev683,5,3,1.5618,2.0,2.756,2.835,36.0,1,1,0.0,0.1291,0.4069,0.667
5E3BCNCGLnWM8hVMDYUbUark2AL71aZZH32pQyGSQ62e,10,3,0.2963,0.0,3.519,3.947,37.0,2.0,1.0,0.0,0.1233,0.4068,1.0
8uCRAKdq1JD4AohzDuB8AaWz7DYAL2bfLtfu2BqAvSca,17,11,0.1975,2.0,2.577,2.774,20.0,1,1,0.176,0.0113,0.4059,0.636
kEFiAX3jo5NmemysQov342TZ9mGh6yp92GDRjhA8XDf,7,7,1.5168,54.0,5.596,5.701,24.0,2,2,0.0,0.0252,0.4057,0.714
EeyNHgzyduzf4eYf9YsPa5826jDgDqprppdsSeaKoNDW,29,8,0.2467,26.0,1.767,1.774,34.0,1,0,0.0,0.0176,0.3988,1.0
9u5f8WMfyrHo5ondELytGiN9oNphVK1yVuyp2qomdZCs,24,24,0.8889,15.0,2.228,2.203,1.0,1.0,1.0,0.0,0.0058,0.3984,0.542
5jWcFtxHFyBurHirBJpk4nxpMk44AxSdmn7Q3jk2yjd3,10,4,0.2933,52.0,2.176,3.2,134.0,1.5,1.5,0.0,0.0515,0.3975,1.0
EPnhKHzb48nvXrrCAaq83yv8hPNNYKrUt4kuVAntg9AP,7,4,0.9778,33.0,3.179,3.545,158.0,1,1,0.0,0.0578,0.3938,0.75
F8ePdsExXQn7Cc6tDVAuUbCzqBgc6rYVuoq5FuyGBoTc,16,15,0.4889,0.0,2.749,2.787,1.0,1.0,1.0,0.625,0.035,0.3907,0.733
FafzM4PhZyr2AMFTwunrpB8cCZVPmb4BuUvB3c2XyBN2,7,3,0.4889,7.0,3.234,4.257,33.0,1,0,0.0,0.1149,0.3893,1.0
8aaRWuPGNP1qoBk7jE9ZRMaUhNnCn1cujjUkv6KoEzVL,26,13,0.1413,21.5,2.325,3.173,12.0,1.0,1.0,0.0,0.0225,0.3809,0.692
2S8NjT4eLVBdbrfnSfDZwYqUBPz8qcqsRAhg3Gdhbxpm,54,37,0.1369,7.0,2.432,2.686,16.0,1.0,1.0,0.0,0.003,0.3773,0.649
5AHnVadgoEqHS8qQw1Tis7VEH1ASGoDqJJFSWVZTA9s8,8,7,0.2738,9.0,2.648,2.518,11.0,1.0,1.0,0.0,0.016,0.3772,0.857
Etrk5GiyQSJp2Jgu7A6GJqV7rwSc3PfgcYb2uDe8PTMJ,52,47,0.1481,3.5,2.627,2.674,2.0,1.0,1.0,0.0,0.0036,0.3767,0.617
AgH1BgupwsRzpSLp4gjbBTnbFDWs1A8FWYXcBq7Pfrdk,5,3,0.9877,46.0,2.473,1.741,194.0,1,1,0.0,-0.2238,0.376,0.333
74DVBE6KtL54jprcM8U78ZjEC6aWKnxMrHkXYrE5Uejx,25,13,0.4889,27.0,2.758,1.978,19.0,1,1,0.0,-0.0355,0.3751,0.385
GvboJZt6bU9A6Zyem7vSVSCHie3WfFL3qCSDT6Ask9tp,18,10,0.2542,40.5,1.711,1.833,7.0,1.0,1.0,0.0,0.0323,0.3715,0.9
A71pK8RRfqA4Gh5j7wiP44Q53iPVB3EFhPtyEFJnXZCU,6,2,0.9779,29.0,2.052,1.922,23.0,1.0,1.0,0.0,0.1855,0.371,1.0
2omUWkUei1zs19JpygAxFGaC2LJqTiqmSMxN5hNGEJqp,6,6,0.3832,0.0,2.581,2.994,1.0,1.0,1.0,0.0,0.0707,0.3703,0.833
6KgpBB5J4jWussR232qXxkMrTUMnt5ZqffKjk2Es4UCm,11,5,0.9931,25.0,2.36,2.398,24.0,1,0,0.0,-0.1847,0.3701,0.4
45eHheqqsgTq74xqw8p1Dh6xmkRqJa5uQomBAW6wv5nU,9,1,0.9877,6.0,2.887,4.785,31.0,1,0,0.0,0.3673,0.3673,1.0
5AmLiWonycEwxGiwXPTkHZiGtigpK11nmzcX1GxuWTL4,7,5,0.9778,28.0,2.43,2.527,21.0,1,1,0.0,-0.0044,0.365,0.4
AvcwFK7QtYMLmDjzby4wSy8zm658naJZsuuzL6jK85H1,8,3,1.5516,23.0,2.974,2.672,19.0,1.0,0.0,0.0,0.1099,0.3608,0.667
CeUbjEQ3hdkDyvjkzewn4iQ1YYrWP2aa1Tt4723Eda8V,12,9,0.8872,3.0,2.666,2.517,27.0,1.0,1.0,0.0,-0.0208,0.3607,0.444
4RMb8vyjiFXZ6WGrggNkVt721Ybd1FLKsTA35Hic2tvb,5,5,0.4948,19.0,2.486,2.948,13.0,1,1,0.0,0.0674,0.3586,1.0
uUJvAggoXhTMAYC6zzN8uNUAtBoarpsYx5EQyrrrAQD,25,3,0.1975,3.0,2.876,4.351,29.0,1,0,0.0,0.203,0.3555,0.667
Gp6VZk4fxmajvLWoG2mugTPW7YsW4kPwidTbu6Cc5XB5,5,5,0.4,0.0,1.499,1.812,5.0,1,1,0.4,0.0356,0.3511,0.6
CAvvAFNRfXDWTTDqwgxb9qSyYT8fTuTXWSFwL7Jsz8vT,30,24,0.1056,6.0,2.113,2.219,26.0,1.0,1.0,0.0,-0.0001,0.351,0.5
6L3Azj2FG77YZQSyPw2zeFM78RHYwicjZHYcxw2xTHPd,12,12,0.3989,0.0,2.624,2.659,2.0,1.0,1.0,0.583,0.007,0.3489,0.5
7rzHb25KeVs1WeeSaRHTouJWiCiSJKkxE14DvYCNkw3k,6,5,1.0442,12.5,2.111,2.248,48.5,1.5,2.5,0.0,0.0324,0.3483,0.6
D43UCxNzHMBLdzJqH5b8zzhYLMG2Ks1FG5tHRNDMTHv5,5,1,1.9556,41.0,2.561,2.51,95.0,1,0,0.0,0.3447,0.3447,1.0
Fkemk4DNp9ncsixH8gJqoysHu8mvG2A1TMVbGTMoYa9d,25,25,0.5196,4.0,2.511,2.585,3.0,1,1,0.2,0.0145,0.3427,0.68
28cqPTM2eJV8gvkX4NxfUi868heoDq9wZHgYcHgErR9n,13,6,1.9458,5.0,2.988,2.536,22.5,1,0,0.0,-0.121,0.3409,0.333
8acHTKPssJZDjMrFM83ja5oaRRut7cc92Euv3GPPcxj1,9,9,1.6745,6.0,2.003,1.977,1.0,1,1,0.0,0.2125,0.336,0.778
HoChUe1nYaFTCsgdD2NXHtESCk1teqSAmhmyiXPxVfd9,12,12,0.6914,5.5,2.163,2.291,5.0,1.5,1.5,0.0,0.002,0.3346,0.5
GUorX1qCqqNXb6feCp3ZPKC8KkDxc9gH7Ho3ZqDFGX8v,19,14,0.1481,7.0,2.112,2.338,14.0,1,1,0.0,0.0068,0.3303,0.571
DiLov4SZWXN7EbyKRgN14wHx7kBLKRvo95rCsADD3jwZ,7,3,1.2274,0.0,2.824,3.483,53.0,1,6,0.0,0.1041,0.328,0.667
Breti9iK18oC1DTtDCvAWUpxJzJt76ixjrBqt1kpeVHV,10,8,0.1956,10.0,1.924,2.142,56.5,1.0,3.0,0.0,0.0346,0.3274,0.875
MhiWVSFnX7WSxqTz7h59sgfxnVgora2uLkoGBtpqPfK,16,8,0.2,8.0,2.319,2.925,23.5,1.0,1.0,0.0,0.0425,0.3259,0.75
TTTTM2PdBJeX4Jz5RNQm6JfMytBrsRq79Q89x63vnY6,8,8,0.2422,12.5,1.422,1.448,7.0,1.0,1.0,0.0,0.0139,0.3247,0.625
DXMk8hgWyiazSZfLeft21HK7AJ8CPJvWHd9A7frVUtkz,11,11,0.2933,4.0,2.706,2.859,23.0,1,2,0.0,0.0119,0.323,0.727
CeSEWToEpbsDPrA9LEsL7Y6VzTvRUjFo9jduWLHSyyiQ,15,10,0.5152,5.0,2.518,2.724,30.0,1,1,0.0,-0.0107,0.3203,0.5
3vcy5Q53jErvYEhC4pzFQH5UVK922adhTHYjx1UXCS3q,12,6,0.3667,20.5,1.745,2.006,68.0,1.0,1.0,0.0,0.029,0.3077,0.667
HEEf4JUguMz5yvsshQZkMJ8VKm5WRUsYhLwNSCMuoaJ,5,5,0.5692,8.0,4.236,4.136,1.0,1,1,0.0,0.0743,0.3055,0.8
Eue6yjZtJLFWisnZFzMoGHo2R55m6wXDJFrhM4gzYxw5,5,5,0.2249,8.0,2.456,3.015,95.0,2,2,0.0,0.0413,0.3029,1.0
Azbvr5VuCx98pjVzVig458YjVCA6mzYRakrPtfeqAfKT,9,6,0.1956,2.0,2.409,2.776,1.5,1,1,0.444,0.0224,0.3016,0.667
CSeNbGvcnBcTuHpQEyH7LFkH6iwEnxJ6vosjsho7RCFD,6,6,0.5185,2.5,2.865,2.834,2.0,1.0,1.0,0.0,-0.0091,0.2987,0.333
3USuyHQVNyppevSmNiamBy8eFcjDJKqLWcCuJ6zJMG5H,46,46,0.4002,4.5,2.53,2.579,3.0,1.0,1.0,0.087,0.0039,0.2971,0.543
8f6mju2E67Bawifm242gAPGzuvjtZWVktdN8eykxDbBj,36,24,0.208,5.0,2.774,2.631,8.5,1.0,1.0,0.0,0.0033,0.2965,0.542
2MscJvkF1E7CMMt6aeVu7gkomqAHgw33DvSrKrifJc8V,22,20,0.2933,3.0,2.745,2.545,7.0,1.0,1.0,0.0,0.0178,0.2939,0.55
BFCWyzn6jZZwFHetfdKaGfjAFyYGUGkdm9aAp7ywoH3F,11,8,0.4077,7.0,2.098,2.504,21.0,1,1,0.0,0.0115,0.2938,0.5
44y3X73HyAjCupReLc6S8FKLNoJoYudpxeoQFxHm4Jsv,8,3,1.5894,27.5,3.083,2.371,17.0,1.0,0.0,0.0,0.0914,0.2932,0.667
kZ3PGs1VzCbC4GFs4nJ2yXNbaQj1v6vBLy8i2fLYvt5,7,3,0.2933,29.0,2.479,2.301,13.0,1,1,0.0,0.0003,0.2907,0.667
39M5dD8dxoksczFt5thxNXEc7c7DYUQaasnCAcPx7NdS,18,17,0.0988,0.0,2.694,3.023,2.0,1.0,1.0,0.833,0.0144,0.2897,0.765
FWU2CXyNpEqUYz25feG3qwtsRAU15EvUVA4Yerw9VUHU,9,2,0.1975,13.0,2.603,4.219,24.5,1,0,0.0,0.1446,0.2891,0.5
D1hS4zJXnoxpCWA6fwEBxPASvDmW9ALf3gNFyMTdoB5n,6,5,1.1586,162.5,5.054,5.32,27.0,2.5,2.0,0.0,0.0427,0.2847,1.0
AivF5MA1YVQZrCyco7HVfN1DYr4qmZb7GpRQgWRFNc6Z,16,14,0.0983,5.5,2.585,2.876,13.0,1.0,1.0,0.0,0.0111,0.2846,0.786
GvT7iArnkTT7JL6RKpgRnFxabw1KjXcSzY9aVLGY5mnR,11,8,0.1956,10.0,2.237,2.373,29.5,1,1,0.0,0.0076,0.2827,0.5
7HwqTbpxyHvaEtdwzYomrhtWCF1XpHcqqQkEVnq9jCML,10,10,0.1795,3.0,2.064,2.022,1.0,1.0,1.0,0.0,0.0001,0.2802,0.5
HdJ7FFBpVX5CnhShvffwGAUGoWHFoqNGTgafDzyqWQsL,16,10,0.1956,31.5,1.829,1.922,77.5,1.5,1.0,0.0,0.0049,0.279,0.6
CLVpCSfw1foTq8mcagnbxpGNqcVhas4ZhkfKLtG9VgeV,11,10,0.9778,11.0,2.464,2.353,19.0,1,1,0.0,0.0297,0.2787,0.6
3pVBCghbuT1aCvAJfnJCvp6hC4bo5kkMddgvQburTK77,13,12,0.2933,21.0,2.099,2.059,11.0,1,1,0.0,0.0073,0.2744,0.5
FjcigZsPQQrytYsVoT2cEJFT5MdNB3APEZjMNHvBEv9B,12,9,0.3693,16.5,2.061,2.161,9.0,1.0,1.0,0.0,0.0171,0.2735,0.778
273jG1gGxC7W5HdLfKLR2HhStjBkgAkiszpUHi921YSR,11,8,0.0978,19.0,2.223,2.087,167.0,1,1,0.0,0.0228,0.272,0.75
3N1KKNyjKBxmRN66zF2jZwdtLaR8D3zXcAgKvuuFAdiS,7,7,0.8415,7.0,2.888,3.072,1.0,1,1,0.0,-0.0252,0.2718,0.429
9r4pDDQKtQsULpiT7wW4AKWKjE2Y2YdnDBmGSZzB4zrR,58,13,0.1032,12.5,2.565,2.721,25.0,1.0,0.0,0.0,0.0052,0.2695,0.769
59FMT32oL78CTLaZMnzmiWbCTVZVtnvsZA3QsY3kX4dg,6,2,0.2444,43.5,1.887,3.665,12.5,1.5,0.0,0.0,0.1345,0.2691,1.0
FqtLkMxLwk4oVkKGXAiz1ygDoeAHoRHs91w9JonrHLax,11,4,0.5089,7.0,2.963,2.779,12.0,1,0,0.0,0.0603,0.2683,0.75
VJSDW6S74YXR4rRR9P4xwhMvLZJQMhrUb8XMFirUsy1,8,4,5.9224,20.5,3.552,3.566,17.0,2.5,1.0,0.0,-0.0116,0.2592,0.5
AQeHM9ceiDcpiTXehJG8rhdgztH6fWSADiw4JC9HDfBg,13,4,1.2193,17.5,1.735,1.886,127.0,1,1,0.0,-0.0031,0.2588,0.5
CozH3NJkvqK4NoDReVxq6z4pGHQKYHJf7N8FCpDqeuTU,7,7,0.4079,1.0,2.159,2.464,1.0,1,1,0.0,0.0624,0.2546,0.857
415MohyTv8z8Bft6LepDsw1yuJHDvj9c2d9VXnDzAPYE,7,4,0.4889,20.0,2.73,2.917,6.0,1,1,0.0,0.0426,0.2532,0.75
3ntEpydDjraXrnwWTCJM7DvfBvtYUMc7q1oHADMCoFuK,8,6,0.3457,6.5,3.078,3.149,2.0,1.0,1.0,0.25,0.0025,0.2508,0.667
CcULFNrrPSqCBy2DX5LsC4jqYbvhkJ2qxhCKEeZLzyTB,6,2,0.6359,25.5,1.918,2.627,19.0,1.0,0.0,0.0,0.1249,0.2497,0.5
7PM8kWDqoTPnZ3mUxeexyisKYyFT6N7NDHc8WByPNgtU,7,6,0.4889,30.0,2.056,1.982,9.5,1,1,0.0,0.0485,0.2493,0.833
GhhwpznCN6UNsmn7o6FkyE9XnHXDoAZeyB4kXdihhUSf,12,1,0.1467,21.0,2.522,3.612,26.0,1.0,0.0,0.0,0.2468,0.2468,1.0
5BJs9GE2iU2GNauiPdBeQDmvjwaStZGKjsH1nKcHyQm7,9,7,1.4667,21.0,3.186,2.584,22.0,1,1,0.0,-0.023,0.2457,0.429
FV7rH4xjc5oT8LDNsrNjchBiSestKKyptvvknmR1a9ig,8,3,0.3911,119.5,2.243,3.74,27.0,1.0,0.0,0.0,0.126,0.2454,0.667
8rsPbPUBLJrzT3ht8h6P3bbQnbAMaXDT53sRmGB6dn1z,21,18,0.2469,11.0,2.379,2.325,1.0,1,1,0.0,0.0004,0.2431,0.667
4xpyUheieoyrpg7yUUWUEwuB6CBoc3hzj2c4EMGmYRTX,6,1,0.6844,12.5,3.292,4.569,27.0,1.0,0.0,0.0,0.2424,0.2424,1.0
C7HxZfXEFYQHTa4PcQA4ZWEqs9tUx7ce6zdpRJDpJ1kZ,24,24,0.2392,7.0,2.41,2.579,1.0,1.0,1.0,0.0,-0.0017,0.2422,0.5
GoJM9nYGHjzjyeAfYivBBRQVJ92spX5v712vrVfUixtM,19,9,0.7784,18.0,2.372,2.068,14.0,1,1,0.0,-0.0088,0.2413,0.444
8ZakuzPya21oRYG1TZ7XiZGAFv7Nbg2gM2V5VCcVHwy3,8,6,0.1956,13.0,2.916,2.619,19.5,1.0,1.0,0.0,-0.0237,0.2333,0.333
4PY3MLrKPV4H3k477XYNC5ngGnYivstKhjc4e28ajYRu,6,5,0.4827,11.0,2.246,1.963,49.0,1.5,1.0,0.0,-0.0467,0.2333,0.4
4S2WWzmtxin96nfmrHWSUDPHkGSnFMUEZMR3471smpfe,10,4,0.0978,12.5,2.554,3.339,16.0,1.0,0.5,0.0,0.0412,0.2312,1.0
Ap7MuYHsrEzhRpfRqUeZJgRojJ3ML17abKPFzfRq9BVz,7,5,0.1481,5.0,2.912,3.44,9.0,1,1,0.0,0.0191,0.2305,0.8
FzfYmjgDQskNiH1CV6WxtVfuB1ht5GBzauY9bj6kTv6R,20,12,0.2475,11.0,2.353,2.918,66.5,1.0,1.0,0.0,0.0142,0.2304,0.75
BYeEbPvfhYp49vFXNXZmScpqpyJrK4gAEW9ExeCWFArS,28,3,1.1825,4.5,2.527,3.159,17.5,1.0,0.0,0.0,0.0913,0.2276,1.0
DTru6k9ozWhaZibLCs8D7M3C6oABsigRik4R89xY2YA7,19,9,0.7642,18.0,2.437,2.053,14.0,1,1,0.0,-0.0078,0.2246,0.444
kkMrXRWnhkR9vgzmjPSLZTV7N7LsMeyXifPiW1HFWMn,6,3,1.709,13.0,3.685,2.794,20.5,1.5,1.0,0.0,-0.0422,0.2158,0.333
taN77qkydRKixPgVYVyWENvbAm145JoUebq9pCYvin7,21,13,0.08,12.0,2.711,2.825,36.0,1,1,0.0,0.0016,0.2146,0.769
Hyz8paNbNLSYxSfWT8KT2JDyvPW7E8yJBbaGnsZV7WE6,5,5,0.4319,0.0,2.03,2.356,3.0,1,1,0.4,0.0271,0.2141,0.8
2SEpA9ru1b5w1PQxQ7tKTB2GAWazBCAjFMAWJhCd4LQe,7,5,0.4573,21.0,2.438,2.627,55.0,1,1,0.0,0.0576,0.2096,0.8
DogiQeKGZhegqkWdg5CEXMpKXsPAAoND6RPPWf9fjwnD,5,5,0.4889,13.0,3.118,3.69,5.0,1,1,0.0,0.1353,0.2079,0.6
Gea6kb6bofrHBtCVMJN8fQx8mg1qFnA2D2pEEd6KuWPr,5,5,0.3845,16.0,2.254,2.595,2.0,1,1,0.2,-0.0246,0.2073,0.4
CMN4HErpURnxJJBjFf54XiS8sY9FjBPS1fYSc6FnhYQL,10,2,1.1852,13.5,2.369,1.967,6.0,1.5,0.0,0.0,0.1034,0.2068,0.5
oQqNjbs9gFiTh6y3nsw7mhqrUoLWwBCbphDfbMiByTD,10,7,0.4889,11.5,3.08,2.805,28.0,1.0,1.0,0.0,0.0294,0.2038,0.571
5wBiCT1BxGuXjSmMUC3HJhH2QLhfnad5whbt9trZMx48,6,3,1.9753,15.0,3.42,3.167,33.0,1.0,0.5,0.0,0.0211,0.2017,0.667
GWVpT4Bq6mf1QnPbqhcckCpxBCNC84YqnvX77yXquHUq,8,3,0.1467,31.0,2.682,2.2,62.0,1.0,0.0,0.0,-0.0017,0.1999,0.333
7VNsoJfdKMtSrjU6SAQu97bhF2GqBmri9NMwn29QwTf3,14,2,0.9877,37.5,2.176,3.795,12.0,1.0,0.0,0.0,0.0989,0.1977,0.5
FJo4cdNLzfjuARZrQBsfri1MuCJGYKGRbnHEAwv3zH1A,5,2,0.2298,27.0,3.85,3.274,22.0,1,0,0.0,0.0988,0.1975,1.0
7sJmTiUko1esgUwBMqrjUguxyTSGwpujjtYoT6JwZN3X,9,5,0.0966,2.0,2.432,3.026,18.0,1,1,0.0,0.03,0.1957,0.8
BkxwpCCNHwv4dToQAgncxR72V1WAmb8evGWygKta6754,5,3,1.3996,2.0,2.612,2.925,36.0,1,1,0.0,0.2708,0.1947,0.667
BBobbtG5pipw1rpxAMgdMoUmjrnt3xM2dDbVJHGfFviF,5,2,0.1956,5.0,2.579,5.266,25.5,1,0,0.0,0.0973,0.1945,0.5
BQaF5wxUDCwKMFALsXYLGm7T49TCfQ84nYEXft5yxmCc,6,4,0.3422,24.0,2.205,2.383,36.0,1.0,1.0,0.0,0.0523,0.1943,0.75
2Hbe4tvgVwGBRbkCqsLb9YZVDV8cVnhH9FyPs5qAHh2R,12,8,0.1956,8.5,2.575,2.584,27.5,1.0,1.0,0.0,0.0018,0.1933,0.5
13H2M1C3w2pwr6oYf6ZKcPGNut6mQedRAFzCpMF2iGJK,6,6,0.4938,12.5,3.712,3.707,1.0,1.0,1.0,0.167,0.0078,0.1932,0.667
7ZXKyMYZYx1eieUYCt6X7z43V7rukPJVW7nqcGqf9LyA,5,3,0.9755,0.0,4.566,2.617,24.0,1,1,0.0,-0.0429,0.1919,0.333
HwLUyAPykbPgkotArMazDsNUn7uMyCSBMjm3drDHSBfw,17,9,0.3951,42.0,2.808,2.827,18.0,1,1,0.0,-0.0003,0.1904,0.444
s5dyxGgDggzkjmZEcG7N6sjXzR7y12bVQaZf2cyxGHK,7,3,1.2161,0.0,3.074,3.465,53.0,1,6,0.0,0.0656,0.1887,0.667
BaeUFLwwEj5AySoXUD9DfrvwqWLsh3w3S9ZcYGzPXDLj,6,2,0.1481,3.5,2.654,4.027,29.0,1.0,0.5,0.0,0.0942,0.1884,1.0
HYAq57DvBi2ZocdzjJmhUYwPzTeSquVBnsRybfuR27Hk,6,5,0.0733,15.0,2.883,2.786,42.0,1.0,1.0,0.0,-0.0101,0.1873,0.4
FgVKvFRyBhHPUGE2FczfWKJzUg2DRYwzXmSVnnVCQ9J4,17,8,0.0587,6.0,2.164,2.998,172.5,2,2,0.0,0.0247,0.1869,0.75
HVm8KMkcrMee6DY9CkF2877HK5gceqA1ns8JENjfQHt4,8,3,0.2933,58.0,2.344,2.515,92.0,1.0,0.0,0.0,0.058,0.1822,1.0
CX7HYiparsQFRaD1F3torvumBCoTYNA7jyPzn8PkHPuQ,7,6,0.6116,46.0,3.303,3.433,6.5,1,1,0.0,0.0735,0.181,0.667
D4Hct7mTyyKa352Us1GcxRzegyJ2BqctR33bPv3tZjwE,5,5,0.5378,7.0,2.571,2.569,5.0,1,1,0.0,0.0687,0.1774,0.8
8HjCkASq2W2U4thveYTpgqTEW9526hLAk8sMK9ihBH5Y,7,6,0.1516,41.0,1.976,1.98,24.0,1,1,0.0,0.0128,0.1755,0.667
8hRReT1T9SCpG4opxnCVgyvWYyTqii9j4c4z1RUuR8hy,5,5,1.9753,24.0,1.67,1.521,1.0,1,1,0.0,-0.0,0.1753,0.4
3z242DXZs37yfwxVs1xfYbPTjsMogA6RsbGxVRLxkmGJ,13,9,0.4154,7.0,2.294,2.463,28.0,1,1,0.0,-0.0206,0.1707,0.444
7QXsFpy93frH8Y1ySVwX4ZF4ZxbYNfo5vfJYMViZnLgA,32,22,0.5405,11.0,2.171,1.985,16.0,1.0,1.0,0.0,0.0088,0.1705,0.591
8MJpDcKYyntmrKT4hPvzMwKvw2PcP8BRen9Ux815cpXB,14,7,0.0815,12.0,2.663,3.273,19.0,1.0,0.5,0.0,0.0201,0.1702,1.0
FyJDX7YDDBczz8BamYV8QcQXmZ2afbqtk6qkFkh9A5om,18,6,0.0978,21.0,2.26,2.062,20.0,1.0,1.0,0.0,0.0281,0.17,0.833
6TYDxGmVxkBPBmEfnmLXx6jVff9LknsjRHqdTjVyZmG8,16,1,0.1509,44.0,3.019,3.709,83.0,1.0,0.0,0.0,0.1685,0.1685,1.0
1427E9Kg9BYyHuh3VDU2AQ28USJTRA9aWtwienL1kcfk,5,3,0.4889,15.0,2.697,3.026,26.0,1,1,0.0,0.047,0.1679,1.0
9iCHasTLbor5fMecFaLGGibE6E9abt9gj5sSr1d2YgE2,5,4,0.9778,26.0,2.008,1.883,122.0,1,1,0.0,0.0491,0.1674,0.75
4AexWyjTnv4Bph6aoMAG7ooymK79QUcXDfKQ6GhF3fLa,13,3,0.0978,34.0,1.891,2.124,72.0,1,2,0.0,0.0579,0.1661,1.0
FhKffrCfZaW4kZDypFbe5KdsqBvRBwHFased1kiV9QwZ,11,9,0.0978,7.0,2.218,2.036,19.0,1,1,0.0,-0.0016,0.1617,0.444
8g6ABtMuBdx2mm2UFixft2WNcLhYuYGKrrgnFEwi7Rxh,8,5,2.9333,24.0,2.467,2.819,35.0,1.0,1.0,0.0,-0.1445,0.1601,0.4
5zvQaa2bQQUgGmsGi3qmJArVWTELvk2KhwSKStS57nbq,6,5,0.3467,7.0,2.078,2.276,2.0,1.0,1.0,0.0,0.0432,0.16,0.8
Aeubzk4q2GST66a17h2ssFX1podokjNX8jGAzim9dPAi,10,10,0.2469,9.0,2.326,2.211,5.5,1.0,1.5,0.0,0.0041,0.1587,0.5
moneyjZv8EzjQ8viRj1FapXgVQc4vXxofi2tQmezgdb,12,2,0.1326,31.5,2.315,3.681,73.0,2.0,0.0,0.083,0.0791,0.1582,1.0
C3TVHaEiwDZPtX5jQiyPHTvG7Bcw4bWmxxfUR3oYHBij,6,2,0.9877,26.0,2.354,3.006,19.0,1.0,1.0,0.0,0.0789,0.1578,0.5
5JJVC4FymjTkp6ihPsSg6esFEqoHkcDeivnycdqoio9R,11,6,0.1956,11.0,2.225,2.739,27.0,1,1,0.0,0.012,0.1574,0.667
bJR66g2La8RzVYk2oKXexkNrxf37PiPHphkW8ZKrAuY,17,3,0.4889,18.0,1.423,1.49,6.0,1,0,0.0,0.0211,0.1555,0.667
ATbKgGujEsZmU1b4MnWPYvEuCc2x1RPLUu6noEsput4r,6,3,0.1527,15.5,2.126,3.439,192.0,1.0,0.5,0.0,0.006,0.1553,0.667
ZWiPtruNMzpN7t6vfgm3AoMTZBQ9Zr6vAyZqjrNvJw3,27,1,0.2963,41.0,1.937,3.08,34.5,1,0,0.0,0.1546,0.1546,1.0
DzwYP13mnRMghnuRYdmy65znX5FUhWG3SR7kXZVpLeWg,19,16,0.9778,18.0,2.053,1.81,37.5,1,1,0.0,-0.0125,0.1541,0.375
64Anwr6H7F86VxVdSZPJ6mCsFoAei55E2opJRFt1pL8i,14,4,0.2444,3.5,2.865,2.552,18.5,1.0,0.0,0.0,0.0224,0.1535,0.75
9ThdurJoCCLQ2cQFYsq2Vz7YeGtREVM1m8G3aG5K8Vpq,5,5,0.4938,27.0,1.751,1.832,2.0,1,1,0.0,0.0206,0.1519,1.0
AY4BzS1JPuJ2SBQV3EYBnnxiJoNorroViEN4jBRc3PzQ,13,1,0.4889,24.0,2.109,2.477,15.0,1,0,0.0,0.151,0.151,1.0
CexMbwXxvDimvTqY3osWXmKGJ7CG6SNJKZMeQgvTsQNW,13,9,0.0978,17.0,3.148,3.228,8.0,1,1,0.0,0.0063,0.1498,0.889
qgv5NviBeiPa1AgEAYeDzWzZLT2aCxTcVW3GqbzgHDn,8,6,0.9505,10.5,3.063,3.01,20.0,2.0,1.0,0.0,0.0238,0.149,0.5
4eDv6bptXnffdbHhHoYbXkHWxvR8xBSfZyM14qeth1do,5,5,2.4444,16.0,1.674,1.447,10.0,1,2,0.0,-0.0858,0.1487,0.4
2w9t8nJpWUZkecc2aUfwL1rA76X6QeygmzSEyfh7h7J8,14,2,0.0978,13.5,2.198,4.572,73.5,1.0,0.0,0.0,0.073,0.146,1.0
9Uemm2d9nUkXBpPPYS8v3ALwethTRxCtre3CeVtmJunb,5,4,0.3422,24.0,1.733,2.198,13.0,1,1,0.0,0.0271,0.1458,0.75
7wZFRLrychoWKJfYXuW5oDBqE2FoPVpqXCJ5T7VUuCy1,6,3,0.9778,5.5,2.726,3.018,23.0,1.0,1.0,0.0,0.0451,0.1449,0.667
EWxjvJyZyC7tCtJyZK4mSjLdytS8pkG5zRkdr6xxtYn6,5,3,0.2444,52.0,2.103,2.44,180.0,1,1,0.0,0.0716,0.1448,0.667
CUWpm3D9GM3EV1Mv7zVCYzCVR1731kEPZ2WkWsHqgkh4,14,9,0.1956,3.0,2.511,2.232,9.0,1.0,1.0,0.0,0.0079,0.1432,0.778
72FKE3V96E1wsAiqk1BkU2WBbmt4HUog69pjKxbiVRGR,5,3,0.4889,38.0,3.251,3.784,11.0,1,1,0.0,0.0336,0.143,0.667
47YEq116WtdXv2jbCzMRpiyr2tfUwLrJPMYTp52rr89a,6,5,0.5084,27.5,1.749,1.723,19.0,1.0,1.0,0.0,0.005,0.1402,0.6
FDCi6MhyYQKWMKFnJ55CXPp8uDNin7zigjvm46j9pM8y,6,2,0.7333,11.0,2.801,2.865,55.0,1.0,0.0,0.0,0.0701,0.1401,1.0
BybVuATLceh2n2XtraJzznvSgbgMz9LEVPcwQMXkWnvz,7,5,0.0978,43.0,1.672,2.351,29.5,1,1,0.0,0.0168,0.1397,0.8
5GjBsdXp2KpMES8BdmCEbhwZZxEgydi1D5d8MM8Ai7GJ,6,6,0.1956,10.0,3.056,3.262,9.5,1.0,1.0,0.0,0.0374,0.1369,0.667
6bF1d2FMjmEDKuyPjWnZgmAKu5SGbBEMdKoeVUjEcSji,5,2,0.2933,13.0,1.686,2.489,88.5,2,0,0.0,0.0683,0.1365,1.0
8oqxRi8Jhs1ZvA4gVLDhn3Nag4PnT5JNQjiZ7AkY1Wns,21,4,0.0489,15.0,2.249,3.047,65.0,1,0,0.0,0.0355,0.1358,0.75
7KoepgCMMde8bek4pR3WDoLdYecJrzfCmJxPrLmGKoE9,7,6,0.1975,11.0,2.677,3.153,28.5,1,1,0.0,0.016,0.1357,0.833
DPEEfPaj3BFizPJfH22Lvs9WQR5EaMFL2ndBk85HdaTq,5,4,0.0691,70.0,2.659,3.312,19.0,1,1,0.0,0.0238,0.1355,0.75
EhkcWrzEdeFoCp28WFHd2YCmYZJjw2pfYcidBqPerTwJ,10,10,0.0489,7.5,2.91,2.786,16.5,1.0,1.0,0.0,0.0037,0.1354,0.7
3dVRz2LirzchcfkDYchK5tz13FRRT48gqLpar1VyA1rV,6,3,0.1467,25.5,2.799,3.142,14.0,1.0,0.5,0.0,0.0551,0.1347,1.0
AQUvxU4TEWEpwFe7X9hy5ZjSGYoihcwdzrz7ZB5G5Cyf,8,8,0.0346,8.0,1.978,2.201,26.0,1.0,1.0,0.0,0.0015,0.134,0.625
8q51Z65e7XsrBH1TiJjpbVzpTdBvKZsQuu9XG8J2Wqsf,10,8,0.0978,4.5,2.899,3.227,10.5,1.0,1.0,0.0,0.0084,0.1337,0.75
uVLCqsyHUJKgWL8ArNppc3CyWLbchbN73B9WCHX8xX4,7,5,0.1467,12.0,3.113,2.331,23.0,1,1,0.0,0.0229,0.1333,0.6
7cFsM2ehSqEDDcPzZky4F6pP5LGDHKzG5G5HM5ML1Hma,5,5,1.4815,211.0,2.682,2.602,46.0,1,3,0.0,0.0,0.1317,0.6
6LRCxFtV2HUEj64B43QScgkTJGA7znKaxESvhiABUJNp,12,11,0.4543,8.0,2.2,2.395,2.0,1.0,1.0,0.5,0.0161,0.1316,0.727
8wkc5WqTCNPZAh7Du8fNio7dj2PmE44gyUh1zW4ghvav,8,7,0.44,21.5,2.155,2.1,33.5,1.0,1.0,0.0,-0.0229,0.1295,0.429
PayhwShRU4mneE2j9PkW6w5GdRXhuxnhQXHvFd5eohe,5,3,0.0489,43.0,2.602,2.798,14.0,1,1,0.0,0.04,0.1293,0.667
H9Q2WDtmBf6B1x9ERjs7KenPituCUwHyg2PNxjHz85UT,5,1,0.4889,37.0,1.806,1.498,217.0,1,1,0.0,0.1291,0.1291,1.0
HAcHTJANbVJiigtyk7RvqifHTC7XTKfFcdso9Mfeiqxf,58,14,0.1018,12.5,2.565,2.712,25.0,1.0,0.0,0.0,0.0036,0.1281,0.643
67WYenEKZMVoRSowCE1DSYPJB6VxoPATjv3sLizLGEG7,6,5,0.1095,5.0,2.634,2.518,13.0,1.0,1.0,0.0,-0.0,0.1279,0.4
Bkxgvs6buFGrWsQ9ptsV3cXKe5jY1VcKqzrnZmd33xHX,13,5,0.507,12.0,2.325,2.14,25.0,1,0,0.0,0.0499,0.1256,0.8
DakNYZdrGeFwF6BhD7ZhLU5qFPnGHXkAsLwq1w3SAJVc,5,2,0.2933,48.0,3.398,2.956,33.0,1,0,0.0,0.0626,0.1252,0.5
D6kGjrt6y8myyncjD2sUzNehDsL6gbLKmfcP5jd35P1r,14,5,0.9778,7.0,2.574,1.867,33.0,1.0,0.0,0.0,-0.0967,0.1246,0.4
58Jo2gZe1yykjgPunorabkkBaV1jpeRyLfNhDAqaBgPZ,12,5,1.0872,14.0,3.326,3.066,28.5,1.0,1.0,0.0,0.041,0.1229,0.6
CzmRaadgLSYE9qmqHwbEiiWVUkvMWmqYWUqFTrCFEeUD,5,1,0.1956,6.0,2.18,3.458,42.0,1,0,0.0,0.1225,0.1225,1.0
9DP5NkM4QcA1a3MuSmNJUT4suyWPBRNZ7UzgY5QQ8QPZ,9,5,0.1027,9.0,2.526,2.937,6.5,1,1,0.0,0.0063,0.1219,1.0
9HAmkHxyvcqB8PjoDvD93aGEmHz4Jnhdge4dXuNpgb77,11,7,0.0978,16.0,2.235,2.369,85.5,1,1,0.0,0.0059,0.1209,0.714
9oieEBu7gprdMmWrSKQFMk48DiCa3AH2edY2eZn8ortJ,31,31,0.6327,0.0,2.356,2.288,2.0,1,1,0.613,-0.02,0.1208,0.452
4vnDJeGAGu58RVKjZp96KSwXhWKQ7jtd1jvvtj4Hz9dC,6,1,0.7407,17.0,1.509,1.931,16.0,1.0,0.0,0.0,0.12,0.12,1.0
HpiSZHWZ1iiVhB5FKiECJUNZR72upRGYMH8bMCMkNnAt,17,14,0.0978,11.0,2.037,1.985,46.0,1,1,0.0,0.0077,0.1196,0.571
ByPVrVraj24zuHZpxz2tsBcwdkJgVapvv2iLbDcuyJUC,10,10,0.9877,2.0,2.855,2.704,6.0,2.0,2.0,0.0,0.0173,0.1195,0.6
EEHcVr9tk4wU58ctyKkDbmRhRv9aH4S1RH41TEB3zsA5,47,47,0.0611,4.0,2.243,2.409,5.0,1,1,0.0,0.0031,0.1189,0.574
8gQGv878ydpjjLqWL9Z3mUeKifQzwEe7uaJxwzniNrAW,35,35,0.1481,2.0,2.652,2.561,2.0,1,1,0.0,0.0016,0.1182,0.514
Fgt8NerxA9pvnpkPoV1wUNT3S3GHt7GMKdk2x2LrF4d6,14,6,0.0978,26.5,2.335,2.438,20.0,1.0,0.5,0.0,0.0174,0.1169,1.0
EQ5idGCxXoD2FVy8ZzbivQiDA3ebcSqCzef9Lgi6GVz5,5,5,0.4451,19.0,3.493,3.692,1.0,1,1,0.0,0.0234,0.1167,0.6
3DPBt4dY6TU79LXXuX99dLNKurBgKcmjEtnHpcqUdmzm,9,3,0.1467,54.0,2.107,1.912,157.5,1,0,0.0,0.0432,0.1149,0.667
2RGtbbtxpKFCei3G2gzzNWzwd5H1nVT4PeoWpFmSKBXm,15,3,0.1467,3.0,2.913,2.709,22.0,1,0,0.0,0.0474,0.1118,1.0
ETwFDcuXBv38wD9AVTgP5quZkmkrmrHrJUJF4FGCssRi,12,12,0.0799,6.0,2.255,2.379,5.5,1.0,1.0,0.0,0.0023,0.1096,0.667
DHWBtqwGboNveLrywC3QoufaCbrzG5Q5RZh5qBr9DZXo,5,3,1.4667,7.0,2.711,1.815,34.0,1,1,0.0,0.0156,0.1093,0.667
9KzBEa8BRCDhQPzKSfGRv4n6YaM1gz5UWd6H657CJhfZ,35,22,0.0978,7.0,2.618,3.17,13.0,1,1,0.0,0.0071,0.1078,0.682
9tCcYmyUvNTTvmgyoyEPXqwxympvfoTCTBLSfpRvqGSW,8,1,0.9778,9.0,2.955,3.118,12.0,1.0,0.0,0.0,0.1072,0.1072,1.0
AhKMhfkRR3wNXZUC9rCHKAcibZUcdErdnkmJ6ewoVmBL,5,5,0.0545,4.0,1.505,2.177,5.0,1,1,0.0,0.0246,0.1039,1.0
5veTCy9eDaL66LqABfpywN6jr1s7zaXP4uit8sMRAaHA,17,16,0.002,55.0,1.901,2.044,22.0,1,1,0.0,0.0,0.1037,0.562
7kctg4tprS3wqSescvWX7cRrcVtLrZurBCprYvcGjzcH,19,1,0.1956,10.0,2.824,3.451,19.0,1,0,0.0,0.1035,0.1035,1.0
6YAyxYPJ2Qeks1SHK5AAwfvsFHpZeN1BMnLgzKasNE2A,6,1,0.1956,17.0,2.018,2.75,2.0,1.0,0.0,0.0,0.1031,0.1031,1.0
6WWGpq4TUozzgSWsKuin5tDc6VPXfSd6U1Jx8gf9h8xF,19,10,0.1,10.0,2.596,3.03,25.0,1,1,0.0,0.0093,0.1029,0.6
2vRhXKm7w5VMhSMHLHKA3Hb6YUneKMDxj68xTPYiwZB9,16,16,0.0988,7.5,2.169,2.174,3.0,1.0,1.0,0.0,0.0013,0.1022,0.562
RWSnHJ45ZP3BSLFJ5YzSJh63bkqa8wJNQYiFmRP11dd,7,4,0.3911,30.0,1.444,1.786,30.0,1,1,0.0,0.0448,0.1022,0.75
3TRwwPFjaX2TVvGpEXRK134yRqjYK9JsR9Kad2zdXPLd,8,1,0.0978,43.0,2.254,3.862,62.0,1.0,0.0,0.0,0.1012,0.1012,1.0
3AqNEZSL7d6Q1JARsEf9JnzgnLoLZKsQQWJGresdEQ4q,6,2,0.0538,12.0,1.751,2.569,252.5,1.0,2.5,0.0,0.0504,0.1008,1.0
BvWm7J4rvXgptfPBPphDzM34yPgTjKWnuubGRQw7suek,9,5,0.2074,0.0,3.38,3.879,13.0,1,2,0.0,0.0563,0.099,0.8
BcXLCMQLzaU74dzL3Z33wWzQAdfXwUr7rvjYmNQZmiWw,5,4,0.0489,6.0,2.912,3.552,42.5,1,1,0.0,0.0188,0.0983,0.75
C7K8hRiikr2EJdEAujwXAiKrbg3vGoPSXMnqCgdUdWAZ,5,3,0.3227,20.0,3.132,3.56,13.0,1,1,0.0,0.0252,0.098,0.667
kzvoB9aZp9rZGTBteUTMyss7HKb5xfBKN27EuY2R8Jd,8,1,2.4444,24.5,3.045,2.279,17.0,1.0,0.0,0.0,0.0974,0.0974,1.0
43m79di73emAzPaYq3qWDhsWXQXAFW89gjzz9ZNGcNSn,5,5,0.2469,0.0,2.601,2.56,4.0,1,1,0.2,0.0264,0.0968,0.8
6ZJUWecpPoBJ63XtTi9aM7mra4HbwYxHgNerN9kdcoFD,23,18,0.0391,8.0,2.98,3.137,9.5,1,1,0.0,0.005,0.0968,0.778
8aPo5Y38m9X1T3ftDKRJUKv7xxzuCiCFEvCcyu41fuAo,6,3,0.0978,13.0,2.754,3.555,8.0,1.0,0.5,0.0,0.0325,0.0959,1.0
2g8w9vw5NricEGLMCS7PhmAxgGSHzTkw9pyVj3435agQ,17,7,0.1467,9.0,2.071,2.553,14.0,1,0,0.0,0.0064,0.0954,0.714
2KVDeyxHmtoqrScFJsASvBTsWg59BkZyEb9LRdyKVeM8,8,5,0.44,61.5,2.068,2.195,153.0,1.5,1.0,0.0,0.0171,0.0941,0.8
HhdR31wp9cQFAft6WextRnomdBorGkxf9yCsoSjpZp72,17,3,0.4889,18.0,1.426,1.464,6.0,1,0,0.0,0.0022,0.0937,0.667
FDKdqQc5YfCNM3Y1VFwrc7NjY3SjKvn4dnyJv363yarJ,16,16,0.4938,0.0,2.615,2.633,0.0,1.0,1.0,0.875,0.0062,0.0925,0.562
3VdeMXatgk5GzbExS99asc6fXU5rRGEXa2RRB337KJH9,5,5,0.1,10.0,2.181,2.396,19.0,1,1,0.0,0.0029,0.0902,0.8
BXWTMCRNhDPv8yH6WFPDYScj82akwe9LJgoxy1WutmrQ,10,4,0.0971,27.5,2.443,2.037,25.0,1.0,0.5,0.0,0.0223,0.0898,0.5
GRCkjXgEEWQnqveX4oWTNSZroMo4wMwx7EWZFqzZubeB,13,3,0.2963,8.0,2.349,3.744,86.0,1,0,0.0,0.0639,0.0897,0.667
TU9mQ35oDzjZrbzLqRrtVFqYEgoKAcJEzYUcbvzm6Dk,5,3,0.098,10.0,2.483,3.354,11.0,1,1,0.0,0.028,0.0889,1.0
83PH5pFXG5yne6YiSHSKMLdSVG1e9uousuSXHNYdPXo4,22,17,0.7608,10.0,1.863,1.876,12.0,1.0,3.0,0.0,-0.0128,0.0881,0.412
DbG7RyLFBWXpEWgfKUA8qByvBZEZ3chqGh9TLkpjpF3b,9,1,0.9778,26.0,2.851,3.114,5.5,1,0,0.0,0.088,0.088,1.0
BdvncBMeLF6V9u7MbKjTPjMaHR9uyYt5vvTiKDUa7e9Z,9,3,0.4938,45.0,2.011,2.059,51.0,2,1,0.0,0.0338,0.0863,0.667
AEqPi4RCD7uRXmMB5ec6V4ehT74Ra2kEdmqVqtHUmyLh,14,2,1.3728,18.0,2.79,2.346,5.0,2.0,0.0,0.0,0.043,0.0859,0.5
348Xv4PvbMXLR4HFUbmowskWgwTnP5bVTzKVmD1fin97,26,4,0.0978,17.5,2.033,2.046,104.0,1.0,0.0,0.0,-0.0332,0.0851,0.25
6cUt6WMbsT5xh8j59AD2ZzumVszcPMGey9VB7dHvz6En,8,3,0.1512,26.0,1.463,1.587,5.0,1.0,0.0,0.0,0.0005,0.0849,0.667
2ZkPCC75dZmzymUm1mrXqSmwVzjpZ8DixtDUB7P5JsPe,5,4,0.2406,11.0,2.065,2.279,8.5,1,1,0.0,0.0266,0.0848,0.75
5ViKFvvGnodLMgpjrPMN6ZwduWMB5LrAiqzF52hSyzcX,7,7,0.1467,19.0,1.89,1.978,5.0,1,1,0.0,0.012,0.084,1.0
6DzM6gqRTXyDaM9C9j19ikXVoH8PCFGLa8WSXZgDvhgi,30,13,2.4444,15.0,2.523,2.073,41.0,1.0,0.0,0.0,-0.3362,0.0839,0.154
EVX6TYbjB25wDaqjow2ipn6fX42K3PcUP2BZ9QKjZYbp,7,2,0.0978,95.0,1.836,3.788,68.0,1,0,0.0,0.0416,0.0833,1.0
5TR1q3G8fHu4iCBNPRr87rdvKDFN2MuaHs1Rck9YjCyJ,9,5,0.0494,7.0,1.89,2.682,42.0,1,1,0.0,0.0166,0.0828,0.8
CvBeuF5tSPguVH4Djqus7V4q1K8odcYRabuVQYD4szE4,6,5,0.1471,14.0,1.975,2.329,71.5,1.5,1.5,0.0,0.0206,0.0828,0.8
F6qRoKQD3cDfHAp6QK4KWGF1HHBAsqUYL6yXMrN9rJMK,14,8,0.2716,3.0,2.342,1.89,17.5,1.0,1.0,0.0,0.0033,0.0822,0.5
7PG3YBmVxKSRfqXRmyru93DEC7pACuU6vQzsevkVQiFw,10,6,0.2444,9.0,2.487,2.589,14.0,1.0,1.0,0.0,0.0216,0.0816,0.833
ByXFTsFAPVXRWgBHFGiKca7W1pAUoeMsGfstjpunEf1h,5,4,0.2471,24.0,4.397,4.005,1.0,1,1,0.0,0.0214,0.0815,0.75
6fKGtgUw3kfEG3cxEGBN4RrwybvBv35zY49iCjwQfyka,8,3,0.1504,19.5,1.472,1.578,5.0,1.0,0.0,0.0,0.0005,0.0807,0.667
HVW3twsdyCoRWg3hgKiwdLFrCd7iUCqa1B1xiCTD5pu4,42,5,0.1467,30.0,1.974,3.5,30.0,1.0,0.0,0.0,0.0052,0.0792,0.6
4n6f9p8LgZTJd7mVdb2MJjfLrZoHuL7qRtqPkTgR28jm,8,7,0.3178,143.0,2.836,2.692,55.0,1.0,1.0,0.0,-0.0088,0.0788,0.286
De6MvAjwt9q3Z9Z4p9bvi4npHfdgMi6iRxcmhYwfGhQz,6,3,0.1956,29.0,2.37,2.368,30.0,1.0,0.5,0.0,0.0207,0.0786,1.0
6DRnw2s1Huo2MnRYticVRci5aJ8dkVykSx2hREbeDJBy,5,5,0.4886,19.0,1.881,1.886,12.0,1,1,0.0,-0.0266,0.0773,0.4
DMuaNKoVCoSx8dRmEemTtWgEhwYWkPHsUrWnsTW7sA69,7,3,0.1071,9.0,2.049,1.841,43.0,1,1,0.0,0.0314,0.0769,0.667
7seq2aW7WiA5jGRUgUxCcqaEgAArtJWe8Xu8GguGn6ie,5,1,1.4963,8.0,2.114,1.836,26.0,2,0,0.0,0.0769,0.0769,1.0
AGdqZoEVYHvuZWZe6NQNvPY7FoqGYZteQCUm7rRhkmUD,5,1,0.1975,37.0,3.326,5.029,19.0,1,0,0.0,0.0761,0.0761,1.0
DH6AEq7V2og8yi1UGsgDivEPXUxfneKeoM3CZWdZRoCv,5,4,0.0978,25.0,2.102,2.414,182.0,1,2,0.0,0.0118,0.076,0.75
7WurN1WNnm73XYQzzAR7nNiq37F97WfmkPv8K1UGWzb6,6,1,1.8765,49.5,2.64,4.833,41.0,1.0,1.0,0.0,0.075,0.075,1.0
8gV31ab8mT4N4wKdu4rWNA6GgfZtuJtimtvVJrMaH13U,6,3,0.172,11.0,2.833,2.566,16.0,1.0,0.5,0.0,0.0039,0.0748,0.667
3NuoZXwX2cZFP9DjqkjPPe8yAzE9zVLt85UxGzMEWDUh,44,7,0.1956,22.5,1.77,2.575,13.5,1.0,0.0,0.0,0.0042,0.0741,0.714
BaCiZEsPHBwaUde4BqAw55kwLjnWXHDUGixNVkMF22iQ,9,9,1.9753,7.0,2.136,2.009,1.0,1,1,0.0,-0.0,0.074,0.444
FiU5MAGf299MEMGmmz4XYrK4tdg2aNkDdcGF7GeMfzNj,5,1,0.1956,34.0,2.656,4.647,33.0,1,0,0.0,0.0722,0.0722,1.0
H8a7f1aoTAoW55NZaEVRLfqoMMCbB5wcjXkdLrHEphdu,6,2,0.4889,7.5,3.392,3.735,16.5,1.0,0.0,0.0,0.0359,0.0719,0.5
9SHHN4YyEW6EJVmqt26FAdWFpMQnaoTXuo95L9QA3f6C,5,3,0.9778,13.0,2.88,2.117,23.0,1,1,0.0,-0.0996,0.0718,0.333
7QKYH8D7ZWTJ9XVS24eoNDN9fiCBtLmkAUDpn2rRS7Zw,5,2,0.1975,28.0,1.899,3.318,10.0,1,0,0.0,0.0357,0.0713,1.0
76kQ41jRg7zCSjUH9keDr2tFGbVrQJ55rByzxhBg2Vz2,21,9,0.2444,15.0,2.058,1.575,24.0,1,0,0.0,0.005,0.0703,0.556
CxWRfadzmKT3vQtX76UXcHVqTd2GrMWuMMNi2jHAVrz4,6,3,0.1791,11.0,2.834,2.592,16.0,1.0,0.5,0.0,0.0027,0.0702,0.667
6buU6eWqdeCUnpfA4x5eMXDgK9MJwBwxnRvSk8setToz,10,1,1.5192,4.5,2.912,3.561,8.0,3.0,0.0,0.0,0.0693,0.0693,1.0
449BSQ7GVukmYt31NrVRqEt9UkR2bwRTydbirWnYJ5hv,7,3,0.0978,19.0,2.177,1.96,16.0,1,0,0.0,0.0299,0.0686,1.0
crpuLTH7p6dhyQhjTD1ciQr9SJkouU8vGGkKwCXJ5fL,11,2,0.2679,40.0,2.773,2.083,24.5,1,0,0.0,0.0337,0.0674,0.5
CvsgSgEvPUJ4mTZPJS7BhLDNoU6w3sWFZAV1bzvbww97,10,2,0.2053,8.0,2.571,2.406,5.0,1.0,0.0,0.0,0.0331,0.0661,1.0
FxfzSmU3U4wpwteVppyiHT8nH9UY9rbAUXdzvQ6AY73,20,6,0.0587,22.5,2.38,3.574,27.5,1.0,0.0,0.0,-0.0001,0.0657,0.5
G1Nq8pZiihPHCcZj8hgPZPnHXSjWoSD9CMHAuYMLWGpY,14,6,0.5218,6.0,2.813,2.487,8.0,1.0,0.0,0.0,0.0117,0.0656,0.5
6HNso1WYWdcnTmUccUSvTFx5uAmZpYPapeDeF8z41u6Z,7,2,0.0978,26.0,1.496,1.919,14.5,1,0,0.0,0.0326,0.0653,1.0
5Zs2BgCbhHRKorSFyXPohGB5sXG4CMLydtdzGsDJrKfp,18,10,0.0782,18.0,1.678,1.716,4.0,1.0,1.0,0.0,0.0052,0.0647,0.7
DeyYkhNscVBZnsg3j88vdNTyqFDxc34L3Tc6cmkaUpBC,10,6,0.1956,29.0,3.682,3.762,15.5,1.0,1.0,0.0,0.0127,0.0644,0.667
6zi68tm2c7ajmPdJTNqmDErf8SrpGY4dy2HbspywWWA5,16,1,0.0196,32.0,2.101,3.921,17.0,1.0,0.0,0.0,0.0643,0.0643,1.0
8jsvM9FC33QPdSusMBbUhxUfXdJMHTtqNARrqutJ24Px,5,5,0.0489,2.0,2.748,2.825,10.0,1,1,0.0,0.0178,0.0632,0.8
F5K7wpAkG1UZEt53nu6tepNeXspFd7ZFYk162VrZ2J7E,5,5,0.5926,16.0,1.803,1.828,1.0,1,1,0.0,0.0195,0.063,0.8
G27ZeJZ2rviVKbXBH7yYZHK7L7vBdVx1mudhu5JeENJg,10,7,0.0978,17.5,2.515,2.643,11.5,1.0,1.0,0.0,0.0037,0.0626,0.714
9B3R9F54rtugc1QoFa8o3z8uUCnxcTTAJqnkF6mRkf8b,13,4,1.2983,11.0,2.72,2.581,43.0,1,0,0.0,-0.0176,0.0623,0.5
HjvZCijLs4pLc6sVnj3qz9pu72GXFWsmpyXt6GjBhiGM,8,6,0.3172,11.0,2.755,2.917,15.5,1.0,1.0,0.0,0.0151,0.0612,0.667
2PpsKcquK3iCoaZAJvQph4xpXccC8jD2rvRSq5ioki2t,7,3,0.0209,1.0,2.753,3.381,27.5,1,1,0.0,0.0271,0.0612,1.0
DYfjLj2ARm6X1cwpfh2HmFX7MW4EgjdpLhniweMJ4Tjq,17,1,0.0978,32.0,1.929,5.031,12.5,1,0,0.0,0.0603,0.0603,1.0
DBHkgFz9kcvCJcbMaoWRsd8ERNXgbZgcjENcLy92EMh2,14,7,1.4667,11.0,2.275,2.306,18.0,1.0,1.0,0.0,0.0569,0.0594,0.714
8AFfM3BqzCQZ2yx29vt4R7n3xG2YEV9d936iqF366Xa2,9,6,0.0978,23.0,2.164,1.965,12.0,1,1,0.0,-0.003,0.0593,0.333
DYepC7YoUMWmgT6Mzm5RQQbbUADoSrYBApQtZ7zDujib,10,4,0.2933,27.0,2.407,2.312,11.0,1.0,0.0,0.0,0.0145,0.0592,0.5
Hn9B5qcoHAQZg6YsjT6twgugzw1YTNF9qahC1n7UKBao,10,10,0.2067,9.0,2.551,2.496,2.5,1.0,1.0,0.1,0.0055,0.0586,0.6
EzjHyCn3cZz1YDVKgKQ8YC2HQbFwFLJK7RY4YSjfbj11,5,4,0.0978,8.0,2.517,2.904,3.0,1,1,0.0,0.0073,0.0579,0.75
6gzhX4M9Si9EaiX7R8vsfoNFFJad2i9ZnrunyRbE2FmQ,11,3,0.4889,21.0,3.369,4.098,24.0,1,0,0.0,0.0123,0.0573,0.667
Acxjtg9wG92ckenysYR1sb673zT4d9nnSLjiKs74zyqf,8,2,0.4938,22.0,2.772,2.445,29.0,2.0,0.0,0.0,0.0285,0.057,1.0
6BSLGFssx1s9qSxgBCawMGGksU42mXJG4VnsjQtbaKHo,7,3,0.1467,17.0,2.987,3.319,13.5,1,1,0.0,0.0219,0.0535,0.667
6ED9YuJXMRjUCEYWQGbbsy8fXW9ae9WtpDHYGEoKstjV,35,35,0.0709,5.0,2.234,2.389,4.0,1,1,0.029,-0.0006,0.0518,0.486
9We9RkUAAWcAmzUoF2o9BW8wXKa9fNgmA8gGBCvKJNTH,11,4,0.0489,35.0,1.826,2.172,183.5,1,1,0.0,0.0151,0.0517,1.0
4kt1CdLLP9NGQZCv9hbxAdCVZ8jcr3APUbeqM8crcEZq,58,14,0.1037,13.0,2.566,2.713,25.0,1.0,0.0,0.0,0.0049,0.0507,0.714
9Uq8GVrvSTxGxTYBXvmGJdvbJSfNTdUFgq1HwzNW2xT8,6,4,0.0988,60.0,3.431,3.789,1.0,1.0,1.0,0.0,0.0041,0.05,0.75
AEPusCdKP7Nr3tQbyvDSddXLJAVQDgADj8aeeVMBHXaC,7,4,0.0391,7.0,2.619,3.62,8.5,1,1,0.0,0.0125,0.0497,1.0
DZVMcv4B3pq3VBdGaFDppF2pRMERmF1bRnriSs368Yzx,8,6,0.1467,4.5,2.706,2.384,8.5,1.0,1.0,0.0,0.0131,0.0497,0.667
2YAhtd3VQjJsfCWUsW9TkRgJZoZohC8KzkTQeC6wmySr,5,2,0.1956,13.0,1.7,1.96,47.0,1,0,0.0,0.0245,0.0489,0.5
FETbuH3DhttcGsYtYMeYqMfnsinEFdnW9BvjnnmxqmYy,5,1,2.4713,43.0,2.73,3.46,111.5,1,0,0.0,0.0464,0.0464,1.0
Fce3c11m1K9DgmXxwJZQRAdssFBr4CzLX3Ns6oQhKK23,8,4,0.0,8.0,2.316,2.891,16.0,1.0,0.5,0.0,0.0,0.0461,0.5
3Vggwn3LPougvnGa8zpYJMEN9L38tSRa45gv9odiSVF1,28,24,0.025,11.0,2.778,2.567,8.0,1.0,1.0,0.0,-0.0005,0.0459,0.458
AkmpHrRef81gCPEq9XC83yhekQESaGic4DR4aKeYLuKE,5,2,0.1,12.0,3.058,3.829,10.0,1,0,0.0,0.0225,0.045,1.0
8xFvvMZRi15ZityTWu1M9gvBsqBahyYsvnyBYAti1tN1,16,9,0.0413,6.0,2.42,2.513,20.0,1.0,1.0,0.0,-0.0,0.0448,0.444
ZXhQpz5xy2Koo5WF8LQ2xTfcG3pfoFne3775pNkQGnP,6,6,0.0489,4.0,2.137,2.38,7.5,1.0,1.0,0.0,0.0033,0.0445,0.833
Hqu85svBmrKDaPyFgwKFXzz1XbfCQZeR5sWMaXbFcVEa,13,9,2.963,23.0,3.674,2.928,20.0,1,7,0.0,-0.2496,0.0443,0.444
HbAHUT2J1SsN9C8GiU3WanC15FK4s7dfNAQbYCHQugh3,9,8,0.0978,16.0,2.349,2.354,18.0,1,2,0.0,0.0019,0.0443,0.625
7K8dFCYcgj8KShVtP1BBA16DmeFqGR4d2BAuhY4HJEKD,9,4,0.0684,56.0,2.298,2.969,42.5,1,0,0.0,0.0136,0.044,0.75
5h5ekqtUiJ9PcXQmuEXioZVaFPZnZUQtJ5oQxpr68VF8,12,3,0.4938,16.0,2.141,1.491,22.0,1.0,0.0,0.0,0.018,0.0428,0.667
9TH9yDHQBS1H76XK3LHcwLbpRxHDkz8rnDULktkjHKYq,5,5,0.0978,12.0,1.96,1.775,29.0,1,1,0.0,-0.0134,0.0421,0.4
6mR2zvHcPE1Zgei3mxVtNfEVQ575LCWM5oA46Pog48Ac,21,10,0.0244,10.0,2.55,2.745,11.0,1,1,0.0,0.0039,0.042,0.7
AQFSzPaUneZDfaCCE3F6nW31UymTZy7NeEvqchgRAnfB,5,5,0.2002,30.0,3.346,3.755,7.0,1,1,0.0,0.0022,0.0419,0.6
HG68ZgQAxhR7GKkUUMTK3m78DC4u4TA6osr84VZHd9ik,28,9,0.1931,23.0,1.685,2.664,26.5,1.0,0.0,0.0,0.0055,0.0413,0.556
EzWeTVnji1c5oh5DenSbcSELyETb3iXHGr62wao5Vguw,5,1,0.2053,6.0,2.44,2.752,43.0,1,0,0.0,0.0404,0.0404,1.0
FY467wUCuMF7yznFwhtMPmochxHoS6eTm4XRn9GiAx6f,19,1,0.2932,39.0,1.958,3.081,21.0,1,0,0.0,0.0401,0.0401,1.0
7ijRp2YfmujsYqWz32PKrGgV7PAM1ZCksFmmXMsZqjw9,5,1,0.9778,18.0,2.57,2.78,7.0,1,0,0.0,0.0398,0.0398,1.0
2p15xtL35fDdTnAnur7Jd7a677mgvRUwDsHVZUQfpWi7,6,3,0.2444,24.0,1.931,2.034,48.0,1.0,1.0,0.0,0.0147,0.0396,1.0
5GoK8TWoa34WWxfGjVYsFcYvHwVVPjWYo5XvEpNpX4J2,7,2,0.1509,29.0,1.665,2.478,17.0,1,0,0.0,0.0196,0.0392,1.0
BmZRWTngnsQNDTbxtCY8T8N8FupxXJ1mxKsgNSmGfHRg,11,8,0.1355,5.0,2.236,2.398,33.5,1,1,0.0,-0.0064,0.0389,0.375
366NVvPeqCJMFAoHjVtug2Aci6h8MQeYFC2y2d5t2hYD,27,14,0.0099,3.0,3.015,3.377,11.0,1,1,0.0,0.0031,0.0388,0.571
GrYqPrDimiFALEiBPfwj8gmptNcVi1x6Z7F4HYnc5cZe,6,5,0.0342,27.5,3.167,3.74,13.0,1.0,1.0,0.0,0.0036,0.0386,0.6
GCQkB9bsMfcUU6oUZPLrLjpuHTxVhrHbpD6FUTgSGDCA,5,4,0.0808,49.0,2.811,2.583,20.0,1,1,0.0,-0.0056,0.0378,0.25
Gq1RQQcvbZu9Ud2wVRy6Krh9RsS1ZYbLBsBuMuvCgyRU,7,4,0.2933,22.0,1.727,2.228,20.0,1,1,0.0,0.0137,0.0375,0.75
2JKBZ9ftfdL3hzbk3srAvCKDMKjEUXv9JFL8arwHYDoy,56,21,0.0489,18.0,2.075,2.366,24.0,1.0,1.0,0.0,0.0038,0.0367,0.81
GpnypnczFre2WZEryBB8iVqU5u6QkfcZzBuxMdW1Nnrv,5,1,0.2933,14.0,2.916,2.928,25.0,1,0,0.0,0.0363,0.0363,1.0
9bLVuSpLXvSSGNXHhdvQNiFmB3Z2gZXddQC9YvFj3Lmi,5,1,0.2469,11.0,2.534,3.356,14.0,1,0,0.0,0.0357,0.0357,1.0
78GTR9Q8m8VC5Mtbk6RXFyf1eNFtPoS1g2Soh8kdqhQg,5,1,0.0978,31.0,2.29,2.991,6.0,1,0,0.0,0.0352,0.0352,1.0
7CBB6LYRPjh2QKnB1ByVDqihTbjwfVZ7LbnYmjYC9NNg,5,4,0.0489,22.0,3.464,3.144,10.0,1,1,0.0,0.006,0.0346,0.75
2h8hvyAJJ91rvsuLDnYH3bS1bU1FzrekcLNq8rYU7Z4C,23,23,0.1938,16.0,2.193,2.153,1.0,1,1,0.0,0.0003,0.034,0.522
EL1DKLyxiEu4MbPMikdbngDYxDVLGeGv1pJwTcD7H5xU,39,10,0.0391,15.0,2.311,2.577,23.5,1,0,0.0,0.003,0.0337,0.6
DPGBtpCqWEhePyLH18a8zyRkV3i7JpzyKijTkv8BWTNf,5,4,0.4889,8.0,2.216,2.52,6.0,1,1,0.0,0.0373,0.0336,0.5
5DWiUYoVAF87CEZpqxzquEFxKwfW7KgD8Cmg6pzQxh2K,21,8,0.0978,32.0,1.879,2.008,29.0,1,0,0.0,-0.0003,0.0327,0.375
23WX1HqMQmnnB4z34FnQFGFumnKmUdfiCJjUMQLMC6Yi,8,5,0.0489,6.0,1.991,1.844,22.0,1.0,1.0,0.0,-0.0077,0.0326,0.4
BmLz72DkUiEW7y7eHjkXZZQhpKipCBRgnEpQM3PE9gUr,11,3,0.0988,29.0,1.897,2.241,25.0,1,0,0.0,-0.0229,0.0325,0.333
AxGArxqwWh6saCDpEhewaU8nqKd1Nt7JzaTVQcPHrV2M,7,6,0.1467,37.0,2.614,2.339,69.0,1,2,0.0,-0.0126,0.0311,0.333
8VUxKeLSX2FUVqkxNgPRxTre6fxrM2wUDnZZzqHB2wMm,5,5,0.1956,23.0,1.647,1.647,4.0,1,1,0.0,0.0018,0.0308,0.6
BdNkcAgPHfmzJJrtvyHGpaAGQS2fxabgwx6jSzifHQax,8,3,0.0099,21.5,2.228,5.473,139.0,1.0,0.0,0.0,0.011,0.0306,0.667
B4FFrXqfttGe4voHP39gGxducrnchVKVNCkt6rgDBg5b,9,6,0.0988,5.0,2.487,2.085,23.0,1,1,0.0,0.0085,0.0302,0.5
j55cFXJM5nifacBhvg7us9ouKie9PkHqiKHTXAvFjDj,6,5,0.3422,3.0,2.585,2.517,10.0,1.0,1.0,0.0,-0.0294,0.03,0.4
D9uqhQgBkZwdCrcENxrTgVuRi6vbvyBt2P9oVPa2kPCj,5,1,0.1956,15.0,3.339,4.193,23.0,1,0,0.0,0.0296,0.0296,1.0
929Fif9kqxB9eHVJ3EQy2u1fhWCve9ktpN4UnSiRrbKo,8,3,1.4845,27.5,3.252,2.499,17.0,1.0,0.0,0.0,0.0607,0.0295,0.667
EmRBApgmVJN5Z4XJM5tVwCwTM5NgU8hBZiwMCAb4Mbxi,9,9,0.6844,8.0,2.975,3.104,8.0,1,1,0.0,0.0043,0.0294,0.556
HoU9FsysDkt6gwBbzuRSmx4k7MbD3TzHaAQwp8EmqZP7,7,7,0.2963,7.0,2.731,2.579,2.0,1,1,0.0,-0.0144,0.0292,0.429
AFQyb1m5P3GoYUpgB5T3HonYP1WWAzhGRKpL8okaf1AQ,13,2,0.0733,23.0,2.161,3.546,52.5,1,0,0.0,0.0144,0.0288,0.5
EMZKKACoqmfRHCuRh4AiugqXSuxX2smHcR6yKXyRxwLq,6,3,0.0782,14.0,2.961,3.518,38.0,1.0,0.5,0.0,0.0142,0.0283,0.667
6Mjabz6uaNCjBWtXitKVnioAFmMq2oQ9DVqEfCNe9kzp,10,3,0.2689,20.0,2.884,3.178,28.0,1.0,0.0,0.0,0.0069,0.0277,0.667
FUCKpGkamKQQsKjJG9FSRSScZqExyyTp4TXak6EsJT3j,5,5,0.0988,3.0,2.199,2.616,2.0,1,1,0.0,0.007,0.0275,0.6
GYiXa9dHBL4GCuRLWQC1kCkpPMNCWxETMhMcPgx6nkSM,9,8,0.0099,26.0,2.906,3.0,5.0,1,1,0.0,-0.0004,0.0273,0.375
8KZFRv43LcayN7dgPCixnRuwNKmuCJ6jgmRv9g7Dc4QG,6,3,0.0587,28.0,2.79,3.042,13.0,1.0,0.5,0.0,0.004,0.0268,0.667
8RLoujLyZFKcBYzMkkNCVSzS2dinEv4hDte1rCJaxT69,5,3,0.0988,13.0,1.532,2.018,13.0,1,1,0.0,0.0023,0.0267,0.667
25aWdwLbzNKusjseG6YsGN4K9pkAxKJrcLv1GwSBY82N,9,4,0.9877,0.0,2.735,2.74,47.0,1,15,0.556,-0.0058,0.0266,0.5
9YG4N5dkRDBGqC3BeGpjajpuXLwiGbBkmsQa1jmswKi8,5,2,0.0978,17.0,3.464,3.592,18.5,1,0,0.0,0.0133,0.0265,0.5
GDf29k4Ktj7VmzzmewNkecfAacJo5Uyajr1uVzmyTVBg,9,6,0.6811,41.0,1.468,1.772,58.5,1,1,0.0,-0.0047,0.0264,0.5
B1noB7cAikcp8iR95yAhtWyc7q8jnzUv5L2u9AS9vPRD,37,37,0.1481,3.0,2.65,2.862,4.0,1,1,0.0,-0.0001,0.0261,0.486
DLVwGafsideWN3kASV5unGKq7zmL9jv3TWucJ5ep4ttt,6,5,0.1711,8.5,1.819,1.773,30.0,1.0,1.0,0.0,0.0063,0.0261,0.6
7QGLwA5xhxhMWsvKP4eg4ZxLg1VrbMBCWZpQSX43FMme,13,6,0.2933,25.0,3.105,3.074,14.5,3,0,0.0,0.0018,0.0259,0.5
Bpke38uhwBmew2UGhdr31X4dJD85NMFeVjULwJc2AzT2,6,2,0.0978,18.0,3.623,3.652,17.5,1.0,0.0,0.0,0.0129,0.0257,0.5
F9cegJyQV9KHA94NvYRMroe4BcSbQHfhLVmwQQZE6Kcf,6,3,0.0978,25.5,3.226,2.606,34.0,1.0,0.5,0.0,-0.0004,0.0256,0.333
5D3gRV5917KtEdzsi6QV1D1xUijTuFz5eHF1GPXJ7jnm,6,4,0.0926,10.5,1.936,1.92,30.0,1.0,1.0,0.0,-0.0004,0.0249,0.5
G95D2EC53xaw1QxYYSA2MWaAFRGk24P9wgoPr4SUDP4F,15,8,0.0728,7.0,2.518,2.84,31.0,1,1,0.0,-0.0,0.0247,0.5
6cTodawMBv7ZGYTKbk3r1GvCYcjpBB5eGdoTKNaFu2F4,9,7,0.0293,2.0,2.279,2.134,13.0,1,1,0.0,0.0001,0.0244,0.571
FZGYHtQT7fKUbFt2abkUkWB45KUCUwsaKu9hbHz7X8Pd,5,5,0.1778,189.0,2.442,2.61,6.0,1,1,0.0,0.0075,0.0244,0.8
9VnGuX1RGP6guPBv1qcM9aia6R8XMNSP2TQ98ptYvXsq,6,2,1.4667,4.0,2.726,2.907,50.5,1.0,0.0,0.0,0.0122,0.0243,0.5
8LvXW1VCCb3tqrDbNZBvzGYaktqy2tR8GZCH9gCbWUTG,8,7,0.0494,4.0,2.813,2.996,22.0,1.0,1.0,0.0,0.0046,0.0242,0.714
7SUL8kRxxX95puXEtMehBHABRKZe51gQTz1AHwwrFsKd,12,6,0.0978,16.0,2.734,3.038,11.5,1.0,0.5,0.0,0.0008,0.0239,0.5
6HY2qLJHBKg1bK4XbueqoFBpu8B7t8QNpaXaTsUZazTB,6,1,0.1756,34.5,2.957,6.331,9.5,1.0,0.0,0.0,0.0236,0.0236,1.0
E39MEKXwMRnjKcAkp9EJJCj82WaQWhCMsFCwujmgNipK,5,3,0.0988,59.0,2.008,2.226,181.0,1,1,0.0,0.0088,0.0235,0.667
A3v6bJDTSwxTLrkZwDwBwCrxp6nLVg82zpiZT9hKjN4q,11,5,0.0978,28.0,2.01,1.941,27.0,1,1,0.0,-0.0036,0.023,0.2
EUCYVGjtU1suH2AQgoVCNpP1B4WMDdwGkLtvzL8Aia8n,12,6,0.0589,9.5,3.132,2.977,11.5,1.0,1.0,0.0,0.0034,0.0226,0.667
WbTbjcUiiwNRHVXMxq12fs6Z5mwEiK73C8aFTpv9kSP,20,7,0.0489,19.0,1.937,2.497,11.5,1.0,0.0,0.0,0.0027,0.0226,0.857
2zvG82FDWCBFJTFpMeTW1BCX9cwZfKkx549WXFz8hRMe,6,4,0.0685,18.0,3.214,4.362,14.0,1.0,1.0,0.0,0.0116,0.0226,0.5
3CbY3QEa1AZ8XuFT6P9tWTMtLDsEF4TeEvbYSCi2f1fi,7,5,0.0465,19.0,3.062,3.126,19.0,2,1,0.0,0.0001,0.0221,0.6
7HjDdjZG2LWrLtKxB2jePD7NcsNTyh5uKSUJT9QF6dr3,5,2,0.0099,8.0,2.614,3.893,4.0,1,0,0.0,0.0108,0.0216,1.0
v2ncijST1FyNUpWFyybTUdQAujgNMPickfsHfeng3jm,7,5,0.002,43.0,2.25,2.45,3.5,1,1,0.0,0.0008,0.0214,0.6
B8dTTE5FuquJisXw7FoZfFGzQzRqSUvGBTJvyDmsUDyF,5,2,0.0688,12.0,1.943,1.797,22.0,1,1,0.0,0.0104,0.0208,0.5
JA8FejsTqE3U1TD1xCTxMm67MF8qCwbbAYPcSMrUtzVP,7,7,0.3911,2.0,2.768,3.123,3.0,1,1,0.0,0.0198,0.0204,0.571
C8wkJogqchVYsYVwvR3sde1vpA24VG8eMRWoJ6y1TXub,5,3,0.0978,9.0,3.141,3.622,14.0,1,1,0.0,0.0078,0.0203,0.667
5Zuhg8NDdbpv6LMZBJp9rsZMrddj59SG8R1fLQZohTQX,10,6,0.8337,12.5,2.073,2.046,106.0,1.0,1.5,0.0,0.212,0.0201,0.667
Fyp4UhDcqWoP9VyqUHdKZbeok53qJ7f7zLrtCR9MDKbr,7,4,0.0489,15.0,2.039,1.795,20.0,1,1,0.0,0.009,0.02,0.75
9cyuf88Au2jFst2VX5WD2agNdGNWz9Tmusm3j8M4JEfD,17,2,0.0587,33.0,1.777,2.364,90.5,1,0,0.0,0.0097,0.0194,1.0
X8xNUvUYYynHUyMR2ddV9QUGXp1KSPBuo734UAh3shD,9,4,0.2963,29.0,3.229,3.404,22.0,1,0,0.0,0.0091,0.0193,0.75
aj9P8ife2NZXeSr63YK2Jedb94qcW3577cFcfNeFiPZ,6,4,0.2459,5.0,2.417,1.859,37.5,1.0,1.0,0.0,-0.0075,0.0191,0.25
4HUyhuUQpgZhAV9mvEtyBXTYorhZwN29LTqXzrDx6MVY,8,2,0.0684,21.0,2.022,2.673,141.0,1.0,0.0,0.0,0.0092,0.0185,0.5
FGMqTzDkRpZk6nSabxoMQwg2ZGp3x4K4fZDtiGs2UFPH,7,7,0.2963,4.0,2.895,2.757,1.0,1,1,0.0,0.0057,0.0185,0.571
89sirr7Z6eoxuMf3zjTpJJMQWRJPVperGd7EYDUoxFZm,10,10,0.0691,0.0,2.747,2.932,4.0,1.0,1.0,0.3,0.0058,0.0181,0.7
2URbaDta5myRYTWNyWbWZ16r8U6EWCjJp1skNTwjhsJQ,5,1,0.0978,18.0,2.694,3.785,26.0,1,0,0.0,0.018,0.018,1.0
BqoWfzxecMJuDRC4uAfHHPGtidAqzrBj2EKwHz4QWPW,9,6,0.0198,7.0,2.687,2.858,5.0,1,1,0.0,0.0044,0.0174,0.833
FmMfr3Q3U4WQjaRs3tNJXJxLaCGFZGppXfzsGYccVp4n,5,1,0.1467,12.0,2.72,2.927,7.0,1,0,0.0,0.0166,0.0166,1.0
ARM8eBW9m4pb5TqhoCqyUx628cBuDhWqte6dHnMk5UqM,7,3,0.88,13.0,2.018,1.884,26.0,1,1,0.0,-0.0161,0.0164,0.333
Denrvcsqmwycd78qNshYc6XHabnYscxmULmkuhdGVuk8,5,3,0.2933,23.0,2.689,2.594,5.0,1,1,0.0,0.0109,0.0163,0.667
bB85mL5d7hfVY4CsDkNRttaBMR7hzmcnk9RNuPpw7my,8,6,0.0,11.0,2.522,2.363,8.5,1.0,1.0,0.0,0.0,0.0162,0.667
43bLGyw1kZTJTuz4YLwgCfYauHHbdJ8WAJYkbsLPUhgX,6,3,0.2215,49.0,2.6,1.604,71.0,1.0,0.5,0.0,0.0048,0.0161,1.0
9d8eMP2Aw52hsAq1Dbi2g6FJuQceX6ZXSpusb5iF2pFe,8,7,0.018,6.0,2.213,2.889,81.0,1.0,1.0,0.0,0.0021,0.0156,0.571
DzLA9JmhdFBhRCYz1RAu5jMVAEjDBMphcs5qGdFHFymX,6,5,0.1709,7.5,2.525,2.669,2.0,1.0,1.0,0.0,-0.0109,0.0154,0.4
CBQprjxqC3aXaF53H6UggCyRvsDVfzCvADxCWtGZCwTJ,5,3,0.0978,30.0,2.771,2.47,14.0,1,1,0.0,0.0021,0.0154,0.667
8kHCdwZbMtosJdrfvpu9pKz3ZbuWfEbJ1uxizyviiyAs,12,2,0.0489,27.0,2.13,2.66,99.0,1.0,0.0,0.0,0.0076,0.0153,0.5
EYYHzsW6bXJMU8AQy3FRbqn1S1pMi55173K4uQ8WTh8u,5,2,0.0489,15.0,1.697,2.529,13.5,1,0,0.0,0.0076,0.0151,1.0
HqZBJ2zK6zRhFg7WmaFBG6Y3ntCxwK99RwzCSAQPReyh,5,1,0.1481,36.0,3.547,1.823,14.0,1,0,0.0,0.0151,0.0151,1.0
jJUwiXqbBqq6qhS2TmggifoWGYCCDuZbRMnQbDJ5Hqu,19,4,0.0391,25.0,1.645,2.0,64.5,1,0,0.0,0.0045,0.0148,0.75
gWTmSBYYJhDf8kM9CKdej7pL96Jjq7rhTiBd6pyv2Yb,23,23,1.9753,7.0,2.441,2.195,7.0,2,2,0.0,0.049,0.0144,0.565
HRCgBTh8fw3CpfNZruuUj9qDzwvTibQjgd3v7f4ak1zd,10,5,0.2444,40.0,1.839,1.483,20.0,1.0,0.5,0.0,0.0214,0.0143,0.6
7AC7bX1HUZzpRdSY1EaDRWnWrQrtxeDtKcygJqNwj1mm,6,5,0.0507,0.5,2.853,2.681,1.0,1.0,1.0,0.167,0.0044,0.0143,0.6
7R2zdh8okUYQsa3Nc21fkhHssooqhLjLWzigu8EFG3WG,15,4,0.0978,15.0,2.962,2.475,12.0,1,0,0.0,-0.0003,0.0141,0.5
EThWL9woHSTefSkRiXuuiKdpAEs7YQYhq2LwBMvwRBjV,10,3,0.4993,49.5,2.254,4.642,199.0,1.0,0.5,0.0,0.0926,0.014,0.667
8xWe6Ers34KFUTqkqe9aq11W9x1yb7eS8EpozLQgmBiM,6,5,0.0978,6.0,2.391,1.813,10.0,1.0,1.0,0.0,-0.0031,0.014,0.4
4DoR3MfYThrrWZaXGuGJMjDGW8GytsHTem1Cs7EYtxXx,7,7,0.1467,15.0,2.174,2.099,11.0,1,1,0.0,-0.0069,0.013,0.429
EWQUCp5BMRGTSffG8FFh1YYkTNffTxXjmBxmoDAM3cwe,5,3,0.045,34.0,2.879,3.353,16.0,1,1,0.0,0.0051,0.0129,1.0
8Zq2h8h4QisZ8kWJYgxSfeHCPt3CJXBCJNgRCTmYkA8C,5,1,0.1467,20.0,2.737,2.785,23.0,1,0,0.0,0.0127,0.0127,1.0
FXo87Nm2MH75vzgP9Xs8DRkMEZ38gvAiMZ7YY9QfAxvD,5,1,0.0978,13.0,2.354,2.833,19.0,1,0,0.0,0.0126,0.0126,1.0
3fr3taKGyEBC4mA2wN5Pz2CdjSCy39GbG1b1GSDfvMqb,5,1,0.1467,34.0,2.826,3.541,28.0,1,0,0.0,0.0123,0.0123,1.0
4Yxs1GaogELcvsjFE19T4sUfE87Fj2GcqaUAp4rquFZ3,5,1,0.4938,16.0,2.374,2.519,28.0,1,0,0.0,0.012,0.012,1.0
CGtrzW3c9cNRoUWnbq1FhZ2TpqbgSzjo43JtvpLHi2qX,6,3,0.0978,15.5,3.334,3.371,7.0,1.0,1.0,0.0,0.0049,0.0119,0.667
HNk5AFaUTz4fXSQAQHvVKW7Ckz3m2mqr2rM8ymt7oSHg,22,13,0.0416,18.5,1.679,1.807,13.0,1.0,1.0,0.0,0.0017,0.0116,0.692
9FFkfiZy6zrPuM6AVm6ohXYDoihor55iCb4j1KRUKtK,5,4,0.0342,12.0,2.872,3.21,6.5,1,1,0.0,0.0033,0.0116,0.75
7uL2HzdDAuzgTR2WTSnhd3JwCbXZqYUzNDwaT2AJWpQu,6,4,0.1222,6.5,2.407,2.433,28.5,1.0,1.0,0.0,-0.0006,0.0115,0.5
jfAMvjkUAgvqYngPyLczXpbAkSb5DNUuttmN7ABvYwK,5,1,0.0489,51.0,2.242,1.754,45.0,1,0,0.0,0.0115,0.0115,1.0
3JtLYjv3dDc3ZBmeJefizg91CjPyKrcd3mubwvGzaFhE,9,1,0.4889,28.0,2.048,1.969,6.0,2,0,0.0,0.0114,0.0114,1.0
ByV1UsQzksXJ8MG3rNFwDnaTTbHk9iThWc12nEVKjdHL,12,12,0.0988,6.0,2.087,2.088,2.0,1.0,1.0,0.0,0.0001,0.0111,0.583
EeHmC4uZcPw7xxtjCUVyz1MwJnXyYHnzNbjBX5Kkf72Y,5,5,0.3911,0.0,3.477,3.046,11.0,1,7,0.8,-0.0133,0.0111,0.4
6yUEc3nZPs12WnDXJwSDyPBUWktnz2tYgAyU5KpK74zK,7,5,0.1956,15.0,2.865,2.327,3.0,1,1,0.0,-0.0042,0.011,0.4
FbLqXeKuiHx7yBXwPL9XAWZizEnxm4LSeC6dgt9oE676,5,3,0.3911,19.0,2.694,2.145,9.0,1,1,0.0,-0.0382,0.0108,0.333
CXiwziXccaZUWtBmkmbJFroFzaQ7sH7RuYTGs7twwHPS,8,3,0.0198,57.5,2.098,2.13,216.0,1.0,0.0,0.0,-0.0008,0.0106,0.333
9cERNep6AbMVYrStBncyY3d4vsPFFvGfvX4WTufY5CWV,5,1,0.0196,9.0,1.857,2.099,44.0,2,1,0.0,0.0106,0.0106,1.0
9yCK87VYFgHfF6fx4p6RyndFHgivVMcXqzWRF4bdygDd,16,14,0.0782,3.0,2.736,2.655,6.0,1.0,1.0,0.0,0.001,0.0105,0.5
BK6nohhvctiziQoFYjVrQwKqHv9ucsHBuw4mgHfoR1Wc,12,1,0.2694,5.0,2.847,3.308,27.5,1.0,0.0,0.0,0.0105,0.0105,1.0
9yWrn8wR777qgYfZLqWciPBTYGgLFupL8xBefRSoz22d,5,3,0.0152,30.0,2.685,3.438,6.0,1,1,0.0,0.0031,0.0105,1.0
2pzfNEv1JPQBJhTuo6S6VjkGmnod6ncSD5QZfMYeoAzJ,11,1,0.1185,0.0,2.556,3.4,19.0,1,0,0.091,0.0102,0.0102,1.0
EuvseGb6ZnxdhLpBCmzZwxMHjkDrga8nd5yehkssn5iX,6,6,0.0346,27.0,4.143,4.249,6.5,1.0,1.0,0.0,-0.0004,0.0102,0.333
GNk832mZRuH1XLTJxYhNzWVQJkT2RtQkMQGykrQvkdm4,5,4,0.0244,18.0,2.247,2.339,26.0,1,1,0.0,0.003,0.0098,0.75
84UBp52FJZ5xwD5sGUqddzujNUUUAjNzNtLBfVeLXW84,35,35,0.0709,6.0,2.103,2.009,4.0,1,1,0.086,0.0013,0.0093,0.543
2pPx7SojPxKHyTMxQdUdL6twSLaFjY1Y14d2hd6WXFHe,5,1,0.0494,58.0,2.272,5.79,96.0,1,0,0.0,0.009,0.009,1.0
DiHyCTTBiGPAd9r8fqMkLGrTe74wVR2BWGFW1guMhSGm,5,1,0.0684,27.0,1.687,1.904,10.0,1,0,0.0,0.009,0.009,1.0
FQq73oqTqwou93mDd6geno5o1wpwRKD5h4gpe7wjoaQM,9,2,0.1975,0.0,2.779,2.992,50.0,1,0,0.333,0.0044,0.0088,0.5
HSjXjdiE7CKqRmYoLXrc4mxmNjmHFZqbiVjD6ejBceeF,5,1,1.5156,25.0,3.794,1.736,3.0,1,0,0.0,0.0086,0.0086,1.0
wcC1TpGVDG1nyCdApsipX2vGid4sv1vBBsxqeC7shJD,9,4,0.0494,29.0,3.154,3.458,27.5,1,1,0.0,0.0019,0.0083,0.75
MLbC3uTbRmYCYWrSEYZSM5BsYaAxeC1RcEmhy2CJKmJ,6,2,0.0489,14.0,2.708,6.313,19.0,1.0,0.0,0.0,0.0039,0.0077,1.0
BCYtCrywdgAsox5htAt7sq3mCWxwonXq82DHCofT46xk,5,2,0.0079,8.0,2.007,2.627,60.0,1,0,0.0,0.0038,0.0076,1.0
pu55DhhLLpgqt9wipazzdRQ1NGacqaAKxFgNVATLHLV,6,2,0.0293,24.5,1.895,2.529,25.0,1.0,0.5,0.0,0.0038,0.0075,0.5
5tT6VJz4tfHR9pYzu2hXWQUC1ffgTft9nyMqqZ8xcDQU,7,3,0.0117,39.0,2.508,2.446,8.0,1,0,0.0,0.0002,0.0075,0.667
2CZ4MRrsmc5jPHCeEMYKN7ejLv2yuUvHtdSEu1PXg2nr,7,3,0.0978,32.0,3.261,3.227,84.5,2,1,0.0,-0.0103,0.0071,0.333
4JXyGsZHg16vVZou4Ec5Z5oD3mWUSzAQNy14XTwDB6f3,5,1,0.1975,32.0,2.937,2.896,82.0,1,0,0.0,0.0071,0.0071,1.0
5hPEoYZR5NkGAx3YexEkNXazJyHRhriioypj8rKm72XT,6,6,0.0196,7.0,1.897,2.335,9.5,1.0,1.0,0.0,0.0009,0.0063,0.5
DJb42yEXa8MDxZQj52tfZTb9tafr7E2LJtUzhkUNPzee,7,1,0.0147,29.0,1.857,2.648,179.0,1,0,0.0,0.0062,0.0062,1.0
9i3iJU2GxTo5AYnPLRXAA3GXVf1cEcsngkfnLGX9sd4w,6,3,0.0733,18.0,2.205,2.766,36.0,1.0,0.5,0.0,-0.0,0.0062,0.333
FhJJ3wZ2tE4wxmidKPNqzGXHK5bryqUoWCtwD3jjVAyt,6,6,0.0244,4.0,2.572,2.65,13.5,1.0,2.0,0.0,0.0013,0.0058,0.5
FvnBCUCw71BSDNye2Es2iTtgFpC2Je6dZ33RwCHqba1M,5,4,0.0978,21.0,3.156,3.236,23.0,1,1,0.0,0.0023,0.0057,0.5
3NtATxmb4CAgqDzggYRu8wpzdxroCU8EX8Ax2THXDMNf,12,2,0.0489,12.0,2.603,2.955,22.0,1.0,0.0,0.0,0.0026,0.0052,1.0
8ngR8tWWs9dEPSnwkxMaJzNHUK2YVxSD4MgchSNXa6bJ,7,3,0.2017,21.0,3.112,2.633,1.0,1,0,0.0,0.0106,0.0051,0.667
5su4QavVkSkYk4iaM47F6pTVqMMaiuDvyVAV9vjXqU9n,16,4,0.0049,18.5,3.007,3.716,17.0,1.0,0.0,0.0,0.0014,0.005,0.75
3VF1mtdwhTDJCT4Pr3LkRQZbiyvZ2kynJv4r5qKpPLZt,5,3,0.0247,7.0,2.449,3.074,8.5,1,1,0.0,0.0012,0.005,1.0
9yzDcVC569tYadQqmuNPGNNa3ZmHA6AY7tdgWnSEvDbi,7,6,0.1481,0.0,2.322,2.418,2.0,1,1,0.571,-0.0013,0.0048,0.333
FRT3eJCKsQHpP4zBJzZRV8kPCG87SNksd3UPr9h8fmMV,6,2,0.0099,45.0,3.694,4.303,106.0,1.0,0.0,0.0,0.0023,0.0047,0.5
GN47HqkWWp3xxo8yWcDzdARMDT5fmgwmNcaaCuq5eh23,8,2,0.0196,15.0,2.465,2.877,4.5,1.0,0.0,0.0,0.0023,0.0047,1.0
F7mrJ7ToaLACfFLSg62jCgmGnXBkvivzpANstti6GRds,7,3,0.1291,17.0,2.162,1.809,26.0,1,0,0.0,0.0061,0.0047,0.667
DKY1ZpdJfq6a4pnTBB5SFJ9hC4SF3F8cYbsFCRn9SZyi,5,2,0.1956,23.0,1.956,1.957,35.5,1,0,0.0,0.0023,0.0046,0.5
7H9XfK427jrzVjaCpqVtAHBxBLpEL3m5YuXQnNXw2CFc,5,5,0.5108,19.0,1.904,1.859,12.0,1,1,0.0,-0.0403,0.0044,0.4
GsPQaUZicUdSzD3JDTLbf29Xtn9CcyFKSWqAiWwTmF2s,22,6,0.1222,18.0,1.747,1.694,105.5,1.0,0.0,0.0,0.002,0.0043,0.5
6LtgSRSnj85uYA3GXKj1aPstrrnWZJ4XUaXpgKCDCCwj,10,7,0.0395,24.0,2.075,1.876,112.0,1.5,1.0,0.0,0.0005,0.0042,0.714
3VEFxt519tTsd7LWtFy19c6BoPJroPDSziudscChbTCB,5,4,0.1076,16.0,3.324,2.982,8.0,1,1,0.0,-0.0036,0.0041,0.5
7sepaJzaSQTL22ACN89vHKTNCKKc95N4n8RMsUKywEA1,6,1,0.0587,15.5,1.893,2.076,32.0,1.0,0.0,0.0,0.0041,0.0041,1.0
D8otN5fvJxSa4uYZSVyD8mcKNbvygBuDUx6V14KLry5U,6,3,0.7492,12.0,2.691,2.401,28.5,1.0,1.0,0.0,-0.1323,0.0037,0.333
314xD8LtDEjXCMzZKj9vtHvRG4oJWZNZrioAdpXu93pq,5,1,0.0494,30.0,1.877,1.991,27.0,1,0,0.0,0.0035,0.0035,1.0
CcDKCQ9dtwEy7PzgkcoxvwFkSyaejSeq6j11B4UUDrXD,6,4,0.0978,20.5,1.894,2.119,10.5,1.0,1.0,0.0,-0.0003,0.0034,0.5
FdVruyvfjeKM2AtgzeSoohrHT6dxoUJ5QEYwwWfPxCEg,9,3,0.1956,22.0,2.659,2.051,36.0,1,0,0.0,-0.033,0.0033,0.333
CkUZV387xnoGpF7wC2moMa6mPmAgCvTT4pWgzq4M9fCD,9,1,0.7904,27.0,3.62,3.063,9.0,4,0,0.0,0.0032,0.0032,1.0
5uHsZhWu3qEifLXMgQhSwX18q9r9RMHGrZG8FCDDkdof,7,2,0.0001,50.0,2.544,4.532,169.5,2,0,0.0,0.0015,0.003,1.0
6dN4pn6MxsVpLJMxH1diXNJaV9xjC6UuTFqqCa6sG6YA,5,3,0.0489,22.0,2.902,1.968,34.0,1,1,0.0,-0.0005,0.0029,0.333
2n5W5K7V3GiQmgHZhr2QrzBCrNNn8QFf9yXMavYH91F5,6,1,0.1624,32.0,3.826,3.57,17.5,2.0,0.0,0.0,0.0027,0.0027,1.0
C4hKGjrTMak35A2JadkS986PHXQ62FPn6u9ka6CLhbBP,11,1,0.0209,6.0,3.004,4.399,40.0,1,0,0.0,0.0026,0.0026,1.0
9SPWSWqMGKtewFmHt722Pqi7aG6cicFGxod42HHfSRx1,7,1,0.0019,14.0,1.77,1.985,6.0,1,0,0.0,0.0026,0.0026,1.0
HjBEabFvvTHjQYz6oV9AYDGXLrLpddxQBvSWUPVnT57i,10,2,0.0342,25.0,1.932,1.684,49.5,1.0,0.0,0.0,0.0012,0.0025,1.0
9muUALnVENvPWbDCbu9QZvzRTbBJpBhoY98tU7E45VkU,9,6,0.0099,64.0,3.141,2.664,24.0,1,1,0.0,0.0004,0.0024,0.5
GHVwebotGTmfo3VN7UQtHL7uce3NMaGxgovGQPAZkk8i,6,3,0.1467,30.5,2.724,2.535,21.5,8.0,1.0,0.0,0.0168,0.0019,0.667
7d1yRCeDmkNhA6RNbnV8K7J3VPj4DAASo9zxfZkqrfDN,5,1,0.0208,27.0,1.192,3.508,14.5,1,0,0.0,0.0019,0.0019,1.0
CagkPBNinseA3bDUrDSUbMwnKaMmxq2KZefcg87ST5db,5,3,0.0148,30.0,3.092,2.305,5.0,2,1,0.0,0.0011,0.0018,0.667
9vPfrBXMHi8Nmsw8uhjSiLdMnwcjRTcwgqEspUa4pmtX,5,1,0.005,2.0,3.021,3.008,18.0,1,0,0.0,0.0015,0.0015,1.0
8884aqTQspBfsXVjgcShqEUhG4TPo5S9JKpJWvp3u888,7,1,0.004,7.0,3.019,6.79,9.0,1,0,0.0,0.0015,0.0015,1.0
AZ9V59WkHeHGuF8vF4e5pPts1gJFMsS21hyU7sXFxYsJ,8,2,0.0093,3.0,1.951,3.392,2.5,1.0,0.0,0.0,0.0007,0.0015,0.5
6GaCHTdBV6P92YMQJ8Kk6RYaeAQLRfDmTnvqhuf3p4kD,10,7,0.0494,6.5,2.309,2.021,14.0,1.0,1.0,0.0,0.0028,0.0014,0.571
3RP2BNVoEEMcTTkeRKqRL6dy76otyiLpnDyjo2FYDfAT,10,1,0.0494,18.0,2.74,3.841,46.0,1.0,0.0,0.2,0.0013,0.0013,1.0
75DeY9SRP6r8P7zZDnzsEB3uHGfkkqheaP93qzkYz2Hp,8,1,0.0198,21.5,2.012,2.112,30.0,1.0,0.0,0.0,0.0012,0.0012,1.0
CjfMnFv6rKFefuhToZYa5gd1vdqy1RAdotf8Sm3JhqFs,17,8,0.0342,14.0,2.648,2.627,18.0,1,1,0.0,-0.0064,0.0009,0.375
HazyFd8AS62jyyn5VMYrBKjMwct2HLmrej2rQNBGpqJx,5,2,0.0007,204.0,5.115,5.069,22.0,1,1,0.0,0.0005,0.0009,0.5
F851Sd7LuRYNXHasQ4W3YkrSag8CSyk3gaoSeQN8zq3X,7,2,0.0978,27.0,2.826,1.839,16.5,1,0,0.0,0.0004,0.0009,0.5
9tvY4m8a3xhVhheCgg6T1FWrqKYrV3XJaXhw2ymdUuTX,7,6,0.005,11.0,1.877,1.895,5.0,1,1,0.0,0.0003,0.0008,0.667
C9XKQNVF7JxxPWUbyk979QVBdMDMWhtyVd5MNsSyyRJj,7,7,0.0049,30.0,1.467,1.6,7.0,1,1,0.0,0.0002,0.0005,0.571
8CT3wfMTk27vhqjE9BJqio6PFXrYtkfu3ZVQvUeGSei8,7,1,0.0988,20.0,2.769,1.319,16.0,1,0,0.0,0.0005,0.0005,1.0
BdBCuXAruEnqhBT8BrDWg44RcnGeQ4qLFWYf7SzCRrBP,7,5,0.0978,0.0,2.937,2.56,3.0,1,1,0.857,-0.0159,0.0004,0.2
4uQMD1KrwmFier9uLwShTSo932N69ndZ9aMqMZC6tCx5,6,1,0.0049,24.5,3.463,4.863,21.0,1.0,0.5,0.0,0.0003,0.0003,1.0
5tZNmWcEXXJeDSnJsMbEuUjKibeWMF7NbDE9MbXXNsJK,5,2,0.0198,10.0,2.359,3.103,14.5,1,0,0.0,0.0001,0.0003,0.5
7qvLrGK7iL3LZLgv8EVKgNr3QSahgivkQ6QkCMNh9pWA,6,6,0.0001,2.0,2.487,2.9,1.5,1.0,1.0,0.0,0.0,0.0001,0.833
HUFq1ZKZm69qB86shZm6WtE8eFxkLWgJQhNTdAqFuxWs,5,1,0.0471,39.0,1.993,2.581,10.0,1,0,0.0,0.0001,0.0001,1.0
4HePEsa12tsq6MA1PqpRRHYa6awg2YYQRidVu4MPG5FV,5,3,0.0049,29.0,2.957,3.852,14.0,1,1,0.0,0.0003,0.0001,0.667
DvgGZQbaPV6wT4u8w8g4A4GmsCL7gKpxCv8G6bgNX8wd,6,6,0.0001,0.0,2.779,3.175,2.5,1.0,1.0,0.167,0.0,0.0001,0.667
7XKaPbZkH6we3CmiNhDzdU2YmszGVxMzFbzhTBA431Pm,6,4,0.0001,42.5,1.912,2.475,87.0,1.0,1.0,0.0,0.0,0.0001,0.75
A17JZpu3mRg8Xc6wxiKejGApM5a1ghWsXDn1TL6PFZVG,23,20,0.0,7.0,2.631,2.434,21.0,2,2,0.0,-0.0,-0.0,0.45
A1RAPnskSoHXdWNF8eQC5ag7HLHbDNsKFuzNvxid4aZK,33,11,0.0,6.0,2.565,2.291,40.5,1,0,0.0,-0.0,0.0,0.364
A2c1F9rdei5bYYEzEwQX2MTpp51viFBpPwb6ymGqVYpx,30,9,0.0,10.0,2.557,2.479,40.0,1.0,0.0,0.0,-0.0,0.0,0.444
DG2y6QsPUWLHCUdGGYzWgfWK17TkgCpq7FdgbUEggHgs,5,0,0.3422,8.0,2.609,0,,1,0,0.0,,,
A3BFA4NzafVx1wpb7aksUYmGnhPxLvDJncdUePY8Hsan,26,6,0.0,27.5,2.575,2.985,33.0,1.0,0.0,0.0,0.0,0.0,0.667
8MuYoXmoYfUoqTWigZ3ii4bgapWqsKfRrPFbnunGw5Bp,5,0,2.6329,55.0,2.649,2.119,39.0,1,0,0.0,,,
2UhJyPqg8cCZtDs7FNn1gMWhUZwNNbSFhmy5a4FsCLoB,19,0,0.1467,3.0,3.112,0,,1,0,0.0,,,
4BY5c5NM7fo6dfTZ1ZuY6oEQXdKSxFUgBgDRfS58EfUt,5,0,0.0978,38.0,2.181,0,,1,0,0.0,,,
CK9HQPQPhvdZUzvKZGsWV54NLspXTggxbaBxdfMZkMsP,11,0,0.7407,30.0,2.8,3.03,24.0,1,0,0.0,,,
CbVd7AJy4Uf3DMoFWLbHeusZ7SGmKiaKxpfFH98JuoGw,5,0,0.2444,40.0,2.843,0,,1,0,0.0,,,
2AF5w9P6TsZk7Fddrr8QLWEHGJQgnZDUFebggRS4w1r8,6,0,0.8849,35.0,2.766,1.431,224.0,1.0,0.0,0.0,,,
9bZxWsBYcDQsJ2sB8krWpE2KS6mWy4yNtBSopNgYkZD8,5,5,0.0001,3.0,2.687,2.63,0.0,1,1,0.0,-0.0,-0.0,0.4
72FqeGFCBvLU67FNyqCoMpXxnjLMaGKfXsHRtNjR4B6A,10,0,0.0489,16.5,2.422,0,,1.0,0.0,0.0,,,
A4f4s8NTTuNghSyRJMyCj6RHAQFktYkvzkJjB1Tb878u,12,3,0.0,27.5,2.142,1.671,30.0,1.0,0.0,0.0,-0.0,-0.0,0.0
AfxLwoisBHJJhC4VTSnnYov8jWa8K2e1bBnpLkcJDUh9,7,0,1.0351,41.0,2.574,0,,1,0,0.0,,,
3RDjKThAdWduviGaACXQchswiVBwWZvLG9BPXzdTB46c,5,0,0.0494,21.0,1.871,3.715,21.5,1,0,0.0,,,
7kUHwVBfp5fvwWPjCqAoXuRF9bfYmhxyuRmXbzQbkUDi,6,0,0.5295,21.5,2.255,2.869,28.0,2.0,0.0,0.0,,,
312N1Mv3WpXpByNJ6nqZAwNdu1wdZaAeRLJxRpNfjarV,9,0,0.4889,29.0,1.331,0,,1,0,0.0,,,
D1P9dPB1VLnPBMXe52hpJXgScaKjexZ3jx3KctwqHfAS,5,2,0.0001,0.0,2.9,2.374,45.0,1,0,0.2,0.0,0.0,0.5
DC7eX15YKEnkjojWfq76wZneYkpF1bUCGiPgH6Uezb1s,9,0,0.1975,17.0,1.548,0,,2,0,0.0,,,
EML7qcuojsjKWVuUrhWYGDtHLv8wnuj4EfpMqnN87zB8,6,0,0.0978,49.0,1.628,3.07,104.0,1.0,0.0,0.0,,,
EehBt6W4jM8D5KnpVjpCH5J51KaMPww6yDyumWhwG41m,5,0,0.1007,41.0,1.858,0,,1,0,0.0,,,
56ijw9B3tMisNNdfuzDzuGtr8SV4k3chTFTdfsy1Fj1F,17,0,0.0978,14.0,1.981,0,,1,0,0.0,,,
9CiELHZoXZwquGFKnCh76MGfbAK6zmdEDqiGF7zfcaaf,5,0,0.0587,12.0,1.989,1.521,7.0,1,0,0.0,,,
Dx8MYBsy6dTtGh8zgvX2w6TRRef4wP5ZaMYCzS3cawzG,5,0,0.0029,19.0,2.103,0,,1,0,0.0,,,
9BpqVpQ8BAGSohrMt76H1tXq58vcVFRSUc1xJGoizP5A,17,0,0.01,32.0,1.782,0,,1,0,0.0,,,
FSM1KkozeNnWNFmtewdDWpe4pi3Lh7tUUKbSKYTgUaya,5,0,0.1956,27.0,2.701,3.532,54.0,1,0,0.0,,,
29N3YppZedz7GtWfGgsULLJWJ6rntaTa6NpCBPZ7o9uA,13,0,0.0684,9.0,2.334,0,,1,0,0.0,,,
suqh5sHtr8HyJ7q8scBimULPkPpA557prMG47xCHQfK,5,0,1.8719,27.0,2.851,1.162,23.0,1,0,0.0,,,
9oeiNrdg4pR529T6Bs7Y24fBURrzjCxeeNiAh5UEc6ar,5,0,0.1331,21.0,2.014,2.268,151.0,1,0,0.0,,,
6j7BnEVqBZqTwUWscdM8FYR62fFDs3rbYxiwNVvENLMp,10,0,0.1271,30.5,1.569,1.638,248.0,1.0,0.0,0.0,,,
B1ckgXhWf8pJ5vWhL3qKDQycSCDdS9tumvbxNbNJfhzr,5,0,0.1965,118.0,3.07,0,,1,0,0.0,,,
JAEiQSmk7KvfnTPhAchZZBn7VCjajycxwcNA5GQzExnD,5,0,0.4889,0.0,2.49,0,,1,0,0.8,,,
ZSMdyaYV2t6aKTT3JSzseccycuNUzA985z8L2wZMGXm,5,1,0.0005,2.0,2.827,2.834,2.0,1,0,0.0,-0.0,-0.0,0.0
BJTtti2iTd8bf4uMYvWf5bo4HQDigie4DgiZNmYE5tpk,7,0,0.001,0.0,2.952,0,,1,0,0.0,,,
56NAsbmrRqkLuXb61qcEKry5z34pCMrGsdaDghopC23r,7,0,0.4938,1.0,2.686,0,,1,0,0.0,,,
BLj54HSuMAVcLKiT3idJTeZApfzeFCXUceVJhKqwpuxq,7,0,0.001,1.0,2.715,0,,1,0,0.0,,,
95ApTiuHSMpCGd2DdrEW2oAaoL3tVyZKgbLGq34Gu4Zs,5,0,0.2447,6.0,2.05,2.361,10.0,2,1,0.0,,,
9PhXcu4RRFWahNFKWNJ5C54kTQLaichkzxfEWcUo2ThY,12,0,0.1223,2.0,2.77,0,,1.0,0.0,0.0,,,
3p3LFhYnzYE2kaNy8KsAdmf5kAfD7ZqU8CbedB7TqtcP,10,0,0.4889,23.5,2.352,0,,1.0,0.0,0.0,,,
BqQTXtBkARf13nkZ81R7huGSu29UidYTPdYzbnHdsCZV,7,0,2.0765,1.0,2.816,2.57,48.0,1,0,0.0,,,
FzVCscsaGByfD7duNzMyyuv6VV6AcN9t7pVADE9urGTz,7,0,1.9366,1.0,2.709,2.492,48.0,1,0,0.0,,,
AfaKir1iYPxgbeF8T2PqMwJUfWfBXZsqnyPWsCGHmYXg,7,0,1.8535,1.0,2.724,2.665,48.0,1,0,0.0,,,
888QxrfwLFGxtygjNjbsMCYgtFy7mCybxPMYYdCu5888,27,0,0.0713,4.0,2.88,0,,1,0,0.0,,,
4KZN6G2xtiaied6j4As33Jh2rVwLDfBR2scja9rrLDGe,6,0,0.8678,13.0,2.688,0,,1.5,0.0,0.0,,,
EL6MZ4w3a8BgNNfgsMiqMVU8qoiJtbkFg4TMfHAZNXBA,7,0,0.9975,13.0,2.596,0,,2,0,0.0,,,
2PuHqvbjkmG6SCKiE5MkV4Vdg2zWNJLWXTjxoxd1C4sz,8,0,1.2097,10.0,2.755,0,,1.0,0.0,0.0,,,
5Ks1VSrm4wUMxsmbkH8WvTjcs84qSoeN6tVFDNQoTMhM,8,0,0.0196,20.5,3.389,0,,1.0,0.0,0.0,,,
Db4xenN6zxE6eX646g4GFXuMt1KQ5VdXECqkQ4chW2uz,5,0,0.314,16.0,2.225,0,,1,0,0.0,,,
52pFoeVHB4m5C1hbYNLtEjD1DG2q7wHjfTmozYK8CUoZ,8,0,0.1344,11.5,3.019,3.265,18.0,1.0,0.0,0.0,,,
7uLJ6GSpC3eLFv997BoMH9M2qcN7Tqt5RmiMFE6AgHY5,11,0,0.9778,32.0,1.847,4.52,17.0,1,0,0.0,,,
12mcjNPRdH7rfdH8UWMQXm4nwmgmjPS8iYt5P9Bz5zGo,5,0,0.2444,33.0,1.984,0,,1,0,0.0,,,
5KdVD2MGzkSpX84tj113dfEPePKv9vCrJZrGsCNdz6f3,5,0,0.9314,40.0,1.778,2.163,6.0,1,0,0.0,,,
8h4ws6RXbhZTh53ZZLi4hTw61iBMu3KUVouNkdToUXKq,5,0,0.9778,40.0,1.847,2.209,6.0,1,0,0.0,,,
F64QJNbwbAZLAbvzNYkxjHirfTWQDqj3Vz1FrBEDL5Q8,7,0,0.4889,16.0,2.029,0,,1,0,0.0,,,
2qWwD6LGHLUSJUoCwhTaMrMoHEWMFJVS8FAztzQyyBnL,7,0,0.4889,41.0,2.691,1.126,2.0,1,0,0.0,,,
A31x2pLtDiGq64W5AnuxFgyc2x8qngmcYwtTVQE4K97N,5,1,0.0,6.0,2.537,2.311,2.0,1,0,0.0,-0.0,-0.0,0.0
A33KqHyTF1Csfj4SE76koNE5pnw2BY97fbTv1kUaB9ck,9,2,0.0,6.0,2.537,2.267,37.0,1,14,0.0,0.0,0.0,0.5
5aYMeaGo7PH7HMVjE7PGjARhAU9DUCRk3yJ4KnmL5nWY,7,6,0.0,24.0,1.945,2.322,16.0,1,1,0.0,0.0,0.0,0.667
B3ZHmZ9gALJT3AXe2GpvvYGmBZmCFpxBbPVDPV3zHBqB,5,0,0.0978,22.0,2.584,0,,1,0,0.0,,,
3JivjYX1oLJsDR3yboqgfEtACdXXSzhry2iNRSK5Dv6A,7,0,0.0978,35.0,2.966,0,,1,0,0.0,,,
28B4yJV3YVoWCswCEkyrRcBAC6uA4PYkpnzuhjCyikhF,16,0,1.839,6.5,2.695,5.051,41.0,2.0,0.0,0.0,,,
J7L1cEp4jsTNyPno12Xt3cWFSuzeftq8zvoCgm3cuGtM,5,0,0.3911,27.0,1.981,0,,1,0,0.0,,,
GEiV1zDt1FUHSDYQkcQrTpp7v3jgvKSJKQ2yaH4EQ5nH,5,0,0.4889,6.0,2.082,0,,2,0,0.0,,,
7iVCXQn4u6tiTEfNVqbWSEsRdEi69E9oYsSMiepuECwi,10,0,0.0927,97.0,2.545,0,,1.0,0.0,0.0,,,
8Ub4CmFDmzZTvbDRoMb2AFgbiVQPtEokkc3GyFNfjYvD,7,0,0.0164,61.0,2.345,0,,1,0,0.0,,,
67LwNGrukVFFcA1XZQ9U8ddZGCBuPvPHgMxw81AeRtQ7,23,0,0.0,0.0,2.827,0,,1,0,0.391,,,
BH1sksPJKtkYoNPGCVBZBoqMec4rGKwoo2EwwKnkjNNd,13,0,0.8409,22.0,3.04,0,,1,0,0.0,,,
CuWdzhp3JLbgMno5DzGMcB53YqdVaXj9E6VCiZzFPy9w,7,0,0.1106,15.0,4.076,4.76,12.0,1,0,0.0,,,
Gx7XE8EQGAY56fK9m1LnHLQcb71Nu6HkyXCoFfHVTbYv,11,0,0.1956,19.0,2.333,0,,1,0,0.0,,,
6DskyYLmmA9j1Ht5gAKFBtf2dn8uPZgbVJ2zcmyTZfgp,8,7,0.0,8.5,2.447,2.407,37.0,1.0,1.0,0.0,0.0,0.0,0.571
3PBkCYzUZektecMVAZa389r9a5Hsqyr3CaADqR9iGUAF,7,0,0.0099,33.0,3.558,0,,1,0,0.0,,,
5V6wv8gkg7md86QWsSkYpei6b7VKTXZ71rpPQXQvA5TL,7,0,0.0978,22.0,3.226,0,,1,0,0.0,,,
7AJweid7DVnBotNzZQoaY7Bm5Pzf4By1NprVvranWFaM,11,0,0.2933,23.0,2.735,0,,1,0,0.0,,,
7C3gHCsjgcci5hqTWdj18sLn5K6th92BEepPMwUUbaSf,10,4,0.0978,26.0,3.108,3.147,36.0,1.0,0.5,0.0,-0.0003,-0.0,0.5
A5w2kdXwmGp4Ci8cEXBpMncRZuHZ8gX6Chg2RAfQ6TRr,5,0,0.4991,26.0,2.454,0,,1,0,0.0,,,
3KcPSJ8ouE7H1feoWHmhDwXhLnXhpxP6R6713uytFmBM,6,0,0.0,12.0,4.145,0,,1.0,0.0,0.0,,,
6JfLFqEYENgLrvAetXJfmS8hjprwoMmfp1pebFpX5H1D,5,0,0.1956,38.0,2.863,0,,1,0,0.0,,,
2Dh5mDcqxaYHAhAPm1oxAPqhmEoBAF2QZ3L31acrwfCr,5,0,0.1956,232.0,4.73,5.498,20.0,2,1,0.0,,,
7hvcn2Q5iTiRs5h9uYSK6hBrixJgReRGeNML4Gdk86oR,7,0,1.5802,12.0,2.556,0,,2,0,0.0,,,
FT9AgC7PG29RVxp2KRiMYkP8tMCP62ed4S89B5e9d5jC,6,0,0.0439,43.5,2.412,2.36,49.0,12.0,0.0,0.0,,,
BEH171D2MSTLYsGeYY8YEYQNLYJuvZMLNsmb4sefKBDN,5,0,0.0593,18.0,1.981,0,,1,0,0.0,,,
HaTYRc1gwvGjAA7ampn8uYWgN1X3tiYW343CZpNfgJ5Y,7,0,0.088,5.0,2.218,0,,2,0,0.0,,,
qdbL6FmFT6ka5aMJqPdsT2zX3fHbWuEgdJwFtnxKt1F,6,0,0.1,30.5,2.055,0,,1.0,0.0,0.0,,,
qWBVQdxZTLBWq78gd67BoPDfbfSG1gFNvuEFieBz9Mp,15,0,0.1956,15.0,1.855,0,,2,0,0.0,,,
9aMgRfkftAnDP8TkzcxmwGW1776ZtMvNAigyFyJE87Gu,7,0,0.0147,32.0,1.971,0,,1,0,0.0,,,
7sJLkYa9VVvcR9PnuDGHKiQjRRTj9zhZ6AQkPw3M2u4g,13,0,0.2444,32.0,1.591,2.496,21.0,1,0,0.0,,,
5wNDxEYKXdUJf5XB99oKW6R7yo6Xm9mDkSMdT444kKnW,5,0,1.0102,25.0,1.762,0,,1,0,0.0,,,
F47WMpmGo4F6sAwWJLexa2dFFtZeC9RNENm64xwXWYgc,11,0,0.1956,33.0,1.609,2.967,9.0,1,0,0.0,,,
5TkBgHv7eoUj9p6PcqhVUq7x7ML4V6sRGoekQMm9Y5zq,7,0,0.0978,55.0,1.892,0,,1,0,0.0,,,
2epdtdwrKLWWg3RLPpSq3dCGqwt4J5ZDbQETetoxzcDd,5,0,0.5023,61.0,2.009,0,,1,0,0.0,,,
Em8J3gBWapfVBGVhVipwQnLrqCvnWBnLajw6XFsFECPF,7,0,0.2241,148.0,2.642,0,,2,0,0.0,,,
62chqR352ycxPGNANks5A49aJTVX6h2qjc5NgiKt6oPQ,12,0,0.1467,14.5,2.681,3.899,32.0,1.0,0.0,0.0,,,
6LYUMe5k2e5BGL38ct6FJKPZJywfoN291B34FqkwEVLP,6,0,0.711,34.5,2.567,0,,1.0,0.0,0.0,,,
CsA2gVCQGUC9ucBn8cXR4pjveWsXYhsHYuVXVbf2xAfm,6,0,0.0684,22.0,2.705,0,,1.0,0.0,0.0,,,
27HFmP7ccLadGswvQfvea4o3juLw75cPF4V6jWpHM3MX,6,0,0.0,87.5,5.987,0,,1.0,0.0,0.0,,,
GoGwzcrERJPqEu1bQ1EL3Xfwr4ZqLBPvDgKZhnC4goq6,5,0,0.0098,26.0,3.215,7.824,30.0,1,0,0.0,,,
7aD8PUM9eXFHHYQ4MbkY8wzghcMW7z1BuvqWZT8MeHAc,5,0,0.2963,0.0,3.053,0,,1,0,0.4,,,
A6r9S7vmkuAgFVXSbm7evzfq1dAnN8bigpHiyYqfqD3k,11,0,0.0988,0.0,2.814,3.901,12.0,1,0,0.0,,,
Am2sUcfbmRy2mJEYcdWNatV4RyS14L1wnUoXSVndsg6G,10,2,0.0,17.5,3.248,3.852,13.5,1.0,0.0,0.0,0.0,0.0,0.5
FDggNtP4oMJGb7ZmG2VkG7gh4UJLSnAX8c1jfvueDWDY,6,0,0.0196,50.5,2.276,0,,1.0,0.0,0.0,,,
BZRFYAg3e2DjAkCWjALn4Ebu5oC8PgSDenJJwm2HC93,14,0,0.9595,28.5,2.544,7.733,26.0,1.0,0.0,0.0,,,
BPpouQdFuri8swG1PHoQoYBH5bUoVWzQKzSEunozwA4x,5,0,0.0978,13.0,2.05,3.435,34.5,1,0,0.0,,,
EXTiUneRHwFNCW5nrhaHuwUE6US8LypJsyMy6f1a1roR,5,0,0.5926,25.0,3.793,8.414,26.5,1,0,0.0,,,
9ydMCh5mSvDVd7aN9ewuNFLKoBwBtEpjpTfzrekJgXYK,5,0,1.2551,2.0,2.845,0,,2,0,0.0,,,
9oceCxp1rsfQhzjSU5joz3TMST3SKDcQFfy6TwaR2gu8,8,0,1.9556,33.5,2.391,0,,2.0,0.0,0.0,,,
BJ3WPii1DLJ1GiSGiSP5jip7DDugwoQpqFP4tQTYBtZp,23,0,1.7901,5.0,2.608,0,,1,0,0.0,,,
J7cuzDQdLLC9S1gETUyVVQVZWGzdhKG7kkBqFFxrDmUs,9,0,0.001,2.0,3.021,0,,1,0,0.0,,,
HFyjuTBT6yVaazqdNtSjvzj5XTZHEX9EXcBZHWq2LsUr,5,0,0.0978,7.0,2.429,0,,1,0,0.0,,,
5TfV1bEZk7VD4Bzo7qDE1ZMd4eFrkJu4sWHPwZnqBsq7,19,0,1.4667,12.0,2.86,3.416,10.0,1,0,0.0,,,
HyhvubFJHdSNtALUc6dH3VvUc1hm6hbdRtWbcgFdx9Px,5,0,0.0401,14.0,2.776,0,,1,0,0.0,,,
9dzFKBd6EWqWsELnNQ6sDsrHEU6U6S17xjWmNo7dQdzv,5,0,0.7562,17.0,3.071,0,,1,0,0.0,,,
G6XbF5BgoQThHcePijATNjeA9x1aXardrrEkeNxi5gNX,5,0,0.8003,17.0,3.153,0,,1,0,0.0,,,
B3nHMZbQ5mrRKT28ujP7DuVpzjemVy2HAeeyvd62fyR7,6,0,0.0733,17.0,2.699,3.414,55.0,1.0,0.5,0.0,,,
3sDUdRLGN4cU7QXgiJ787RQ5zEJee75u9FmTBdLR71XS,5,0,0.0244,17.0,1.92,0,,1,0,0.0,,,
9K8dxCrxCViTq7D5XTPTrC4oj9Gt8pHRiTg31ScCus5j,6,6,0.0001,3.0,3.11,3.3,3.5,1.0,1.0,0.0,-0.0,-0.0,0.333
A3Mpq82gqcqVwgwEEQArApaDvXQBPVeuL27EefYHGhrK,6,0,2.3045,6.0,2.825,0,,1.0,0.0,0.0,,,
BYKd9ejr4ybSUgjZyPMrCcWjntGKfPyHfySctUgWg9qF,5,0,0.1931,14.0,3.168,0,,1,0,0.0,,,
G17jXnEhGaSxFUMFxXet19edgoDCCPhcs8hpjzn3F54N,6,0,0.0494,13.0,3.094,0,,1.0,0.0,0.0,,,
HaRm6iKXfiwnRp4BnJ6um4pjWUwht8No5c19UXWc12TZ,5,0,1.9753,25.0,2.477,0,,1,0,0.0,,,
5CFANx2NLK1FJL3k8Dxguq29fbeYX8uKfqCbhY7qoPoL,5,0,0.5867,28.0,3.014,0,,3,0,0.0,,,
AxhyticFQ6wTdcovd9EosX9dKFxXatZ7xNjm9kPhmCsM,5,0,0.1956,57.0,1.741,0,,1,0,0.0,,,
Cbd22iCKPQvQypX4PhQgAY5v7zRFhRno1tyqY7HCMtYN,15,0,0.1956,30.0,3.075,0,,1,0,0.267,,,
EtNZyRQVdVdGXBUzogsT6tcqs9UEgZJa2uXmyEUwmt6V,8,0,0.0978,51.5,3.08,2.628,22.0,1.0,0.0,0.0,,,
7aLGXTqAtQQm2wDcFMA3SpLM4WwoSXNLD5fYQACcUZok,12,0,0.0587,12.0,2.45,1.425,18.0,1.0,0.0,0.0,,,
6FoqhYWitNohw3tf27kb9oPLVQi3y3aies3raUe58Kgu,5,0,1.3855,6.0,3.075,0,,2,0,0.0,,,
7M7kR9xYChia7uwa1Lp9ahwLH7vUxgf3tTZUJJUJB4X8,5,0,1.3463,6.0,3.208,0,,2,0,0.0,,,
3AbTZfWrZcqghkSUkQ3wnERnZS6KC4SfEAWdy5BA8ffp,5,0,0.2933,18.0,2.795,0,,1,0,0.0,,,
GPLmVnDTjo4f6zsKQLzuzvqRouCNrnA6LPJyGw1iL8aW,5,0,1.9556,40.0,4.074,0,,1,0,0.0,,,
DpfbdM5fnYbgypqbZ3NyALCj4iALZdNaJyWaAa9GaLHn,8,0,0.0167,3.0,2.851,0,,1.0,0.0,0.0,,,
Baf9jnFQBPv16wbyV5iZfaRJiA1gp6p8uDPawWBdLgmy,9,0,0.0319,3.0,2.862,0,,1,0,0.0,,,
H6tjryNqwnDrkdoXSueqq7mj88ehzE4HycqMz4XkEx2L,6,0,0.0694,16.5,2.22,0,,1.0,0.0,0.167,,,
2UBanwM1vZfs2c33nXRpK6HHGJLJJy1GR4YJyMZsQB9F,5,0,0.0978,22.0,2.007,2.118,51.0,2,0,0.0,,,
2g4T8Xs3y1aQ7wR9fSEJx2tfyzKCU3Q4aocCwQZmH6U2,9,0,0.0196,36.0,2.143,0,,1,0,0.0,,,
D9J4vjSfCkJSu7swhAUV1esFM44wfPHZg3UtfidPZkTF,6,0,0.2444,19.5,1.657,0,,1.0,0.0,0.0,,,
7z6pcVMTeFSAc8NGhNm7HcwY1f8jG5GhTwNktkjRAGE,7,0,1.4213,0.0,2.439,2.093,31.0,1,7,1.0,,,
5CBdhE4Mn1hikzNSdknAwnbiMRyJf6sC21UtHgeCvPzf,6,0,0.088,20.5,1.778,1.868,17.0,1.0,0.0,0.0,,,
EwoHrNffGALfgCjjyFtmUwbVjgFfEu39KpyfrigDRJ13,12,0,0.2269,31.5,1.675,3.713,20.0,1.0,0.0,0.0,,,
9YiTznKkVoKhXvedWgNCWApMxgoDsk4pHebTR5S8vZ9c,5,0,0.0978,27.0,3.051,0,,1,0,0.0,,,
8SKmkHhm4Bgpwh87Dmizus4t7ntdvGH3WTBKqKbut3TX,6,0,1.0367,10.5,2.722,3.736,13.0,1.0,0.0,0.0,,,
Fkznfsz8wMncfeDqcFMQtUFDdLTHWAXq4UMYSwWxQBFP,6,0,0.9189,10.5,2.798,3.785,13.0,1.0,0.0,0.0,,,
7cfHQ5Z8P1sxyopem7eoCxAfmZ9MRyjQr8iDBLbxZf2A,5,0,1.8004,5.0,3.346,0,,2,0,0.0,,,
9o54x2yMrGfstQ1XYV9fdvt6KUD3WkE5Bf6EmnaKNDeD,7,0,0.0049,31.0,3.279,0,,2,0,0.0,,,
3iT9WEpERj9BKKSQ728zuGpCvWUtjgghqAnnv4b2fXU8,15,0,0.3422,23.0,2.369,2.067,44.0,1,0,0.0,,,
CCmtQ4r1pRhnq6MWgpQyaRB7vSMTrmkyngVsgPJPp5cv,5,0,0.0386,5.0,2.632,0,,1,0,0.0,,,
hqwdQH4wMutz9LTj9gePwRtjfoqU9JdZskqdjqoYmdi,5,0,0.9877,0.0,2.897,2.79,8.0,2,0,0.4,,,
Fi13UEP45ooSUTgkJbYbtGbvxy5Vk7bWyPGxPKZpsdty,6,1,0.0,0.5,2.703,2.051,5.0,1.0,0.0,0.0,-0.0,-0.0,0.0
AMTMSux4Km2gT5w3Gmge9XfMPGG67g7AeQmBZy2tmSpQ,8,0,1.4815,19.0,3.341,3.549,44.0,1.0,0.0,0.0,,,
Fcyr4vb9cwg9Y9L2oBPsXw3Enc5GTVEQUGGBJY1wPZwe,6,0,0.4889,13.0,3.136,3.718,40.0,1.0,0.5,0.0,,,
8pcMJtDn4NyrsUMwmgsxmxUMnRx4mMXaAqgUn4GQSvmp,5,0,0.9877,25.0,3.727,3.199,12.0,1,1,0.0,,,
DjBRNMDNU7ApvkW5Qux9xAkcREKAPwoifEGCBtknybHd,5,0,1.3283,36.0,2.471,0,,1,0,0.0,,,
FtfQi1xHPBGGHoBYo94XDpgXJegops7imggLuURDT8uh,6,0,0.1278,53.0,1.649,0,,1.0,0.0,0.0,,,
9nMipaQmrdrLnr1qsDyZZdX3wHTzaLHP3aYocors7rGD,6,0,0.0988,44.5,1.581,0,,1.0,0.0,0.0,,,
HqHuE899Y2SmLADaoNytQ8L67XE8ucR1NeHKP9wvu2d,7,0,0.0196,19.0,2.024,1.972,48.0,1,0,0.0,,,
gUtncVvJds19EQF29Mzy7sKzdZtnGsUbB4qkNkTRwjb,5,0,0.9877,0.0,2.464,0,,1,0,0.8,,,
5KmPFTJuMerkudfxFJvJgUQXEWcLpAf3iWQCb31c3YqX,5,0,0.0978,0.0,2.735,0,,1,0,0.4,,,
CB3wT8zNNRPbErPp8wJoWfBVusHq48j26CCeXGA1f55q,9,0,0.5102,2.0,2.621,3.706,25.0,1,0,0.0,,,
3JjxJZaAA9HrT8bPrNrotEVAcXGxE27MBnszkMHKhCmZ,5,0,3.9506,4.0,3.093,0,,3,0,0.0,,,
BbVNh1XW4UrgpodzN3SwgoeL7ykNNB6od1T21zyMdd4w,5,0,0.2469,28.0,2.424,0,,2,0,0.0,,,
7YCjF75nNCt5DnLRY53eSoE23tizU5Hmm1gGvD3xWkEU,9,0,0.0296,15.0,2.503,0,,1,0,0.0,,,
4LyHVutSH6gxZXhH733WSVx2QrV1pK2yfTwGytPXQcLS,5,0,0.0198,26.0,3.351,9.24,2.0,1,0,0.0,,,
Chr5s5faUAgpxpaeFUJU4gvcrcn4C7v99pYJAmL2kFDj,6,0,0.2493,14.5,2.744,3.561,16.0,1.0,0.0,0.0,,,
Cehf93asn9Ye1h4iDxRdJyexKnbDChaANW99WV1HSJGZ,5,1,0.0001,30.0,4.417,4.749,20.0,1,0,0.0,0.0,0.0,1.0
GiNhvJA1zkftN2E2UbuoukSV4Fpo5J7sfb1LqyCzJqPQ,7,0,0.0489,19.0,2.633,0,,1,0,0.0,,,
6ttLyfAbVdRCugqiwLSMdvVhSV5ZKSaRSKLWjBjwoXKB,6,0,0.3911,35.0,2.008,0,,1.0,0.0,0.0,,,
7XqZp6APXwNU2tYasAf4MuL9scuRd6bBndJMknCXLUgJ,5,0,2.093,41.0,3.543,8.632,43.0,1,0,0.0,,,
AshrbWUoxpNjWzdyJHdA9QiUVeoyc8zQBLKPZ1RFo4gd,6,0,4.4,5.5,2.723,3.272,20.0,1.0,1.0,0.0,,,
Fk4jQ2PsvZGzMtK6tVzYwWqnnR1x2wim1RA3ViasteG9,11,0,0.0587,29.0,3.487,5.677,29.0,1,0,0.0,,,
ACdt9XXjhJnqmmLR5epyewuhKfb64QD1naaPMmkn9QqE,5,0,0.4889,10.0,3.215,0,,1,0,0.0,,,
4SsR7cmxHdcY2TLigmrMX3S2uuKUG2x3362YvkvwsCC1,5,0,0.9778,48.0,1.444,0,,1,0,0.0,,,
3tKAVbRygM5vfU9WBofHnqc1CTefB4GC5YFTuagdGCZC,5,0,1.4667,11.0,2.882,0,,1,0,0.0,,,
hahaA2GjzZbwgAwwryjmTb8VkmLt68hdZVHhtcpknpT,6,0,1.3301,54.0,3.578,0,,1.0,0.0,0.0,,,
5qYQbQQt2HXpaU4zfqxeot511mVSfUJWAsMbh97Lgyw8,5,0,1.2572,49.0,3.081,0,,1,0,0.0,,,
6iH8gsDQpFUAhF4WvzzFHChhEmmpuk7MXJB4LvupgUy3,5,0,0.9778,127.0,1.851,0,,1,0,0.0,,,
DxipAvGiF8cCNh3MZTTQyL9hkUYDo47rH1Zuk9jtirMc,6,0,0.0098,33.5,1.599,0,,1.0,0.0,0.0,,,
Gmz2arYNgHQkMpYEeFtewUkP3oVEP7QzfpcywxWQZNc9,5,0,0.3951,15.0,2.39,0,,1,0,0.0,,,
3uv3oYBU13KUMjbXtMe4dVAWdz66za3J8TJz7KwaFvA9,5,0,0.7822,39.0,1.733,0,,1,0,0.0,,,
D5Cc1vk6bbcZuWQnvxEUP8bxi96bDdSyWfV8zsAzcV7X,6,6,0.0001,3.0,3.118,2.854,1.0,1.0,1.0,0.0,-0.0,-0.0001,0.0
EWUsT3mS86cgH3EXKRkc8LBsDuHHpMHzUrJYrsCyFukd,5,5,0.0099,16.0,2.768,2.649,5.0,1,3,0.0,-0.0008,-0.0002,0.2
5zLq1adDufxCrDcXpY3RPsnHCk9VBXDhCeKWG8VA27nA,9,1,0.0018,18.0,2.538,1.292,42.0,1,0,0.0,-0.0003,-0.0003,0.0
5dX5x2ByvUMpPh7RpuBwQoRy89NagtCZh73oizYbvyhD,6,3,0.0318,18.0,2.17,2.491,14.0,1.0,0.5,0.0,-0.0014,-0.0003,0.333
671YMM8nREzCweJV4XU7RiF8gEKxcMQndMxMXjykaohB,11,4,0.0049,14.0,2.622,2.651,11.0,1,0,0.0,0.0002,-0.0005,0.75
G1F4thH2m8N7qzuNgSGvnAEZU4hC2Kr8vp52zniPmf2U,6,4,0.0014,34.5,2.731,2.181,12.0,1.0,1.5,0.0,-0.0001,-0.0007,0.0
4ixBZtbfvjSSdqtiP6EZ3p1MeGgmBsNS7FHB1uQdyf9A,12,6,0.001,26.0,1.417,1.069,13.5,1.0,0.5,0.0,-0.0001,-0.0008,0.0
8YpojbwdE8k5Qj7VnvCsjjuTL7CAQVCS8Ft9HBcEtMxt,8,1,0.2933,28.0,2.607,3.002,6.0,1.0,0.0,0.0,-0.0009,-0.0009,0.0
9Lj7xS7Yrc1fMT9WaQ8sGppjjUzn5UZrw3z1Pnpg474u,6,3,0.1564,12.5,3.627,3.854,20.0,3.0,1.5,0.0,0.0023,-0.0009,0.667
55FY1ufJRDAmFenhMEMzp3Geb8YAJ1eEGsER9NGFjK77,5,3,0.0494,50.0,3.108,2.858,3.0,1,1,0.0,-0.0023,-0.001,0.333
7SJzERGHmj46nt3YGKGcYxLP92T7yfd1dJjYpJCgjY1y,6,1,0.0049,38.5,3.346,4.094,154.0,1.0,0.0,0.0,-0.0011,-0.0011,0.0
b3k4PV8D2WwxPvJSFr6ivdtn6Tc8oPAqFgzZ9EBhkMb,22,2,0.0098,15.5,2.758,3.346,14.0,1.0,0.0,0.0,-0.0006,-0.0011,0.5
HZ8SS2qXVjv77fad5mmjzEyTnMAfPY8Mhsi8Z2TZhcyR,6,3,0.5133,31.0,3.672,2.606,31.0,1.0,0.5,0.0,0.0229,-0.0012,0.667
BtmmWRHT4AoYCWYQG7WwcdAN6ceAY9pGpjSUGzc3NnLH,7,2,0.1956,13.0,2.737,2.767,18.5,1,0,0.0,-0.0006,-0.0013,0.5
4frkCTj2HmJN7naXZL3e4m4Fj2nbXDAHRFzuCTmRvJEW,5,5,0.0053,6.0,2.785,2.638,4.0,1,1,0.0,-0.0,-0.0015,0.4
Bjm3zS4FoE4xNxZwLk5XGHn2F5HNcp2fNpTo8tzZa7XG,6,6,0.0244,22.5,3.153,3.336,21.0,1.0,1.0,0.0,0.0002,-0.0016,0.5
8t82fewgo9iwRozUy61tYz4Ec952grcZ5QxMfdMD3dHf,9,6,0.0244,3.0,2.455,2.717,37.0,1,1,0.0,0.0033,-0.0016,0.667
6a76t4FSXg4VV7BH2atSQVbfZr6dg4zLgL2vKuwCD5V,7,2,0.0293,15.0,3.189,3.303,20.5,1,0,0.0,-0.001,-0.0019,0.0
FyFX43hEeh28u1i8ejAKcUiLTnFhDd1dLX5EqzkgtQkM,7,6,0.0196,13.0,2.818,2.99,17.0,1,1,0.0,0.0008,-0.0019,0.667
5EPd4aumGWWC48QGvm83z2JnnWpFcpuy1uGeTAhQcWUJ,11,2,0.0978,6.0,2.372,3.525,39.0,1,0,0.0,-0.0011,-0.0021,0.5
2QALaBbUUttvj8hwvzwZQJyq11YSZHpPT6Sp9USRGS5z,12,5,0.0373,56.0,2.256,2.776,28.0,1.0,1.0,0.0,-0.0029,-0.0023,0.2
6mwVvccEcFbGVPGmUUnezjaWGgwQUZgjrzQY1ZA8KzpF,12,1,0.0489,14.0,2.909,3.045,19.0,1.0,0.0,0.0,-0.0023,-0.0023,0.0
4voEP84Ts1dMdM4BoAyZAg5EQdYNM1yY6MPy4Ej4USGY,7,5,0.015,9.0,2.541,2.71,1.0,1,1,0.0,-0.0003,-0.0025,0.4
A155GZTHxHwNFSYVXxhVh4w4B67VnMkypotdKKK9DAfh,12,6,0.1539,90.0,1.807,1.952,20.0,1.0,0.5,0.0,0.0046,-0.0026,0.667
Hm2cmfLCF4eqCEej6D4BWDfbKMXHsEk5ayMtx23bwDCP,7,1,0.0391,25.0,2.683,3.531,24.5,1,0,0.0,-0.0026,-0.0026,0.0
sdQ3nsqfX1cgqYLipBFf6C39LSk1Jg1P2psAdnKWBng,5,2,0.0099,18.0,2.883,2.501,14.0,1,0,0.0,-0.0013,-0.0027,0.0
ExQ2NU9Fj3FcGzd5hPWP7LTe5QxnrwvBhkfVByhwhWw3,5,1,0.0978,27.0,2.588,2.083,26.0,1,0,0.0,-0.0027,-0.0027,0.0
4ykTjveoY73YWS5S9pjWpervivcHxXvFfWPmaDtUsdKr,6,6,0.0494,10.0,2.424,2.565,6.5,1.0,1.0,0.0,-0.0083,-0.0031,0.333
BowfQDRVtuf1hnRJhHADpbSJb4wnuDiQKu3n1yxRYfjC,6,6,0.0489,7.0,3.02,2.365,7.5,1.0,1.0,0.0,-0.0049,-0.0031,0.167
4RJPGNWFoGvyMW29sKtg263tAxyuZqFX7PHfwL8K5JJW,7,4,0.0098,16.0,3.343,2.969,12.0,1,1,0.0,-0.0008,-0.0034,0.0
BbPXY5YPLH4TGzU5iFT3STofNBhYhb4EU9ZwoZvnYmFn,18,3,0.0095,28.0,3.047,2.043,16.0,1.0,0.0,0.0,-0.0019,-0.0036,0.333
GFGKp7j4JdMCHEhtzpV8krRfbRsE83DT1YuG96ChjeVB,17,6,0.3368,8.0,2.425,2.272,21.5,1,0,0.0,0.0348,-0.0037,0.667
JBBEjN7EsPhMY9tBkVw5YcGjBGgrYBMGQYroYRmqfVsD,6,4,0.0318,7.5,2.484,2.279,43.0,1.0,1.0,0.0,-0.0036,-0.0038,0.25
99WHXdSdBAVeqzUqettNTVnMTSxFu8e5LVXK3Eb3KkcH,8,6,0.0196,15.5,2.743,2.42,12.0,1.0,1.0,0.0,-0.0007,-0.0038,0.333
8dJ16qHDszFeJ2x7JUFWAeMHceQWvtYmPbZEWuYpMkyY,11,11,0.0001,6.0,2.495,2.646,2.0,1,1,0.0,-0.0,-0.0041,0.364
4FEG8kNMVz4HTLL6SrBVmUAj5YAnccKzPpAkrEEnkWTF,5,5,0.0462,7.0,3.283,2.854,7.0,2,2,0.0,0.001,-0.0042,0.6
7foVvQqdHpALKUQXRVbRYC7tKBkyMqe5WxrMtteE6HLv,12,2,0.1467,34.5,2.481,2.443,10.0,1.0,0.0,0.0,-0.0021,-0.0042,0.0
GW1PXoWSJoohdM9De3cC3vy7gpVRVobHu3B74sNJ5vTt,11,6,0.0494,105.0,2.547,3.021,37.5,1,1,0.0,-0.0024,-0.0042,0.5
2un1m91i78ZHPLjR4UwwaEzQz5jsehq9p3t8EZZZZZZZ,20,14,0.0247,12.5,2.291,1.969,15.5,1.0,1.0,0.0,-0.0017,-0.0047,0.286
5oMh6igoLyHF3duhvi5x4v7dTaiKeh4zBamWoRMbsAag,7,3,0.0494,14.0,2.795,2.891,30.0,1,0,0.0,-0.0138,-0.0051,0.333
CPfWYpgyQFoLwR75gRZZTxoUgcgAHYWKti7NhHidikN9,5,1,0.0293,10.0,2.314,1.841,83.5,1,0,0.0,-0.0051,-0.0051,0.0
2JDjmubnZmtykwM5wLcThG1WbzE1EKtoUpQd8So8LRAC,7,5,0.0099,13.0,2.878,2.618,9.0,1,1,0.0,-0.0008,-0.0053,0.4
9sy14jon1jgtyyt8KgT1pfZRBusK21XX2LzZhz8hMBUS,6,5,0.3865,32.5,3.318,2.997,4.0,1.0,1.0,0.0,-0.0413,-0.0053,0.4
BNwc9pphaWcWCFXKHoeavJrxnFUp7DQh5QuAcRMan1n2,7,2,0.0489,8.0,3.034,3.305,16.0,1,0,0.0,-0.0027,-0.0054,0.5
6hQSw5JDEjVvqFes2vwGnYFq9b44Yjq9wxeNVBYJpHSb,12,12,0.0099,9.0,1.766,1.688,8.5,1.0,1.0,0.0,0.0,-0.0054,0.583
Eqtm8woB4J2NobR8FjLfqViUh2zeVLtRmuh8jYvCtPo9,9,1,0.2444,10.0,1.92,2.877,21.0,2,0,0.0,-0.0055,-0.0055,0.0
RVLyYTySjxSW1iKgBpUwbpfxca6xjQB5TmiMAwwe7Xz,16,2,0.2933,27.0,2.688,3.161,14.5,1.0,0.0,0.0,-0.0028,-0.0056,0.5
FNEiXeiWanU3gLjbd5Sqm5JoyXqtyHWLP3vR4iEHncXL,11,6,0.0489,20.0,2.009,1.776,104.0,2,1,0.0,-0.0025,-0.0056,0.167
2rXK9djc6978K4t4Wm53Y4D9gSBqC9CJoWyddcmpfr48,8,6,0.7822,41.0,2.556,2.068,3.5,1.0,1.0,0.0,-0.0173,-0.0056,0.5
AGo2Bj38a5EchD1oNVRzT5PSkZzQ4D6iLYGtC7NBHuDn,7,2,0.1956,7.0,2.445,2.478,40.0,1,0,0.0,-0.0029,-0.0057,0.5
2J12xUBfaeqZwqc2fSd7Ni8ybRF7Rk8R12ZUVdWBSP4y,6,1,0.1222,23.0,1.486,1.758,20.0,1.0,0.0,0.0,-0.0061,-0.0061,0.0
GX2vo7B9o3DFjdAAEwjGX8QYrU2vrXdFnNYbnvF8GRPb,5,2,0.0978,23.0,2.717,2.359,16.0,1,0,0.0,-0.0031,-0.0062,0.5
C5ePCZpy6EaPGWu5ricgu8KmEh4dmRjJvS67g5Ck1jou,13,3,0.2572,3.0,2.682,2.615,3.0,1,0,0.0,-0.0035,-0.0063,0.333
6yPxS2X3nR4BheeDDpnaS1g3rEivhvVG4qLkX9i9BgEd,6,1,0.0196,19.5,3.048,2.6,28.5,1.0,0.0,0.0,-0.0064,-0.0064,0.0
2Bv4r6WYPQruJy5hRDs4NnUW9WpwFUKGdKMEffSCzrjD,6,3,0.0587,19.5,1.878,1.745,19.0,2.0,0.5,0.0,-0.0061,-0.0066,0.333
CpKkcHY2hXVxw86PkoeYUFGj8VTT9g3ZycKvvuMjAcrP,5,1,0.4938,16.0,2.397,2.473,28.0,1,0,0.0,-0.0067,-0.0067,0.0
4F1QC9EP12WyVAHBgkMvDmnLaQPki7Ab2kqBAHtz9Xjh,6,3,0.4987,17.0,2.419,2.414,28.5,1.0,1.0,0.0,-0.1462,-0.0069,0.333
9KEPR5TfTes3ahru9NUd8Z7wPGyGNfdvo7wUL1WFifiQ,5,5,0.1272,0.0,1.304,1.218,4.0,1,1,0.8,-0.0053,-0.0071,0.4
5dgqkUEwi4v2Pd5gcyqX9USqsPxfVChUfaQ4CGGpHfHH,5,2,0.2933,12.0,3.624,3.802,15.0,1,1,0.0,-0.0037,-0.0073,0.5
6QZsiSCVmMR1k1S4SXoyFU4aaqPwaXLqarzzHbmUiVR5,28,27,0.0099,0.0,2.941,2.98,2.0,1.0,1.0,0.429,0.0001,-0.0078,0.63
Gun5bTYcGtNpoaPocyJj2RPeVh2GChAEY6LDvyqGJAx1,8,7,0.01,8.0,3.353,2.743,7.0,1.0,1.5,0.0,-0.0,-0.0086,0.429
C3DBizV8cASshhuzAFCpykfYkbSh9WUM5GGBX6sFsHNr,5,1,0.6914,0.0,2.746,2.655,7.0,1,0,0.6,-0.0087,-0.0087,0.0
DGSDn4JUcQjRucrAQgrVU4ynAgTk86CAbQoyFhvsAgVq,5,2,0.4889,15.0,3.481,3.654,31.5,1,0,0.0,-0.0044,-0.0088,0.5
A5ELSumbVFCBQwcmwaWxjatKwSWkSK9VSSoU3irghXeL,9,5,0.0511,17.0,2.66,2.268,6.0,1,1,0.0,-0.0007,-0.0089,0.2
8HB2RGkU57mhF8ucMxCtNgZ5AyUHvjs9pTLpWX2BoQuu,12,8,0.0411,24.5,1.69,1.976,9.0,1.0,1.0,0.0,0.0006,-0.0089,0.5
CXjGajaY7atrQCfqV2XHZvUgYzqMu6y54RZ234pNWDPC,8,7,0.0391,5.5,2.429,2.175,11.0,1.0,1.0,0.0,-0.0047,-0.0093,0.143
J7jCHvkH2AP9CWUbPLmaPjQdRpVXzhf4B3opp9qf8iAV,15,5,0.0489,10.0,2.869,2.626,26.0,1,1,0.0,-0.0,-0.0095,0.4
2MgWYfXrASJFJG1SpwbK528JH2KunFsihS3LtKctbyX9,8,7,0.0691,14.5,2.2,2.04,13.0,1.0,1.0,0.0,0.0003,-0.0096,0.571
CJhf7uawjdHmxb3nrpLBcUcDzgiy1TWWiBbXtEjyjtRQ,5,1,0.1956,40.0,2.741,2.202,23.0,1,0,0.0,-0.0096,-0.0096,0.0
ESM58U6zGF5Z8ruYSfQNQaJhKfMziNUe8EnGtyhfDwuc,5,3,0.0978,34.0,2.574,1.93,23.0,1,1,0.0,-0.016,-0.0099,0.333
7Qy6VwHAz7VZeH6gdqc8hatuhh34VBoxECNTbiLchnF7,5,1,0.043,22.0,2.886,1.838,19.0,1,0,0.0,-0.0099,-0.0099,0.0
5FtYX468v1xJWcovD9vneyUWnybcc6YtM9uJ1sLCUy9,6,2,0.0098,34.0,3.206,2.269,11.5,1.0,0.0,0.0,-0.005,-0.01,0.0
CzHg4Tg79QBPuqnhPWm99cMQCJ2M4hLbHD1r6JBMSbkc,6,6,0.0517,3.0,3.453,3.421,5.0,1.0,1.0,0.0,-0.0046,-0.0101,0.333
DoYEPdfoeGQqf4WVCVbqya44bzvqJkTNik1bqh7nr9Hh,6,1,0.9119,25.5,2.08,2.236,10.0,1.0,0.0,0.0,-0.0102,-0.0102,0.0
HXkuar8tVXscBmcD9ShdcNsgojfnjKfQYVapPuiQsHpC,5,5,0.002,5.0,2.842,2.445,1.0,1,1,0.0,-0.0003,-0.0102,0.0
4ELnwNkuVqtHXrLrgTBy2iirddQsxEaFYQpmwJXnYzRG,34,8,0.1711,17.0,2.354,2.652,20.0,1.0,0.0,0.0,-0.0042,-0.0106,0.375
3fbocR7M7nF5jxwuGzE8o3QF8u9e98AHumqMzM8Sdc62,7,1,0.2933,14.0,2.952,2.898,29.0,2,0,0.0,-0.0108,-0.0108,0.0
77ds1nfQ3xEeJt1jKEQTiCLqW13u6EmPUyLQFDeuXJzB,5,1,0.257,72.0,2.825,2.388,19.0,1,0,0.0,-0.0117,-0.0117,0.0
4zsBZLBGsMWn2FjGDhn6fg1VUvBL8zYnsgnWz4TSxt1n,6,5,0.0666,25.5,1.966,1.766,19.0,1.0,1.0,0.0,-0.0023,-0.0117,0.4
2jyhLnupSCduevsTBoA7hdpyz9CBnoKHbDfcEXa3Hkc5,5,5,0.4938,185.0,1.828,1.629,4.0,1,1,0.0,0.003,-0.012,0.6
HDxfFXqE6sXZvu5aenNu4rPKNqmdUdHj5rEwzVM51jpD,7,4,0.079,25.0,2.923,2.541,9.0,1,1,0.0,-0.0031,-0.0121,0.5
BijUBtMS1MHCMQD7vo38vWHqr5WmxdL5A5XD7svvsezt,6,2,0.2444,33.0,2.173,2.029,3.5,1.0,0.0,0.0,-0.0064,-0.0128,0.5
8BWGt7xNgdaSRrtkENz8zemX62VC71vJm5bi886gcpnx,5,3,0.0988,16.0,2.008,1.686,2.0,1,1,0.0,-0.0,-0.013,0.333
BGRY9X7pKj9k7cFcLMrYFY9LDNqVfJ8q6cJyxZxkcnhq,10,3,0.1956,4.5,2.698,2.591,21.5,1.0,0.0,0.0,-0.0197,-0.0132,0.333
3DVjos26KvVnf7XUcuQbuMKFCvgBHJMGAoc4bZz6n63r,5,1,0.4889,54.0,2.492,2.001,5.0,1,0,0.0,-0.0132,-0.0132,0.0
g8J7SWGYyAKFKfXGjbR2oormaG5s942wKE5mhvf4MtV,15,7,0.1549,66.0,1.857,1.871,21.0,1,0,0.0,0.0045,-0.0134,0.571
4Bv9Sprv71JpoXUducon6zK4ZKQrtngqfAqrb2G7MNFb,5,1,0.1956,22.0,3.462,3.197,11.5,1,0,0.0,-0.0135,-0.0135,0.0
Gsm1ExN2kswyUsy6TomaoNdR3iiGMjQnHhaVhDcU3fQR,7,3,0.0509,43.0,2.775,2.786,11.0,1,1,0.0,-0.0054,-0.014,0.333
Akr3DzP8ZFKo8J2YmEBCpDoUqZKiFwea9E4UvqChnTV7,9,9,0.6844,19.0,2.339,1.842,9.0,1,1,0.0,-0.035,-0.014,0.222
9x1psF8pAWZNtxnnx8GEsrJDf7C1SFLMTHj9GhMH3YF3,6,4,0.0489,18.0,3.282,2.319,15.0,1.0,1.0,0.0,-0.0076,-0.014,0.25
DcQKToPywy64ygVPaACq1dbshAnfG3Zs3DEXZBXbAxqF,14,3,0.2469,44.0,2.2,3.036,63.5,1.0,0.0,0.071,0.0224,-0.0147,0.667
94NuM2cQ2T2xz2F9K2cJZqQd2rdQmVCvYi3QQY1YJfDc,6,1,0.0341,17.0,2.642,1.734,23.0,1.0,0.0,0.167,-0.0148,-0.0148,0.0
GoabmPTvbR9yJU4CJhLffRDSRhYNubHnRamin2Nreg99,10,8,0.0593,16.5,3.196,3.001,11.5,1.0,1.0,0.0,0.0008,-0.015,0.5
D6o4VDUKjfCRKGEEBTjpHFot1xBV8V6ntjMktsFbd93y,8,1,0.0978,16.5,3.311,2.972,14.0,1.0,0.0,0.0,-0.0151,-0.0151,0.0
DJhTfL3LhDAmqgrhnBycTiJxG2S6uUWrQm5XV8Et97ge,5,1,0.1481,1.0,3.17,3.857,10.0,1,0,0.0,-0.0152,-0.0152,0.0
E9ZrwgrpGeJuDQkPZAquJT5sfYYUN3SewvPBTzwqEdkW,7,2,0.1467,32.0,3.27,3.14,8.5,1,1,0.0,-0.0077,-0.0154,0.0
GJbUPSRG46jYWdXUmRXW9G2P8J6qAZ815AHUp4xQPRt6,12,5,0.1529,145.5,1.662,2.111,21.5,1.0,0.5,0.0,0.0039,-0.0155,0.6
6oyTATwWEhzPG1hXYdBM3MdG9FCSUZaP9u8KBxLGdHTS,10,2,0.0391,19.0,2.457,3.146,24.0,1.0,0.0,0.0,-0.0078,-0.0156,0.5
856E8vGfoijxQvLZeHq4BVSkRdLPt5myMKa4NpFVAvnA,8,6,1.0388,10.5,3.084,2.993,20.0,2.0,1.0,0.0,0.0036,-0.0156,0.5
CFrmY9Tya2kFcqtSBXnVkPCvAbrJ2KuFPKHr2aS7c7pU,15,11,0.0097,7.0,2.253,1.791,17.0,1,1,0.0,-0.0004,-0.0156,0.182
AaULcoYGUjCpGzYc5vpNrVYzdrxXXrymVd8W7k8LG1tM,5,1,0.0978,29.0,2.186,2.313,71.0,1,0,0.0,-0.0164,-0.0164,0.0
6TqVfA42EdKAQpXGauH9sPRzNNeUd2RB4Cs43wVCe2KM,6,6,1.4815,9.0,2.883,3.047,8.0,1.0,5.0,0.0,-0.0014,-0.0165,0.5
FSX5gayVsWN8YXrU3ogyMm2XjTffptmgBMuAiQYWLszZ,5,2,0.9975,24.0,1.242,1.299,16.5,1,0,0.0,-0.0082,-0.0165,0.5
97KpJKx3qbJYfCv3Pq3rPmCRYfVfRxUmVo4NMQFs1QZZ,5,1,0.0801,0.0,1.993,2.193,17.0,1,1,0.2,-0.0167,-0.0167,0.0
BWCCM5Z2jYKWCDhGUHBP6eRvwUYmrbEsqZP1DQbHi944,5,2,0.9778,24.0,1.176,1.233,16.5,1,0,0.0,-0.0084,-0.0168,0.5
7RoMjXXE88PoFhUVjmF6i5Er1qYM9iX2igAzodxVSeUR,28,20,0.0,12.0,1.853,1.8,21.0,1.0,1.0,0.0,-0.0,-0.0175,0.3
FYwrzh29bjivpMVMzxz1tJhwQEEXf6kHXiJwbvX5475o,5,5,0.0391,10.0,1.687,1.694,29.0,1,1,0.0,-0.0019,-0.0176,0.4
FTP8qZHpLmijNn33m7s3BVWYsoNPu7Gv6btANHm1z7jZ,11,9,0.0395,1.0,3.216,3.551,2.0,1,1,0.0,-0.0,-0.0179,0.444
EhBkKNwAKj2J4JoviYgijxxFg5BYJMSfozLMFoue8RLT,5,2,0.1521,72.0,3.207,2.836,11.0,1,0,0.0,-0.0092,-0.0184,0.0
8EDnMf26D4NYxBoHnCiQ6jGx3tqysfhur6eBYHDCACrC,15,3,0.0978,25.0,2.987,3.947,21.0,1,0,0.0,0.0033,-0.0186,0.667
2qKU91U5P4vCXUh4JzPSRwvPPdvpoyzLHS3mgKiSZQXo,15,15,0.1793,4.0,2.168,2.376,3.0,1,1,0.0,0.0085,-0.0191,0.733
HmnZtJPCcguuuZUxGhNd4hK1QNw11iBpRHzwJf6gaE1B,5,4,0.2933,7.0,1.811,1.633,4.0,1,1,0.0,0.0014,-0.0192,0.5
3VZupTE45f7bebv9g4VKLQHQAQ9AwBG7MKQCKAeqUGNc,5,3,0.0489,9.0,2.601,2.335,2.0,1,1,0.0,-0.0052,-0.0195,0.0
7sqNje5Y2Jrvbhxq2rHi9gVEAViK3nVv5S769VEiHpDt,12,4,0.0978,9.5,2.628,1.634,31.0,1.0,0.0,0.0,-0.0053,-0.0196,0.5
C4JRuZx3nAFGqJ8ZcYuwWhRGxL4N9ZwpsErjfhGqxxAf,5,5,0.1975,15.0,2.026,1.613,2.0,1,1,0.0,-0.0253,-0.0199,0.4
5XEj4qt6STm1dKvwTiqiuLRYJoMWUey4BqiwDPTuaUVG,6,1,0.3119,40.5,1.54,1.428,5.0,1.0,0.0,0.0,-0.0201,-0.0201,0.0
Gt3iKASKZkqT5JBkf3gUpVrpeH3zFJ1RE5BNaGf8w8zv,18,9,1.6459,49.0,1.805,2.15,85.0,1.0,1.0,0.0,0.0618,-0.0201,0.667
EExAWnH6PRDLB5fjnf3fmpGJwABHGRmutomdjmg3WoAJ,5,2,0.0352,21.0,1.975,1.713,9.0,1,0,0.0,-0.0101,-0.0203,0.0
HDnF9aREUyHTH9G6XULTFMA5ivcbStTxZuMr7ZgyizPT,10,2,0.1467,19.0,1.54,1.256,5.0,1.0,0.0,0.0,-0.0104,-0.0207,0.5
7vYTofeWUzF2Cxent3RFp5tQedWkiCARz2o67wUxsqi9,9,7,0.4889,6.0,2.14,2.125,16.0,1,1,0.0,-0.0162,-0.0207,0.429
78e9BM4nBbHDrXhoPNa9GZ1DRe6ZVBbem8KEfCyhtWB7,6,4,0.0194,5.0,3.249,2.877,3.0,1.0,1.5,0.167,-0.001,-0.0209,0.0
Ei8zsKBRv5n48hfjqjbhgphFCfTAgLTr5eJE4SVJDGnn,5,4,0.0293,35.0,2.798,2.68,15.5,1,1,0.0,-0.0027,-0.021,0.5
8p7MDACgjHBPLZUUSpofgB8E5rKN3XtyJGKeZRpxyoKp,7,2,0.044,13.0,2.587,1.993,28.5,1,0,0.0,-0.0109,-0.0218,0.0
5qX2FWXYH2winfoGJXBvL4yTQQHn9tv3gwsqjZabz83L,16,7,0.6818,13.5,2.359,2.674,35.0,1.0,1.0,0.0,0.0199,-0.0219,0.714
2dmci6c66RWebirSmv4Pd1q2ZPgxmoicTHWvpiJp3Uu2,16,11,0.6349,39.0,1.596,2.112,28.0,1.0,1.0,0.0,0.0105,-0.022,0.545
D8vK1GKNLsBXEP5bVPBvPsawAW2uXnnrJzjEqE1siCCY,19,3,0.1709,8.0,2.763,2.803,34.0,1,0,0.0,-0.0164,-0.0229,0.333
BZChwsSMLmCsHZ8zjxXZWkEqkMjVD415V46xohxaJmD2,7,1,0.0391,25.0,2.135,1.682,63.0,1,0,0.0,-0.023,-0.023,0.0
94ZSpiQKTZAwy8C8jvuE4kvjsUuHUmp3XDQA1pAzYcU3,5,3,0.0988,3.0,3.583,2.533,50.0,1,1,0.0,-0.0169,-0.0231,0.333
yFB49r3wkHGhC5dDhGFJvz3eCZ7hZR3Ex4em4uStiub,14,6,0.2933,20.0,1.951,1.827,20.0,1.0,0.5,0.0,-0.0211,-0.0234,0.333
2eB41ffTHiyneh4q9DN2XZtE7fvFMQJ21GNNaExNNJTq,5,5,0.1256,0.0,1.313,1.211,4.0,1,1,0.8,-0.0082,-0.0234,0.2
4TaXUrE7o1zEJZr5d5RKwvDaF3G2axHE82ztep27RN3a,10,4,0.0099,6.0,2.109,1.734,23.0,1.0,0.0,0.0,-0.0067,-0.0239,0.0
Gyxgkc2vBffuamynx6W7pchgooXKWrxLXFsLcQpgDRcS,6,1,0.1467,12.5,2.384,2.927,35.5,1.0,0.0,0.0,-0.025,-0.025,0.0
BggnH7CGFp4XaWcYaxEt25rBAa2r7vnZ5NLQhXbk142Q,5,1,0.4938,211.0,2.292,1.913,75.0,1,0,0.0,-0.0264,-0.0264,0.0
AKrqbGyuBCbeq9pgnC16QbspEiR1Jy7RrS2c8jk1txC2,17,8,0.1662,4.0,2.415,2.233,8.0,1,1,0.0,-0.0061,-0.0267,0.5
3bWMztv49ahGVPVJjQM8NSfV4XZSAsGuyRFtRMfBLR2e,5,1,0.1956,20.0,1.883,2.958,95.5,1,0,0.0,-0.027,-0.027,0.0
96R7AD9hCc3z1d4o6NBZZXvZgpoDoac6NbucA99JSn37,6,6,0.0978,2.5,2.202,2.14,7.5,1.0,1.0,0.0,-0.0199,-0.0271,0.333
BySMeCRt6kN3xn2Ktii2o9dmBnnVoFjarQKjC3NVNWYg,8,3,0.148,1.0,2.78,1.927,6.0,1.0,0.0,0.0,-0.0075,-0.0271,0.0
yungjw3TenTjikUcVXcNyahEdQHqbXrniwZdNqWUGaY,5,4,0.1222,12.0,2.446,2.359,6.5,1,1,0.0,-0.0074,-0.0272,0.25
Ah1nbrP7K4sfBj6FTJ317tNUW1GjJ8QX9J317P7c73vf,5,3,0.0978,18.0,3.116,2.2,34.0,1,1,0.0,-0.0117,-0.0273,0.333
38yTQEoNECsvU2EER9sWn8wX7dGCVcXXLM9yMSssCb3j,6,3,0.0978,41.0,2.922,1.894,12.0,1.0,0.5,0.0,-0.0235,-0.0277,0.333
GEcF6sHyGDLrJ6NYzj2uEv2hRbSpwvLmmvm1k8A9VGhc,24,21,0.2816,0.0,2.439,2.58,1.0,1.0,1.0,0.583,0.0103,-0.0278,0.571
79U8GwLhPXcnuUpBVeZ1rSEfVoota888W3qJik48BxoD,5,1,0.0978,28.0,4.435,1.346,6.0,1,0,0.0,-0.0282,-0.0282,0.0
AeeUybJUqfiTVXkSwxuiiw86hUC2HB7E2xpgKG2uGPmf,5,2,0.4889,19.0,1.726,1.204,7.5,1,0,0.0,-0.0142,-0.0283,0.5
Dis9U76iBQfC15DzszaCfjZce1j8rxTKL6D57jn9pvMx,6,3,0.0491,1.0,2.371,1.644,40.0,1.0,0.5,0.167,-0.0086,-0.0283,0.0
7bmgatCuYEkdHfK7tfPomirwfhTCEcXax6wXmTN7iGya,5,3,0.0978,3.0,3.279,3.09,79.0,1,1,0.0,-0.0117,-0.0287,0.333
2r8LMwSkqT5dipsUF7fzQ4jDTCFagXbDqBDAWGWGMFfR,5,3,0.0724,26.0,2.54,2.451,13.5,1,1,0.0,-0.0081,-0.0299,0.0
BPKDoJ2cbRQeKuTArnJbz26ik93jhLzsn63vLo26guTx,5,2,0.0653,6.0,3.451,3.149,5.5,2,1,0.0,-0.0154,-0.0307,0.0
6EXh5fCWSWHKwkGp6Ht5UWJqjAp1HnQnoNMtJ9HDk7Tg,6,3,0.1963,4.5,2.791,2.783,22.0,6.0,1.0,0.0,0.0263,-0.0307,0.667
C49qEWKvmphM3tD1XMXVbMTJxLWnZXfpMmyo8usbdage,5,3,0.0978,16.0,1.806,2.04,39.0,1,1,0.0,-0.0096,-0.0311,0.333
8PgFCLEr9bTALzF4v2vS3fc4oNbZ794KK4Es3LqXta1q,6,3,0.2933,15.0,1.718,1.822,1.0,1.0,0.5,0.0,-0.0097,-0.0314,0.333
EkXxonwVB27DoBqSEnYYjNPmF83trANHNZkq6ffkRA62,5,1,1.6951,19.0,3.796,5.067,25.0,1,0,0.0,-0.0315,-0.0315,0.0
E7Au2f6QqGwhPbt2a3EzRnMcuG7aduUL3wdrnxWPynCg,6,5,0.3745,10.5,3.013,2.072,35.0,2.0,1.0,0.0,-0.0141,-0.0326,0.4
62pyhnNMYsuDck9umU2DWk9HEkypke7KQ3tm75eEEDrn,6,6,0.0978,11.0,2.648,2.93,5.5,1.0,1.0,0.0,0.0038,-0.0334,0.667
EM1ZyNA3g4rr9MBzSEA36QqWd7t7cp54zDidm3YskyeU,14,8,1.3271,3.5,2.528,2.563,13.0,1.0,1.0,0.0,0.1076,-0.034,0.625
2QQYeSvojiMxPdtvmYDGHkpQqsqJUkvFL8CvVMK66x5o,5,2,0.4889,33.0,1.61,2.006,24.0,1,1,0.0,-0.0174,-0.0348,0.0
Dxp2s7pR3Md9WV3sRKh4omR9zYSmDqjzFnHFSS8QVShz,12,1,0.1956,7.5,2.887,2.861,45.0,1.0,0.0,0.0,-0.0352,-0.0352,0.0
9PGXezo9EptQd3CLKarbCvqTymEYsyxvUcga7c7zBgXG,6,6,0.1702,0.0,2.332,1.945,3.0,1.0,1.0,0.333,-0.0094,-0.0352,0.5
3JZ2hjzyUZdF8Fwi1mQEM98CJQjNNZuF9XfLdWx9KMGL,8,3,0.1041,19.5,1.892,1.676,21.0,1.0,0.0,0.0,-0.0149,-0.0352,0.333
Hh8AoWgoUQrf5XA8MoUGTzdUhUiugoWux9rnCnPx4EW7,6,6,1.4667,1.5,2.681,2.531,3.5,1.0,1.0,0.0,-0.0298,-0.0354,0.333
JE9XQg4oTRXVAwLoqSLQ9y7EPKTqi5c9f9gPidy2JPZN,11,3,0.0978,20.0,2.403,2.371,20.0,1,0,0.0,-0.0368,-0.0368,0.333
GfvfjVvM9uoWyVP59DaCd8wx6VfsfM5cDMnpSoBg9BsQ,6,6,0.2617,20.5,3.405,3.341,3.5,1.0,1.0,0.0,0.0082,-0.0371,0.667
BJWX9YKZahu8yNRig86WC98qayfb7DMrEtrDfs5DMvhm,8,2,0.1076,33.0,2.424,2.472,47.0,2.0,1.0,0.0,-0.0186,-0.0372,0.0
Hk888nU1DRmHbVx3vM47297Jsperhd9rX13C82pGWRcR,6,1,0.1956,15.5,1.517,1.093,30.0,1.0,0.0,0.0,-0.0377,-0.0377,0.0
FGMJAT3Yrouh1eTWpAzNUfToupBggySqTUe8VfnJquVg,6,6,0.2469,20.0,2.671,2.663,6.5,1.0,3.0,0.0,-0.0121,-0.0378,0.333
7GcGqoKiJ3s5rzZF1eDZLG2yam4HFaP9xEbJSUH1Nj6E,5,2,0.0978,14.0,2.736,5.042,20.0,1,1,0.0,-0.0189,-0.0379,0.5
35yJNCAXaW5MEdEEHQGRRVbMKemVh9TZNDETuTe6NL8U,5,1,0.1956,23.0,3.104,5.781,31.0,1,1,0.0,-0.038,-0.038,0.0
3sejQuEduLtdBZr3qXrXufVDRAsro8TExkxwRAHgJ7r9,5,4,0.4941,8.0,3.112,3.561,7.0,1,1,0.0,0.0576,-0.0381,0.75
GYXAxgS5ZWPrVUn49zcAAeu1NBM1oxFc3qkkjHGrSFnL,6,1,0.2444,38.5,1.727,3.015,96.5,1.0,0.0,0.0,-0.0386,-0.0386,0.0
BKphAyRdhwBhcNx1BfAy4gRbymmSYVbD43RwBPYLReDo,5,3,0.2031,15.0,3.123,3.436,6.0,1,1,0.0,-0.0073,-0.0389,0.333
Cx6H5TeNrrcwZ4xDZek6z9m9qqWSNENC5RRR18GXS49u,8,7,0.0988,5.0,1.779,1.558,6.0,1.0,1.0,0.0,-0.0103,-0.0391,0.429
CKFw1qKMcBSccirjg8voV7vkhpdv3fdG2THZNKZGVWGF,19,8,0.0978,13.0,2.124,2.074,34.0,1,0,0.0,0.0025,-0.0404,0.5
EXyNF1iX7mVDMChgzPhRaSu4SLjgKpadXoXLZNtMuvxC,11,2,0.1552,53.0,1.434,1.446,7.0,1,0,0.0,-0.0204,-0.0407,0.0
Fas8M2AFEETYfroWvAsjyM8BZXVR2EnagGfWWNxVCYzo,6,4,0.4889,10.5,2.501,2.28,12.0,1.0,1.0,0.0,0.0149,-0.0413,0.5
2nuWtG1VBFjZMuzDNSiArgTj3r4UWLyRV3eEVSiutCma,18,2,0.1467,16.5,2.907,2.561,29.0,1.0,0.0,0.0,-0.0209,-0.0417,0.0
AoYkuMnBzGzYbQnLzMBkN6wrAiVzgs6hs4hm8Hic6spk,23,19,0.1956,12.0,2.558,2.635,8.0,1,1,0.0,0.0021,-0.0418,0.526
Bm3e7tNEpj81XXJnHXDsdygY3kDkB8ib3d2AXJk5n4XS,9,3,0.1467,12.0,2.232,1.967,48.5,1,0,0.0,-0.0329,-0.0419,0.333
87qF9ghrb6XENHvNFiwarcjujRkKkohHZe53A1MKFDxC,20,7,0.0894,7.5,2.201,1.649,12.0,1.0,0.0,0.0,-0.0121,-0.0421,0.286
9r7ykLtqBgwEywhszhLmtKb5fqx2mVwT3NS96VLD4nHa,5,4,0.0866,12.0,1.985,1.667,8.5,1,1,0.0,-0.0091,-0.0425,0.0
49r9FU64HoHVr4wyenx2F4Kw7kAvTEuznQaCxzcJb6TT,9,8,0.1956,3.0,2.561,2.485,31.5,1,1,0.0,-0.0167,-0.0428,0.375
FfmhBJzW7YZ1vh9Apcar7QqoHyZzHDNBQ59aSvXVkjtk,14,8,0.1516,127.0,1.843,1.935,20.5,1.0,1.0,0.0,-0.0044,-0.0431,0.375
2TBgfE1u7uodYUSuhtRuC4QkLFb86HM6dArXifj6YGjE,20,4,0.1717,8.0,2.735,2.382,30.0,1.0,0.0,0.0,0.0002,-0.0433,0.5
G1am3cE1J8nFiC1iDuNf4uoonTtwy79wVSevHnuGNuCb,5,5,0.4889,20.0,2.348,2.447,7.0,1,1,0.0,0.0251,-0.0438,0.8
C7bxEPpy1aXHk2vBARbrBVDDxrYEmfgsznssgYE7hM4s,7,1,0.0988,0.0,2.962,2.79,10.0,1,0,0.0,-0.0438,-0.0438,0.0
Dkj5RZAzPAj8gwJAo1WPv6FLRxAb8x5dPAZ8ZgAiiHQE,20,15,0.0489,10.0,2.323,2.328,7.0,1.0,1.0,0.0,-0.0023,-0.044,0.333
3s2qYd5uhGdjwHK9UWbkreVHkVt5JWTR46BqPT8XcLRF,13,3,0.0489,13.0,2.17,2.979,22.0,1,0,0.0,-0.01,-0.0447,0.333
7VzYWk2exTv8vqW4RUTrFAhmERcwPRPRY79xDhX7YAb8,8,5,0.148,25.5,2.202,1.672,11.5,1.0,1.0,0.0,-0.012,-0.0452,0.2
B3pVrQTrczssdu6ewzLFKpGFKAxGRoi9QUrxK5n23WR4,10,3,0.0782,21.5,2.563,1.859,10.0,1.0,0.0,0.0,-0.0146,-0.0473,0.0
A4HmqXTJCrHLgHv6vpB86287xWbpXVfF8h9E3nLv8M81,7,3,0.1975,35.0,2.047,2.144,12.5,1,1,0.0,-0.0139,-0.0487,0.0
2E7DQDjtGWSrH2CCotUFqQmGpw6KDHhyoo4tZE419xpT,12,5,0.0978,6.5,3.078,3.109,25.0,1.0,0.0,0.0,-0.0002,-0.0493,0.4
6BDy84GN3QmqZb7iohAQKWFSrmSY4GwFYAiUVj5r8tN5,5,2,0.642,20.0,2.944,2.782,48.0,2,1,0.0,-0.0255,-0.0509,0.5
6755JvJjPYF7hbocZ2CxyLAd2FvWYWXWjzvfyKGUarQK,7,4,0.176,24.0,2.462,2.654,63.5,1,1,0.0,-0.0105,-0.0534,0.25
4G63MsFMD6pyHwFLXSGZERT75Xgj7J9ZKDrN497rYxgp,11,10,0.0978,12.0,2.435,2.143,12.0,1,1,0.0,-0.003,-0.0538,0.4
GckmMb6ekEfVXZz2adATmaCcGsEnV4tHjSioBt1ezeSF,12,4,0.198,33.0,1.602,1.767,52.5,1.0,0.0,0.0,-0.015,-0.0544,0.5
C3DzwFnpw9nwwRf4Xr8j4V8DrwfjawnuGXUPgYJJx6te,7,6,0.1481,7.0,2.102,1.954,1.5,1,1,0.0,-0.0094,-0.0544,0.333
CFxV5thMrC2zePzDqtegAMPMENP1R5iayRWFq2TFM9kN,12,4,1.2222,13.0,2.448,2.645,43.0,1.0,0.5,0.0,-0.0314,-0.0547,0.25
41s2sCXDJj9Vzz6npFb8PMbee61Wg28L28ojePqDZRSA,5,1,0.1975,96.0,2.918,1.429,135.0,1,0,0.0,-0.0568,-0.0568,0.0
2k8jBZZqYtMpDgzQyb23DqWQBQHhp5LFNbuuHwiEctUP,5,3,1.3148,10.0,1.973,1.725,45.0,1,1,0.0,0.0649,-0.0574,0.667
Azxu5fAdDpko5LpHeefbCxPUeMagj6KG2edL7heBAu3n,6,6,0.3951,177.0,2.064,2.127,17.0,1.0,1.0,0.0,-0.0025,-0.0575,0.333
XAYm1ie6cvtVvpCa6rAvoXPV76EL3R262hXGU8pL6Pq,9,6,0.0978,14.0,2.961,3.31,18.5,1,1,0.0,0.0093,-0.0589,0.667
Cy78cfePXDG2CtPb2M81DeeGPwRBt6MXHFNYcmKKR9CU,10,10,1.4815,3.0,2.384,2.21,4.0,3.0,3.0,0.0,-0.0048,-0.0591,0.5
FKcUzAkAXky2mp1sTcCuEoa4SQYn8ztyiYNrJDD3dVuv,5,5,0.0988,8.0,2.111,1.918,5.0,1,2,0.0,-0.0103,-0.0597,0.2
4yjfYNdHMdhe7pDxKYxhRLjLDWgs4QdBWqNKxExpfNeL,12,2,0.4889,21.5,2.635,2.872,12.0,1.0,0.0,0.0,-0.0299,-0.0598,0.0
CZbhXC7ECnDCZrnstvo24gLS4EdPZqJqu7A4Hh37KHxw,5,3,0.1528,6.0,2.9,2.443,23.0,1,1,0.0,-0.0131,-0.0601,0.0
FZpvKnMPQVxayKvBz55dzCFUCTxLaVe2k9dqhKG2Qjhr,5,2,0.3209,46.0,2.371,2.425,23.0,1,0,0.0,-0.0301,-0.0602,0.5
9LuyYL8cV8snmf4Pw93GdQXs92ggrUkNLqTbBRbcPcPD,7,4,0.1467,3.0,2.793,2.4,41.0,1,1,0.0,-0.0207,-0.0606,0.25
4eGw2em3U3WNvdPioYYFc3inK1L5vtCs3ymcoY5dpzmJ,9,1,0.2078,34.0,3.006,2.341,29.0,1,0,0.0,-0.0607,-0.0607,0.0
2xKDETThQeNxPZAtkicq8UABrRQtyRfHTwCs57mTpFFQ,27,4,0.4889,24.0,2.721,2.204,23.0,1,0,0.0,-0.0125,-0.0608,0.5
HmjkZdN3Qzj4PqCk6C4YuT3o9JZdcFBFzcvk1Ji5CaMr,7,2,0.0489,23.0,2.907,3.017,15.0,1,0,0.0,-0.0309,-0.0617,0.0
AowrJaw84rGhmFFYRTqs3diCHwg8Q5zjMVWmWSfNkQJU,17,10,0.1549,66.0,1.965,1.969,17.5,1,1,0.0,-0.0048,-0.0621,0.4
CWvyyHFxzApoJ6j4FV7oaYrm92pJzK6yA9WU7PfkKCTV,18,10,0.1592,101.5,1.893,1.96,21.0,1.0,1.0,0.0,-0.0083,-0.0622,0.4
HrMzhHxF7m2jFUc272wYMTch1ubrSrTMMhdX8SU1unzp,6,3,0.2444,3.0,3.664,2.772,5.0,1.0,0.5,0.0,-0.0222,-0.0624,0.333
DMw5597ixEk71fkdgcgZjCTaVXmtCKiA74gKDNDjpct2,8,6,0.1082,19.5,2.052,2.034,17.5,1.0,1.0,0.0,0.0051,-0.0629,0.667
9Quot6eMg4L38bZJxrytFdyQy7pa65vqr96NE8HrPGdy,5,2,0.2933,29.0,2.63,2.445,14.0,1,0,0.0,-0.0315,-0.063,0.5
JACkRsZXCtdCyZX18JHdbU1KaZdDwj61G21kd6tK4GB1,6,3,0.7333,180.5,1.754,2.583,156.0,1.0,1.0,0.0,0.0148,-0.0632,0.667
Ei3Brw8gaMcp1re8tLuXn5Cs86cn14psvH6oDWWvEyVo,8,3,0.1369,13.5,2.72,2.709,16.0,1.5,0.0,0.0,-0.0167,-0.0636,0.0
3zBhKja6n7RrEE7tu4znadcESqWPq83q7BgfvooAgh1r,6,4,0.4009,31.0,1.616,1.45,18.0,1.0,1.0,0.0,0.0124,-0.0637,0.75
AzWnNS9isJR9HZ6WAEAUwqVMu5SAwHsPNmrmEVCroyMS,8,1,0.0587,40.0,2.792,1.346,27.0,1.0,0.0,0.0,-0.0647,-0.0647,0.0
8HjU8TmPPPskjMKDnYbdV8TBH6h9S1HdivLf6tQ8wbug,8,4,1.1725,0.0,3.052,3.443,44.0,1.0,5.5,0.125,-0.0153,-0.0661,0.5
B5fWBDbEof1EHeURSvQgHp8yUuyV5GY3EfT4VAybfsgJ,26,5,0.1467,3.0,2.544,2.247,36.0,1.0,0.0,0.0,-0.0123,-0.0661,0.4
DA5jG8dJTZ2twkb5o87FfbQkpSgxMNw7u8t5mC4StGEX,5,1,0.1956,26.0,2.295,1.681,27.0,1,0,0.0,-0.0663,-0.0663,0.0
2dyrumCrYRz7q1XfZhg8SRaXdQMzV82NVboUdSW3SERd,7,4,0.1467,10.0,1.921,2.115,4.0,1,1,0.0,-0.0062,-0.0675,0.5
9pP8SRaU7G4gP2aAckggBBLXmGT266LyrdQuA4Q1CB5h,17,10,0.1987,114.0,1.81,2.048,21.0,1,1,0.0,-0.0111,-0.0678,0.4
2CRMPUsMieFobHacFrJnzFBfP3Ngvz5fTfYzgzT2T7hw,8,5,0.0988,28.5,3.422,3.554,14.0,1.0,1.0,0.0,-0.0216,-0.0685,0.2
6Qzj8T9J7oE6EGbsiQoppoumzCebWvaMoaRFny8dPCmW,6,1,0.0464,11.5,2.893,3.425,28.0,1.5,0.0,0.0,-0.0688,-0.0688,0.0
22LivtiyTsUAnPwBQrV9rKjeBmyy2v5EVTWcKudhMQBs,6,5,0.1467,20.0,2.97,2.568,19.0,1.0,1.0,0.0,-0.0091,-0.0703,0.0
76fevDKJMakka6vrLZrtaHrnw5wDx1qZqWmvKvoi2Quo,8,7,0.0988,4.0,2.139,1.875,15.0,1.0,1.0,0.0,-0.0107,-0.0709,0.286
8vG9WDXER7KSmvs6uZ1B1X4wodmMdfNco6aFSteUQ5y2,9,6,1.4667,5.0,2.944,2.355,22.0,1,1,0.0,0.0219,-0.0709,0.5
D7dYjKsZYdf8tdveh88iwAkFVy67skfyxHjSn9nVd9rr,6,2,1.2222,14.5,2.939,3.017,41.0,1.0,0.5,0.0,-0.0355,-0.071,0.5
GbdqkCCL3TPGVfdztYMeDTTuhhfK38BQDHG8Tz8PX7XJ,12,1,0.1956,11.0,2.147,2.976,89.0,1.0,0.0,0.0,-0.0719,-0.0719,0.0
7rRR79y95xyaRNJH4dEdWG4B4vCRXJRQH9N4Bcya73UT,5,4,0.0978,26.0,2.007,1.734,19.5,1,1,0.0,-0.0097,-0.0723,0.0
F5MYFKgmGP1dGgSYuJQ8Crr2jkayxbeC7ArDMyU2tAjv,16,8,0.1832,78.0,1.769,1.823,20.5,1.0,0.5,0.0,-0.0121,-0.0729,0.375
6Q1g1nH4KhK8N7zvnuUytQ17pLqN61ZpPJUTXDXL2HxZ,7,2,0.44,36.0,2.488,1.977,46.0,1,0,0.0,-0.0371,-0.0741,0.0
5XrFPhrRfdjdhb2SBeRGvPUfjNymFuxGSnK7QJY7MCzX,15,10,0.0587,21.0,1.98,1.889,24.0,1,1,0.0,-0.0053,-0.0742,0.3
EV2mfssp9Pr3jukNvpmnkQxG8cwDhUBVsZX6TzBAaMFw,7,5,0.1778,1.0,2.888,2.808,15.0,1,8,0.0,-0.0106,-0.0749,0.0
92pY1qXJAakyGp6UZ5tEDMnk8MkLRkwhb2LbpkJTdbWq,19,10,0.1606,65.0,1.829,1.891,20.0,1,1,0.0,-0.0108,-0.0752,0.4
FMftf5KTGDHua5i7yw9qdGMoSUDzdurQNrDno22ZXGXx,24,24,0.0988,5.5,2.053,2.01,2.0,1.0,1.0,0.0,-0.002,-0.076,0.417
AN4ZFBZBwbqBjEsRoq6qSaB4E39JVv9wmGKmKSvBarLN,19,16,0.0978,17.0,2.244,2.135,15.5,1,1,0.0,0.0033,-0.0764,0.625
3eqz2xypd68zWRc3KzwnAWzxiaGm3MWxaEY5JLk99CKQ,8,3,0.7301,34.5,1.899,1.574,7.0,1.0,1.0,0.0,-0.0449,-0.0781,0.333
HXQFEgBUZf4rBWXskHLFyRNcXGZKBrMEd8mbH22F2pXH,9,9,0.0978,5.0,2.842,2.081,6.0,1,1,0.0,-0.0022,-0.0783,0.333
5rs2FANFuZysRhT1DR1MMkEsysMizXX2pTSCKzZm9BQa,8,2,0.6247,0.5,3.062,3.41,14.5,1.0,0.0,0.125,-0.0393,-0.0786,0.0
3hpHYrjEyxoSzYTbxXDMprc8GHxTKwtGo5HwNdXFBzDh,10,2,1.1461,30.0,2.616,2.945,11.0,1.0,0.0,0.0,-0.0396,-0.0791,0.0
iVPxr7dVMgfVhzbjSV6eudjFdQLb7HxrPDLiY1JuuBh,12,7,0.0988,0.0,2.248,2.069,5.0,1.0,1.0,0.667,-0.0252,-0.0793,0.143
6GKDerUwJ32XfAxVjjiC5emMRGpPwD32zrMgoqNqDL1N,6,2,0.6356,12.5,3.299,3.302,28.5,1.0,0.0,0.0,-0.0399,-0.0798,0.5
vN71XXQf6PMramV4KqdHbV1jxfk1hYb4k5T17M27AQW,6,4,0.2982,4.5,2.58,3.224,16.5,2.0,1.0,0.0,-0.0085,-0.0801,0.5
Dw7b2HkRj6tHQuUA6VSY4g4b2ZvxFvDByaBJdnzgWq6U,5,3,0.1956,9.0,1.977,1.885,39.0,1,1,0.0,-0.0073,-0.0806,0.333
D3tC3CJcKs1rxz8QYsrZwSupWmQMx4mF6VLZpWSvgt8D,7,5,0.0489,16.0,2.726,1.992,15.0,1,1,0.0,-0.0097,-0.0807,0.2
6tEBvipciTictXqGv9nz9zLs5NnM8ztLiiG7UosGEMzq,5,3,0.4938,12.0,2.732,3.07,11.0,1,1,0.0,-0.0331,-0.0816,0.0
6axhtCxWouLZFLr8Uin1npUXuvAqZRd8JvGfYWZgdQer,8,2,0.4646,24.0,2.728,2.952,22.5,2.5,0.0,0.0,-0.0409,-0.0818,0.5
2tgUbS9UMoQD6GkDZBiqKYCURnGrSb6ocYwRABrSJUvY,6,3,0.2547,47.5,4.75,2.462,9.0,2.5,1.5,0.0,-0.0422,-0.0825,0.333
2xp6TRJWDGL9R5YtZQArVoxfdYoN8NsnDQarfQ2AVBQN,5,3,0.1956,8.0,2.259,1.878,13.0,1,1,0.0,-0.0294,-0.083,0.0
3V8sMcxDkduKPsDcsxmjzt2NWAYZsBW4aJ7eL7jm3PdW,6,6,0.147,2.0,1.587,1.68,3.0,1.0,1.0,0.0,-0.0107,-0.0838,0.5
FtTWnrFen7fPCLj3KYVYnfJpthjpeye1hyaQRSJFt8pU,25,4,1.46,21.0,2.055,3.105,13.0,1,0,0.04,-0.0884,-0.0841,0.5
5ZHgoGXe5gpEeZAAaBMQtk7EH8GUrjxkQVkUK4Y967k4,8,4,0.44,20.5,2.053,1.615,13.0,1.0,1.0,0.0,-0.0394,-0.0842,0.25
6ZVX2LV1zmHKY55CuXgiMnRPBDF4gPWS9VqkQzvDawZu,6,1,0.3911,24.5,1.916,1.862,51.0,2.0,0.0,0.0,-0.0845,-0.0845,0.0
A3iPVq1CsAqTMQzTMJqRNmKbkHQLBZANmc9VBNPyNTqU,7,1,0.2444,22.0,1.896,2.433,3.0,1,0,0.0,-0.0856,-0.0856,0.0
HKvXQeVXvWvDmcwe17R89mD29S3xk4ezZCdV2CNj1hnU,16,12,0.1677,18.0,2.732,2.351,19.0,6.0,1.0,0.0,-0.0097,-0.0867,0.333
KPEF3xjDBQjdbt32n91KsEQWoL6QQRwN6sWtxdikDJR,17,13,0.1511,19.0,2.671,2.191,11.0,6,1,0.0,-0.0044,-0.0872,0.385
4ibeCP6SfuTn6QyVCkV99xjHt3XSTbqGiw1WyWdq5DRy,26,10,0.5867,15.5,1.785,1.767,39.0,1.0,0.0,0.0,-0.0151,-0.0879,0.4
8jMoXDvqmcF1gFA8tYc2WtTswezZhddU5eMg4FEiRQbX,6,4,0.2933,9.0,3.577,3.219,28.0,1.0,1.0,0.0,0.0506,-0.0885,0.75
7SDG2vyv3avA6te2BzUAZ2pSzRRrMKeazaueAyy6q9na,34,16,0.1481,53.0,2.059,2.138,18.0,1.0,0.5,0.0,-0.0081,-0.0904,0.375
ChUDLb94pRxseyHZYpiJwTcdWd2tTET62E4szEY8RbHk,5,1,0.0489,10.0,2.468,1.279,45.0,1,0,0.0,-0.0908,-0.0908,0.0
7W8SEZv79hk4445o56Fd6RzhbUsozkzGXi8vkc7vNRr8,10,5,0.2936,30.5,1.49,1.315,25.0,1.0,1.0,0.0,-0.0129,-0.0919,0.2
GiZBjittr5ugxFE9b7psismTtGEYgjHqHwuGiMX58n5n,9,2,0.2603,16.0,2.678,2.641,30.0,1,0,0.0,-0.046,-0.0921,0.0
4pZuiwbnRqmrQVZR4irmbuE9ZwpFKs4y6Azt191iwjMN,5,2,0.3951,34.0,2.509,2.514,30.5,1,0,0.0,-0.0464,-0.0927,0.5
CHmkNntD6LEUrBtguvaXcaSbMWoCSD8YfTCcKv8wHupH,5,1,0.2836,28.0,3.482,2.02,28.0,1,0,0.0,-0.0931,-0.0931,0.0
BJrhtoMD1D6mnD4ruaDPTERy3bZjXZ4DY4rw1gVncz5C,5,1,1.8428,33.0,1.878,2.195,12.0,1,0,0.0,-0.0933,-0.0933,0.0
4n4okfassXvAMWCpZpTDY3tot4Ys2oB7gnAfGdNXQieS,10,2,1.3933,10.0,2.101,1.697,23.0,2.0,0.0,0.0,-0.0477,-0.0953,0.5
2v4FX786hG8crDSho79svDcrQh1syCded3vcYvfyhatW,13,6,0.0978,4.0,2.834,2.729,4.0,1,0,0.0,-0.0045,-0.0958,0.167
5uLKBLsWzfY1btEKhU3T2HPbhDKfv6NEaHhjxtu83XvF,5,5,0.4889,20.0,1.684,1.829,31.0,1,1,0.0,-0.028,-0.0962,0.4
DuAYnFE6w3hUhipJzGtsq7sbGc5n6moMAGr6wGiXUvHh,9,7,0.0684,21.0,2.038,1.842,12.0,1,1,0.0,-0.0001,-0.0975,0.429
Ec1ppyYrai72DM5B8wqYmQU7HrS1kk1xQDx8DUxEFnSL,19,14,0.1956,12.0,2.198,2.272,25.0,2,1,0.0,-0.0074,-0.0977,0.357
9ZqzooiWZSpdtJKvXwuWLMzZf1EhwZvefVdb3T2TXG6Q,6,4,0.1591,33.5,2.906,2.656,7.5,1.0,1.0,0.0,-0.0266,-0.0979,0.0
DLhUU86vc1RERd8yq8ZU4SWFQCPd11YTZXfD7PE6EyA4,13,12,0.2079,18.0,2.699,2.364,9.5,1,1,0.0,-0.0148,-0.0988,0.417
AqmyUaCa2riiZGXyzpPfuFffGLTXZUUMdjxa5Kfna4Zj,17,17,0.0395,0.0,2.662,2.613,6.0,1,1,0.412,-0.0004,-0.0991,0.294
7Ft8mYEEJCmn8Aa81vtRi97dhCn8sPN7saCfAhoMs5z8,5,5,0.2963,14.0,1.999,1.931,3.0,1,1,0.0,-0.0215,-0.0999,0.4
Fn8WJ5afkGJp424indxe9jqNZDjbUDPsMcCm3tP8HEeP,29,29,0.0988,6.0,2.041,2.014,2.0,1,1,0.0,-0.0041,-0.1006,0.379
CFie9mRmvVVMf4kwDW1et1WmNwVUfhzvG5s7FD2ocdax,22,8,0.2444,6.0,3.222,3.193,22.0,1.0,0.0,0.0,0.0061,-0.1011,0.625
DFN2qp6F9VntG9AnSkMq48isQTbpjKyQSTYVxKN9ChbL,5,5,0.1185,2.0,3.205,2.286,13.0,1,1,0.2,-0.0247,-0.1024,0.0
y1DTmega5BJmV8E6jQRXALRfv3HpnN2bvB544N1XXCb,8,7,0.1956,3.0,2.04,1.875,18.0,1.0,1.0,0.0,-0.0141,-0.1027,0.429
HDpkMi3qYSmVBAHZA7TyW5PDPm36dJzgwVNLFcoczF2p,16,12,0.1573,18.0,2.727,2.34,19.0,6.0,1.0,0.0,-0.011,-0.1032,0.333
8dPKR89DKXdADbxz3zuLxDquLvptdJwPWTAkTmTsZesG,8,1,1.3333,36.0,1.9,1.619,190.0,2.0,0.0,0.0,-0.1032,-0.1032,0.0
2yD2spCsVLhRLX4aVZMuEhBhvfnRgqtgNioKjavpgXiB,5,5,0.2933,13.0,1.663,1.601,14.0,1,1,0.0,-0.0221,-0.1033,0.2
AQYQmxbkwovqXSj2X4DxRmpkQsDH4hXCqkobqW18eKDG,7,6,0.1173,8.0,3.213,2.889,22.5,1,1,0.0,-0.0045,-0.1035,0.167
7EmUSAXbyXoGpqLPpurkQ97S4ovMdkbjyYPrKtJHtkqa,5,1,1.4672,44.0,2.927,1.886,4.0,1,0,0.0,-0.1039,-0.1039,0.0
CHvWpTWTZXUMvWfX7jmy8vhHbAqn6YvLc8wBxXYi4KiW,10,3,1.3728,10.0,2.506,2.549,14.5,1.5,0.0,0.0,-0.3058,-0.1069,0.333
ASh6E72Em4gxynw2i5CYMycdCyxzUKogem2JMPvp5Jvu,5,5,0.4938,13.0,1.873,2.175,7.0,1,1,0.0,-0.041,-0.1075,0.2
8YPZyUdF6uFYEUcR6QhqTKPLjPkzCNDiXonogun68Rxq,6,3,0.0978,19.0,2.069,1.415,25.0,1.0,0.5,0.0,-0.0258,-0.109,0.0
CSAAH5t5F64V7wuVV6rLnWJt7JtrK9fhsj3coLMkgFPb,8,4,0.983,17.0,1.956,1.816,14.0,1.0,0.5,0.0,-0.1181,-0.1101,0.25
CVwjmDXhGfejBvrYstTkwqeyuJX8JUWXfBjstjJgUta5,14,3,0.2127,9.0,2.736,2.761,31.0,1.0,0.0,0.0,-0.0263,-0.1102,0.0
sdf6cSvVHLR7ZaAxdpiiT92rjRnnTbGCNDVzZkVohx2,6,1,0.8507,12.0,1.878,2.162,9.0,1.0,0.0,0.0,-0.1106,-0.1106,0.0
HmCeTgGHxTorm1Max3iioWjq3YF8ZiADj4SJMAeQG1Po,12,8,0.3016,2.0,3.116,2.681,4.0,1.0,1.0,0.0,-0.0124,-0.1131,0.25
4GhmDZbXDx3iCq6wW6FeUNARsS66cLWHEfwimfwTcmUN,5,1,1.0088,28.0,2.633,2.245,10.0,2,0,0.0,-0.1139,-0.1139,0.0
EticZye8r3m3QkGPN2xYDHShqwkd2VSRGNbuPZS8UJq1,6,1,0.318,9.5,2.968,1.553,44.0,1.0,0.0,0.0,-0.1144,-0.1144,0.0
CUFMoLTQEvXx2Mx1HZswZuRRR5YASQLdRar3PoHNA1f4,6,4,0.1435,39.0,1.72,1.909,16.0,1.0,1.0,0.0,-0.003,-0.1147,0.5
6VpLJRrYHNZMAw9HPYMyc2XQibwsaA8ThtRGcH5jgyiB,5,1,0.9877,35.0,2.027,1.217,242.0,1,0,0.0,-0.1152,-0.1152,0.0
BMkHjN2N8K2PdCqeC92YYjUovn9ecW4GvFpH6yDggXWJ,12,11,0.8556,6.0,3.006,3.058,14.0,1.0,1.0,0.0,0.0139,-0.1152,0.636
8vtNfjwH9zU5LMR31vyBA7GVpswgYSydU64cSuoeBtVJ,8,2,0.3618,58.5,2.131,2.725,44.0,2.5,0.5,0.0,-0.0588,-0.1176,0.0
APUYxGfKmJL7dJbve8k6k2ANeLUqAvLJKCBzr3ujL62G,13,5,1.4667,24.0,2.964,3.014,17.0,1,1,0.0,-0.0425,-0.1206,0.2
9udqZzePbx3N7917LK9PzgxrDqQEQDECtLc8KTYCNghX,8,1,1.5957,19.5,2.891,1.277,9.0,1.5,0.0,0.0,-0.1208,-0.1208,0.0
5H2AFCpPjFsVN2S2AhvV3fcTv8YBfCXA6EKTAMpqoQEB,12,4,0.5432,7.5,2.948,3.807,40.0,1.0,0.0,0.0,0.0077,-0.121,0.75
GjKjTmzuoAMdxmKHJpQp9PTJLNuvN1SBXAEARr4GEB1c,7,3,0.1975,180.0,2.764,2.559,77.0,1,0,0.143,-0.0245,-0.1215,0.333
88Jj2TT5bRGtoxdvFZq2rC2EwMNdyC8FKqD8Rpqy7epa,6,2,0.5432,20.0,2.135,1.764,182.0,1.0,0.0,0.0,-0.0611,-0.1221,0.5
2KUNVE1Gcn136W85DmvAugjq6Ku6XWLyrDSoAJRT4oJF,23,15,0.5867,29.0,1.507,1.634,20.0,1,1,0.0,0.0156,-0.1225,0.6
CDUz1QYzfv31AK4Z5nS991jJYXPtsUpAAzhmWh5VWpq4,5,3,1.5054,2.0,2.911,2.686,36.0,1,1,0.0,-0.0404,-0.1225,0.333
C1Gzk2VorX9MP48mMW4k3AaSaXcvQyiMEqEEagxLx6Jf,5,1,1.1733,21.0,2.724,3.106,9.5,1,1,0.0,-0.1238,-0.1238,0.0
DNf9cAQAui9gjFoAGqKVhJguHmWaDpPytQpbL8Zy96Vb,14,5,0.1467,24.5,1.359,1.099,26.5,1.0,0.0,0.0,-0.0161,-0.1242,0.0
G8ASzNwgU93vUxzNEpwkG38dT3zLXXep7JYTbmkKSF4R,14,3,0.1911,9.0,2.772,2.759,31.0,1.0,0.0,0.0,-0.0282,-0.1245,0.0
7reR1o13S4VXpcTmB6Wtkrvi7wpba1C3x2LEmYEBRvLM,6,3,0.2963,48.5,2.069,1.826,45.0,1.0,1.0,0.0,-0.0504,-0.1255,0.333
5xpb4js5WjjT3NQaj3MFDZVy2k7VS5RHW1C1DA4PXJcQ,5,3,0.1975,26.0,3.205,1.995,13.0,1,1,0.0,-0.042,-0.1255,0.333
Go9BEhJGCpbXFzky6SWcofqQyuiKrtE1m9Knx1aiZCc8,6,4,1.0032,12.5,2.173,2.289,32.5,1.5,2.0,0.0,-0.0339,-0.1255,0.25
AgNaa6DLja2Nc5KEu3oEJ9Aan7shFFDB96fg6N7unxWS,15,14,0.5076,32.0,2.221,2.033,8.5,1,1,0.0,-0.0131,-0.1289,0.357
HFdPY2Nyd767KATv6HqDUZqAu2iJHuiAGBQq65hzvhrx,5,1,0.2933,16.0,2.009,1.729,144.5,1,0,0.0,-0.1295,-0.1295,0.0
4zAhesR8L36ULUXY33Ny85R7MWsELENCWkNfr2tJTYfr,17,16,0.1185,6.0,1.91,1.876,3.0,1,1,0.0,-0.0083,-0.1306,0.312
8Gs3mFLhv3FeS6fVKziTE9FdtKhFhec1q8iZzHLCkEG8,5,1,0.3951,2.0,2.634,1.722,15.0,2,0,0.0,-0.1317,-0.1317,0.0
572gijC9dnNiSFgeSDaLMEmPzyZH9MqT7SCVMwKkeTqF,5,4,2.0094,16.0,2.63,2.636,13.0,2,1,0.0,0.0667,-0.1327,0.75
6rDh1xDMCxLPPBPME5jCELBStkNJjk17CwjXii3XpLtC,35,6,0.147,12.0,2.871,1.7,19.0,1,0,0.0,-0.0243,-0.1341,0.0
DKmr9DERUaGScYo9hYreRcMUoC9wdUAZd5kLGBYpqYrR,7,7,0.1369,7.0,2.635,2.221,7.0,1,1,0.0,-0.0047,-0.1349,0.286
4VZmDhFTgZxm7DbykKGrhFvyRP1f3p9wdqfRdNNZRGAY,6,1,0.8003,38.5,1.415,1.504,27.5,1.0,0.0,0.0,-0.1349,-0.1349,0.0
RgfCe2AHWyPvFXYh4MJYi7LUvDWJ8jjXdUsLqA5C1HC,5,1,0.2963,36.0,2.355,2.726,152.0,1,0,0.0,-0.136,-0.136,0.0
J7A6y2VmmbCAkeBLi7MH6gkSHyPPqT2KQnaXvRYuk6U5,9,4,0.1284,28.0,2.113,1.461,15.5,1,0,0.0,-0.0383,-0.1371,0.0
YZYhWL5hScNwejoh4nJcnLK6GLPV8fQ1BkFk6ttRsST,9,7,0.3911,0.0,2.864,3.25,16.0,1,1,0.111,0.0076,-0.1377,0.571
4NA6m2oMoHJ3GXNik3v72QTvaSVFR4wSVCQyiq5LqgiW,17,7,0.7333,11.0,2.866,2.438,11.0,1,0,0.0,-0.0093,-0.1388,0.286
AcDx5H7wG1DFukFf7TKjZA96qmtnWqP3uKbyEgfv8DHk,7,1,0.3652,10.0,3.258,1.568,44.0,1,0,0.0,-0.1389,-0.1389,0.0
G4rV4RGPvny872iVES62XfLcKGEiaH16ZPWVzFmiXM37,13,3,0.002,36.0,2.225,1.665,25.0,2,0,0.0,-0.0002,-0.1394,0.0
FUeJnQCxdHipTtheYAa4c2X6ayTZJDEkGiXGdtNT37j7,13,5,0.0978,7.0,2.276,2.252,23.0,1,0,0.0,-0.0111,-0.14,0.0
3jvM9vL8SAh1xVbXPkbd5uLiA5VaFN1VBMgb7ManU6vM,42,35,0.1481,4.0,2.612,2.572,3.0,1.0,1.0,0.0,-0.007,-0.1419,0.4
D1QSj2b3cXhVkBgjYW6BTUtE9FRQ6EpYPftcMTxaHTZA,6,2,2.2215,60.5,2.569,2.968,73.0,1.0,0.0,0.0,-0.0711,-0.1421,0.5
dfgheigJ6YbVzLprDuvYsvxBGXz2vQHBga1veej4T8w,5,1,0.6855,14.0,2.164,1.71,37.5,1,0,0.2,-0.143,-0.143,0.0
5iuDDh6HhW5QdTRN1YfLz2hpv2ktzuRAT2BBTJB1fD8k,6,1,0.9307,25.5,2.07,2.161,10.0,1.0,0.0,0.0,-0.1437,-0.1437,0.0
6JnmzTNSykz6yaVGbj2ckAbXZCumJqEAz2AxnuhCkSQo,13,8,0.1467,40.0,3.312,2.143,13.5,1,1,0.0,-0.0068,-0.145,0.25
3T2br1XbnohHKAiVMGhPATaA4MYBpk17J87NXVWonGrG,7,2,0.4938,26.0,1.775,1.353,25.5,1,0,0.0,-0.0729,-0.1458,0.0
BQ96SNBHWM96fJQA8zNkyKXhN6ocdTtuJHFPpigPyyhb,19,13,0.1467,15.0,2.709,2.52,14.0,1,1,0.0,0.0033,-0.1467,0.538
BVyEmwFa2WUk7PnzMBbspu86PmgTr2j6NHct4K1ok6ki,21,12,0.1536,58.0,1.773,1.857,16.0,1,1,0.0,-0.0149,-0.1472,0.333
8wb6H4BGVCGTg5Az9Khm15LkSBavZ4M2K333ok7KqdFq,9,4,0.3422,23.0,1.563,1.533,17.5,1,0,0.0,-0.0506,-0.148,0.25
55PB376nxsrBLTZr1UdQSk6M89AxPif6oKmbmZmWq5dr,14,5,0.5132,30.0,2.149,1.825,19.0,1.0,0.0,0.0,-0.0306,-0.1501,0.4
Cr3pMDeRgUpfmMnjM5yQqhqRnWVZSa7zW4QaQ9uoXbus,8,2,0.9778,8.0,2.525,2.759,2.0,1.0,0.0,0.0,-0.0751,-0.1502,0.5
BYbENAZWJmn7bZAiGKkTWdmmyfUieL8MNXCkYm1gxzyp,12,1,0.2963,0.5,3.112,2.722,53.0,1.0,1.0,0.0,-0.1509,-0.1509,0.0
6mUDYv9ia8FE4a5C7nCFdyb978mPWLjuBZZpdxhtQCQm,6,1,0.1564,21.5,3.029,3.122,8.0,1.0,0.5,0.0,-0.1515,-0.1515,0.0
CYKAc8r1KAmed3mXGNQd6nyUwY3H6Eje5URYWvuxqwQn,6,1,0.8799,25.5,1.978,2.08,10.0,1.0,0.0,0.0,-0.1557,-0.1557,0.0
CYCXLfHeiU31trs92ei38i94TBECdDEZA5xx5CNctAME,6,1,0.9778,45.0,3.85,4.957,22.5,1.0,0.0,0.0,-0.1559,-0.1559,0.0
FaVqTAXTfTdL5qHoZ99NAXZKU7PkuTfVkPfNLwzzA1fX,6,4,0.3929,43.5,2.988,3.201,14.5,1.0,1.0,0.167,-0.0429,-0.1559,0.25
B4LEoGU6ExpwjDtedZxQeK1SyYXmpu4TsQ9Yf76gTEBk,5,2,0.1975,33.0,3.506,2.698,29.5,1,0,0.0,-0.0789,-0.1578,0.0
9BX53nUu6ChWpHo95fLKQ9gT2qyGFYG113GQWWUJ6f8S,5,4,1.7089,37.0,3.509,3.641,8.0,1,2,0.0,-0.0049,-0.1584,0.5
Hk1ffxJvFXx97mi6ADoTVM4w53io9Vj4xkKWrRNEEdMK,11,11,0.1481,8.0,2.692,2.351,18.0,1,1,0.0,-0.005,-0.162,0.182
5V9zsFPtN2nxoA53Xm6FKbx797NBnBZFxMdr84H1QXNL,11,5,1.8652,9.0,2.171,1.878,27.0,1,0,0.0,0.0417,-0.1625,0.6
M23MSacgRPNbg2X23sLk4Rszr8eaCy9U6ouf3vEneuD,6,1,0.44,33.0,1.934,0.583,26.0,1.0,0.0,0.0,-0.1641,-0.1641,0.0
922VvmmYDHV9KMTJJ71Y5Yd3Vn7cfJuFasLNSsZPygrG,5,2,1.7364,33.0,1.767,1.865,25.0,2,0,0.0,-0.0829,-0.1657,0.5
sHE59qLb4p9HjswXvjmQhRdrWP8VYLYcAEaBKhY8Sr4,6,4,0.0015,2.0,2.631,2.593,7.0,1.0,3.5,0.0,-0.0001,-0.1658,0.5
iCAwZS5DEUJkosgjk2cP1izzqbc72eVVtZV83YZk3Rj,6,3,0.9778,16.0,2.771,2.46,11.5,1.5,1.0,0.0,-0.0465,-0.1659,0.333
maseF7RcQAadBhsqkXeL2Rfk1HL2QgMiausDHdhghup,5,4,0.2963,23.0,2.449,2.19,8.5,1,1,0.0,-0.0378,-0.1677,0.0
G5twWpe7ebDbBWoDVP2rWTgsKzUrh4R9fKAwDf3V6Xfo,6,2,1.7893,3.0,2.683,2.564,20.0,1.0,0.0,0.0,-0.0844,-0.1689,0.5
ERX3GhfwnBSdx2h45rXPBnKk7KNw2mkwwGA9a6fDVTUf,6,4,1.4667,27.5,2.395,2.076,17.0,1.0,1.0,0.0,-0.0841,-0.1693,0.25
5u8miDtshpKpeta4jaN42pkoKdo9ak8HcbHx17L8Nta,5,3,1.559,14.0,2.986,2.659,16.5,1,1,0.0,0.0278,-0.1719,0.667
DQgTPE4QW6kHKs2fbQUZFFA2KZtStNdpFh2f2VYGoiRh,6,4,0.1086,24.0,2.289,2.064,18.5,1.0,1.0,0.0,-0.0257,-0.172,0.0
H8cbcJgrMRGU6jujEfDcprDxtReunzpXfnKbhdbFZ3HU,5,4,1.8327,16.0,2.666,2.478,13.0,2,1,0.0,-0.0181,-0.1732,0.5
DGPk66NJFJgnmmy6ccc6HorB25jPfWGKi3zga2zFg5hk,5,2,0.1975,8.0,5.53,3.127,38.5,1,0,0.0,-0.0873,-0.1746,0.0
FMVfLsDaS3WW1kW3SGY3A7Rb3UgwDWrnjnMX4Vow5dxw,13,9,0.1956,10.0,2.711,2.399,25.0,1,1,0.0,-0.0052,-0.1749,0.444
Dq3jd3ZpPHzspQWhnoi6hFELVyTcpRDHTMduaPvXpjZ8,15,9,0.1989,48.0,1.861,2.258,18.0,1,1,0.0,-0.0227,-0.1764,0.222
GHy4f73LkfTJDr8CvPbvUbhn5jxFdBgyjztDwi1YjKwa,6,3,1.0756,18.0,2.272,2.134,7.0,1.0,0.5,0.0,-0.0696,-0.1764,0.333
xSd5G7e7Sce42BbwnVc4fswRj1A1EJTU54TaW9UxYyQ,12,6,1.4911,4.5,2.806,2.413,25.0,1.0,1.0,0.0,-0.0758,-0.177,0.333
ERU14ALCqDHLouLsRcGsYdvW1AoA12c6raMzsi5KZvNC,16,13,0.1956,16.0,1.941,1.857,24.5,1.0,1.0,0.0,0.016,-0.1785,0.615
6hCR3ajnWWNAef24JbzxTViaQwLFoBKzeVBEN2K5eLPo,8,4,0.5867,6.0,2.946,3.054,3.0,1.5,1.0,0.125,0.0098,-0.1786,0.5
EAVtSDTRygHcGtWDzL6JUSxp9EgzKzVhXDp42eTKKg78,15,5,0.0978,17.0,2.271,1.961,15.0,1,0,0.0,-0.0141,-0.1844,0.2
6wMHgrFh7Ks8nkt46xnznU7ZHsAxBMoJ4aR7frbraUgA,14,12,0.3667,5.0,2.681,1.913,17.0,1.0,1.0,0.0,-0.0546,-0.1886,0.167
SADWY55TzkbdnMAtQdcZWFtmCsjLrrLdZ5Sd7mkoPDd,18,15,0.0112,2.0,2.873,1.823,21.0,1.0,1.0,0.0,-0.0044,-0.1915,0.067
6pUEjESLZNhB5A8vAjjJvpNmg4cqz5Wrf3yfrYSg7m8C,5,4,0.5,9.0,1.76,1.399,1.5,1,1,0.0,-0.0482,-0.1924,0.25
3tKMnkuaQxYXk3Dvwd4yXda15MfYNCcc8HBbbVHQcZ19,8,3,0.4676,18.5,2.223,1.443,13.0,1.0,0.5,0.0,-0.068,-0.1932,0.0
DSxRmHd6Q4VcDgU6BhTpeXLAwGL7kbLQ5ZFSgaJuuaZC,11,4,0.1956,9.0,2.256,1.899,7.0,1,1,0.0,-0.038,-0.194,0.0
AQnK8FB6JhSmMR4wpHHTdjSmGxXgpFMLgSbpUav9wL4P,12,7,1.1217,15.5,2.377,1.849,17.0,1.0,1.0,0.0,-0.0373,-0.1953,0.429
6YmahBmiUXyLJXvvpnZHSwmgghA8qM7jE8tDSDf5ir28,5,3,0.4889,59.0,3.363,2.879,18.5,1,1,0.0,-0.0091,-0.1976,0.333
T7fwsF16v5cHQKafsxU5eJ9cA5H8SiU5s8bAaYoYGf8,31,10,0.0277,25.0,2.592,2.509,19.5,5,0,0.0,-0.0006,-0.1999,0.3
Axf5LozqUKraTv5wmir5jRhk8DJixqkmy2FAYEfisWW7,5,2,1.0267,54.0,2.022,1.705,134.0,1,1,0.0,-0.1005,-0.201,0.5
96LYAv5W17C9Y5KNWT2xKxStqGFPkSiTGThVGgQiurYz,8,4,0.2122,28.5,1.907,1.696,41.0,1.0,1.0,0.0,-0.0477,-0.2019,0.25
6KR7SorsUQtNH6CB6JpAnWCAKeTysa95iyXeWihdNeGT,29,12,2.8864,9.0,2.562,2.504,21.5,1,1,0.0,-0.1084,-0.2022,0.417
E1icorNRLQMDr1C8qWBtA9aadRK2uT2daRYQjtkWUQL1,6,4,0.1956,9.0,2.688,1.827,26.0,1.0,1.0,0.0,-0.0473,-0.2033,0.0
ADrErYMhodzhiVCQb4NtA3RD3fR9AbWduJh6nMyVgj6i,21,8,0.3417,8.0,2.356,2.246,21.0,1,0,0.0,0.0206,-0.2036,0.5
EHFGraJiDaWnxYHVu1s9sFx1oeMKieWVhTiDRezqZXCj,6,2,1.32,8.0,2.61,1.749,23.0,1.0,0.5,0.0,-0.102,-0.204,0.0
3v1jNAQaFbUPZivSqbLKFmpDSfe4eCHdroNqmfPmi1fA,6,4,2.1728,186.5,3.074,3.459,39.0,1.0,1.0,0.0,0.0406,-0.2056,0.75
FkF5GTw8NCgemVYbEBxTJGSR5RyGCaoc1HSBcMm14nPd,5,1,0.1956,13.0,2.33,0.665,34.0,1,0,0.0,-0.2091,-0.2091,0.0
unLUCKyNxVPP74TxxdupaN3R7NNzKYkiPad2A6eZnxX,11,10,0.1956,9.0,2.383,1.933,26.0,2,2,0.0,-0.0312,-0.2106,0.3
2bQxJ82aTmNMaXqzLk53RYJTohHeEQm3EgZgkRAf4kqx,8,3,0.4829,18.5,2.226,1.42,13.0,1.0,0.5,0.0,-0.0848,-0.2119,0.0
8FoBba5tzFuQDbhAT1Y6vJ5uKMw3geS2AD81yA6jWrzu,7,5,0.4938,0.0,2.425,2.415,20.0,1,1,0.714,-0.0787,-0.2126,0.4
9TtZrybJbJcS5ms9TvU7WiWDaSMDVFQYkMyrfKx4ST3w,9,4,0.2963,7.0,2.876,1.79,24.0,1,1,0.0,-0.0597,-0.2126,0.25
5AKwwm5Lqv7Entbc3WFzcempFfdUJnjkc4SMNLuR31vw,6,4,0.6854,11.5,2.256,2.014,44.0,2.0,1.0,0.0,-0.0588,-0.2163,0.25
Du82T7Br9jcnuTmJkkXuXCQCynWT7tS3vVWyMtURTQEL,6,5,0.3057,17.0,2.133,1.654,17.0,1.0,1.0,0.0,-0.0567,-0.2164,0.0
8mB4yQi3RrnB1cEwUVCjabTCwa41GcehpDvJ9J7s87f9,7,3,0.3911,13.0,2.33,2.66,25.0,1,0,0.0,-0.0421,-0.2191,0.0
J2hRBJtbAw76fku2iLmpYY2gGN6nzQsWkNX7JWrDAYcN,5,1,0.5867,45.0,4.047,1.674,18.0,1,0,0.0,-0.2218,-0.2218,0.0
9X3JbEe6a7KjPf3uJAEqS8ZnGgSbak2ZUms7tYZsZv3J,8,5,0.2054,28.0,2.807,2.944,13.0,1.0,1.0,0.0,-0.0691,-0.2228,0.2
AmEbL82LhQa36NYDEMd3ooD5TjeLPytPuWHyNTXXvCWh,45,25,0.1488,56.0,1.966,2.184,19.5,1,1,0.0,-0.0089,-0.2272,0.24
3YGkB3pJt3tUHQsBH3V7Hg1Qj5dpySudCSpJDY6WoW7M,6,3,1.4444,7.5,3.606,2.491,32.0,1.0,0.5,0.0,-0.0289,-0.2297,0.333
9khkRvs76cmVAfRHswogDqBwikdHDKBH2e9zXLuaYrTn,8,4,1.3192,43.5,2.151,1.838,143.0,2.0,1.0,0.0,-0.1739,-0.2298,0.25
9JPWJm8wyDH8qFHBs3Urmows2c1hC8WUeyZuGxEM5mQd,7,2,2.4784,45.0,2.708,3.107,123.0,1,0,0.0,-0.1163,-0.2326,0.5
BceGEM4gmdQwjYqTRfddPBNpgzmECxV9NYfvW8VtCq4H,12,1,0.9778,26.5,2.609,1.424,24.0,1.0,0.0,0.0,-0.2348,-0.2348,0.0
2ke4vRh79c6JavJwFiYbzQsVhJsLAXuaYeVcyUfpft5V,5,4,1.4667,27.0,3.667,2.716,20.0,1,1,0.0,-0.0382,-0.237,0.25
wizrdHRZ15Ugfoz8Lrzxxwbpeg48BpPcPrvKXADzRXi,8,3,0.4889,18.0,3.0,1.877,5.0,1.0,0.0,0.0,-0.0975,-0.2377,0.0
FMdL2mr1qVgxata25DLtR1Um7zdfKRC2vV4oV9HPJcb,15,15,0.3059,9.0,2.709,2.189,3.0,1,1,0.0,-0.0223,-0.2386,0.4
BbbAY4xmo6wcY1LAN833nQVxJEhevhosrfnX8Bfej6wg,5,1,2.0751,21.0,1.964,2.37,26.0,2,0,0.0,-0.2416,-0.2416,0.0
8vb6XAUZgJAZZz9cVCgcTT1eNUQSsVEJN1zWtyaFzYca,5,2,0.4938,15.0,2.754,2.827,28.5,1,1,0.0,-0.1223,-0.2446,0.0
osakAfYp9QrJyR3h782jemZwj8ETDnNHXcGRVCsUUeJ,7,1,0.4447,4.0,4.352,2.185,58.0,1,0,0.0,-0.2459,-0.2459,0.0
46tzcfGNzC1CqJ7SZvAEuPFQcHBsxaanUXonAoQs2o1q,29,18,0.7465,4.0,2.429,2.43,21.0,1,1,0.0,-0.0579,-0.2503,0.333
5n7mHo1u89fjwFD281m1vBoVCUbVmdFF6k1hvMEwW45W,5,5,0.8728,7.0,1.934,1.793,7.0,1,1,0.0,-0.0386,-0.2524,0.4
8dtx2tr4TuJsYpri2suggFu1pg3DVjFLBBVmhtDy1MEF,9,3,0.628,44.0,1.909,1.65,5.0,1,0,0.0,-0.0905,-0.2555,0.0
FvQPF7hARWtLtnpS6d6LajaF4C7mzajXAXRspES5BEbe,10,7,0.3422,42.0,2.126,1.842,25.0,1.0,1.0,0.0,-0.0111,-0.26,0.286
G7LBun6PvtnxY6S3f3uZSSoimZUTNjBuPGbavEXmt5mU,54,18,0.1956,25.0,2.224,2.697,19.0,1.0,0.0,0.0,-0.003,-0.2603,0.389
CAfsFsdQXzHXtK7ffwgTXSKybvgKDbaRcnkYdQbupSyW,9,2,0.7822,34.0,1.892,1.917,22.5,1,0,0.0,-0.1314,-0.2627,0.5
8MmcBo8TPH7N5Tr19QmQQCk6Ky2DJQ6EnUYMdsageaiD,19,6,1.4667,3.5,2.347,2.227,32.5,1,0,0.0,-0.0021,-0.2661,0.5
74ryoDMNfhBYeKKody5LzaiVGogTYb2ow5H54YaJrFYE,11,11,3.9506,4.0,2.435,2.344,2.0,2,2,0.0,0.1334,-0.2675,0.545
CiiormMvuitQv7XnkQW2gCPTvEP5h7MzZkVHAUjmfS4v,10,5,1.2222,10.5,2.775,2.731,7.0,1.0,1.0,0.0,-0.0399,-0.2679,0.4
57WkTbDxxu3tC9Nhve8hQms5KBRa7MFEPSnnEeThivvX,8,4,1.1102,43.5,2.171,1.769,143.0,2.0,1.0,0.0,-0.1649,-0.2702,0.25
5JgpKFiFP9M8jffMNiZsoL6hqgrAYFf9Kv3kWeYcqxFB,19,8,0.3288,8.0,2.335,1.973,21.5,1,0,0.0,0.004,-0.2753,0.5
FhPn1pP5oSAAtE965HjLabwYMADr59KBiz27D1FuoTfK,13,1,0.9877,31.0,1.838,0.919,71.0,1,0,0.0,-0.2766,-0.2766,0.0
2Gh8ojxpYovp2udAcqAAueTApDtSK75noLP51sb9Tz7r,9,8,0.7334,7.0,2.353,2.33,21.5,1,1,0.0,-0.0737,-0.2794,0.25
7SpZs7u3hZwvunqGwDZzYckSwixAgoZwr4ZL9gzQy86i,9,6,0.4889,9.0,1.935,1.703,28.0,1,1,0.0,-0.0587,-0.2819,0.333
Govapkt6tKhJpJiRaqeSWbrjLUAnNLsd6RnS1eGhWVZN,5,2,0.7333,21.0,1.492,1.36,18.0,1,0,0.0,-0.1424,-0.2848,0.0
9pqbbqUw1Z3zVv4upx6jPKhmCaGbuXCZThhqWoTaR3cH,8,4,1.0662,43.5,2.214,1.786,143.0,2.0,1.0,0.0,-0.1785,-0.2854,0.25
5WTrjsnu856ddMPnUvr2sf19najq49jtzyQNfZCqf4BT,9,1,1.2711,34.0,2.731,1.482,13.5,1,0,0.0,-0.29,-0.29,0.0
719sfKUjiMThumTt2u39VMGn612BZyCcwbM5Pe8SqFYz,7,4,2.0889,26.0,2.246,1.852,16.0,1,1,0.0,-0.0747,-0.2923,0.25
AkAjo4wP54oRRhSD4fapd4nPUGbDYybWXfUbEw25mS3E,5,2,1.6186,7.0,3.376,2.585,25.0,1,0,0.0,-0.1468,-0.2936,0.0
RafJ1BKFdcyMMMCkZmqLHYSJWqhVNEzNZQSx1VaAKxp,7,3,0.4621,9.0,2.17,2.005,19.0,1,0,0.0,-0.077,-0.2944,0.0
iE7qrNXzhwwt34FP2K2PXzCLxDrpbS2HuKs451JAkhM,22,10,1.5644,7.5,2.674,2.774,8.5,1.0,1.0,0.0,-0.0879,-0.2958,0.2
UfZRqMk1tEP8LHKCHHZPhCb1AeR6kgnWg4mZxCteeVj,5,1,0.9778,11.0,3.141,4.134,33.0,1,1,0.0,-0.2969,-0.2969,0.0
CM696NQZpEEmrymG8ghouWPupVDavbtBn4ZYvzqmZaXa,9,4,0.2933,17.0,3.055,2.363,30.5,1,1,0.0,-0.0358,-0.3032,0.0
H5to1y8JKoqPdL6dvaV9kgqRpoMADVHyqNWP3ymdACf6,7,4,0.4889,17.0,3.25,2.254,32.0,1,1,0.0,-0.0401,-0.3037,0.25
9e46UxvTnuR3QT8TLKBhroySdnn3WmwReQj9uzwJbCro,8,8,0.9877,140.0,2.354,2.125,61.0,1.0,1.0,0.0,-0.0922,-0.3039,0.25
4xGzdwKP6bync8K8ipvxK5WAiiiDxmVvA3V1ePCteSCs,10,9,0.2933,0.0,2.848,2.262,4.0,1.0,1.0,0.6,-0.0567,-0.3047,0.222
9TzqEMTJSNidiRZn2TkG5x9y7TGWA8NWY5GFNf7GoNuS,7,2,0.9696,7.0,3.267,2.773,23.0,1,0,0.0,-0.1526,-0.3052,0.0
97jv9pjCf5D7VUZEyj6XnXBC5JF23Vsagc3bvSF6GRmL,11,11,0.3174,5.0,1.561,1.485,4.0,1,1,0.273,-0.014,-0.3053,0.455
88hgw34cP2vSTJM2V5qA4vuWtqQ6SXdWz3SVYCeHZR3j,9,3,0.3422,13.0,2.59,1.976,48.0,1,0,0.0,0.0016,-0.312,0.667
6GofQwh2VPeFtDQebwAWfD1ZB1b7L9oB8UA4UUL7QQ3V,6,6,2.0741,1.5,2.796,2.948,1.0,1.0,1.0,0.0,-0.1103,-0.3135,0.333
DMoKazPJnZ8fL1zsXuZPjfVFNU1gX5p8te5FgesrStu9,12,5,0.9778,18.5,2.232,1.777,22.0,1.0,0.5,0.0,-0.0578,-0.3158,0.2
CcU26pQb5MZvq7g8UhVBK3ZxFstTbsCqwtEqrb1FG3Ni,6,3,0.2884,16.5,2.604,2.831,5.0,1.0,0.5,0.0,-0.1375,-0.3212,0.333
696969Y6orZEjp4gZtwcCZS7TNVuhMVE6G5mFvdJ4mYq,5,5,0.4002,5.0,2.036,2.137,9.0,1,1,0.0,0.0237,-0.325,0.6
3PpgE1PkUoftrPkZ5TcYzqaVHJs27baJsd4WathmNkuP,8,3,1.1203,17.5,3.125,2.352,23.0,1.0,0.5,0.0,-0.1033,-0.3287,0.333
9Uw1BEkA1ns7x41s8At2upQ3sVBKpoKtAS6yy2bNWd32,5,4,0.1481,10.0,3.039,2.016,20.5,1,1,0.0,-0.0388,-0.3296,0.0
BH6XenK6nu6V2roKC2PKMk8fEWq2s3vUbe9uy8GJ1a1,9,3,1.4667,14.0,3.049,2.682,40.5,1,0,0.0,-0.1691,-0.33,0.333
2sapuxSmfbKAziDJKTwJWtqfZoukBLKX5zeBCVdPDpz7,16,14,0.9778,6.5,2.941,2.843,13.5,1.0,1.0,0.0,0.0143,-0.3306,0.643
3GmgRT9y1J2cE7gnWJJQqyFJEWNFd9sM6CdVd1Z6Lv5a,7,2,0.7856,7.0,3.293,2.815,23.0,1,0,0.0,-0.1671,-0.3343,0.0
Ek1PJN8iZUcqMuQxCPhkh7XMJbY9hMiDbwrV4HHnkJ3M,5,3,0.9877,13.0,2.314,2.677,20.0,1,1,0.0,-0.1571,-0.3346,0.0
A7UDSrhC8V1eVrL61TEh3sHeWiU3X3dqh2iyH4qkobXH,19,15,0.8832,7.0,2.498,2.459,21.0,1,1,0.0,-0.0758,-0.3368,0.333
DJT7655sqtNTsk3LbAqYwXNyLo5rM2X5nyrzFRjehdjU,6,1,0.9778,9.5,3.297,2.889,32.5,1.0,0.0,0.0,-0.3407,-0.3407,0.0
HaxhdE8w6w5g6SkRAAFjjTeJiXNZ1N7w4QhXwP5sb3cd,10,4,0.9378,31.0,1.992,1.753,10.5,1.0,1.0,0.0,-0.0671,-0.3424,0.25
5VH1joi67VcBWSAHvbeXBVkamrhsgGmm6zZAKpMau9aZ,6,4,1.037,3.0,2.96,2.645,14.0,1.0,1.0,0.0,-0.1097,-0.3513,0.25
iNyUtaMtqWNyJcwy3CyENdou1YK7F7eGcXaqC7FioxQ,6,2,0.7333,35.5,2.237,2.32,21.0,1.0,0.0,0.0,-0.1773,-0.3545,0.0
6ToeNPqrKr7G9ezoV4jH6AT5UrMiorT9aiG28vesaxFy,5,1,1.516,22.0,2.819,2.551,106.0,1,0,0.0,-0.3564,-0.3564,0.0
GnAmiz6VM2LieEqcbe5AQaZDYnQ3LpCbqbLQt2jWZGJH,7,1,1.4878,5.0,2.964,2.592,34.0,4,0,0.0,-0.3569,-0.3569,0.0
86YmMXYg6qN8dETUkHmwoyD1GKxVSfSmvyWpiK15uFPV,11,3,1.7079,4.0,2.774,2.334,24.0,4,0,0.0,-0.0945,-0.3581,0.333
8iA3oNnrvJ2BRBorgVDxxG6iX7DAZEk1xoWgJN5JYJRa,11,9,0.9778,11.0,1.905,1.899,11.0,1,1,0.091,-0.0581,-0.3586,0.444
8k917F1TW4h7yFEpKJ2txcKV37S5dX52wYHP2U3pQkwQ,5,1,0.9778,5.0,1.409,0.997,18.5,1,0,0.0,-0.3589,-0.3589,0.0
7uEcM8gmdHH8AaWtp6ryWVkh3VFXkVk1f6uJTp1rdW2t,5,2,0.8308,7.0,3.259,2.791,23.0,1,0,0.0,-0.1804,-0.3609,0.0
GcocvfkojUGb8HcWBMud3VMCMu77vaPbUdMWY32cCGuF,5,2,0.9422,10.0,3.066,2.785,14.0,1,0,0.0,-0.1826,-0.3651,0.0
Ao6GNH3Z3rrrd3ZNr71rU6X2fpaApM65ZvQZsEydeEi1,5,4,1.1852,33.0,2.089,1.876,4.5,1,1,0.0,-0.1161,-0.3653,0.25
6jb4os5q5gHpkXXimbPhWYCwn49Tq42uZWh3sBwxvwu4,8,3,1.5719,4.0,3.111,2.82,8.0,2.0,0.5,0.0,-0.2675,-0.369,0.333
4feA6AvnRstje81ZJTKniYW2LdXhh9GHqZtNVRJ2Kxst,12,2,0.2716,11.5,2.247,2.358,33.5,1.0,0.0,0.0,-0.1846,-0.3693,0.0
DjiJKVgtS3MrR9VasbQWMMZUpB4zsbipeKUJR1YLw91r,5,2,3.1289,11.0,2.899,2.165,21.0,4,1,0.0,-0.1864,-0.3729,0.0
2uVWp5gqSjcKRT6LzWCZmpqQGZs4PLJPwoqHomTA3Bmh,6,2,1.4348,18.0,1.787,1.446,23.5,1.0,0.0,0.0,-0.1885,-0.377,0.0
37ruyJuC2vrpstBS8iT8txC7FirXEuEhv1MkpRM3ZVk3,13,7,0.8883,6.0,2.583,1.58,22.0,1,1,0.0,-0.1826,-0.3795,0.286
5uKPDLnocDrdRJkF7teFvx6aZ8i8qzJYoM1A8QCqYBmd,5,5,0.4888,1.0,2.706,2.613,15.0,1,6,0.0,-0.0373,-0.3799,0.2
PMJA8UQDyWTFw2Smhyp9jGA6aTaP7jKHR7BPudrgyYN,15,9,1.6343,4.0,2.455,2.214,11.0,2,1,0.0,-0.0424,-0.3804,0.444
AWrTFnoSjCbJ4KhTzCQsjHwWrCt8jhXNKQubjdT1ENWw,11,11,0.9877,6.0,2.394,2.083,6.0,1,1,0.091,-0.0302,-0.3823,0.182
7K7WwY9yEMpbAacgHvCfquyCHpRkVyNdroNrXZvj2drK,36,32,0.1481,3.5,2.717,2.569,3.0,1.0,1.0,0.0,-0.0089,-0.3828,0.312
DV8PoJBX3amZBo8mA1WAxK6SZdavQrERjbcekGCLJzk1,19,13,0.5867,14.0,1.727,1.659,23.5,1,1,0.0,-0.0366,-0.3916,0.308
DTpNXyiZKwQxRWkwCZA6F5pvUQpfXZ7Pw7CVC6cQZRhK,12,2,0.8746,9.5,2.66,2.595,32.0,1.0,0.0,0.0,-0.199,-0.398,0.0
GZ5DxGSW6gB7x7RRJR6FwvVvTrP7McMDGynDs4fHiuwN,6,6,0.4938,0.0,4.096,3.132,11.5,1.0,6.5,1.0,-0.0728,-0.402,0.167
APYJQarB3LKs8f5nzorPqApwDW46MKQBe327eWpusuf1,7,5,0.9778,10.0,2.358,1.858,13.0,1,1,0.0,-0.0922,-0.4073,0.0
FxN3VZ4BosL5urG2yoeQ156JSdmavm9K5fdLxjkPmaMR,8,1,1.8551,43.0,3.324,2.956,123.0,1.0,0.0,0.0,-0.4116,-0.4116,0.0
8C9tGiuE5zQVpYGXZUFq3SfEGLA3yvuJpK3jFo4z1ySy,19,10,0.2444,23.0,2.972,2.678,16.0,1,1,0.0,-0.0164,-0.4175,0.3
52NUhyYcpwwycY2To1bLMtp6pjDjtUMFeUqQxZfBJgAt,7,6,2.9333,5.0,2.558,2.589,8.0,1,1,0.0,-0.015,-0.4183,0.5
DSKEyfEeTymHBErcktvyS1ZgHGs1svgA2MJvLA7oEp1G,5,4,2.0499,16.0,2.532,2.477,13.0,2,1,0.0,0.0027,-0.4194,0.5
ron7XERDF3HNTxsPtoPiXEZ8psVaqSkAs3Twj1yxV5x,8,4,1.219,39.0,4.731,3.627,28.0,2.0,1.0,0.0,-0.0939,-0.4225,0.5
CDDXfSxUDNxRTyv4sgofiQr5d8sg8o3uLARM1SWLYgmr,6,3,1.4897,7.5,3.687,2.352,32.0,1.0,0.5,0.0,-0.1527,-0.426,0.0
HH1yWc2BVqQFANUp5wFrYKrsM1SriPzjh3v3C44SdYxT,6,3,0.3423,3.5,2.097,1.61,31.0,2.0,0.5,0.0,-0.0896,-0.4326,0.0
FmQiRHUdCBNACkMesMYqqhBGW4UoQkBTZ5GFn7pRuQZ9,22,10,0.2444,10.0,2.692,2.019,17.0,1.0,0.0,0.0,-0.0467,-0.4357,0.1
AQ46kfYT3hW28Xg5gWHrJkzFSz1oGWBHC3FsTbqgMEco,7,2,2.8844,24.0,2.507,2.403,14.5,1,0,0.0,-0.2232,-0.4463,0.0
2SpsgAsSR4kizfH3mE4ioAENZrL8HLUqxXjXLpovJYXi,25,20,0.1956,12.0,2.842,2.808,19.0,1,1,0.0,0.0021,-0.4525,0.55
ACUqQFHiuyobxeJUW6dvppZyfqkce2EJLhVu9Zf2iL1E,24,6,1.4715,18.0,2.95,2.321,14.0,1.0,0.0,0.0,-0.0522,-0.4571,0.333
6QbjsMqLVzpssK6ijwC3YMe7qGLco4L6d6ozkmJaZPEh,9,2,1.6458,22.0,2.491,2.836,65.0,1,0,0.0,-0.23,-0.46,0.0
9SHdosG39uDA1rZQZrVrXjr3JLg3AJGnekj8trMLCSRo,5,4,0.9877,12.0,4.428,3.88,7.5,1,1,0.0,-0.1163,-0.46,0.25
77kzrFMuWx6rUi6dzBM3RvSKkUZARuRwMrAZr5Cro6C1,27,13,1.9556,8.0,2.72,2.403,20.5,1,1,0.0,0.0063,-0.4651,0.538
4uCT4g7YHH4xxfmfNfKUDenwGrRNGoZ9Ay1XFxfUGhQG,5,3,1.3883,27.0,2.159,1.627,11.0,1,1,0.0,-0.2358,-0.467,0.333
EqVjkrxV7i3xVMFBZWJFPWrp9e1fBPYZTtSJtdQc6PSs,6,2,0.372,41.5,5.563,3.472,19.0,1.0,1.0,0.0,-0.2378,-0.4755,0.5
9d2UQivDMzhHKaW8iCpSqED6MTMBPeNPG4dKq42fZqHP,17,5,1.4815,17.0,2.193,1.795,16.0,1,1,0.0,-0.1887,-0.4805,0.2
CSNoDtUzomz1TFLnJCHq5MiVJH8gzoXLxZo6dSu27Uxo,29,9,0.9898,6.0,2.714,2.277,20.5,1,0,0.0,-0.1277,-0.4824,0.333
4sAUSQFdvWRBxR8UoLBYbw8CcXuwXWxnN8pXa4mtm5nU,7,4,1.6461,19.0,2.773,2.217,31.0,1,1,0.0,-0.1455,-0.4853,0.25
C1f7Kb2b5Ly1woQfJ1QzxNXptSURbFnE8zdPVnAscgT3,9,5,1.5069,14.0,3.005,3.255,12.0,1,1,0.0,-0.1815,-0.4864,0.4
7cQjAvzJsmdePPMk8TiW8hYHHhCfdNtEaaNK3o46YP12,8,2,1.9346,30.5,3.549,1.906,8.5,1.0,0.0,0.0,-0.2473,-0.4946,0.0
A7fn745g6dnXHc2LdXo3gaGh28Pz2X3DYdU8noa8TnyJ,20,6,1.9012,23.5,2.761,3.288,30.0,1.5,0.0,0.0,-0.0241,-0.4991,0.5
GuKhxddRMPMusqxZjnuagzNe7mpTgqESi6SSN62fHeFF,11,4,0.4938,37.0,2.472,1.714,29.5,1,0,0.0,-0.1576,-0.5065,0.25
7MZPrzBYeRvVF6PtgCQzifoV9UvMw7JjgwP2GEDf2dAJ,6,6,1.4667,10.0,3.025,2.878,9.0,1.0,1.0,0.0,-0.1559,-0.5072,0.167
23wQ7bodYreW3qhnh2YrW8dMkTYSkHHJqGcsiYEJS3Pr,10,2,1.2346,21.0,3.546,3.118,30.5,1.0,0.0,0.0,-0.2539,-0.5078,0.0
sea1BTw9iCNV5TwQkqWPZW2GP1zqwFAqd5R5i5dhmcU,6,4,1.1374,22.5,3.067,2.546,12.5,1.0,1.0,0.0,-0.0915,-0.511,0.25
GW4oDYDVYA4kaH8gzSicdjHXHNj5Ru3WWcW7gWQbWegg,12,7,0.9778,6.5,2.766,2.225,29.0,1.0,1.0,0.0,-0.1039,-0.5116,0.143
3ArHvdGs1v9gdwNEMRJihHfRUnwfFkYjtzcdSBD3cDdJ,6,5,0.9333,174.0,3.253,2.756,70.0,1.0,1.0,0.0,-0.1396,-0.513,0.4
5jYnZtj6NmEbuVnuiuJN32hd1BFrzawWiXS2XAwLKRmq,14,8,0.1711,9.5,2.864,2.04,33.5,1.0,1.0,0.0,-0.0242,-0.5187,0.25
7NAd2EpYGGeFofpyvgehSXhH5vg6Ry6VRMW2Y6jiqCu1,8,1,1.7638,43.0,3.132,2.929,123.0,1.0,0.0,0.0,-0.5227,-0.5227,0.0
EzLu595m6CRxPybAUjSser9FmjDvjS3d3vyX4CPiu8Xn,15,9,0.2933,9.0,2.612,2.115,13.0,1,1,0.0,0.0013,-0.5252,0.556
6JsCJdVVVmT7xZL9yVXPNJsi2THWN8SkZoPrT6U1vDc6,5,2,0.9853,0.0,2.916,2.859,39.5,1,3,0.4,-0.2683,-0.5366,0.0
GHJFdDSYx1kGg7nLTDZ7B468SqHsqySZwHRSxs4DgEVk,8,2,1.5438,6.0,2.611,2.62,4.0,2.0,0.0,0.0,-0.2695,-0.539,0.0
47gXkMGLEnMmbnDT7Kpefkv67JFNnKLbSzys2X2Au3ye,5,2,0.8761,0.0,3.007,2.975,39.5,1,3,0.4,-0.2696,-0.5393,0.0
2NynLXVCajvgiHAc8Xi2Ggn8VVU8rAwx71WCeCQxTZ6C,9,4,0.2933,8.0,3.004,3.805,36.0,1,1,0.0,-0.0716,-0.5458,0.0
5jjc6SmMdGmepm474KJFgWdp6XPkoRXrU4bQ14BD5v9z,10,8,0.66,4.0,2.828,2.83,26.0,1.0,1.0,0.0,-0.0009,-0.5464,0.5
8nCYDUfD5y44XJRE6afHixPTakNsxJgoshjfrDLG1fyp,13,7,0.9698,6.0,2.517,1.874,22.0,1,1,0.0,-0.1681,-0.5503,0.286
SsxHXKCfUBuxhtUXtMaYgzUWXjKnvoQBZ7sLAjXVigi,6,4,1.1728,22.5,3.045,2.594,12.5,1.0,1.0,0.0,-0.0826,-0.5556,0.25
GXne39ift2dcXrV85sqcHS6vLBJXMMAShmEZH75YFfi3,12,5,0.9436,5.5,2.715,2.116,17.5,1.0,0.5,0.0,-0.0582,-0.5591,0.2
3hbyVFbtwKZ3ie1PrAvXn4NkcRDWDPn56wrEdvzdFNCL,10,7,2.3893,16.5,3.064,3.216,7.0,1.0,2.0,0.0,-0.0157,-0.5623,0.429
7KcrA49WeiXgoGmUbr1eHgSmKf8RUdz7qFXvG2VyqC26,6,3,1.0177,8.5,3.291,2.8,14.0,1.0,1.0,0.0,-0.1959,-0.5623,0.0
6aXFYXbFob1ZKAEDCcqZnX2vooA3TgEqDoy5dAQbeWoV,9,5,1.3547,8.0,3.05,2.883,57.0,1,1,0.0,-0.1351,-0.5651,0.2
Ch8oySRyzhV8YC4DNn1tZWDbvKYHkGKNHivdahhAP7ge,10,7,2.187,11.0,2.831,2.926,17.0,1.0,2.0,0.0,-0.0729,-0.566,0.286
2nBTre5c9r1LoicDxAGvhTAx4tE5PtxJoV7BW1Cy88Lu,5,2,0.9525,0.0,3.087,2.743,39.5,1,3,0.4,-0.2832,-0.5665,0.0
J6A6uQr1ZqHvjgL5LWwuRM4GEcPaXnQiTB61BcX57u4T,11,4,1.5934,4.0,2.507,2.159,16.0,4,0,0.0,-0.1747,-0.5699,0.25
8taFLhEeNQvgQFqAzfgFvE6rBdhjTfFL1FPbSVZz5YLP,12,8,0.7333,7.0,2.084,2.024,11.0,1.0,1.0,0.0,-0.058,-0.571,0.125
5RT3pEAJgn15osD4whsVWfH9UEyMcgAA2TYETiTMv3jM,7,2,1.4964,22.0,2.504,2.711,65.0,1,0,0.0,-0.2879,-0.5758,0.0
2fg5QD1eD7rzNNCsvnhmXFm5hqNgwTTG8p7kQ6f3rx6f,8,1,1.8282,43.0,3.012,1.92,73.0,1.0,0.0,0.0,-0.5791,-0.5791,0.0
VCTjuprs9jv1eJHLsB8ZaCkfFkaXxFeKqZUuSazdwwD,5,3,1.3075,8.0,1.885,1.387,9.0,1,1,0.0,-0.2522,-0.5812,0.0
C61P8QiqPAPDfzGTCFPUgnsgPYeiMQQ1cwLqZf1r637q,20,13,0.7822,13.0,3.474,3.011,17.5,1.0,1.0,0.0,-0.0677,-0.5891,0.231
5RA3mHaNZmteC7TLkykPe6NwMdYzz9XqRqZdXsS2nQqa,7,2,2.542,15.0,2.278,1.763,27.0,4,0,0.0,-0.295,-0.59,0.0
CPDpWGu5cGoTYkXsqppDgm2C9ki8HLsZSHsLrEg9nos2,8,8,2.0457,5.5,2.104,1.796,1.5,1.0,1.0,0.0,-0.1609,-0.6024,0.375
G9hX58aiqBVTZqvWSgBRv44kr5WKLyuRGKaiSE4LMUwP,45,30,0.1956,11.0,2.641,2.582,8.5,1,1,0.0,0.0088,-0.6073,0.533
BBPKQwYLyiPjAX2KTFxanR7vxwa7majAF7c7yoaRX8oR,7,3,1.9556,13.0,2.86,2.061,12.0,1,1,0.0,-0.005,-0.6081,0.333
4jX1txWJWMLBCFFBwFreAhSNtt7TTqXN6bJSZXqLhehc,7,4,0.7333,38.0,3.25,2.727,25.0,1,1,0.0,-0.1327,-0.6146,0.25
8TgaUXTQq9SnRs1L89uNZGjpSes4rqg59Ab892KbaGuL,6,1,1.7985,2.5,2.577,1.067,29.0,1.5,0.0,0.0,-0.6152,-0.6152,0.0
BigA6CDztxVMUzaS275N37v12oTrgyBRf4c7gUBUtT7R,8,5,1.3868,7.0,2.614,2.141,12.0,2.0,1.0,0.0,-0.268,-0.6171,0.2
nya666pQkP3PzWxi7JngU3rRMHuc7zbLK8c8wxQ4qpT,22,21,0.3052,4.5,2.233,2.157,9.0,1.0,1.0,0.0,-0.0119,-0.6204,0.381
5r9v19vbFLcRP4cBMmKSg2juUeUSSHEVSRRAmzcaiUrH,5,3,0.1956,14.0,3.511,3.215,18.0,1,1,0.0,-0.0288,-0.6223,0.333
BWjGPMyifiTRvytrBtdSYzV3R2zVXkFp8FG2HUwfRGAM,7,5,0.9946,3.0,2.884,2.688,13.0,1,1,0.0,-0.2429,-0.6258,0.2
BBkXWCp5mKcS91pKx3bRTJJstm3xopuGcA9SSWY92cJT,7,7,0.9877,7.0,3.108,2.921,24.0,2,1,0.0,-0.1365,-0.63,0.286
EmDZbtk5amjSbZoNcbf46o1iCWnWrSpdFTugKtZzt4P9,7,4,0.9778,16.0,2.429,1.822,28.0,1,1,0.0,-0.1194,-0.6316,0.0
CfZkXhJwBtNNyiACZcMPt8XxRVE6cGytB5jY4xaAr6ho,12,8,0.7333,7.0,2.084,1.988,11.0,1.0,1.0,0.0,-0.0719,-0.6402,0.125
CcGUSWpKPyeRUseWnDHQMMjAmcy32WL27GbCUnHwABxY,13,9,0.4938,12.0,2.004,1.612,47.0,2,1,0.0,-0.0609,-0.6446,0.222
ANUmjxBoCpnFKBE3gknuuYRLkG96ndEaeTyt2VRbv3pu,11,5,0.4889,31.0,2.135,1.943,17.5,1,1,0.0,-0.0212,-0.6488,0.2
E5tSiN2MxbgUL5SBKQBwpdygbmySMyopee5SWXEKhKdJ,7,3,2.9333,6.0,2.679,2.276,25.5,1,1,0.0,-0.0633,-0.6495,0.0
EKZGwj2CXbtL73nfW78AEFoV5A544QZTz2VaWqbd44fQ,5,2,1.022,0.0,2.831,2.917,39.5,1,3,0.4,-0.3292,-0.6585,0.0
ZeusZSzWxHa2uDgxTqCFt7bvbnhKenpnXgbEnkZpsZj,15,14,0.9774,139.0,2.733,2.275,39.0,2,2,0.0,-0.0533,-0.6688,0.286
FuKT5n2JT199c1wJWodhd1mWMgekUstr67UiWikYRWmY,9,5,0.9498,7.0,2.304,1.546,17.0,1,1,0.0,-0.1688,-0.6699,0.2
2JQh8bvmyGMM9icpzGUrdhr2A3bj8sUDxRRGbvnEYr6X,6,2,2.584,72.5,2.745,3.534,159.5,1.0,0.0,0.0,-0.3381,-0.6763,0.0
F4QP4e1Y5gasRDjkRG4hnm52tViFGtkDnFtQcjkZUp2k,17,9,0.9348,4.0,2.586,2.472,18.0,1,1,0.0,-0.1331,-0.686,0.333
CFt926D6bJSFKFt34VJDTAqrPRMLQJVLA5vP1oeL3GTt,52,52,0.5382,7.0,2.538,2.63,1.0,1.0,1.0,0.0,0.0008,-0.6865,0.5
BUXmrt2d9G6aYjYqs9EhVSCi4rX4iWrnfGvqJemJgD8b,19,13,0.3447,0.0,2.938,2.887,17.5,1,1,0.158,0.0006,-0.694,0.538
ERtTu12eJgVDm9kni1VcQbb51n5Ld7RPehev2aH31DHZ,6,1,1.5852,6.5,2.896,2.296,24.0,3.5,0.0,0.0,-0.6975,-0.6975,0.0
BiryhKu5YyzB41vADAcAEJgP7z5mPDejQaEdTYfts5Yh,13,6,0.9778,3.0,2.699,2.979,12.0,1,1,0.0,0.0218,-0.7057,0.667
A7BvvGF6yZJfygDN5PiN9WgHXuxPDY5zpPJeLizkH2mi,5,2,0.4889,50.0,2.838,1.811,206.0,1,0,0.0,-0.3565,-0.713,0.0
3SkBCx49BsK64h6tssBBJZ1WNvpiLdnhnXNmJtP46d7b,7,1,0.9968,6.0,4.451,1.905,51.0,1,0,0.0,-0.7174,-0.7174,0.0
7eBh1Gz8CZ3qLrGSZihNXJBCnJ77wDJoNDRRhGGzrVRB,5,3,0.9778,4.0,2.561,1.915,19.0,1,1,0.0,-0.2174,-0.7176,0.0
GuCBEuKxDeR6A2TiEQb4GTv3vCwn5yrN1ANdyRcfgQMT,9,5,0.9872,7.0,2.188,1.555,17.0,1,1,0.0,-0.1752,-0.7218,0.2
Phhrg6oXPVmShUJdz2tnsidrAgwpHpYKauuGKbPVjEV,13,12,3.437,129.0,2.718,2.645,45.0,1,1,0.0,-0.2831,-0.7347,0.333
GFzX86hjhskjynR8aoqzy8VtGMRVTBcE4macLyzDCZKn,5,3,1.2584,23.0,3.26,2.577,18.0,1,1,0.0,-0.2325,-0.7414,0.0
JBfQzL2iTuLkCVwoM6a9mbT4rhqq1b3byGbiu9fUor2e,7,6,2.0625,19.0,3.021,3.032,31.5,1,2,0.0,0.0331,-0.7537,0.5
DeNwH63Xgj3a4bXXHw79BiL5iBUNBQVaRYeLHQTQxL7z,26,16,0.4131,26.0,1.977,1.765,7.0,1.0,1.0,0.0,-0.0753,-0.7659,0.188
DMrSfrqhBC4WQUwkKRDCTMResvg9RaRu7DTRRvLzzXBS,9,6,0.5083,9.0,1.967,1.674,28.0,1,1,0.0,-0.0703,-0.7734,0.333
EuJp5632VT6mnXYo2wBwExqbyB4pVGtg6PaQkqgmMW5y,13,7,0.9002,6.0,2.461,1.61,22.0,1,1,0.0,-0.1181,-0.7994,0.286
FRbUNvGxYNC1eFngpn7AD3f14aKKTJVC6zSMtvj2dyCS,7,3,3.0291,37.0,2.049,1.828,16.0,2,0,0.0,-0.1829,-0.8043,0.0
2ccgxuZv5NEngCwWqj6zjwxHWVc8RDwXgMUfUnmpTYHQ,38,38,0.9877,4.0,2.418,2.117,7.5,1.0,1.0,0.053,-0.0291,-0.8073,0.342
AEnsbbojqu5LVgy5CVa61nfc48Hn6bHMhAuEfohu175c,5,4,0.3911,13.0,2.959,3.238,32.0,1,1,0.0,0.0361,-0.8083,0.75
HLkfGShrk6cw4FAMcdUaSzm4rryzfkQLHrEo7jL1H3GG,11,8,1.2711,13.0,3.338,3.41,17.0,1,2,0.0,-0.1668,-0.8106,0.375
DrnuP46qcf7b7utTY9Esm46SwkTFhYu4TrtRGTyvkE67,8,3,0.9968,4.5,3.878,2.968,41.0,1.0,1.0,0.0,-0.2446,-0.8126,0.0
HQBehKS9jmquf9tcYUfMaosqqLQXmp5fL6eGMdvbz6TZ,7,5,0.9778,3.0,2.642,2.386,28.0,1,1,0.0,-0.2396,-0.8248,0.4
7Je3VJ1vQBrxZgA4q4biyJFGxD9qFJbRRPM9hTMbpxJB,6,3,2.0065,14.5,2.833,2.775,26.0,2.0,1.0,0.0,-0.2725,-0.8262,0.0
2wh9TMhLWDkxrKFTpjcBrCkMs36yo79zUjLrSr59p2bs,5,2,1.0254,29.0,2.167,2.672,97.0,1,0,0.0,-0.4242,-0.8484,0.0
2fciHrksjifdFLD7az6FpR1Qq22G9FfpDi9NLXB6y6vV,32,24,0.6356,18.5,2.409,2.427,13.5,1.0,1.0,0.0,0.004,-0.862,0.5
5tSUoPdbB5cxQXWYwWnkhw2iwh4RkvWFGwwPqWVTVk4f,24,7,1.0182,6.0,2.616,2.429,25.5,1.0,0.0,0.0,-0.138,-0.8925,0.286
BLw4fXAc9P7NYhnRH9GyccXKUmvpUSiqc67BGbanxcDp,7,6,3.4568,11.0,2.967,2.961,31.0,1,1,0.0,-0.2461,-0.8999,0.333
C2x1DvdBsAD9Z2rG7bSh2VpzVWKjEcRfRTh2PY9CyXzx,11,5,1.6375,9.0,2.183,1.7,27.0,1,0,0.0,-0.1352,-0.9259,0.0
xyzfhxfy8NhfeNG3Um3WaUvFXzNuHkrhrZMD8dsStB6,5,4,1.6512,18.0,1.898,1.7,13.0,2,1,0.0,-0.3912,-0.961,0.25
GfufwuU59CbtyuodG114JAJ9STQC6qYqiQ48RoKguKru,21,14,2.1038,9.0,3.131,2.925,16.0,1,2,0.0,-0.065,-0.9641,0.357
8JnYKzhqwRJYdCFuurioBWyXq7J5JLBA6mbdLZZo7tuQ,5,2,1.6296,9.0,3.659,2.319,21.5,1,0,0.0,-0.4859,-0.9717,0.0
5fxjC6ZfqH6f5JQpvTnNQcaE1JvrFTTRLEtMsQ4VRCQ9,10,4,1.3519,11.5,1.976,1.25,31.0,1.0,0.0,0.0,-0.2713,-0.9757,0.0
FkzekjMLgbXC8NuSQQ2u53rmdh3jhfAZr2psDouDYvfR,5,2,1.6296,9.0,3.509,2.41,21.5,1,0,0.0,-0.4912,-0.9823,0.0
72YSbm1D1JGLAkPZTamwFNtUXQ3WbXMRdDcyZjw3J6ct,8,4,0.8556,30.0,2.021,2.409,55.0,2.0,1.0,0.0,-0.1838,-0.9839,0.0
FhtZnHAmc2X3cTGNDQ6f3iM13Rp3BfzhPSyGaBD8fxck,6,5,0.8439,174.0,3.267,2.913,70.0,1.0,1.0,0.0,-0.1125,-1.0038,0.2
7k1xbXDgf7fdLqe6CQGiqgiMKsBptYEz9e7f588sWd4r,12,10,1.4815,138.0,2.867,2.496,90.0,1.0,2.0,0.0,-0.1076,-1.0044,0.3
CQhaTodM8B44BWct5Hjpxzcg4bvL6ZtcTdkbm9F2vvtc,6,4,2.1235,12.0,3.662,1.746,31.5,2.0,1.0,0.0,-0.5885,-1.0452,0.25
3FbNKF88GyAcH255pDEtB11q9wkYKhmqmG9TGgnicrND,10,8,0.9778,7.5,2.712,2.361,15.0,1.0,1.0,0.0,-0.1712,-1.0597,0.25
CqXsTn8eyoLB4Pc6p5ZNZNHu1NF42hssHMprF3NmtgtX,11,7,0.9778,6.0,2.411,2.077,21.5,1,1,0.0,-0.1214,-1.0842,0.286
GTbewYgEC6YqQqkWpSJdb7PkJdQ1eGxvUGYNyaMioMq,5,2,2.9333,29.0,3.218,2.113,32.5,1,0,0.0,-0.5547,-1.1094,0.0
Ay81LTgBH2y4UAPvR5TdgMuvQakteYSHtYPWwdqCXVnt,16,8,1.6826,46.5,1.704,1.761,36.0,1.0,1.0,0.0,-0.0551,-1.1189,0.375
DEdwtjvCs6dSadA8b6EQwCP95mXebTqMDK6wh13xhdpR,9,6,1.0893,5.0,2.718,1.959,25.0,1,1,0.0,-0.1632,-1.1443,0.333
5PE3gSfywhfjq5u5SHf6G3XRNeWkqoy6URZYSRCsXwEf,5,3,1.5938,35.0,2.253,1.698,39.0,1,1,0.0,-0.3574,-1.151,0.0
8nsm3uKh8sbvTzRiZFcWixrPGXrCbdV2qppKoFq58eHb,16,6,1.4085,4.0,2.865,2.255,17.0,1.0,0.5,0.0,-0.2747,-1.191,0.333
76yGatLCWsbBXLumYURqgb6mV2gzTwAvgPKhKBSnDimu,25,13,1.0267,7.0,2.322,2.114,23.0,1,1,0.0,-0.1161,-1.2006,0.154
7BG2t1jUXMDFuXH72s7RLixscDqGBqzVTT8cN5QqfEUu,9,6,1.9556,21.0,1.957,1.592,22.5,1,1,0.0,-0.2166,-1.2125,0.167
9fwGq3uqfedVbwuRLr14u43DFVRWiLRYtcW6oFvTfwu3,5,4,1.7111,7.0,2.913,2.625,43.0,2,1,0.0,-0.2402,-1.2154,0.0
DQApNebkK5wCmy92T5c4Z9NePWjP7dC4avpLMzuxadxR,6,6,0.8375,0.0,2.182,1.486,17.0,1.0,1.0,0.833,-0.2326,-1.2166,0.167
7d7cttRaCBrHP367EtVaU5VkkMEAh9a1au6h4Ash3PKX,9,2,2.0088,2.0,2.741,2.389,36.0,1,1,0.0,-0.6152,-1.2303,0.0
EBNpfTHHU3bJdxHA3ktiKs2MUA66UwEFsmhNGDJbkaPb,21,5,1.592,16.0,3.1,2.223,26.0,1,0,0.0,-0.2454,-1.251,0.2
pau23UpU2BFwF4JZrLxAnf4ZqgnD3xLnz6ESu7vPsao,14,12,1.679,199.0,2.665,2.277,12.5,1.0,1.0,0.0,-0.0579,-1.2557,0.25
9FTAF8DKLTfLnPATEnrTFiFLNdfefwYBstJv5xp94MY1,5,1,1.3171,7.0,3.334,2.172,46.0,1,0,0.0,-1.2917,-1.2917,0.0
3HcBRzsgLUpYxFkMnbzUajaGC7pnZLxvRoqAfoWKar95,7,4,1.4864,11.0,2.279,2.075,19.5,1,1,0.0,-0.326,-1.3426,0.25
D4yrdUWHTf2wUWr7TZc3gZdMLsZ77y6RfHN4U28etf1j,17,4,1.4841,8.0,2.964,2.452,29.0,1,0,0.0,-0.3196,-1.3618,0.25
3XxkUkYJgqr9eM1XVwAZy4BGba9ZRBpy5eXESCTWUh9E,16,12,0.4889,10.0,2.961,2.966,14.0,1.0,1.0,0.0,-0.0025,-1.3627,0.5
614wRivGBkQtdqbwUoJweZGNJL5sHHUXTY26wrhWd2rX,7,4,0.9778,8.0,2.505,1.831,25.5,1,1,0.0,-0.2889,-1.3988,0.0
GWJaS84RZ392uack89DRiUarwmvUhWcRynB1GwpFniqG,9,6,1.3499,6.0,2.758,2.202,10.5,1,1,0.0,-0.213,-1.4548,0.333
HtHZw4ariZSZ9RcirZ5MmFVqEVPi7boxu8d3AkeYGQXH,26,11,2.3467,10.5,2.804,2.206,20.0,3.0,0.5,0.0,-0.1228,-1.4612,0.364
78Ach9JG7JUWsBbGErB3FjoVZa7ay4t3ButAT5cPDXwc,12,8,1.4667,8.0,2.967,2.344,20.0,1.0,1.0,0.0,-0.1246,-1.482,0.125
Cv5GgkpXvtXcsrMcKCJvx46BpMjiM61mpPU1j8RbbbVL,15,2,2.4691,23.0,3.009,1.369,43.0,3,0,0.0,-0.746,-1.492,0.0
EDXHdSFdadFbYFFjxPXBqMe1kCEDFqpPu552uvp48HR8,15,6,1.9951,28.0,3.076,2.372,31.5,1,0,0.0,-0.2545,-1.5415,0.333
DcRXXBtifMsTTwtqzMcAZWfoLfsBMgyJqPDG4i86NN52,21,8,0.9778,10.0,2.307,2.014,11.0,1,1,0.0,-0.1613,-1.5529,0.25
5xbfNEmJoXgp3WnmzzfQgtziSyGirTkNCq4X3wpVbBcD,6,4,0.9556,6.5,3.039,1.541,17.5,1.0,1.0,0.0,-0.4102,-1.6179,0.0
6rLvfMMpewTpKs3qmeU85SFjp7tNzQik6U9Uts167siF,19,8,1.4688,5.0,3.034,2.463,19.0,3,0,0.0,-0.1731,-1.6205,0.25
9F46qiTXmGiLK7TT8UdsrjDE15GzU2ChzUQtmToRJe72,7,5,1.3852,10.0,2.001,1.617,13.0,1,1,0.0,-0.2122,-1.6377,0.0
Hdda7suq1AAuMChZbf2PY2uGyN9yGfFUc2YPUedee9iA,15,12,2.4444,7.0,3.093,2.645,10.5,1,2,0.0,0.017,-1.654,0.583
HNPLV1vLGQeCS6wtoLCwCKQXWbfV1yCesXnNyfhiVeJN,9,3,0.4889,13.0,2.468,1.831,72.0,1,0,0.0,-0.2638,-1.6756,0.0
AiZmc96qy4sDHSRmZQYJbRnykikbKGCt25sZQYdZ52Rb,8,7,2.383,9.0,3.231,2.821,40.0,1.5,1.0,0.0,-0.1634,-1.7752,0.0
G1Wjh4ZL3Ao3SXPRsGFf1SZT6MuPks1Y5T4GauCPraah,16,6,1.1697,26.5,3.198,2.392,15.0,1.0,0.0,0.0,-0.0941,-1.7816,0.0
CNyYhpnXvWdL9Yik3Rstmmx1uVeWHp4BXFz5xY5aiuJ5,9,3,1.8072,2.0,2.55,2.136,17.0,1,1,0.0,-0.5795,-1.7945,0.0
HwEKcgZhVgyQMsw12eQH3JLotGBxqVdbiTEbHeFATXPR,24,12,0.9353,15.0,2.868,2.392,18.0,1.0,1.0,0.0,-0.0855,-1.8273,0.333
8AJeQ5bEzqUob1YbpEwUTw3cMDMKGZASnXKDr4JsEzKx,9,4,2.4444,47.0,2.832,2.113,25.0,1,1,0.0,-0.0765,-1.8965,0.5
BaiyK1aJeypxRszgWEUvAanVjNhdkDhk1Zbcu49XVeXq,7,6,1.9432,9.5,2.961,2.552,24.5,2,1,0.0,-0.2295,-1.9039,0.167
DUHRXws1bimdt6zmmwwAy2kfjDQPbPWwyewdpV9WnM4p,10,10,1.2346,0.0,3.008,2.665,7.0,1.0,1.0,0.2,-0.1361,-1.9139,0.3
6zCA2SQPJ6vchKX16Qq7Uo3YKo3whftkb92Z8rnQYNaq,11,11,2.4691,8.0,2.161,1.987,32.0,1,1,0.0,-0.087,-1.9247,0.273
8BfWyb31nq9EdqERmmdCYXWGKuaRy6w4yKUWd6vdy1Gg,7,2,1.543,56.0,1.504,3.61,63.0,1,0,0.0,-0.9667,-1.9333,0.5
As7HjL7dzzvbRbaD3WCun47robib2kmAKRXMvjHkSMB5,6,2,2.9177,43.5,3.199,1.92,115.0,1.0,0.0,0.0,-1.0051,-2.0102,0.0
F7RV6aBWfniixoFkQNWmRwznDj2vae2XbusFfvMMjtbE,7,3,1.4952,5.0,4.976,2.987,23.0,1,0,0.0,-0.7758,-2.0699,0.0
H4NP2gHks66oDrenKoZZBPhPwdTmnhz3FjJewCPJRDjK,11,4,2.6835,53.0,2.696,2.269,65.0,1,0,0.0,-0.4267,-2.094,0.25
XbHv4kgcziEwQZpNnXtjtLmZkEgLudU6mvvEr5VHx2K,11,7,1.3008,10.0,1.969,1.653,32.5,2,1,0.0,-0.2513,-2.1706,0.0
2pKKngxHFregaTHbgJvheH5g9jqcPfheZkt3rGkQWoKa,5,1,2.4534,50.0,2.926,1.498,47.0,1,0,0.0,-2.3632,-2.3632,0.0
CookPL9hQND815Nfv35sUvh799WpufS1pJ61c4hWGCrK,8,7,2.4444,15.0,2.162,1.754,27.0,1.0,1.0,0.0,-0.258,-2.3997,0.286
HDUApJgLvgydExUht2MpEwfGmB1z8ifBHm2HjRF2d7Ce,32,22,0.9439,17.5,2.582,2.218,15.0,1.0,1.0,0.0,-0.0891,-2.5624,0.182
Ayh4WTzQojz4PeutmoszFCY4G8bqFTjvFVY2dbnuNFWr,13,12,2.4691,10.0,2.231,1.937,1.0,1,1,0.0,0.0125,-2.6176,0.5
EF6oeZd8NueRcdJiB5CSYxp9jsP2mcg3GaD5uU3HmG8B,9,4,2.4663,66.0,2.506,1.894,87.5,1,0,0.0,-0.1057,-2.802,0.25
C6nyDYhzNdgdNzCwtzp7NhrNfBJqA1W8P6d3pULVsU9M,21,16,0.5867,9.0,2.754,1.898,19.0,1,1,0.0,-0.1017,-2.9642,0.125
GQZg8WfTKcn1Axgc9mk1ihLhaSX9Mgb6A94UL2VkQ7sY,20,7,2.2716,0.0,2.46,2.458,38.5,1.0,1.0,0.9,0.0411,-3.0194,0.571
4EJ3LcHucJESxtfva5DacjWrC7adJfkWsceX8b88kk6x,7,4,2.6375,25.0,2.741,2.067,47.5,1,1,0.0,-1.23,-3.0495,0.25
CPBVM9YzefMxn7nnABN9otW89fjTAZBE8fjaxuYHFi6U,7,4,2.4111,49.0,2.58,2.492,46.5,1,1,0.0,-0.0767,-3.1128,0.25
9Lv7q4qPsXWZqXmk3ReKYyEUh3NjYStsMcVgJGWxK4Pj,6,5,2.64,2.0,2.794,1.569,28.0,1.0,1.0,0.0,-0.9561,-3.2685,0.2
248SM5J3834FsGWgPrLPvmh9rZzNuxWMnRtExyGLKPae,8,2,1.7669,53.5,1.677,2.924,36.5,1.0,0.0,0.0,-1.7187,-3.4374,0.5
76VMCqqzCdny4658aDFFU7jw44jRTiqCCRdtWF8cAJwb,28,27,1.0955,4.0,2.554,2.042,5.0,1.0,1.0,0.0,-0.0955,-3.7734,0.259
BnapuoZnhu6HzvHrPap4i41362a7HfdW9EZmTUu6ZCL3,8,6,2.246,21.0,3.504,2.922,4.0,1.0,2.0,0.0,-0.2383,-3.7751,0.333
5st7H8QtPEVfovSwLmdJDjbUAQivVZJGzbHCir6dZxGc,26,17,2.4267,15.0,1.941,1.776,17.5,1.0,1.0,0.0,-0.218,-3.8722,0.118
5tmf76kwva9MAFL4WGW2AaMP3pQgef9C63XTBYk8toLu,5,3,2.6732,1.0,4.028,3.692,27.5,1,3,0.0,-1.8257,-3.9782,0.333
7bBpvrmVeCF3hyFWAMynNcaAxprfL2WCnfEpiotKYRfU,27,19,1.5585,10.0,2.417,1.83,28.5,1,1,0.0,-0.1743,-4.0596,0.053
FkhkNgViPH7Edk4Ebr695CC4D3NCVmrT97V6evbqyhfd,9,3,1.5928,56.0,1.692,4.294,41.0,1,0,0.0,-1.3178,-4.1818,0.333
2apoJuJdTAAkWaWHfPFEpSJWZCZczXdodLakrKrMaNdS,6,3,2.7192,2.0,3.433,3.902,37.5,1.0,2.0,0.0,-1.6371,-4.1878,0.0
BbwF4wSwmxMVp7xubA7qigCUU6RMcvK2soMu8VrDHjDH,39,27,1.5045,10.0,2.541,2.168,22.0,1,1,0.0,-0.1569,-4.5055,0.148
GdFtDG32488asDFCGGFXZWonrdUwZXvC8AJWivJCTRXS,7,4,2.4935,4.0,2.556,1.695,62.0,1,1,0.0,-1.1801,-4.5564,0.0
6eCU4FXFR8iUDfhBw3pV8H3zvVQi6mJ4undmr95uZigQ,10,5,3.8866,28.0,2.637,1.67,51.0,1.0,0.5,0.0,-0.8106,-4.665,0.2
G58CtxUbCEJJXt7Fo8spuTVYeBjnX17nBKTuPsdvqFXV,15,8,4.8889,60.0,3.407,3.593,42.0,1,2,0.0,-0.8536,-5.6096,0.125
niggerd597QYedtvjQDVHZTCCGyJrwHNm2i49dkm5zS,25,24,3.7531,16.0,3.618,3.295,14.0,1,7,0.08,0.0098,-7.2559,0.5
B6B91Ni8cGRM77ZPXrWXZ36DpbBdUGrTtAenQxYUDfsu,5,5,12.2166,18.0,6.586,4.019,4.0,1,2,0.0,-3.0125,-16.1824,0.2
4o9ndxqonUYamkzjHT6hCU6tNmg8VFcyhMqsxeTg4K37,52,46,4.9523,1.0,3.029,1.718,41.0,2.0,1.0,0.0,-2.5791,-100.0219,0.043
C989QoG39etYt32zfE7mHYqJwFh1kJK4fBrmsySFjzaS,51,46,5.0107,1.0,2.974,1.6,42.0,2,1,0.0,-2.5563,-106.8373,0.022
